make[1]: Entering directory '/home/runner/work/moq-interop-runner/moq-interop-runner/main'
rm -rf mlog/
mkdir -p mlog/relay mlog/client
Running interop tests...
  Relay:  moxygen-interop:latest
  Client: ghcr.io/englishm/moq-interop-runner-moq-test-client-draft-18:latest
  URL:    https://relay:4443
time="2026-09-26T00:49:58Z" level=warning msg="The \"PORT\" variable is not set. Defaulting to a blank string."
time="2026-09-26T00:49:58Z" level=warning msg="The \"PORT\" variable is not set. Defaulting to a blank string."
time="2026-09-26T00:49:58Z" level=warning msg="The \"PORT\" variable is not set. Defaulting to a blank string."
time="2026-09-26T00:49:58Z" level=warning msg="The \"HEX\" variable is not set. Defaulting to a blank string."
time="2026-09-26T00:49:58Z" level=warning msg="The \"HEX\" variable is not set. Defaulting to a blank string."
 Container main-relay-1  Recreate
 Container main-relay-1  Recreated
Attaching to relay-1, test-client-1
relay-1        | V0926 00:49:58.504007     7 MoQServer.cpp:121] MoQServer: Registering ALPN handlers: moqt-18, moqt-16, moqt-15, moq-00
relay-1        | W0926 00:49:58.505178     7 MoQServer.cpp:172] UDP send buffer for fd 15 is 425984 bytes (expected 2097152)
test-client-1  | TAP version 14
test-client-1  | # moq-test-client v0.1.12
test-client-1  | # Relay: https://relay:4443/
test-client-1  | 1..18
test-client-1  | [2m2026-09-26T00:50:04.115519Z[0m [32m INFO[0m [2mmoq_native_ietf::quic[0m[2m:[0m UDP socket bound [3mbind[0m[2m=[0m[::]:0 [3mlocal[0m[2m=[0m[::]:56120 [3mdual_stack[0m[2m=[0mtrue
relay-1        | V0926 00:50:04.118959     8 MoQServer.cpp:331] MoQServer WebTransport: supported protocols: moqt-18, moqt-16, moqt-15, moq-00
relay-1        | V0926 00:50:04.118987     8 MoQServer.cpp:341] WebTransport: Negotiated protocol: moqt-18
relay-1        | V0926 00:50:04.119439     8 MoQSession.cpp:2685] start sess=0x7f2628052bc0
relay-1        | V0926 00:50:04.119501     8 MoQSession.cpp:3029] sendSetup sess=0x7f2628052bc0
relay-1        | V0926 00:50:04.119584     8 MoQSession.cpp:2985] controlWriteLoop sess=0x7f2628052bc0
test-client-1  | [2m2026-09-26T00:50:04.119811Z[0m [32m INFO[0m [2mmoq_test_client::scenarios[0m[2m:[0m SETUP exchange completed successfully
relay-1        | V0926 00:50:04.119875     8 MoQSession.cpp:6865] onNewUniStream sess=0x7f2628052bc0
test-client-1  | ok 1 - setup-only
test-client-1  |   ---
test-client-1  |   duration_ms: 5
test-client-1  |   connection_id: 73481951965e88c66c7b3e5917ffa11d
relay-1        | V0926 00:50:04.120007     8 MoQSession.cpp:3389] controlReadLoop sess=0x7f2628052bc0
test-client-1  |   ...
test-client-1  | [2m2026-09-26T00:50:04.120637Z[0m [33m WARN[0m [2mweb_transport_quinn::session[0m[2m:[0m failed to read capsule [3me[0m[2m=[0mUnexpectedEnd
test-client-1  | [2m2026-09-26T00:50:04.120760Z[0m [32m INFO[0m [2mmoq_native_ietf::quic[0m[2m:[0m UDP socket bound [3mbind[0m[2m=[0m[::]:0 [3mlocal[0m[2m=[0m[::]:39544 [3mdual_stack[0m[2m=[0mtrue
relay-1        | V0926 00:50:04.120109     8 MoQSession.cpp:3176] onClientSetup sess=0x7f2628052bc0
relay-1        | V0926 00:50:04.120209     8 MoQServerBase.cpp:88] MoQServerBase::ClientSetup
relay-1        | V0926 00:50:04.120214     8 MoQServerBase.cpp:93] MoQServerBase::ClientSetup: Using ALPN-negotiated version: moqt-18
relay-1        | V0926 00:50:04.120218     8 MoQSession.cpp:3254] Negotiated Version=0xff000012 (draft-18)
relay-1        | E20260926 00:50:04.120231     8 HQControlCodec.h:58] Unexpected control stream EOF
relay-1        | E20260926 00:50:04.120416     8 HQSession.cpp:3160] Got error on control stream error=HTTP: Critical stream was closed streamID=2 sess=proto=h3, UA=, client CID=7274f798d5ebc6b6, server CID=4000001a7492a5e6, downstream=[::ffff:172.18.0.3]:56120, [::]:4443=local, drain=none
relay-1        | E0926 00:50:04.120471     8 MoQServer.h:194] proxygen::HTTPException: Got error=ApplicationError: 260, HTTP error on control stream
relay-1        | V0926 00:50:04.120476     8 MoQSession.cpp:7315] onSessionEnderr=4294967295 sess=0x7f2628052bc0
relay-1        | V0926 00:50:04.120479     8 MoQSession.cpp:2961] close sess=0x7f2628052bc0
relay-1        | V0926 00:50:04.120499     8 MoQSession.cpp:2639] requestCancellation from cleanup sess=0x7f2628052bc0
relay-1        | V0926 00:50:04.120525     8 MoQSession.cpp:2978] requestCancellation from close sess=0x7f2628052bc0
relay-1        | V0926 00:50:04.120597     8 MoQSession.cpp:3392] exit controlReadLoop sess=0x7f2628052bc0
relay-1        | V0926 00:50:04.120667     8 MoQSession.cpp:2987] exit controlWriteLoop sess=0x7f2628052bc0
relay-1        | V0926 00:50:04.120676     8 MoQSession.cpp:2577] ~MoQSession sess=0x7f2628052bc0
relay-1        | V0926 00:50:04.122321     8 MoQServer.cpp:331] MoQServer WebTransport: supported protocols: moqt-18, moqt-16, moqt-15, moq-00
relay-1        | V0926 00:50:04.122338     8 MoQServer.cpp:341] WebTransport: Negotiated protocol: moqt-18
relay-1        | V0926 00:50:04.122450     8 MoQSession.cpp:2685] start sess=0x7f262806a470
relay-1        | V0926 00:50:04.122466     8 MoQSession.cpp:3029] sendSetup sess=0x7f262806a470
relay-1        | V0926 00:50:04.122531     8 MoQSession.cpp:2985] controlWriteLoop sess=0x7f262806a470
test-client-1  | [2m2026-09-26T00:50:04.122773Z[0m [32m INFO[0m [2mmoq_test_client::scenarios[0m[2m:[0m Sending PUBLISH_NAMESPACE for: moq-test/interop
relay-1        | V0926 00:50:04.122937     8 MoQSession.cpp:6895] onNewBidiStream sess=0x7f262806a470
relay-1        | V0926 00:50:04.123028     8 MoQSession.cpp:6865] onNewUniStream sess=0x7f262806a470
relay-1        | V0926 00:50:04.123069     8 MoQSession.cpp:3389] controlReadLoop sess=0x7f262806a470
relay-1        | V0926 00:50:04.123132     8 MoQSession.cpp:3176] onClientSetup sess=0x7f262806a470
relay-1        | V0926 00:50:04.123180     8 MoQServerBase.cpp:88] MoQServerBase::ClientSetup
relay-1        | V0926 00:50:04.123201     8 MoQServerBase.cpp:93] MoQServerBase::ClientSetup: Using ALPN-negotiated version: moqt-18
relay-1        | V0926 00:50:04.123256     8 MoQSession.cpp:3254] Negotiated Version=0xff000012 (draft-18)
relay-1        | V0926 00:50:04.123307     8 MoQSession.cpp:3389] controlReadLoop sess=0x7f262806a470
relay-1        | V0926 00:50:04.123413     8 MoQRelaySession.cpp:1149] onPublishNamespaceImpl ns=moq-test/interop sess=0x7f262806a470
relay-1        | V0926 00:50:04.123475     8 MoQRelay.cpp:134] publishNamespace ns=moq-test/interop
relay-1        | V0926 00:50:04.123510     8 MoQRelaySession.cpp:1242] publishNamespaceOk reqID=0 sess=0x7f262806a470
test-client-1  | [2m2026-09-26T00:50:06.124532Z[0m [32m INFO[0m [2mmoq_test_client::scenarios[0m[2m:[0m PUBLISH_NAMESPACE succeeded (REQUEST_OK received, waiting for subscribers)
test-client-1  | ok 2 - publish-namespace-only
test-client-1  |   ---
test-client-1  |   duration_ms: 2004
test-client-1  |   connection_id: 604bc1366ad66b4830dfda56b252ffa5
test-client-1  |   ...
relay-1        | E20260926 00:50:06.124847     8 HQControlCodec.h:58] Unexpected control stream EOF
relay-1        | E20260926 00:50:06.124931     8 HQSession.cpp:3160] Got error on control stream error=HTTP: Critical stream was closed streamID=2 sess=proto=h3, UA=, client CID=1b7c82211e3fd000, server CID=40000018516edd2f, downstream=[::ffff:172.18.0.3]:39544, [::]:4443=local, drain=none
relay-1        | E0926 00:50:06.125031     8 MoQServer.h:194] proxygen::HTTPException: Got error=ApplicationError: 260, HTTP error on control stream
relay-1        | V0926 00:50:06.125056     8 MoQSession.cpp:7315] onSessionEnderr=4294967295 sess=0x7f262806a470
relay-1        | V0926 00:50:06.125062     8 MoQSession.cpp:2961] close sess=0x7f262806a470
relay-1        | V0926 00:50:06.125074     8 MoQRelay.cpp:310] publishNamespaceDone ns=moq-test/interop
relay-1        | V0926 00:50:06.125083     8 MoQRelay.cpp:303] Pruning empty subtree at: moq-test
relay-1        | V0926 00:50:06.125093     8 MoQSession.cpp:2639] requestCancellation from cleanup sess=0x7f262806a470
relay-1        | V0926 00:50:06.125116     8 BidiStreamControl.cpp:37] STOP_SENDING received on bidi stream id=4 code=386759528
relay-1        | V0926 00:50:06.125153     8 MoQSession.cpp:2978] requestCancellation from close sess=0x7f262806a470
relay-1        | V0926 00:50:06.125307     8 MoQSession.cpp:3392] exit controlReadLoop sess=0x7f262806a470
relay-1        | V0926 00:50:06.125325     8 MoQSession.cpp:3392] exit controlReadLoop sess=0x7f262806a470
test-client-1  | [2m2026-09-26T00:50:06.125475Z[0m [33m WARN[0m [2mweb_transport_quinn::session[0m[2m:[0m failed to read capsule [3me[0m[2m=[0mUnexpectedEnd
relay-1        | V0926 00:50:06.125365     8 MoQSession.cpp:2987] exit controlWriteLoop sess=0x7f262806a470
test-client-1  | [2m2026-09-26T00:50:06.125971Z[0m [32m INFO[0m [2mmoq_native_ietf::quic[0m[2m:[0m UDP socket bound [3mbind[0m[2m=[0m[::]:0 [3mlocal[0m[2m=[0m[::]:41840 [3mdual_stack[0m[2m=[0mtrue
relay-1        | V0926 00:50:06.127974     8 MoQServer.cpp:331] MoQServer WebTransport: supported protocols: moqt-18, moqt-16, moqt-15, moq-00
relay-1        | V0926 00:50:06.127991     8 MoQServer.cpp:341] WebTransport: Negotiated protocol: moqt-18
relay-1        | V0926 00:50:06.128118     8 MoQSession.cpp:2685] start sess=0x7f262805b200
relay-1        | V0926 00:50:06.128173     8 MoQSession.cpp:3029] sendSetup sess=0x7f262805b200
relay-1        | V0926 00:50:06.128284     8 MoQSession.cpp:2985] controlWriteLoop sess=0x7f262805b200
relay-1        | V0926 00:50:06.128480     8 MoQSession.cpp:6865] onNewUniStream sess=0x7f262805b200
test-client-1  | [2m2026-09-26T00:50:06.128474Z[0m [32m INFO[0m [2mmoq_test_client::scenarios[0m[2m:[0m Subscribing to non-existent track: nonexistent/namespace/test-track
relay-1        | V0926 00:50:06.128636     8 MoQSession.cpp:6895] onNewBidiStream sess=0x7f262805b200
relay-1        | V0926 00:50:06.128675     8 MoQSession.cpp:3389] controlReadLoop sess=0x7f262805b200
relay-1        | V0926 00:50:06.128685     8 MoQSession.cpp:3176] onClientSetup sess=0x7f262805b200
relay-1        | V0926 00:50:06.128689     8 MoQServerBase.cpp:88] MoQServerBase::ClientSetup
relay-1        | V0926 00:50:06.128693     8 MoQServerBase.cpp:93] MoQServerBase::ClientSetup: Using ALPN-negotiated version: moqt-18
relay-1        | V0926 00:50:06.128698     8 MoQSession.cpp:3254] Negotiated Version=0xff000012 (draft-18)
relay-1        | V0926 00:50:06.128707     8 MoQSession.cpp:3389] controlReadLoop sess=0x7f262805b200
relay-1        | V0926 00:50:06.128747     8 MoQSession.cpp:4274] onSubscribeImpl ftn=nonexistent/namespace/test-track sess=0x7f262805b200
relay-1        | V0926 00:50:06.128770     8 MoQSession.cpp:4416] Application subscribe error err=no such namespace or track
relay-1        | V0926 00:50:06.128779     8 MoQSession.cpp:6286] subscribeError sess=0x7f262805b200
relay-1        | V0926 00:50:06.128791     8 MoQSession.cpp:6552] publisherDrained id=0 sess=0x7f262805b200
test-client-1  | [2m2026-09-26T00:50:06.128915Z[0m [33m WARN[0m [2mmoq_transport::serve::error[0m[2m:[0m [5aebd54e-ea50-4299-9db3-69626f295bf0] Not found: no such namespace or track at moq-transport/src/session/subscriber.rs:1653
test-client-1  | [2m2026-09-26T00:50:06.129017Z[0m [32m INFO[0m [2mmoq_test_client::scenarios[0m[2m:[0m Got expected 'not found' error: not found: Track not found [error:5aebd54e-ea50-4299-9db3-69626f295bf0]
test-client-1  | ok 3 - subscribe-error
relay-1        | V0926 00:50:06.129045     8 MoQSession.cpp:3392] exit controlReadLoop sess=0x7f262805b200
relay-1        | V0926 00:50:06.129110     8 MoQSession.cpp:3392] exit controlReadLoop sess=0x7f262805b200
relay-1        | E20260926 00:50:06.129287     8 HQControlCodec.h:58] Unexpected control stream EOF
relay-1        | E20260926 00:50:06.129328     8 HQSession.cpp:3160] Got error on control stream error=HTTP: Critical stream was closed streamID=2 sess=proto=h3, UA=, client CID=be887ae7a539c6b0, server CID=4000001e78c74216, downstream=[::ffff:172.18.0.3]:41840, [::]:4443=local, drain=none
relay-1        | E0926 00:50:06.129371     8 MoQServer.h:194] proxygen::HTTPException: Got error=ApplicationError: 260, HTTP error on control stream
relay-1        | V0926 00:50:06.129386     8 MoQSession.cpp:7315] onSessionEnderr=4294967295 sess=0x7f262805b200
relay-1        | V0926 00:50:06.129390     8 MoQSession.cpp:2961] close sess=0x7f262805b200
relay-1        | V0926 00:50:06.129396     8 MoQSession.cpp:2639] requestCancellation from cleanup sess=0x7f262805b200
relay-1        | V0926 00:50:06.129404     8 MoQSession.cpp:2978] requestCancellation from close sess=0x7f262805b200
relay-1        | V0926 00:50:06.129585     8 MoQSession.cpp:2987] exit controlWriteLoop sess=0x7f262805b200
test-client-1  | [2m2026-09-26T00:50:06.129505Z[0m [33m WARN[0m [2mweb_transport_quinn::session[0m[2m:[0m failed to read capsule [3me[0m[2m=[0mUnexpectedEnd
test-client-1  | [2m2026-09-26T00:50:06.130068Z[0m [32m INFO[0m [2mmoq_native_ietf::quic[0m[2m:[0m UDP socket bound [3mbind[0m[2m=[0m[::]:0 [3mlocal[0m[2m=[0m[::]:53667 [3mdual_stack[0m[2m=[0mtrue
test-client-1  |   ---
test-client-1  |   duration_ms: 4
test-client-1  |   connection_id: c8c09b41b64e134be0d16c28f068ec91
test-client-1  |   ...
relay-1        | V0926 00:50:06.131836     8 MoQServer.cpp:331] MoQServer WebTransport: supported protocols: moqt-18, moqt-16, moqt-15, moq-00
relay-1        | V0926 00:50:06.131853     8 MoQServer.cpp:341] WebTransport: Negotiated protocol: moqt-18
relay-1        | V0926 00:50:06.131960     8 MoQSession.cpp:2685] start sess=0x7f262807bd40
relay-1        | V0926 00:50:06.131983     8 MoQSession.cpp:3029] sendSetup sess=0x7f262807bd40
relay-1        | V0926 00:50:06.132076     8 MoQSession.cpp:2985] controlWriteLoop sess=0x7f262807bd40
relay-1        | V0926 00:50:06.132267     8 MoQSession.cpp:6865] onNewUniStream sess=0x7f262807bd40
relay-1        | V0926 00:50:06.132297     8 MoQSession.cpp:3389] controlReadLoop sess=0x7f262807bd40
relay-1        | V0926 00:50:06.132302     8 MoQSession.cpp:3176] onClientSetup sess=0x7f262807bd40
relay-1        | V0926 00:50:06.132306     8 MoQServerBase.cpp:88] MoQServerBase::ClientSetup
relay-1        | V0926 00:50:06.132309     8 MoQServerBase.cpp:93] MoQServerBase::ClientSetup: Using ALPN-negotiated version: moqt-18
relay-1        | V0926 00:50:06.132314     8 MoQSession.cpp:3254] Negotiated Version=0xff000012 (draft-18)
test-client-1  | [2m2026-09-26T00:50:06.132995Z[0m [32m INFO[0m [2mmoq_native_ietf::quic[0m[2m:[0m UDP socket bound [3mbind[0m[2m=[0m[::]:0 [3mlocal[0m[2m=[0m[::]:55185 [3mdual_stack[0m[2m=[0mtrue
relay-1        | V0926 00:50:06.134573     8 MoQServer.cpp:331] MoQServer WebTransport: supported protocols: moqt-18, moqt-16, moqt-15, moq-00
relay-1        | V0926 00:50:06.134587     8 MoQServer.cpp:341] WebTransport: Negotiated protocol: moqt-18
relay-1        | V0926 00:50:06.134687     8 MoQSession.cpp:2685] start sess=0x7f262808e920
relay-1        | V0926 00:50:06.134765     8 MoQSession.cpp:3029] sendSetup sess=0x7f262808e920
relay-1        | V0926 00:50:06.134989     8 MoQSession.cpp:2577] ~MoQSession sess=0x7f262806a470
relay-1        | V0926 00:50:06.135007     8 MoQSession.cpp:2985] controlWriteLoop sess=0x7f262808e920
relay-1        | V0926 00:50:06.135024     8 MoQSession.cpp:6865] onNewUniStream sess=0x7f262808e920
relay-1        | V0926 00:50:06.135114     8 MoQSession.cpp:3389] controlReadLoop sess=0x7f262808e920
test-client-1  | [2m2026-09-26T00:50:06.135186Z[0m [32m INFO[0m [2mmoq_test_client::scenarios[0m[2m:[0m Publisher sending PUBLISH_NAMESPACE: moq-test/interop
relay-1        | V0926 00:50:06.135131     8 MoQSession.cpp:3176] onClientSetup sess=0x7f262808e920
relay-1        | V0926 00:50:06.135135     8 MoQServerBase.cpp:88] MoQServerBase::ClientSetup
relay-1        | V0926 00:50:06.135139     8 MoQServerBase.cpp:93] MoQServerBase::ClientSetup: Using ALPN-negotiated version: moqt-18
relay-1        | V0926 00:50:06.135144     8 MoQSession.cpp:3254] Negotiated Version=0xff000012 (draft-18)
test-client-1  | [2m2026-09-26T00:50:06.135230Z[0m [32m INFO[0m [2mmoq_test_client::scenarios[0m[2m:[0m Subscriber subscribing to track: moq-test/interop/test-track
relay-1        | V0926 00:50:06.135404     8 MoQSession.cpp:6895] onNewBidiStream sess=0x7f262807bd40
relay-1        | V0926 00:50:06.135425     8 MoQSession.cpp:6895] onNewBidiStream sess=0x7f262808e920
relay-1        | V0926 00:50:06.135455     8 MoQSession.cpp:3389] controlReadLoop sess=0x7f262807bd40
relay-1        | V0926 00:50:06.135467     8 MoQRelaySession.cpp:1149] onPublishNamespaceImpl ns=moq-test/interop sess=0x7f262807bd40
relay-1        | V0926 00:50:06.135474     8 MoQSession.cpp:3389] controlReadLoop sess=0x7f262808e920
relay-1        | V0926 00:50:06.135480     8 MoQSession.cpp:4274] onSubscribeImpl ftn=moq-test/interop/test-track sess=0x7f262808e920
relay-1        | V0926 00:50:06.135493     8 MoQRelay.cpp:134] publishNamespace ns=moq-test/interop
relay-1        | V0926 00:50:06.135507     8 MoQRelaySession.cpp:1242] publishNamespaceOk reqID=0 sess=0x7f262807bd40
relay-1        | V0926 00:50:06.135544     8 MoQLocation.h:24] m=AbsoluteStart g=0 o=0
relay-1        | V0926 00:50:06.135550     8 MoQLocation.h:59] g=0 o=0 g=4611686018427387903 o=4611686018427387903
relay-1        | V0926 00:50:06.135561     8 MoQSession.cpp:6146] subscribe sess=0x7f262807bd40
relay-1        | V0926 00:50:06.135659     8 MoQSession.cpp:3389] controlReadLoop sess=0x7f262807bd40
relay-1        | V0926 00:50:06.135952     8 MoQSession.cpp:4790] onSubscribeOk id=1 sess=0x7f262807bd40
relay-1        | V0926 00:50:06.135975     8 MoQSession.cpp:6248] Subscribe ready trackReceiveState=0x7f2628033750 requestID=1
relay-1        | V0926 00:50:06.135990     8 MoQSession.cpp:6268] sendSubscribeOk sess=0x7f262808e920
relay-1        | V0926 00:50:06.145185     8 MoQSession.cpp:2577] ~MoQSession sess=0x7f262805b200
test-client-1  | [2m2026-09-26T00:50:09.136497Z[0m [32m INFO[0m [2mmoq_test_client::scenarios[0m[2m:[0m Test timeout reached - subscription routing may still be in progress
test-client-1  | ok 4 - publish-namespace-subscribe
test-client-1  |   ---
test-client-1  |   duration_ms: 3007
test-client-1  |   publisher_connection_id: cc6f4049e4560faafe80ba6e5b289a68
test-client-1  |   subscriber_connection_id: d658f97f86d4e9a6d8211b40dab617f4
test-client-1  |   ...
relay-1        | E20260926 00:50:09.136766     8 HQControlCodec.h:58] Unexpected control stream EOF
relay-1        | E20260926 00:50:09.136844     8 HQSession.cpp:3160] Got error on control stream error=HTTP: Critical stream was closed streamID=2 sess=proto=h3, UA=, client CID=71f7e3eff949dc74, server CID=40000006864a9e58, downstream=[::ffff:172.18.0.3]:53667, [::]:4443=local, drain=none
relay-1        | E20260926 00:50:09.136906     8 HQControlCodec.h:58] Unexpected control stream EOF
relay-1        | E20260926 00:50:09.136929     8 HQSession.cpp:3160] Got error on control stream error=HTTP: Critical stream was closed streamID=2 sess=proto=h3, UA=, client CID=074b39e7041bf83f, server CID=4000001dfbf65d70, downstream=[::ffff:172.18.0.3]:55185, [::]:4443=local, drain=none
relay-1        | E0926 00:50:09.136993     8 MoQServer.h:194] proxygen::HTTPException: Got error=ApplicationError: 260, HTTP error on control stream
relay-1        | V0926 00:50:09.137009     8 MoQSession.cpp:7315] onSessionEnderr=4294967295 sess=0x7f262807bd40
relay-1        | V0926 00:50:09.137014     8 MoQSession.cpp:2961] close sess=0x7f262807bd40
test-client-1  | [2m2026-09-26T00:50:09.137327Z[0m [33m WARN[0m [2mweb_transport_quinn::session[0m[2m:[0m failed to read capsule [3me[0m[2m=[0mUnexpectedEnd
test-client-1  | [2m2026-09-26T00:50:09.137460Z[0m [33m WARN[0m [2mweb_transport_quinn::session[0m[2m:[0m failed to read capsule [3me[0m[2m=[0mUnexpectedEnd
relay-1        | V0926 00:50:09.137025     8 MoQRelay.cpp:310] publishNamespaceDone ns=moq-test/interop
relay-1        | V0926 00:50:09.137042     8 MoQRelay.cpp:303] Pruning empty subtree at: moq-test
relay-1        | V0926 00:50:09.137051     8 MoQSession.cpp:2183] subscribeError trackReceiveState=0x7f2628033750
relay-1        | V0926 00:50:09.137056     8 MoQSession.cpp:2212] processPublishDone trackReceiveState=0x7f2628033750
relay-1        | V0926 00:50:09.137063     8 MoQRelay.cpp:383] onPublishDoneImpl ftn=moq-test/interop/test-track
relay-1        | V0926 00:50:09.137069     8 MoQForwarder.cpp:610] publishDone pubDone reason=closed locally
relay-1        | V0926 00:50:09.137073     8 MoQForwarder.cpp:308] drainSubscriber from publishDone session=15
relay-1        | V0926 00:50:09.137076     8 MoQSession.cpp:6381] sendPublishDone sess=0x7f262808e920
relay-1        | V0926 00:50:09.137094     8 MoQSession.cpp:6552] publisherDrained id=0 sess=0x7f262808e920
relay-1        | V0926 00:50:09.137099     8 MoQForwarder.cpp:372] Resetting open subgroups for subscriber=0x7f2628061bb0
relay-1        | V0926 00:50:09.137103     8 MoQForwarder.cpp:391] subscribers_.size()=0
relay-1        | I0926 00:50:09.137111     8 MoQRelay.cpp:1938] Publisher terminated for moq-test/interop/test-track
relay-1        | V0926 00:50:09.137129     8 MoQCache.cpp:2266] Added track to LRU: moq-test/interop/test-track
relay-1        | V0926 00:50:09.137137     8 MoQSession.cpp:2167] cancel alias=1 requestID=1
relay-1        | V0926 00:50:09.137145     8 MoQSession.cpp:2639] requestCancellation from cleanup sess=0x7f262807bd40
relay-1        | V0926 00:50:09.137158     8 BidiStreamControl.cpp:37] STOP_SENDING received on bidi stream id=1 code=386759528
relay-1        | V0926 00:50:09.137165     8 BidiStreamControl.cpp:37] STOP_SENDING received on bidi stream id=4 code=386759528
relay-1        | V0926 00:50:09.137172     8 MoQSession.cpp:2978] requestCancellation from close sess=0x7f262807bd40
relay-1        | E0926 00:50:09.137281     8 MoQServer.h:194] proxygen::HTTPException: Got error=ApplicationError: 260, HTTP error on control stream
relay-1        | V0926 00:50:09.137288     8 MoQSession.cpp:7315] onSessionEnderr=4294967295 sess=0x7f262808e920
relay-1        | V0926 00:50:09.137291     8 MoQSession.cpp:2961] close sess=0x7f262808e920
relay-1        | V0926 00:50:09.137296     8 MoQSession.cpp:2639] requestCancellation from cleanup sess=0x7f262808e920
relay-1        | V0926 00:50:09.137305     8 MoQSession.cpp:2978] requestCancellation from close sess=0x7f262808e920
relay-1        | V0926 00:50:09.137393     8 MoQSession.cpp:3392] exit controlReadLoop sess=0x7f262807bd40
relay-1        | V0926 00:50:09.137406     8 MoQSession.cpp:3392] exit controlReadLoop sess=0x7f262807bd40
relay-1        | V0926 00:50:09.137413     8 MoQSession.cpp:3392] exit controlReadLoop sess=0x7f262807bd40
relay-1        | V0926 00:50:09.137419     8 MoQSession.cpp:3392] exit controlReadLoop sess=0x7f262808e920
relay-1        | V0926 00:50:09.137426     8 MoQSession.cpp:3392] exit controlReadLoop sess=0x7f262808e920
relay-1        | V0926 00:50:09.137457     8 MoQSession.cpp:2987] exit controlWriteLoop sess=0x7f262807bd40
relay-1        | V0926 00:50:09.137471     8 MoQSession.cpp:2987] exit controlWriteLoop sess=0x7f262808e920
test-client-1  | [2m2026-09-26T00:50:09.137892Z[0m [32m INFO[0m [2mmoq_native_ietf::quic[0m[2m:[0m UDP socket bound [3mbind[0m[2m=[0m[::]:0 [3mlocal[0m[2m=[0m[::]:36244 [3mdual_stack[0m[2m=[0mtrue
relay-1        | V0926 00:50:09.140263     8 MoQServer.cpp:331] MoQServer WebTransport: supported protocols: moqt-18, moqt-16, moqt-15, moq-00
relay-1        | V0926 00:50:09.140280     8 MoQServer.cpp:341] WebTransport: Negotiated protocol: moqt-18
relay-1        | V0926 00:50:09.140384     8 MoQSession.cpp:2685] start sess=0x7f2628063470
relay-1        | V0926 00:50:09.140409     8 MoQSession.cpp:3029] sendSetup sess=0x7f2628063470
relay-1        | V0926 00:50:09.140467     8 MoQSession.cpp:2985] controlWriteLoop sess=0x7f2628063470
test-client-1  | [2m2026-09-26T00:50:09.140816Z[0m [32m INFO[0m [2mmoq_test_client::scenarios[0m[2m:[0m Subscriber subscribing BEFORE PUBLISH_NAMESPACE: moq-test/interop/test-track
relay-1        | V0926 00:50:09.140776     8 MoQSession.cpp:6865] onNewUniStream sess=0x7f2628063470
relay-1        | V0926 00:50:09.140836     8 MoQSession.cpp:3389] controlReadLoop sess=0x7f2628063470
relay-1        | V0926 00:50:09.140850     8 MoQSession.cpp:3176] onClientSetup sess=0x7f2628063470
relay-1        | V0926 00:50:09.140883     8 MoQServerBase.cpp:88] MoQServerBase::ClientSetup
relay-1        | V0926 00:50:09.140889     8 MoQServerBase.cpp:93] MoQServerBase::ClientSetup: Using ALPN-negotiated version: moqt-18
relay-1        | V0926 00:50:09.140895     8 MoQSession.cpp:3254] Negotiated Version=0xff000012 (draft-18)
relay-1        | V0926 00:50:09.141064     8 MoQSession.cpp:6895] onNewBidiStream sess=0x7f2628063470
relay-1        | V0926 00:50:09.141097     8 MoQSession.cpp:3389] controlReadLoop sess=0x7f2628063470
relay-1        | V0926 00:50:09.141109     8 MoQSession.cpp:4274] onSubscribeImpl ftn=moq-test/interop/test-track sess=0x7f2628063470
relay-1        | V0926 00:50:09.141122     8 MoQSession.cpp:4416] Application subscribe error err=no such namespace or track
relay-1        | V0926 00:50:09.141125     8 MoQSession.cpp:6286] subscribeError sess=0x7f2628063470
relay-1        | V0926 00:50:09.141132     8 MoQSession.cpp:6552] publisherDrained id=0 sess=0x7f2628063470
relay-1        | E20260926 00:50:09.141371     8 HQControlCodec.h:58] Unexpected control stream EOF
relay-1        | E20260926 00:50:09.141412     8 HQSession.cpp:3160] Got error on control stream error=HTTP: Critical stream was closed streamID=2 sess=proto=h3, UA=, client CID=f699ea559b7d65df, server CID=4000001cb64cca62, downstream=[::ffff:172.18.0.3]:36244, [::]:4443=local, drain=none
relay-1        | E0926 00:50:09.141462     8 MoQServer.h:194] proxygen::HTTPException: Got error=ApplicationError: 260, HTTP error on control stream
relay-1        | V0926 00:50:09.141476     8 MoQSession.cpp:7315] onSessionEnderr=4294967295 sess=0x7f2628063470
relay-1        | V0926 00:50:09.141480     8 MoQSession.cpp:2961] close sess=0x7f2628063470
relay-1        | V0926 00:50:09.141486     8 MoQSession.cpp:2639] requestCancellation from cleanup sess=0x7f2628063470
relay-1        | V0926 00:50:09.141495     8 MoQSession.cpp:2978] requestCancellation from close sess=0x7f2628063470
relay-1        | V0926 00:50:09.141565     8 MoQSession.cpp:3392] exit controlReadLoop sess=0x7f2628063470
relay-1        | V0926 00:50:09.141580     8 MoQSession.cpp:3392] exit controlReadLoop sess=0x7f2628063470
relay-1        | V0926 00:50:09.141601     8 MoQSession.cpp:2987] exit controlWriteLoop sess=0x7f2628063470
test-client-1  | [2m2026-09-26T00:50:09.141245Z[0m [33m WARN[0m [2mmoq_transport::serve::error[0m[2m:[0m [bafaa2e1-3cff-4600-b754-85b7b54e1f45] Not found: no such namespace or track at moq-transport/src/session/subscriber.rs:1653
test-client-1  | [2m2026-09-26T00:50:09.141707Z[0m [33m WARN[0m [2mweb_transport_quinn::session[0m[2m:[0m failed to read capsule [3me[0m[2m=[0mUnexpectedEnd
relay-1        | V0926 00:50:09.155851     8 MoQSession.cpp:2577] ~MoQSession sess=0x7f262807bd40
relay-1        | V0926 00:50:09.155881     8 MoQSession.cpp:2577] ~MoQSession sess=0x7f262808e920
relay-1        | V0926 00:50:09.155898     8 MoQSession.cpp:2577] ~MoQSession sess=0x7f2628063470
test-client-1  | [2m2026-09-26T00:50:09.643317Z[0m [32m INFO[0m [2mmoq_native_ietf::quic[0m[2m:[0m UDP socket bound [3mbind[0m[2m=[0m[::]:0 [3mlocal[0m[2m=[0m[::]:51637 [3mdual_stack[0m[2m=[0mtrue
relay-1        | V0926 00:50:09.645703     8 MoQServer.cpp:331] MoQServer WebTransport: supported protocols: moqt-18, moqt-16, moqt-15, moq-00
relay-1        | V0926 00:50:09.645758     8 MoQServer.cpp:341] WebTransport: Negotiated protocol: moqt-18
relay-1        | V0926 00:50:09.645872     8 MoQSession.cpp:2685] start sess=0x7f26280757f0
relay-1        | V0926 00:50:09.645897     8 MoQSession.cpp:3029] sendSetup sess=0x7f26280757f0
relay-1        | V0926 00:50:09.646004     8 MoQSession.cpp:2985] controlWriteLoop sess=0x7f26280757f0
test-client-1  | [2m2026-09-26T00:50:09.646206Z[0m [32m INFO[0m [2mmoq_test_client::scenarios[0m[2m:[0m Publisher sending PUBLISH_NAMESPACE (after subscriber): moq-test/interop
relay-1        | V0926 00:50:09.646160     8 MoQSession.cpp:6865] onNewUniStream sess=0x7f26280757f0
relay-1        | V0926 00:50:09.646189     8 MoQSession.cpp:3389] controlReadLoop sess=0x7f26280757f0
relay-1        | V0926 00:50:09.646197     8 MoQSession.cpp:3176] onClientSetup sess=0x7f26280757f0
relay-1        | V0926 00:50:09.646201     8 MoQServerBase.cpp:88] MoQServerBase::ClientSetup
relay-1        | V0926 00:50:09.646206     8 MoQServerBase.cpp:93] MoQServerBase::ClientSetup: Using ALPN-negotiated version: moqt-18
relay-1        | V0926 00:50:09.646213     8 MoQSession.cpp:3254] Negotiated Version=0xff000012 (draft-18)
relay-1        | V0926 00:50:09.646338     8 MoQSession.cpp:6895] onNewBidiStream sess=0x7f26280757f0
relay-1        | V0926 00:50:09.646434     8 MoQSession.cpp:3389] controlReadLoop sess=0x7f26280757f0
relay-1        | V0926 00:50:09.646466     8 MoQRelaySession.cpp:1149] onPublishNamespaceImpl ns=moq-test/interop sess=0x7f26280757f0
relay-1        | V0926 00:50:09.646488     8 MoQRelay.cpp:134] publishNamespace ns=moq-test/interop
relay-1        | V0926 00:50:09.646500     8 MoQRelaySession.cpp:1242] publishNamespaceOk reqID=0 sess=0x7f26280757f0
test-client-1  | [2m2026-09-26T00:50:12.647278Z[0m [32m INFO[0m [2mmoq_test_client::scenarios[0m[2m:[0m Publisher PUBLISH_NAMESPACE timeout (expected)
test-client-1  | [2m2026-09-26T00:50:12.647301Z[0m [32m INFO[0m [2mmoq_test_client::scenarios[0m[2m:[0m Subscriber got error: not found: Track not found [error:bafaa2e1-3cff-4600-b754-85b7b54e1f45] (may be expected)
test-client-1  | ok 5 - subscribe-before-publish-namespace
test-client-1  |   ---
test-client-1  |   duration_ms: 3510
test-client-1  |   subscriber_connection_id: 75b3ca60dd7d7c9410932b63a69ed7da
test-client-1  |   publisher_connection_id: f41d8bc28a1a7758fc522995cd9db774
test-client-1  |   ...
test-client-1  | [2m2026-09-26T00:50:12.647803Z[0m [33m WARN[0m [2mweb_transport_quinn::session[0m[2m:[0m failed to read capsule [3me[0m[2m=[0mUnexpectedEnd
relay-1        | E20260926 00:50:12.647410     8 HQControlCodec.h:58] Unexpected control stream EOF
relay-1        | E20260926 00:50:12.647483     8 HQSession.cpp:3160] Got error on control stream error=HTTP: Critical stream was closed streamID=2 sess=proto=h3, UA=, client CID=fff96fbedf6a312f, server CID=4000000faa1446c1, downstream=[::ffff:172.18.0.3]:51637, [::]:4443=local, drain=none
relay-1        | E0926 00:50:12.647566     8 MoQServer.h:194] proxygen::HTTPException: Got error=ApplicationError: 260, HTTP error on control stream
relay-1        | V0926 00:50:12.647581     8 MoQSession.cpp:7315] onSessionEnderr=4294967295 sess=0x7f26280757f0
relay-1        | V0926 00:50:12.647586     8 MoQSession.cpp:2961] close sess=0x7f26280757f0
relay-1        | V0926 00:50:12.647595     8 MoQRelay.cpp:310] publishNamespaceDone ns=moq-test/interop
relay-1        | V0926 00:50:12.647604     8 MoQRelay.cpp:303] Pruning empty subtree at: moq-test
relay-1        | V0926 00:50:12.647613     8 MoQSession.cpp:2639] requestCancellation from cleanup sess=0x7f26280757f0
relay-1        | V0926 00:50:12.647627     8 BidiStreamControl.cpp:37] STOP_SENDING received on bidi stream id=4 code=386759528
relay-1        | V0926 00:50:12.647644     8 MoQSession.cpp:2978] requestCancellation from close sess=0x7f26280757f0
relay-1        | V0926 00:50:12.647792     8 MoQSession.cpp:3392] exit controlReadLoop sess=0x7f26280757f0
relay-1        | V0926 00:50:12.647806     8 MoQSession.cpp:3392] exit controlReadLoop sess=0x7f26280757f0
relay-1        | V0926 00:50:12.647838     8 MoQSession.cpp:2987] exit controlWriteLoop sess=0x7f26280757f0
test-client-1  | [2m2026-09-26T00:50:12.648397Z[0m [32m INFO[0m [2mmoq_native_ietf::quic[0m[2m:[0m UDP socket bound [3mbind[0m[2m=[0m[::]:0 [3mlocal[0m[2m=[0m[::]:59371 [3mdual_stack[0m[2m=[0mtrue
relay-1        | V0926 00:50:12.651504     8 MoQServer.cpp:331] MoQServer WebTransport: supported protocols: moqt-18, moqt-16, moqt-15, moq-00
relay-1        | V0926 00:50:12.651522     8 MoQServer.cpp:341] WebTransport: Negotiated protocol: moqt-18
relay-1        | V0926 00:50:12.651635     8 MoQSession.cpp:2685] start sess=0x7f2628089390
relay-1        | V0926 00:50:12.651660     8 MoQSession.cpp:3029] sendSetup sess=0x7f2628089390
relay-1        | V0926 00:50:12.651794     8 MoQSession.cpp:2985] controlWriteLoop sess=0x7f2628089390
relay-1        | V0926 00:50:12.651932     8 MoQSession.cpp:6865] onNewUniStream sess=0x7f2628089390
relay-1        | V0926 00:50:12.651977     8 MoQSession.cpp:3389] controlReadLoop sess=0x7f2628089390
relay-1        | V0926 00:50:12.651983     8 MoQSession.cpp:3176] onClientSetup sess=0x7f2628089390
relay-1        | V0926 00:50:12.651986     8 MoQServerBase.cpp:88] MoQServerBase::ClientSetup
relay-1        | V0926 00:50:12.651988     8 MoQServerBase.cpp:93] MoQServerBase::ClientSetup: Using ALPN-negotiated version: moqt-18
relay-1        | V0926 00:50:12.651991     8 MoQSession.cpp:3254] Negotiated Version=0xff000012 (draft-18)
relay-1        | V0926 00:50:12.652127     8 MoQSession.cpp:6895] onNewBidiStream sess=0x7f2628089390
relay-1        | V0926 00:50:12.652158     8 MoQSession.cpp:3389] controlReadLoop sess=0x7f2628089390
relay-1        | V0926 00:50:12.652169     8 MoQRelaySession.cpp:1149] onPublishNamespaceImpl ns=moq-test/interop sess=0x7f2628089390
relay-1        | V0926 00:50:12.652188     8 MoQRelay.cpp:134] publishNamespace ns=moq-test/interop
relay-1        | V0926 00:50:12.652199     8 MoQRelaySession.cpp:1242] publishNamespaceOk reqID=0 sess=0x7f2628089390
test-client-1  | [2m2026-09-26T00:50:12.651985Z[0m [32m INFO[0m [2mmoq_test_client::scenarios[0m[2m:[0m Sending PUBLISH_NAMESPACE: moq-test/interop
relay-1        | V0926 00:50:12.657383     8 MoQSession.cpp:2577] ~MoQSession sess=0x7f26280757f0
test-client-1  | [2m2026-09-26T00:50:14.653392Z[0m [32m INFO[0m [2mmoq_test_client::scenarios[0m[2m:[0m PUBLISH_NAMESPACE active; sending PUBLISH_NAMESPACE_DONE
relay-1        | V0926 00:50:14.653554     8 MoQRelaySession.cpp:1310] onPublishNamespaceDone requestID=0 sess=0x7f2628089390
relay-1        | V0926 00:50:14.653585     8 MoQRelay.cpp:310] publishNamespaceDone ns=moq-test/interop
relay-1        | V0926 00:50:14.653594     8 MoQRelay.cpp:303] Pruning empty subtree at: moq-test
relay-1        | V0926 00:50:14.653604     8 MoQSession.cpp:3392] exit controlReadLoop sess=0x7f2628089390
relay-1        | V0926 00:50:14.653619     8 MoQSession.cpp:3392] exit controlReadLoop sess=0x7f2628089390
relay-1        | E20260926 00:50:14.754681     8 HQControlCodec.h:58] Unexpected control stream EOF
relay-1        | E20260926 00:50:14.754791     8 HQSession.cpp:3160] Got error on control stream error=HTTP: Critical stream was closed streamID=2 sess=proto=h3, UA=, client CID=ca8034e95ffb0304, server CID=40000012b4e0a01a, downstream=[::ffff:172.18.0.3]:59371, [::]:4443=local, drain=none
test-client-1  | [2m2026-09-26T00:50:14.754380Z[0m [32m INFO[0m [2mmoq_test_client::scenarios[0m[2m:[0m PUBLISH_NAMESPACE_DONE sent successfully
test-client-1  | ok 6 - publish-namespace-done
test-client-1  |   ---
test-client-1  |   duration_ms: 2107
test-client-1  |   connection_id: 157868f36551cdd56910d8de20c61df8
test-client-1  |   ...
relay-1        | E0926 00:50:14.754867     8 MoQServer.h:194] proxygen::HTTPException: Got error=ApplicationError: 260, HTTP error on control stream
relay-1        | V0926 00:50:14.754884     8 MoQSession.cpp:7315] onSessionEnderr=4294967295 sess=0x7f2628089390
relay-1        | V0926 00:50:14.754888     8 MoQSession.cpp:2961] close sess=0x7f2628089390
relay-1        | V0926 00:50:14.754898     8 MoQSession.cpp:2639] requestCancellation from cleanup sess=0x7f2628089390
relay-1        | V0926 00:50:14.754917     8 MoQSession.cpp:2978] requestCancellation from close sess=0x7f2628089390
relay-1        | V0926 00:50:14.755060     8 MoQSession.cpp:2987] exit controlWriteLoop sess=0x7f2628089390
test-client-1  | [2m2026-09-26T00:50:14.755236Z[0m [33m WARN[0m [2mweb_transport_quinn::session[0m[2m:[0m failed to read capsule [3me[0m[2m=[0mUnexpectedEnd
test-client-1  | [2m2026-09-26T00:50:14.755535Z[0m [32m INFO[0m [2mmoq_native_ietf::quic[0m[2m:[0m UDP socket bound [3mbind[0m[2m=[0m[::]:0 [3mlocal[0m[2m=[0m[::]:58085 [3mdual_stack[0m[2m=[0mtrue
relay-1        | V0926 00:50:14.757484     8 MoQServer.cpp:331] MoQServer WebTransport: supported protocols: moqt-18, moqt-16, moqt-15, moq-00
relay-1        | V0926 00:50:14.757500     8 MoQServer.cpp:341] WebTransport: Negotiated protocol: moqt-18
relay-1        | V0926 00:50:14.757606     8 MoQSession.cpp:2685] start sess=0x7f262805c4d0
relay-1        | V0926 00:50:14.757626     8 MoQSession.cpp:3029] sendSetup sess=0x7f262805c4d0
relay-1        | V0926 00:50:14.757686     8 MoQSession.cpp:2985] controlWriteLoop sess=0x7f262805c4d0
relay-1        | V0926 00:50:14.758049     8 MoQSession.cpp:6865] onNewUniStream sess=0x7f262805c4d0
test-client-1  | [2m2026-09-26T00:50:14.758011Z[0m [32m INFO[0m [2mmoq_test_client::scenarios[0m[2m:[0m Publisher sending direct PUBLISH [3mnamespace[0m[2m=[0m/moq-test/publish [3mtrack[0m[2m=[0m"published-track"
relay-1        | V0926 00:50:14.758138     8 MoQSession.cpp:6895] onNewBidiStream sess=0x7f262805c4d0
relay-1        | V0926 00:50:14.758160     8 MoQSession.cpp:3389] controlReadLoop sess=0x7f262805c4d0
relay-1        | V0926 00:50:14.758168     8 MoQSession.cpp:3176] onClientSetup sess=0x7f262805c4d0
relay-1        | V0926 00:50:14.758172     8 MoQServerBase.cpp:88] MoQServerBase::ClientSetup
relay-1        | V0926 00:50:14.758175     8 MoQServerBase.cpp:93] MoQServerBase::ClientSetup: Using ALPN-negotiated version: moqt-18
relay-1        | V0926 00:50:14.758180     8 MoQSession.cpp:3254] Negotiated Version=0xff000012 (draft-18)
relay-1        | V0926 00:50:14.758200     8 MoQSession.cpp:3389] controlReadLoop sess=0x7f262805c4d0
relay-1        | V0926 00:50:14.758237     8 MoQSession.cpp:4970] onPublishImpl reqID=0 sess=0x7f262805c4d0
relay-1        | V0926 00:50:14.758272     8 MoQRelay.cpp:422] publish ftn=moq-test/publish/published-track
relay-1        | E0926 00:50:14.758297     8 MoQRelay.cpp:82] prefix not found in tree
relay-1        | V0926 00:50:14.758321     8 MoQSession.cpp:6086] publishOk reqID=0 sess=0x7f262805c4d0
test-client-1  | [2m2026-09-26T00:50:14.758467Z[0m [32m INFO[0m [2mmoq_test_client::scenarios[0m[2m:[0m PUBLISH accepted [3mnamespace[0m[2m=[0m/moq-test/publish [3mtrack[0m[2m=[0m"published-track"
test-client-1  | ok 7 - publish-track-only
test-client-1  |   ---
test-client-1  |   duration_ms: 4
test-client-1  |   connection_id: b35b0ad095e74d8a52f58a58d1868157
test-client-1  |   ...
test-client-1  | [2m2026-09-26T00:50:14.758512Z[0m [32m INFO[0m [2mmoq_test_client::scenarios[0m[2m:[0m PUBLISH completed [3mnamespace[0m[2m=[0m/moq-test/publish [3mtrack[0m[2m=[0m"published-track"
relay-1        | E20260926 00:50:14.758677     8 HQControlCodec.h:58] Unexpected control stream EOF
relay-1        | E20260926 00:50:14.758749     8 HQSession.cpp:3160] Got error on control stream error=HTTP: Critical stream was closed streamID=2 sess=proto=h3, UA=, client CID=a8b506f865e2a2d2, server CID=40000007324e85e6, downstream=[::ffff:172.18.0.3]:58085, [::]:4443=local, drain=none
relay-1        | E0926 00:50:14.758817     8 MoQServer.h:194] proxygen::HTTPException: Got error=ApplicationError: 260, HTTP error on control stream
test-client-1  | [2m2026-09-26T00:50:14.759014Z[0m [33m WARN[0m [2mweb_transport_quinn::session[0m[2m:[0m failed to read capsule [3me[0m[2m=[0mUnexpectedEnd
relay-1        | V0926 00:50:14.758825     8 MoQSession.cpp:7315] onSessionEnderr=4294967295 sess=0x7f262805c4d0
relay-1        | V0926 00:50:14.758828     8 MoQSession.cpp:2961] close sess=0x7f262805c4d0
relay-1        | V0926 00:50:14.758835     8 MoQSession.cpp:2183] subscribeError trackReceiveState=0x7f262805d0d0
relay-1        | V0926 00:50:14.758838     8 MoQSession.cpp:2212] processPublishDone trackReceiveState=0x7f262805d0d0
relay-1        | V0926 00:50:14.758843     8 MoQRelay.cpp:383] onPublishDoneImpl ftn=moq-test/publish/published-track
relay-1        | V0926 00:50:14.758849     8 MoQRelay.cpp:303] Pruning empty subtree at: moq-test
relay-1        | V0926 00:50:14.758854     8 MoQRelay.cpp:412] Publisher terminated with no subscribers, cleaning up moq-test/publish/published-track
relay-1        | V0926 00:50:14.758858     8 MoQForwarder.cpp:610] publishDone pubDone reason=closed locally
relay-1        | V0926 00:50:14.758866     8 MoQSession.cpp:2167] cancel alias=0 requestID=0
relay-1        | V0926 00:50:14.758870     8 MoQSession.cpp:2639] requestCancellation from cleanup sess=0x7f262805c4d0
relay-1        | V0926 00:50:14.758880     8 BidiStreamControl.cpp:37] STOP_SENDING received on bidi stream id=4 code=386759528
relay-1        | V0926 00:50:14.758887     8 MoQSession.cpp:2978] requestCancellation from close sess=0x7f262805c4d0
relay-1        | V0926 00:50:14.758962     8 MoQSession.cpp:3392] exit controlReadLoop sess=0x7f262805c4d0
relay-1        | V0926 00:50:14.758973     8 MoQSession.cpp:3392] exit controlReadLoop sess=0x7f262805c4d0
relay-1        | V0926 00:50:14.758996     8 MoQSession.cpp:2987] exit controlWriteLoop sess=0x7f262805c4d0
test-client-1  | [2m2026-09-26T00:50:14.759584Z[0m [32m INFO[0m [2mmoq_native_ietf::quic[0m[2m:[0m UDP socket bound [3mbind[0m[2m=[0m[::]:0 [3mlocal[0m[2m=[0m[::]:34422 [3mdual_stack[0m[2m=[0mtrue
relay-1        | V0926 00:50:14.761597     8 MoQServer.cpp:331] MoQServer WebTransport: supported protocols: moqt-18, moqt-16, moqt-15, moq-00
relay-1        | V0926 00:50:14.761616     8 MoQServer.cpp:341] WebTransport: Negotiated protocol: moqt-18
relay-1        | V0926 00:50:14.761708     8 MoQSession.cpp:2685] start sess=0x7f26280864d0
relay-1        | V0926 00:50:14.761755     8 MoQSession.cpp:3029] sendSetup sess=0x7f26280864d0
relay-1        | V0926 00:50:14.761808     8 MoQSession.cpp:2985] controlWriteLoop sess=0x7f26280864d0
relay-1        | V0926 00:50:14.762097     8 MoQSession.cpp:6865] onNewUniStream sess=0x7f26280864d0
relay-1        | V0926 00:50:14.762124     8 MoQSession.cpp:3389] controlReadLoop sess=0x7f26280864d0
relay-1        | V0926 00:50:14.762129     8 MoQSession.cpp:3176] onClientSetup sess=0x7f26280864d0
relay-1        | V0926 00:50:14.762133     8 MoQServerBase.cpp:88] MoQServerBase::ClientSetup
relay-1        | V0926 00:50:14.762136     8 MoQServerBase.cpp:93] MoQServerBase::ClientSetup: Using ALPN-negotiated version: moqt-18
relay-1        | V0926 00:50:14.762141     8 MoQSession.cpp:3254] Negotiated Version=0xff000012 (draft-18)
test-client-1  | [2m2026-09-26T00:50:14.762833Z[0m [32m INFO[0m [2mmoq_native_ietf::quic[0m[2m:[0m UDP socket bound [3mbind[0m[2m=[0m[::]:0 [3mlocal[0m[2m=[0m[::]:39617 [3mdual_stack[0m[2m=[0mtrue
relay-1        | V0926 00:50:14.764206     8 MoQServer.cpp:331] MoQServer WebTransport: supported protocols: moqt-18, moqt-16, moqt-15, moq-00
relay-1        | V0926 00:50:14.764223     8 MoQServer.cpp:341] WebTransport: Negotiated protocol: moqt-18
relay-1        | V0926 00:50:14.764324     8 MoQSession.cpp:2685] start sess=0x7f26280918e0
relay-1        | V0926 00:50:14.764346     8 MoQSession.cpp:3029] sendSetup sess=0x7f26280918e0
relay-1        | V0926 00:50:14.764438     8 MoQSession.cpp:2985] controlWriteLoop sess=0x7f26280918e0
relay-1        | V0926 00:50:14.764537     8 MoQSession.cpp:6865] onNewUniStream sess=0x7f26280918e0
relay-1        | V0926 00:50:14.764551     8 MoQSession.cpp:3389] controlReadLoop sess=0x7f26280918e0
relay-1        | V0926 00:50:14.764555     8 MoQSession.cpp:3176] onClientSetup sess=0x7f26280918e0
relay-1        | V0926 00:50:14.764557     8 MoQServerBase.cpp:88] MoQServerBase::ClientSetup
relay-1        | V0926 00:50:14.764559     8 MoQServerBase.cpp:93] MoQServerBase::ClientSetup: Using ALPN-negotiated version: moqt-18
test-client-1  | [2m2026-09-26T00:50:14.764552Z[0m [32m INFO[0m [2mmoq_test_client::scenarios[0m[2m:[0m Publisher sending direct PUBLISH before subscriber subscribes [3mnamespace[0m[2m=[0m/moq-test/publish [3mtrack[0m[2m=[0m"published-track"
relay-1        | V0926 00:50:14.764563     8 MoQSession.cpp:3254] Negotiated Version=0xff000012 (draft-18)
relay-1        | V0926 00:50:14.764707     8 MoQSession.cpp:6895] onNewBidiStream sess=0x7f26280864d0
relay-1        | V0926 00:50:14.764798     8 MoQSession.cpp:2577] ~MoQSession sess=0x7f2628089390
relay-1        | V0926 00:50:14.764831     8 MoQSession.cpp:3389] controlReadLoop sess=0x7f26280864d0
relay-1        | V0926 00:50:14.764840     8 MoQSession.cpp:4970] onPublishImpl reqID=0 sess=0x7f26280864d0
relay-1        | V0926 00:50:14.764852     8 MoQRelay.cpp:422] publish ftn=moq-test/publish/published-track
relay-1        | E0926 00:50:14.764856     8 MoQRelay.cpp:82] prefix not found in tree
relay-1        | V0926 00:50:14.764867     8 MoQSession.cpp:6086] publishOk reqID=0 sess=0x7f26280864d0
test-client-1  | [2m2026-09-26T00:50:14.765003Z[0m [32m INFO[0m [2mmoq_test_client::scenarios[0m[2m:[0m PUBLISH accepted; starting subscriber [3mnamespace[0m[2m=[0m/moq-test/publish [3mtrack[0m[2m=[0m"published-track"
relay-1        | V0926 00:50:14.765155     8 MoQSession.cpp:6895] onNewBidiStream sess=0x7f26280918e0
relay-1        | V0926 00:50:14.765187     8 MoQSession.cpp:3389] controlReadLoop sess=0x7f26280918e0
relay-1        | V0926 00:50:14.765198     8 MoQSession.cpp:4274] onSubscribeImpl ftn=moq-test/publish/published-track sess=0x7f26280918e0
relay-1        | V0926 00:50:14.765216     8 MoQLocation.h:24] m=AbsoluteStart g=0 o=0
relay-1        | V0926 00:50:14.765221     8 MoQLocation.h:59] g=0 o=0 g=4611686018427387903 o=4611686018427387903
relay-1        | I0926 00:50:14.765226     8 MoQRelay.cpp:1975] Updating forward for moq-test/publish/published-track numForwardingSubs=1
relay-1        | V0926 00:50:14.765232     8 MoQSession.cpp:6268] sendSubscribeOk sess=0x7f26280918e0
relay-1        | V0926 00:50:14.765349     8 MoQSession.cpp:6582] requestUpdate sess=0x7f26280864d0
test-client-1  | [2m2026-09-26T00:50:14.765526Z[0m [33m WARN[0m [2mmoq_transport::session[0m[2m:[0m unexpected bidi response message type [3mmsg_type[0m[2m=[0m2
test-client-1  | [2m2026-09-26T00:50:14.765541Z[0m [33m WARN[0m [2mmoq_transport::serve::error[0m[2m:[0m [c9ca2d28-a2ff-42bc-b9b8-2c8aa9148a55] Not implemented: bidi response type 0x2 at moq-transport/src/session/error.rs:89
relay-1        | V0926 00:50:14.765672     8 MoQSession.cpp:3505] Failing pending request id=1 peer FINed without terminal reply sess=0x7f26280864d0
relay-1        | V0926 00:50:14.765687     8 MoQSession.cpp:3392] exit controlReadLoop sess=0x7f26280864d0
relay-1        | E0926 00:50:14.765695     8 MoQRelay.cpp:36] requestUpdate failed: peer FINed without terminal reply
relay-1        | V0926 00:50:14.775783     8 MoQSession.cpp:2577] ~MoQSession sess=0x7f262805c4d0
test-client-1  | not ok 8 - publish-track-subscribe
test-client-1  |   ---
test-client-1  |   duration_ms: 107
test-client-1  |   message: "failed serving PUBLISH track: serve error: cancelled: cancelled"
test-client-1  |   ...
test-client-1  | [2m2026-09-26T00:50:14.866703Z[0m [33m WARN[0m [2mweb_transport_quinn::session[0m[2m:[0m failed to read capsule [3me[0m[2m=[0mUnexpectedEnd
test-client-1  | [2m2026-09-26T00:50:14.866780Z[0m [33m WARN[0m [2mweb_transport_quinn::session[0m[2m:[0m failed to read capsule [3me[0m[2m=[0mUnexpectedEnd
relay-1        | E20260926 00:50:14.866254     8 HQControlCodec.h:58] Unexpected control stream EOF
relay-1        | E20260926 00:50:14.866322     8 HQSession.cpp:3160] Got error on control stream error=HTTP: Critical stream was closed streamID=2 sess=proto=h3, UA=, client CID=708f5142a98284e7, server CID=4000001f5799b26a, downstream=[::ffff:172.18.0.3]:34422, [::]:4443=local, drain=none
relay-1        | E20260926 00:50:14.866379     8 HQControlCodec.h:58] Unexpected control stream EOF
relay-1        | E20260926 00:50:14.866398     8 HQSession.cpp:3160] Got error on control stream error=HTTP: Critical stream was closed streamID=2 sess=proto=h3, UA=, client CID=38cf807e3ae5bb09, server CID=40000013d35390a6, downstream=[::ffff:172.18.0.3]:39617, [::]:4443=local, drain=none
relay-1        | E0926 00:50:14.866476     8 MoQServer.h:194] proxygen::HTTPException: Got error=ApplicationError: 260, HTTP error on control stream
relay-1        | V0926 00:50:14.866487     8 MoQSession.cpp:7315] onSessionEnderr=4294967295 sess=0x7f26280864d0
relay-1        | V0926 00:50:14.866490     8 MoQSession.cpp:2961] close sess=0x7f26280864d0
relay-1        | V0926 00:50:14.866497     8 MoQSession.cpp:2183] subscribeError trackReceiveState=0x7f262805d0d0
relay-1        | V0926 00:50:14.866499     8 MoQSession.cpp:2212] processPublishDone trackReceiveState=0x7f262805d0d0
relay-1        | V0926 00:50:14.866503     8 MoQRelay.cpp:383] onPublishDoneImpl ftn=moq-test/publish/published-track
relay-1        | V0926 00:50:14.866508     8 MoQRelay.cpp:303] Pruning empty subtree at: moq-test
relay-1        | V0926 00:50:14.866514     8 MoQForwarder.cpp:610] publishDone pubDone reason=closed locally
relay-1        | V0926 00:50:14.866517     8 MoQForwarder.cpp:308] drainSubscriber from publishDone session=47
relay-1        | V0926 00:50:14.866520     8 MoQSession.cpp:6381] sendPublishDone sess=0x7f26280918e0
relay-1        | V0926 00:50:14.866533     8 MoQSession.cpp:6552] publisherDrained id=0 sess=0x7f26280918e0
relay-1        | V0926 00:50:14.866535     8 MoQForwarder.cpp:372] Resetting open subgroups for subscriber=0x7f2628089ed0
relay-1        | V0926 00:50:14.866537     8 MoQForwarder.cpp:391] subscribers_.size()=0
relay-1        | I0926 00:50:14.866542     8 MoQRelay.cpp:1938] Publisher terminated for moq-test/publish/published-track
test-client-1  | [2m2026-09-26T00:50:14.867160Z[0m [32m INFO[0m [2mmoq_native_ietf::quic[0m[2m:[0m UDP socket bound [3mbind[0m[2m=[0m[::]:0 [3mlocal[0m[2m=[0m[::]:34613 [3mdual_stack[0m[2m=[0mtrue
relay-1        | V0926 00:50:14.866547     8 MoQSession.cpp:2167] cancel alias=0 requestID=0
relay-1        | V0926 00:50:14.866550     8 MoQSession.cpp:2639] requestCancellation from cleanup sess=0x7f26280864d0
relay-1        | V0926 00:50:14.866562     8 MoQSession.cpp:2978] requestCancellation from close sess=0x7f26280864d0
relay-1        | E0926 00:50:14.866646     8 MoQServer.h:194] proxygen::HTTPException: Got error=ApplicationError: 260, HTTP error on control stream
relay-1        | V0926 00:50:14.866650     8 MoQSession.cpp:7315] onSessionEnderr=4294967295 sess=0x7f26280918e0
relay-1        | V0926 00:50:14.866652     8 MoQSession.cpp:2961] close sess=0x7f26280918e0
relay-1        | V0926 00:50:14.866656     8 MoQSession.cpp:2639] requestCancellation from cleanup sess=0x7f26280918e0
relay-1        | V0926 00:50:14.866666     8 MoQSession.cpp:2978] requestCancellation from close sess=0x7f26280918e0
relay-1        | V0926 00:50:14.866790     8 MoQSession.cpp:3392] exit controlReadLoop sess=0x7f26280864d0
relay-1        | V0926 00:50:14.866804     8 MoQSession.cpp:3392] exit controlReadLoop sess=0x7f26280918e0
relay-1        | V0926 00:50:14.866811     8 MoQSession.cpp:3392] exit controlReadLoop sess=0x7f26280918e0
relay-1        | V0926 00:50:14.866844     8 MoQSession.cpp:2987] exit controlWriteLoop sess=0x7f26280864d0
relay-1        | V0926 00:50:14.866853     8 MoQSession.cpp:2577] ~MoQSession sess=0x7f26280864d0
relay-1        | V0926 00:50:14.866868     8 MoQSession.cpp:2987] exit controlWriteLoop sess=0x7f26280918e0
relay-1        | V0926 00:50:14.869042     8 MoQServer.cpp:331] MoQServer WebTransport: supported protocols: moqt-18, moqt-16, moqt-15, moq-00
relay-1        | V0926 00:50:14.869063     8 MoQServer.cpp:341] WebTransport: Negotiated protocol: moqt-18
relay-1        | V0926 00:50:14.869171     8 MoQSession.cpp:2685] start sess=0x7f2628008610
relay-1        | V0926 00:50:14.869194     8 MoQSession.cpp:3029] sendSetup sess=0x7f2628008610
relay-1        | V0926 00:50:14.869282     8 MoQSession.cpp:2985] controlWriteLoop sess=0x7f2628008610
test-client-1  | [2m2026-09-26T00:50:14.869445Z[0m [32m INFO[0m [2mmoq_test_client::scenarios[0m[2m:[0m Subscribing with RENDEZVOUS_TIMEOUT to a track with no publisher [3mtimeout_ms[0m[2m=[0m500
relay-1        | V0926 00:50:14.869447     8 MoQSession.cpp:6865] onNewUniStream sess=0x7f2628008610
relay-1        | V0926 00:50:14.869481     8 MoQSession.cpp:3389] controlReadLoop sess=0x7f2628008610
relay-1        | V0926 00:50:14.869498     8 MoQSession.cpp:3176] onClientSetup sess=0x7f2628008610
relay-1        | V0926 00:50:14.869503     8 MoQServerBase.cpp:88] MoQServerBase::ClientSetup
relay-1        | V0926 00:50:14.869507     8 MoQServerBase.cpp:93] MoQServerBase::ClientSetup: Using ALPN-negotiated version: moqt-18
relay-1        | V0926 00:50:14.869512     8 MoQSession.cpp:3254] Negotiated Version=0xff000012 (draft-18)
relay-1        | V0926 00:50:14.869617     8 MoQSession.cpp:6895] onNewBidiStream sess=0x7f2628008610
relay-1        | V0926 00:50:14.869652     8 MoQSession.cpp:3389] controlReadLoop sess=0x7f2628008610
relay-1        | V0926 00:50:14.869665     8 MoQSession.cpp:4274] onSubscribeImpl ftn=nonexistent/rendezvous/test-track sess=0x7f2628008610
relay-1        | V0926 00:50:14.876040     8 MoQSession.cpp:2577] ~MoQSession sess=0x7f26280918e0
relay-1        | V0926 00:50:15.370176     8 MoQSession.cpp:4416] Application subscribe error err=rendezvous timeout expired
relay-1        | V0926 00:50:15.370201     8 MoQSession.cpp:6286] subscribeError sess=0x7f2628008610
relay-1        | V0926 00:50:15.370228     8 MoQSession.cpp:6552] publisherDrained id=0 sess=0x7f2628008610
test-client-1  | [2m2026-09-26T00:50:15.370712Z[0m [32m INFO[0m [2mmoq_test_client::scenarios[0m[2m:[0m Received expected REQUEST_ERROR TIMEOUT
test-client-1  | ok 9 - rendezvous-timeout
test-client-1  |   ---
test-client-1  |   duration_ms: 504
test-client-1  |   connection_id: bec7237317f90479728c8be1d82f6d47
test-client-1  |   ...
relay-1        | V0926 00:50:15.370814     8 MoQSession.cpp:3392] exit controlReadLoop sess=0x7f2628008610
relay-1        | E20260926 00:50:15.370847     8 HQControlCodec.h:58] Unexpected control stream EOF
relay-1        | E20260926 00:50:15.370995     8 HQSession.cpp:3160] Got error on control stream error=HTTP: Critical stream was closed streamID=2 sess=proto=h3, UA=, client CID=285e66200eacdeed, server CID=4000001860a8ee31, downstream=[::ffff:172.18.0.3]:34613, [::]:4443=local, drain=none
relay-1        | E0926 00:50:15.371131     8 MoQServer.h:194] proxygen::HTTPException: Got error=ApplicationError: 260, HTTP error on control stream
relay-1        | V0926 00:50:15.371141     8 MoQSession.cpp:7315] onSessionEnderr=4294967295 sess=0x7f2628008610
relay-1        | V0926 00:50:15.371144     8 MoQSession.cpp:2961] close sess=0x7f2628008610
relay-1        | V0926 00:50:15.371152     8 MoQSession.cpp:2639] requestCancellation from cleanup sess=0x7f2628008610
relay-1        | V0926 00:50:15.371164     8 MoQSession.cpp:2978] requestCancellation from close sess=0x7f2628008610
relay-1        | V0926 00:50:15.371280     8 MoQSession.cpp:3392] exit controlReadLoop sess=0x7f2628008610
relay-1        | V0926 00:50:15.371334     8 MoQSession.cpp:2987] exit controlWriteLoop sess=0x7f2628008610
test-client-1  | [2m2026-09-26T00:50:15.371408Z[0m [33m WARN[0m [2mweb_transport_quinn::session[0m[2m:[0m failed to read capsule [3me[0m[2m=[0mUnexpectedEnd
test-client-1  | [2m2026-09-26T00:50:15.371874Z[0m [32m INFO[0m [2mmoq_native_ietf::quic[0m[2m:[0m UDP socket bound [3mbind[0m[2m=[0m[::]:0 [3mlocal[0m[2m=[0m[::]:46646 [3mdual_stack[0m[2m=[0mtrue
relay-1        | V0926 00:50:15.373883     8 MoQServer.cpp:331] MoQServer WebTransport: supported protocols: moqt-18, moqt-16, moqt-15, moq-00
relay-1        | V0926 00:50:15.373901     8 MoQServer.cpp:341] WebTransport: Negotiated protocol: moqt-18
relay-1        | V0926 00:50:15.374001     8 MoQSession.cpp:2685] start sess=0x7f2628080e60
relay-1        | V0926 00:50:15.374031     8 MoQSession.cpp:3029] sendSetup sess=0x7f2628080e60
relay-1        | V0926 00:50:15.374168     8 MoQSession.cpp:2985] controlWriteLoop sess=0x7f2628080e60
relay-1        | V0926 00:50:15.374281     8 MoQSession.cpp:6865] onNewUniStream sess=0x7f2628080e60
relay-1        | V0926 00:50:15.374318     8 MoQSession.cpp:3389] controlReadLoop sess=0x7f2628080e60
relay-1        | V0926 00:50:15.374324     8 MoQSession.cpp:3176] onClientSetup sess=0x7f2628080e60
relay-1        | V0926 00:50:15.374326     8 MoQServerBase.cpp:88] MoQServerBase::ClientSetup
relay-1        | V0926 00:50:15.374328     8 MoQServerBase.cpp:93] MoQServerBase::ClientSetup: Using ALPN-negotiated version: moqt-18
relay-1        | V0926 00:50:15.374332     8 MoQSession.cpp:3254] Negotiated Version=0xff000012 (draft-18)
relay-1        | V0926 00:50:15.374493     8 MoQSession.cpp:6895] onNewBidiStream sess=0x7f2628080e60
relay-1        | V0926 00:50:15.374531     8 MoQSession.cpp:3389] controlReadLoop sess=0x7f2628080e60
relay-1        | V0926 00:50:15.374544     8 MoQSession.cpp:4274] onSubscribeImpl ftn=moq-test-00/0/0/0/2/4/5/64/32/2/1/1/0/-1/-1/0/moq-test-53ce5a2434076691 sess=0x7f2628080e60
relay-1        | V0926 00:50:15.381703     8 MoQSession.cpp:2577] ~MoQSession sess=0x7f2628008610
test-client-1  | [2m2026-09-26T00:50:15.575673Z[0m [32m INFO[0m [2mmoq_native_ietf::quic[0m[2m:[0m UDP socket bound [3mbind[0m[2m=[0m[::]:0 [3mlocal[0m[2m=[0m[::]:48684 [3mdual_stack[0m[2m=[0mtrue
relay-1        | V0926 00:50:15.577861     8 MoQServer.cpp:331] MoQServer WebTransport: supported protocols: moqt-18, moqt-16, moqt-15, moq-00
relay-1        | V0926 00:50:15.577885     8 MoQServer.cpp:341] WebTransport: Negotiated protocol: moqt-18
relay-1        | V0926 00:50:15.577989     8 MoQSession.cpp:2685] start sess=0x7f2628059fc0
relay-1        | V0926 00:50:15.578041     8 MoQSession.cpp:3029] sendSetup sess=0x7f2628059fc0
relay-1        | V0926 00:50:15.578177     8 MoQSession.cpp:2985] controlWriteLoop sess=0x7f2628059fc0
relay-1        | V0926 00:50:15.578329     8 MoQSession.cpp:6865] onNewUniStream sess=0x7f2628059fc0
relay-1        | V0926 00:50:15.578427     8 MoQSession.cpp:3389] controlReadLoop sess=0x7f2628059fc0
relay-1        | V0926 00:50:15.578460     8 MoQSession.cpp:3176] onClientSetup sess=0x7f2628059fc0
relay-1        | V0926 00:50:15.578495     8 MoQServerBase.cpp:88] MoQServerBase::ClientSetup
relay-1        | V0926 00:50:15.578519     8 MoQServerBase.cpp:93] MoQServerBase::ClientSetup: Using ALPN-negotiated version: moqt-18
relay-1        | V0926 00:50:15.578532     8 MoQSession.cpp:3254] Negotiated Version=0xff000012 (draft-18)
relay-1        | V0926 00:50:15.578580     8 MoQSession.cpp:6895] onNewBidiStream sess=0x7f2628059fc0
relay-1        | V0926 00:50:15.578642     8 MoQSession.cpp:3389] controlReadLoop sess=0x7f2628059fc0
relay-1        | V0926 00:50:15.578658     8 MoQSession.cpp:4970] onPublishImpl reqID=0 sess=0x7f2628059fc0
relay-1        | V0926 00:50:15.578670     8 MoQRelay.cpp:422] publish ftn=moq-test-00/0/0/0/2/4/5/64/32/2/1/1/0/-1/-1/0/moq-test-53ce5a2434076691
relay-1        | E0926 00:50:15.578679     8 MoQRelay.cpp:82] prefix not found in tree
relay-1        | V0926 00:50:15.578699     8 MoQSession.cpp:6086] publishOk reqID=0 sess=0x7f2628059fc0
relay-1        | V0926 00:50:15.578805     8 MoQLocation.h:24] m=AbsoluteStart g=0 o=0
relay-1        | V0926 00:50:15.578840     8 MoQLocation.h:59] g=0 o=0 g=4611686018427387903 o=4611686018427387903
relay-1        | I0926 00:50:15.578855     8 MoQRelay.cpp:1975] Updating forward for moq-test-00/0/0/0/2/4/5/64/32/2/1/1/0/-1/-1/0/moq-test-53ce5a2434076691 numForwardingSubs=1
relay-1        | V0926 00:50:15.578867     8 MoQSession.cpp:6268] sendSubscribeOk sess=0x7f2628080e60
relay-1        | V0926 00:50:15.578940     8 MoQSession.cpp:6582] requestUpdate sess=0x7f2628059fc0
test-client-1  | [2m2026-09-26T00:50:15.579043Z[0m [32m INFO[0m [2mmoq_test_client::moqtest[0m[2m:[0m PUBLISH accepted and subscription bound; generating objects [3mobjects[0m[2m=[0m15 [3mstreams[0m[2m=[0m3
relay-1        | V0926 00:50:15.579262     8 MoQSession.cpp:5124] PublishDone id=0 code=2 reason=publish ended
relay-1        | V0926 00:50:15.579276     8 MoQSession.cpp:2212] processPublishDone trackReceiveState=0x7f2628069af0
relay-1        | V0926 00:50:15.579282     8 MoQRelay.cpp:383] onPublishDoneImpl ftn=moq-test-00/0/0/0/2/4/5/64/32/2/1/1/0/-1/-1/0/moq-test-53ce5a2434076691
relay-1        | V0926 00:50:15.579290     8 MoQRelay.cpp:303] Pruning empty subtree at: moq-test-00
relay-1        | V0926 00:50:15.579297     8 MoQForwarder.cpp:610] publishDone pubDone reason=publish ended
relay-1        | V0926 00:50:15.579302     8 MoQForwarder.cpp:308] drainSubscriber from publishDone session=61
relay-1        | V0926 00:50:15.579306     8 MoQSession.cpp:6381] sendPublishDone sess=0x7f2628080e60
relay-1        | V0926 00:50:15.579317     8 MoQSession.cpp:6552] publisherDrained id=0 sess=0x7f2628080e60
relay-1        | V0926 00:50:15.579324     8 MoQForwarder.cpp:372] Resetting open subgroups for subscriber=0x7f2628035f20
relay-1        | V0926 00:50:15.579328     8 MoQForwarder.cpp:391] subscribers_.size()=0
relay-1        | I0926 00:50:15.579336     8 MoQRelay.cpp:1938] Publisher terminated for moq-test-00/0/0/0/2/4/5/64/32/2/1/1/0/-1/-1/0/moq-test-53ce5a2434076691
relay-1        | V0926 00:50:15.579345     8 MoQSession.cpp:3505] Failing pending request id=1 peer FINed without terminal reply sess=0x7f2628059fc0
relay-1        | V0926 00:50:15.579350     8 MoQSession.cpp:3392] exit controlReadLoop sess=0x7f2628059fc0
relay-1        | E0926 00:50:15.579412     8 MoQRelay.cpp:36] requestUpdate failed: peer FINed without terminal reply
relay-1        | V0926 00:50:15.579679     8 MoQSession.cpp:3392] exit controlReadLoop sess=0x7f2628080e60
relay-1        | V0926 00:50:15.579766     8 MoQSession.cpp:3392] exit controlReadLoop sess=0x7f2628080e60
test-client-1  | not ok 10 - moq-test-subgroup-per-group
test-client-1  |   ---
test-client-1  |   duration_ms: 223
test-client-1  |   message: "failed to create subgroup: cancelled"
test-client-1  |   ...
relay-1        | E20260926 00:50:15.594453     8 HQControlCodec.h:58] Unexpected control stream EOF
relay-1        | E20260926 00:50:15.594517     8 HQSession.cpp:3160] Got error on control stream error=HTTP: Critical stream was closed streamID=2 sess=proto=h3, UA=, client CID=c2d8bd897f612761, server CID=4000001e563e62f0, downstream=[::ffff:172.18.0.3]:48684, [::]:4443=local, drain=none
relay-1        | E20260926 00:50:15.594574     8 HQControlCodec.h:58] Unexpected control stream EOF
relay-1        | E20260926 00:50:15.594599     8 HQSession.cpp:3160] Got error on control stream error=HTTP: Critical stream was closed streamID=2 sess=proto=h3, UA=, client CID=08ab6f76254f8342, server CID=40000006ba9436b7, downstream=[::ffff:172.18.0.3]:46646, [::]:4443=local, drain=none
relay-1        | E0926 00:50:15.594647     8 MoQServer.h:194] proxygen::HTTPException: Got error=ApplicationError: 260, HTTP error on control stream
relay-1        | V0926 00:50:15.594663     8 MoQSession.cpp:7315] onSessionEnderr=4294967295 sess=0x7f2628059fc0
relay-1        | V0926 00:50:15.594668     8 MoQSession.cpp:2961] close sess=0x7f2628059fc0
relay-1        | V0926 00:50:15.594677     8 MoQSession.cpp:2639] requestCancellation from cleanup sess=0x7f2628059fc0
relay-1        | V0926 00:50:15.594709     8 MoQSession.cpp:2978] requestCancellation from close sess=0x7f2628059fc0
test-client-1  | [2m2026-09-26T00:50:15.594889Z[0m [33m WARN[0m [2mweb_transport_quinn::session[0m[2m:[0m failed to read capsule [3me[0m[2m=[0mUnexpectedEnd
relay-1        | E0926 00:50:15.594989     8 MoQServer.h:194] proxygen::HTTPException: Got error=ApplicationError: 260, HTTP error on control stream
relay-1        | V0926 00:50:15.594999     8 MoQSession.cpp:7315] onSessionEnderr=4294967295 sess=0x7f2628080e60
relay-1        | V0926 00:50:15.595003     8 MoQSession.cpp:2961] close sess=0x7f2628080e60
relay-1        | V0926 00:50:15.595009     8 MoQSession.cpp:2639] requestCancellation from cleanup sess=0x7f2628080e60
relay-1        | V0926 00:50:15.595020     8 MoQSession.cpp:2978] requestCancellation from close sess=0x7f2628080e60
test-client-1  | [2m2026-09-26T00:50:15.595206Z[0m [33m WARN[0m [2mweb_transport_quinn::session[0m[2m:[0m failed to read capsule [3me[0m[2m=[0mUnexpectedEnd
relay-1        | V0926 00:50:15.595295     8 MoQSession.cpp:3392] exit controlReadLoop sess=0x7f2628059fc0
relay-1        | V0926 00:50:15.595337     8 MoQSession.cpp:2987] exit controlWriteLoop sess=0x7f2628059fc0
relay-1        | V0926 00:50:15.595346     8 MoQSession.cpp:2577] ~MoQSession sess=0x7f2628059fc0
relay-1        | V0926 00:50:15.595362     8 MoQSession.cpp:2987] exit controlWriteLoop sess=0x7f2628080e60
test-client-1  | [2m2026-09-26T00:50:15.595620Z[0m [32m INFO[0m [2mmoq_native_ietf::quic[0m[2m:[0m UDP socket bound [3mbind[0m[2m=[0m[::]:0 [3mlocal[0m[2m=[0m[::]:56897 [3mdual_stack[0m[2m=[0mtrue
relay-1        | V0926 00:50:15.598760     8 MoQServer.cpp:331] MoQServer WebTransport: supported protocols: moqt-18, moqt-16, moqt-15, moq-00
relay-1        | V0926 00:50:15.598779     8 MoQServer.cpp:341] WebTransport: Negotiated protocol: moqt-18
relay-1        | V0926 00:50:15.598879     8 MoQSession.cpp:2685] start sess=0x7f262805c050
relay-1        | V0926 00:50:15.598930     8 MoQSession.cpp:3029] sendSetup sess=0x7f262805c050
relay-1        | V0926 00:50:15.599056     8 MoQSession.cpp:2985] controlWriteLoop sess=0x7f262805c050
relay-1        | V0926 00:50:15.599195     8 MoQSession.cpp:6865] onNewUniStream sess=0x7f262805c050
relay-1        | V0926 00:50:15.599261     8 MoQSession.cpp:3389] controlReadLoop sess=0x7f262805c050
relay-1        | V0926 00:50:15.599306     8 MoQSession.cpp:3176] onClientSetup sess=0x7f262805c050
relay-1        | V0926 00:50:15.599329     8 MoQServerBase.cpp:88] MoQServerBase::ClientSetup
relay-1        | V0926 00:50:15.599357     8 MoQServerBase.cpp:93] MoQServerBase::ClientSetup: Using ALPN-negotiated version: moqt-18
relay-1        | V0926 00:50:15.599365     8 MoQSession.cpp:3254] Negotiated Version=0xff000012 (draft-18)
relay-1        | V0926 00:50:15.599412     8 MoQSession.cpp:6895] onNewBidiStream sess=0x7f262805c050
relay-1        | V0926 00:50:15.599442     8 MoQSession.cpp:3389] controlReadLoop sess=0x7f262805c050
relay-1        | V0926 00:50:15.599460     8 MoQSession.cpp:4274] onSubscribeImpl ftn=moq-test-00/0/0/0/2/5/5/64/32/2/1/1/1/-1/-1/0/moq-test-acf33c2bcb7cdeb0 sess=0x7f262805c050
relay-1        | V0926 00:50:15.606607     8 MoQSession.cpp:2577] ~MoQSession sess=0x7f2628080e60
test-client-1  | [2m2026-09-26T00:50:15.801330Z[0m [32m INFO[0m [2mmoq_native_ietf::quic[0m[2m:[0m UDP socket bound [3mbind[0m[2m=[0m[::]:0 [3mlocal[0m[2m=[0m[::]:45848 [3mdual_stack[0m[2m=[0mtrue
relay-1        | V0926 00:50:15.803515     8 MoQServer.cpp:331] MoQServer WebTransport: supported protocols: moqt-18, moqt-16, moqt-15, moq-00
relay-1        | V0926 00:50:15.803540     8 MoQServer.cpp:341] WebTransport: Negotiated protocol: moqt-18
relay-1        | V0926 00:50:15.803649     8 MoQSession.cpp:2685] start sess=0x7f2628008610
relay-1        | V0926 00:50:15.803671     8 MoQSession.cpp:3029] sendSetup sess=0x7f2628008610
relay-1        | V0926 00:50:15.803801     8 MoQSession.cpp:2985] controlWriteLoop sess=0x7f2628008610
relay-1        | V0926 00:50:15.804052     8 MoQSession.cpp:6865] onNewUniStream sess=0x7f2628008610
relay-1        | V0926 00:50:15.804120     8 MoQSession.cpp:3389] controlReadLoop sess=0x7f2628008610
relay-1        | V0926 00:50:15.804130     8 MoQSession.cpp:3176] onClientSetup sess=0x7f2628008610
relay-1        | V0926 00:50:15.804134     8 MoQServerBase.cpp:88] MoQServerBase::ClientSetup
relay-1        | V0926 00:50:15.804139     8 MoQServerBase.cpp:93] MoQServerBase::ClientSetup: Using ALPN-negotiated version: moqt-18
relay-1        | V0926 00:50:15.804145     8 MoQSession.cpp:3254] Negotiated Version=0xff000012 (draft-18)
relay-1        | V0926 00:50:15.804161     8 MoQSession.cpp:6895] onNewBidiStream sess=0x7f2628008610
relay-1        | V0926 00:50:15.804187     8 MoQSession.cpp:3389] controlReadLoop sess=0x7f2628008610
relay-1        | V0926 00:50:15.804200     8 MoQSession.cpp:4970] onPublishImpl reqID=0 sess=0x7f2628008610
relay-1        | V0926 00:50:15.804222     8 MoQRelay.cpp:422] publish ftn=moq-test-00/0/0/0/2/5/5/64/32/2/1/1/1/-1/-1/0/moq-test-acf33c2bcb7cdeb0
relay-1        | E0926 00:50:15.804232     8 MoQRelay.cpp:82] prefix not found in tree
relay-1        | V0926 00:50:15.804257     8 MoQSession.cpp:6086] publishOk reqID=0 sess=0x7f2628008610
relay-1        | V0926 00:50:15.804349     8 MoQLocation.h:24] m=AbsoluteStart g=0 o=0
relay-1        | V0926 00:50:15.804354     8 MoQLocation.h:59] g=0 o=0 g=4611686018427387903 o=4611686018427387903
relay-1        | I0926 00:50:15.804359     8 MoQRelay.cpp:1975] Updating forward for moq-test-00/0/0/0/2/5/5/64/32/2/1/1/1/-1/-1/0/moq-test-acf33c2bcb7cdeb0 numForwardingSubs=1
relay-1        | V0926 00:50:15.804367     8 MoQSession.cpp:6268] sendSubscribeOk sess=0x7f262805c050
relay-1        | V0926 00:50:15.804425     8 MoQSession.cpp:6582] requestUpdate sess=0x7f2628008610
test-client-1  | [2m2026-09-26T00:50:15.804550Z[0m [33m WARN[0m [2mmoq_transport::session[0m[2m:[0m unexpected bidi response message type [3mmsg_type[0m[2m=[0m2
test-client-1  | [2m2026-09-26T00:50:15.804566Z[0m [33m WARN[0m [2mmoq_transport::serve::error[0m[2m:[0m [fcf262f1-eab6-4ac0-b981-3acedbe82b2f] Not implemented: bidi response type 0x2 at moq-transport/src/session/error.rs:89
test-client-1  | [2m2026-09-26T00:50:15.804594Z[0m [32m INFO[0m [2mmoq_test_client::moqtest[0m[2m:[0m PUBLISH accepted and subscription bound; generating objects [3mobjects[0m[2m=[0m15 [3mstreams[0m[2m=[0m3
relay-1        | V0926 00:50:15.804790     8 MoQSession.cpp:3505] Failing pending request id=1 peer FINed without terminal reply sess=0x7f2628008610
relay-1        | V0926 00:50:15.804806     8 MoQSession.cpp:3392] exit controlReadLoop sess=0x7f2628008610
relay-1        | E0926 00:50:15.804818     8 MoQRelay.cpp:36] requestUpdate failed: peer FINed without terminal reply
test-client-1  | not ok 11 - moq-test-subgroup-per-group-eog
test-client-1  |   ---
test-client-1  |   duration_ms: 229
test-client-1  |   message: "failed to create subgroup: cancelled"
test-client-1  |   ...
relay-1        | V0926 00:50:15.823336     8 MoQSession.cpp:3392] exit controlReadLoop sess=0x7f2628008610
relay-1        | E20260926 00:50:15.823364     8 HQControlCodec.h:58] Unexpected control stream EOF
relay-1        | E20260926 00:50:15.823421     8 HQSession.cpp:3160] Got error on control stream error=HTTP: Critical stream was closed streamID=2 sess=proto=h3, UA=, client CID=f6aa0abb608c868f, server CID=400000197dd7020d, downstream=[::ffff:172.18.0.3]:45848, [::]:4443=local, drain=none
relay-1        | E0926 00:50:15.823473     8 MoQServer.h:194] proxygen::HTTPException: Got error=ApplicationError: 260, HTTP error on control stream
relay-1        | V0926 00:50:15.823479     8 MoQSession.cpp:7315] onSessionEnderr=4294967295 sess=0x7f2628008610
relay-1        | V0926 00:50:15.823483     8 MoQSession.cpp:2961] close sess=0x7f2628008610
relay-1        | V0926 00:50:15.823490     8 MoQSession.cpp:2183] subscribeError trackReceiveState=0x7f262805d0d0
relay-1        | V0926 00:50:15.823493     8 MoQSession.cpp:2212] processPublishDone trackReceiveState=0x7f262805d0d0
relay-1        | V0926 00:50:15.823499     8 MoQRelay.cpp:383] onPublishDoneImpl ftn=moq-test-00/0/0/0/2/5/5/64/32/2/1/1/1/-1/-1/0/moq-test-acf33c2bcb7cdeb0
relay-1        | V0926 00:50:15.823507     8 MoQRelay.cpp:303] Pruning empty subtree at: moq-test-00
relay-1        | V0926 00:50:15.823516     8 MoQForwarder.cpp:610] publishDone pubDone reason=closed locally
relay-1        | V0926 00:50:15.823521     8 MoQForwarder.cpp:308] drainSubscriber from publishDone session=71
relay-1        | V0926 00:50:15.823525     8 MoQSession.cpp:6381] sendPublishDone sess=0x7f262805c050
relay-1        | V0926 00:50:15.823538     8 MoQSession.cpp:6552] publisherDrained id=0 sess=0x7f262805c050
relay-1        | V0926 00:50:15.823542     8 MoQForwarder.cpp:372] Resetting open subgroups for subscriber=0x7f2628049cb0
relay-1        | V0926 00:50:15.823545     8 MoQForwarder.cpp:391] subscribers_.size()=0
relay-1        | I0926 00:50:15.823552     8 MoQRelay.cpp:1938] Publisher terminated for moq-test-00/0/0/0/2/5/5/64/32/2/1/1/1/-1/-1/0/moq-test-acf33c2bcb7cdeb0
relay-1        | V0926 00:50:15.823558     8 MoQSession.cpp:2167] cancel alias=0 requestID=0
relay-1        | V0926 00:50:15.823563     8 MoQSession.cpp:2639] requestCancellation from cleanup sess=0x7f2628008610
relay-1        | V0926 00:50:15.823576     8 MoQSession.cpp:2978] requestCancellation from close sess=0x7f2628008610
relay-1        | V0926 00:50:15.823779     8 MoQSession.cpp:2987] exit controlWriteLoop sess=0x7f2628008610
relay-1        | E20260926 00:50:15.823797     8 HQControlCodec.h:58] Unexpected control stream EOF
test-client-1  | [2m2026-09-26T00:50:15.823925Z[0m [33m WARN[0m [2mweb_transport_quinn::session[0m[2m:[0m failed to read capsule [3me[0m[2m=[0mUnexpectedEnd
relay-1        | E20260926 00:50:15.823954     8 HQSession.cpp:3160] Got error on control stream error=HTTP: Critical stream was closed streamID=2 sess=proto=h3, UA=, client CID=bb4c14057a1b5a4b, server CID=4000000a1f83f86f, downstream=[::ffff:172.18.0.3]:56897, [::]:4443=local, drain=none
relay-1        | E0926 00:50:15.824033     8 MoQServer.h:194] proxygen::HTTPException: Got error=ApplicationError: 260, HTTP error on control stream
relay-1        | V0926 00:50:15.824063     8 MoQSession.cpp:7315] onSessionEnderr=4294967295 sess=0x7f262805c050
relay-1        | V0926 00:50:15.824083     8 MoQSession.cpp:2961] close sess=0x7f262805c050
relay-1        | V0926 00:50:15.824108     8 MoQSession.cpp:2639] requestCancellation from cleanup sess=0x7f262805c050
relay-1        | V0926 00:50:15.824135     8 MoQSession.cpp:2978] requestCancellation from close sess=0x7f262805c050
test-client-1  | [2m2026-09-26T00:50:15.824246Z[0m [33m WARN[0m [2mweb_transport_quinn::session[0m[2m:[0m failed to read capsule [3me[0m[2m=[0mUnexpectedEnd
relay-1        | V0926 00:50:15.824322     8 MoQSession.cpp:3392] exit controlReadLoop sess=0x7f262805c050
relay-1        | V0926 00:50:15.824340     8 MoQSession.cpp:3392] exit controlReadLoop sess=0x7f262805c050
relay-1        | V0926 00:50:15.824359     8 MoQSession.cpp:2987] exit controlWriteLoop sess=0x7f262805c050
test-client-1  | [2m2026-09-26T00:50:15.824575Z[0m [32m INFO[0m [2mmoq_native_ietf::quic[0m[2m:[0m UDP socket bound [3mbind[0m[2m=[0m[::]:0 [3mlocal[0m[2m=[0m[::]:35073 [3mdual_stack[0m[2m=[0mtrue
relay-1        | V0926 00:50:15.826424     8 MoQServer.cpp:331] MoQServer WebTransport: supported protocols: moqt-18, moqt-16, moqt-15, moq-00
relay-1        | V0926 00:50:15.826440     8 MoQServer.cpp:341] WebTransport: Negotiated protocol: moqt-18
relay-1        | V0926 00:50:15.826522     8 MoQSession.cpp:2685] start sess=0x7f2628060950
relay-1        | V0926 00:50:15.826574     8 MoQSession.cpp:3029] sendSetup sess=0x7f2628060950
relay-1        | V0926 00:50:15.826686     8 MoQSession.cpp:2985] controlWriteLoop sess=0x7f2628060950
relay-1        | V0926 00:50:15.826928     8 MoQSession.cpp:6865] onNewUniStream sess=0x7f2628060950
relay-1        | V0926 00:50:15.826956     8 MoQSession.cpp:3389] controlReadLoop sess=0x7f2628060950
relay-1        | V0926 00:50:15.826964     8 MoQSession.cpp:3176] onClientSetup sess=0x7f2628060950
relay-1        | V0926 00:50:15.826968     8 MoQServerBase.cpp:88] MoQServerBase::ClientSetup
relay-1        | V0926 00:50:15.826972     8 MoQServerBase.cpp:93] MoQServerBase::ClientSetup: Using ALPN-negotiated version: moqt-18
relay-1        | V0926 00:50:15.826978     8 MoQSession.cpp:3254] Negotiated Version=0xff000012 (draft-18)
relay-1        | V0926 00:50:15.827047     8 MoQSession.cpp:6895] onNewBidiStream sess=0x7f2628060950
relay-1        | V0926 00:50:15.827148     8 MoQSession.cpp:3389] controlReadLoop sess=0x7f2628060950
relay-1        | V0926 00:50:15.827166     8 MoQSession.cpp:4274] onSubscribeImpl ftn=moq-test-00/1/0/0/1/3/4/64/32/2/1/1/0/-1/-1/0/moq-test-08b227640c945b62 sess=0x7f2628060950
relay-1        | V0926 00:50:15.833319     8 MoQSession.cpp:2577] ~MoQSession sess=0x7f262805c050
relay-1        | V0926 00:50:15.833367     8 MoQSession.cpp:2577] ~MoQSession sess=0x7f2628008610
test-client-1  | [2m2026-09-26T00:50:16.029436Z[0m [32m INFO[0m [2mmoq_native_ietf::quic[0m[2m:[0m UDP socket bound [3mbind[0m[2m=[0m[::]:0 [3mlocal[0m[2m=[0m[::]:38891 [3mdual_stack[0m[2m=[0mtrue
relay-1        | V0926 00:50:16.031781     8 MoQServer.cpp:331] MoQServer WebTransport: supported protocols: moqt-18, moqt-16, moqt-15, moq-00
relay-1        | V0926 00:50:16.031803     8 MoQServer.cpp:341] WebTransport: Negotiated protocol: moqt-18
relay-1        | V0926 00:50:16.031911     8 MoQSession.cpp:2685] start sess=0x7f262806af30
relay-1        | V0926 00:50:16.031940     8 MoQSession.cpp:3029] sendSetup sess=0x7f262806af30
relay-1        | V0926 00:50:16.032005     8 MoQSession.cpp:2985] controlWriteLoop sess=0x7f262806af30
relay-1        | V0926 00:50:16.032330     8 MoQSession.cpp:6865] onNewUniStream sess=0x7f262806af30
relay-1        | V0926 00:50:16.032371     8 MoQSession.cpp:3389] controlReadLoop sess=0x7f262806af30
relay-1        | V0926 00:50:16.032381     8 MoQSession.cpp:3176] onClientSetup sess=0x7f262806af30
relay-1        | V0926 00:50:16.032386     8 MoQServerBase.cpp:88] MoQServerBase::ClientSetup
relay-1        | V0926 00:50:16.032390     8 MoQServerBase.cpp:93] MoQServerBase::ClientSetup: Using ALPN-negotiated version: moqt-18
relay-1        | V0926 00:50:16.032396     8 MoQSession.cpp:3254] Negotiated Version=0xff000012 (draft-18)
relay-1        | V0926 00:50:16.032443     8 MoQSession.cpp:6895] onNewBidiStream sess=0x7f262806af30
relay-1        | V0926 00:50:16.032471     8 MoQSession.cpp:3389] controlReadLoop sess=0x7f262806af30
relay-1        | V0926 00:50:16.032481     8 MoQSession.cpp:4970] onPublishImpl reqID=0 sess=0x7f262806af30
test-client-1  | [2m2026-09-26T00:50:16.032804Z[0m [32m INFO[0m [2mmoq_test_client::moqtest[0m[2m:[0m PUBLISH accepted and subscription bound; generating objects [3mobjects[0m[2m=[0m8 [3mstreams[0m[2m=[0m8
relay-1        | V0926 00:50:16.032495     8 MoQRelay.cpp:422] publish ftn=moq-test-00/1/0/0/1/3/4/64/32/2/1/1/0/-1/-1/0/moq-test-08b227640c945b62
relay-1        | E0926 00:50:16.032513     8 MoQRelay.cpp:82] prefix not found in tree
relay-1        | V0926 00:50:16.032533     8 MoQSession.cpp:6086] publishOk reqID=0 sess=0x7f262806af30
relay-1        | V0926 00:50:16.032621     8 MoQLocation.h:24] m=AbsoluteStart g=0 o=0
relay-1        | V0926 00:50:16.032629     8 MoQLocation.h:59] g=0 o=0 g=4611686018427387903 o=4611686018427387903
relay-1        | I0926 00:50:16.032637     8 MoQRelay.cpp:1975] Updating forward for moq-test-00/1/0/0/1/3/4/64/32/2/1/1/0/-1/-1/0/moq-test-08b227640c945b62 numForwardingSubs=1
relay-1        | V0926 00:50:16.032648     8 MoQSession.cpp:6268] sendSubscribeOk sess=0x7f2628060950
relay-1        | V0926 00:50:16.032743     8 MoQSession.cpp:6582] requestUpdate sess=0x7f262806af30
relay-1        | V0926 00:50:16.033006     8 MoQSession.cpp:5124] PublishDone id=0 code=2 reason=publish ended
relay-1        | V0926 00:50:16.033019     8 MoQSession.cpp:2212] processPublishDone trackReceiveState=0x7f262807f740
relay-1        | V0926 00:50:16.033024     8 MoQRelay.cpp:383] onPublishDoneImpl ftn=moq-test-00/1/0/0/1/3/4/64/32/2/1/1/0/-1/-1/0/moq-test-08b227640c945b62
relay-1        | V0926 00:50:16.033031     8 MoQRelay.cpp:303] Pruning empty subtree at: moq-test-00
relay-1        | V0926 00:50:16.033039     8 MoQForwarder.cpp:610] publishDone pubDone reason=publish ended
relay-1        | V0926 00:50:16.033044     8 MoQForwarder.cpp:308] drainSubscriber from publishDone session=81
relay-1        | V0926 00:50:16.033048     8 MoQSession.cpp:6381] sendPublishDone sess=0x7f2628060950
relay-1        | V0926 00:50:16.033059     8 MoQSession.cpp:6552] publisherDrained id=0 sess=0x7f2628060950
relay-1        | V0926 00:50:16.033064     8 MoQForwarder.cpp:372] Resetting open subgroups for subscriber=0x7f2628036700
relay-1        | V0926 00:50:16.033068     8 MoQForwarder.cpp:391] subscribers_.size()=0
relay-1        | I0926 00:50:16.033074     8 MoQRelay.cpp:1938] Publisher terminated for moq-test-00/1/0/0/1/3/4/64/32/2/1/1/0/-1/-1/0/moq-test-08b227640c945b62
relay-1        | V0926 00:50:16.033080     8 MoQSession.cpp:3505] Failing pending request id=1 peer FINed without terminal reply sess=0x7f262806af30
relay-1        | V0926 00:50:16.033084     8 MoQSession.cpp:3392] exit controlReadLoop sess=0x7f262806af30
relay-1        | E0926 00:50:16.033134     8 MoQRelay.cpp:36] requestUpdate failed: peer FINed without terminal reply
relay-1        | V0926 00:50:16.033453     8 MoQSession.cpp:3392] exit controlReadLoop sess=0x7f2628060950
relay-1        | V0926 00:50:16.033469     8 MoQSession.cpp:3392] exit controlReadLoop sess=0x7f2628060950
test-client-1  | not ok 12 - moq-test-subgroup-per-object
test-client-1  |   ---
test-client-1  |   duration_ms: 213
test-client-1  |   message: "failed to create subgroup: cancelled"
test-client-1  |   ...
test-client-1  | [2m2026-09-26T00:50:16.036955Z[0m [33m WARN[0m [2mweb_transport_quinn::session[0m[2m:[0m failed to read capsule [3me[0m[2m=[0mUnexpectedEnd
test-client-1  | [2m2026-09-26T00:50:16.037006Z[0m [33m WARN[0m [2mweb_transport_quinn::session[0m[2m:[0m failed to read capsule [3me[0m[2m=[0mUnexpectedEnd
relay-1        | E20260926 00:50:16.036661     8 HQControlCodec.h:58] Unexpected control stream EOF
relay-1        | E20260926 00:50:16.036736     8 HQSession.cpp:3160] Got error on control stream error=HTTP: Critical stream was closed streamID=2 sess=proto=h3, UA=, client CID=dbcfed55f085bcc8, server CID=400000161ebfe3a0, downstream=[::ffff:172.18.0.3]:38891, [::]:4443=local, drain=none
relay-1        | E20260926 00:50:16.036782     8 HQControlCodec.h:58] Unexpected control stream EOF
relay-1        | E20260926 00:50:16.036793     8 HQSession.cpp:3160] Got error on control stream error=HTTP: Critical stream was closed streamID=2 sess=proto=h3, UA=, client CID=6ee7f4c76a5071af, server CID=4000001ea1b0f70b, downstream=[::ffff:172.18.0.3]:35073, [::]:4443=local, drain=none
relay-1        | E0926 00:50:16.036823     8 MoQServer.h:194] proxygen::HTTPException: Got error=ApplicationError: 260, HTTP error on control stream
relay-1        | V0926 00:50:16.036830     8 MoQSession.cpp:7315] onSessionEnderr=4294967295 sess=0x7f262806af30
relay-1        | V0926 00:50:16.036832     8 MoQSession.cpp:2961] close sess=0x7f262806af30
relay-1        | V0926 00:50:16.036837     8 MoQSession.cpp:2639] requestCancellation from cleanup sess=0x7f262806af30
relay-1        | V0926 00:50:16.036848     8 MoQSession.cpp:2978] requestCancellation from close sess=0x7f262806af30
relay-1        | E0926 00:50:16.036916     8 MoQServer.h:194] proxygen::HTTPException: Got error=ApplicationError: 260, HTTP error on control stream
relay-1        | V0926 00:50:16.036920     8 MoQSession.cpp:7315] onSessionEnderr=4294967295 sess=0x7f2628060950
relay-1        | V0926 00:50:16.036922     8 MoQSession.cpp:2961] close sess=0x7f2628060950
relay-1        | V0926 00:50:16.036925     8 MoQSession.cpp:2639] requestCancellation from cleanup sess=0x7f2628060950
relay-1        | V0926 00:50:16.036931     8 MoQSession.cpp:2978] requestCancellation from close sess=0x7f2628060950
relay-1        | V0926 00:50:16.036999     8 MoQSession.cpp:3392] exit controlReadLoop sess=0x7f262806af30
relay-1        | V0926 00:50:16.037033     8 MoQSession.cpp:2987] exit controlWriteLoop sess=0x7f262806af30
relay-1        | V0926 00:50:16.037041     8 MoQSession.cpp:2577] ~MoQSession sess=0x7f262806af30
relay-1        | V0926 00:50:16.037057     8 MoQSession.cpp:2987] exit controlWriteLoop sess=0x7f2628060950
test-client-1  | [2m2026-09-26T00:50:16.037549Z[0m [32m INFO[0m [2mmoq_native_ietf::quic[0m[2m:[0m UDP socket bound [3mbind[0m[2m=[0m[::]:0 [3mlocal[0m[2m=[0m[::]:37183 [3mdual_stack[0m[2m=[0mtrue
relay-1        | V0926 00:50:16.039474     8 MoQServer.cpp:331] MoQServer WebTransport: supported protocols: moqt-18, moqt-16, moqt-15, moq-00
relay-1        | V0926 00:50:16.039491     8 MoQServer.cpp:341] WebTransport: Negotiated protocol: moqt-18
relay-1        | V0926 00:50:16.039594     8 MoQSession.cpp:2685] start sess=0x7f2628059c30
relay-1        | V0926 00:50:16.039693     8 MoQSession.cpp:3029] sendSetup sess=0x7f2628059c30
relay-1        | V0926 00:50:16.039858     8 MoQSession.cpp:2985] controlWriteLoop sess=0x7f2628059c30
relay-1        | V0926 00:50:16.039977     8 MoQSession.cpp:6865] onNewUniStream sess=0x7f2628059c30
relay-1        | V0926 00:50:16.040007     8 MoQSession.cpp:3389] controlReadLoop sess=0x7f2628059c30
relay-1        | V0926 00:50:16.040016     8 MoQSession.cpp:3176] onClientSetup sess=0x7f2628059c30
relay-1        | V0926 00:50:16.040021     8 MoQServerBase.cpp:88] MoQServerBase::ClientSetup
relay-1        | V0926 00:50:16.040025     8 MoQServerBase.cpp:93] MoQServerBase::ClientSetup: Using ALPN-negotiated version: moqt-18
relay-1        | V0926 00:50:16.040031     8 MoQSession.cpp:3254] Negotiated Version=0xff000012 (draft-18)
relay-1        | V0926 00:50:16.040297     8 MoQSession.cpp:6895] onNewBidiStream sess=0x7f2628059c30
relay-1        | V0926 00:50:16.040324     8 MoQSession.cpp:3389] controlReadLoop sess=0x7f2628059c30
relay-1        | V0926 00:50:16.040339     8 MoQSession.cpp:4274] onSubscribeImpl ftn=moq-test-00/2/0/0/2/6/6/64/32/2/1/1/1/-1/-1/0/moq-test-6ba851c69ce24838 sess=0x7f2628059c30
relay-1        | V0926 00:50:16.050518     8 MoQSession.cpp:2577] ~MoQSession sess=0x7f2628060950
test-client-1  | [2m2026-09-26T00:50:16.241763Z[0m [32m INFO[0m [2mmoq_native_ietf::quic[0m[2m:[0m UDP socket bound [3mbind[0m[2m=[0m[::]:0 [3mlocal[0m[2m=[0m[::]:35047 [3mdual_stack[0m[2m=[0mtrue
relay-1        | V0926 00:50:16.244061     8 MoQServer.cpp:331] MoQServer WebTransport: supported protocols: moqt-18, moqt-16, moqt-15, moq-00
relay-1        | V0926 00:50:16.244085     8 MoQServer.cpp:341] WebTransport: Negotiated protocol: moqt-18
relay-1        | V0926 00:50:16.244183     8 MoQSession.cpp:2685] start sess=0x7f2628077ef0
relay-1        | V0926 00:50:16.244233     8 MoQSession.cpp:3029] sendSetup sess=0x7f2628077ef0
relay-1        | V0926 00:50:16.244452     8 MoQSession.cpp:2985] controlWriteLoop sess=0x7f2628077ef0
relay-1        | V0926 00:50:16.244521     8 MoQSession.cpp:6865] onNewUniStream sess=0x7f2628077ef0
relay-1        | V0926 00:50:16.244629     8 MoQSession.cpp:3389] controlReadLoop sess=0x7f2628077ef0
relay-1        | V0926 00:50:16.244678     8 MoQSession.cpp:3176] onClientSetup sess=0x7f2628077ef0
relay-1        | V0926 00:50:16.244701     8 MoQServerBase.cpp:88] MoQServerBase::ClientSetup
relay-1        | V0926 00:50:16.244743     8 MoQServerBase.cpp:93] MoQServerBase::ClientSetup: Using ALPN-negotiated version: moqt-18
relay-1        | V0926 00:50:16.244775     8 MoQSession.cpp:3254] Negotiated Version=0xff000012 (draft-18)
relay-1        | V0926 00:50:16.244903     8 MoQSession.cpp:6895] onNewBidiStream sess=0x7f2628077ef0
relay-1        | V0926 00:50:16.244938     8 MoQSession.cpp:3389] controlReadLoop sess=0x7f2628077ef0
relay-1        | V0926 00:50:16.244953     8 MoQSession.cpp:4970] onPublishImpl reqID=0 sess=0x7f2628077ef0
relay-1        | V0926 00:50:16.244967     8 MoQRelay.cpp:422] publish ftn=moq-test-00/2/0/0/2/6/6/64/32/2/1/1/1/-1/-1/0/moq-test-6ba851c69ce24838
relay-1        | E0926 00:50:16.244981     8 MoQRelay.cpp:82] prefix not found in tree
relay-1        | V0926 00:50:16.245008     8 MoQSession.cpp:6086] publishOk reqID=0 sess=0x7f2628077ef0
relay-1        | V0926 00:50:16.245102     8 MoQLocation.h:24] m=AbsoluteStart g=0 o=0
relay-1        | V0926 00:50:16.245115     8 MoQLocation.h:59] g=0 o=0 g=4611686018427387903 o=4611686018427387903
relay-1        | I0926 00:50:16.245123     8 MoQRelay.cpp:1975] Updating forward for moq-test-00/2/0/0/2/6/6/64/32/2/1/1/1/-1/-1/0/moq-test-6ba851c69ce24838 numForwardingSubs=1
relay-1        | V0926 00:50:16.245135     8 MoQSession.cpp:6268] sendSubscribeOk sess=0x7f2628059c30
relay-1        | V0926 00:50:16.245203     8 MoQSession.cpp:6582] requestUpdate sess=0x7f2628077ef0
test-client-1  | [2m2026-09-26T00:50:16.245296Z[0m [32m INFO[0m [2mmoq_test_client::moqtest[0m[2m:[0m PUBLISH accepted and subscription bound; generating objects [3mobjects[0m[2m=[0m18 [3mstreams[0m[2m=[0m6
relay-1        | V0926 00:50:16.245550     8 MoQSession.cpp:5124] PublishDone id=0 code=2 reason=publish ended
relay-1        | V0926 00:50:16.245564     8 MoQSession.cpp:2212] processPublishDone trackReceiveState=0x7f262805d0d0
relay-1        | V0926 00:50:16.245570     8 MoQRelay.cpp:383] onPublishDoneImpl ftn=moq-test-00/2/0/0/2/6/6/64/32/2/1/1/1/-1/-1/0/moq-test-6ba851c69ce24838
relay-1        | V0926 00:50:16.245577     8 MoQRelay.cpp:303] Pruning empty subtree at: moq-test-00
relay-1        | V0926 00:50:16.245584     8 MoQForwarder.cpp:610] publishDone pubDone reason=publish ended
relay-1        | V0926 00:50:16.245589     8 MoQForwarder.cpp:308] drainSubscriber from publishDone session=91
relay-1        | V0926 00:50:16.245593     8 MoQSession.cpp:6381] sendPublishDone sess=0x7f2628059c30
relay-1        | V0926 00:50:16.245605     8 MoQSession.cpp:6552] publisherDrained id=0 sess=0x7f2628059c30
relay-1        | V0926 00:50:16.245609     8 MoQForwarder.cpp:372] Resetting open subgroups for subscriber=0x7f262805bc40
relay-1        | V0926 00:50:16.245613     8 MoQForwarder.cpp:391] subscribers_.size()=0
relay-1        | I0926 00:50:16.245621     8 MoQRelay.cpp:1938] Publisher terminated for moq-test-00/2/0/0/2/6/6/64/32/2/1/1/1/-1/-1/0/moq-test-6ba851c69ce24838
relay-1        | V0926 00:50:16.245630     8 MoQSession.cpp:3505] Failing pending request id=1 peer FINed without terminal reply sess=0x7f2628077ef0
relay-1        | V0926 00:50:16.245636     8 MoQSession.cpp:3392] exit controlReadLoop sess=0x7f2628077ef0
relay-1        | E0926 00:50:16.245700     8 MoQRelay.cpp:36] requestUpdate failed: peer FINed without terminal reply
relay-1        | V0926 00:50:16.245928     8 MoQSession.cpp:3392] exit controlReadLoop sess=0x7f2628059c30
relay-1        | V0926 00:50:16.245981     8 MoQSession.cpp:3392] exit controlReadLoop sess=0x7f2628059c30
test-client-1  | not ok 13 - moq-test-two-subgroups-eog
test-client-1  |   ---
test-client-1  |   duration_ms: 229
test-client-1  |   message: "failed to create subgroup 0: cancelled"
test-client-1  |   ...
relay-1        | E20260926 00:50:16.266611     8 HQControlCodec.h:58] Unexpected control stream EOF
relay-1        | E20260926 00:50:16.266693     8 HQSession.cpp:3160] Got error on control stream error=HTTP: Critical stream was closed streamID=2 sess=proto=h3, UA=, client CID=6fab7b670723cc27, server CID=40000012ab9cff66, downstream=[::ffff:172.18.0.3]:35047, [::]:4443=local, drain=none
relay-1        | E20260926 00:50:16.266785     8 HQControlCodec.h:58] Unexpected control stream EOF
relay-1        | E20260926 00:50:16.266812     8 HQSession.cpp:3160] Got error on control stream error=HTTP: Critical stream was closed streamID=2 sess=proto=h3, UA=, client CID=b23dbca0ede6a19d, server CID=40000017eec6860a, downstream=[::ffff:172.18.0.3]:37183, [::]:4443=local, drain=none
relay-1        | E0926 00:50:16.266870     8 MoQServer.h:194] proxygen::HTTPException: Got error=ApplicationError: 260, HTTP error on control stream
relay-1        | V0926 00:50:16.266887     8 MoQSession.cpp:7315] onSessionEnderr=4294967295 sess=0x7f2628077ef0
relay-1        | V0926 00:50:16.266892     8 MoQSession.cpp:2961] close sess=0x7f2628077ef0
relay-1        | V0926 00:50:16.266901     8 MoQSession.cpp:2639] requestCancellation from cleanup sess=0x7f2628077ef0
relay-1        | V0926 00:50:16.266920     8 MoQSession.cpp:2978] requestCancellation from close sess=0x7f2628077ef0
relay-1        | E0926 00:50:16.267010     8 MoQServer.h:194] proxygen::HTTPException: Got error=ApplicationError: 260, HTTP error on control stream
relay-1        | V0926 00:50:16.267050     8 MoQSession.cpp:7315] onSessionEnderr=4294967295 sess=0x7f2628059c30
relay-1        | V0926 00:50:16.267087     8 MoQSession.cpp:2961] close sess=0x7f2628059c30
relay-1        | V0926 00:50:16.267097     8 MoQSession.cpp:2639] requestCancellation from cleanup sess=0x7f2628059c30
test-client-1  | [2m2026-09-26T00:50:16.267130Z[0m [33m WARN[0m [2mweb_transport_quinn::session[0m[2m:[0m failed to read capsule [3me[0m[2m=[0mUnexpectedEnd
relay-1        | V0926 00:50:16.267107     8 MoQSession.cpp:2978] requestCancellation from close sess=0x7f2628059c30
relay-1        | V0926 00:50:16.267198     8 MoQSession.cpp:3392] exit controlReadLoop sess=0x7f2628077ef0
relay-1        | V0926 00:50:16.267238     8 MoQSession.cpp:2987] exit controlWriteLoop sess=0x7f2628077ef0
relay-1        | V0926 00:50:16.267246     8 MoQSession.cpp:2577] ~MoQSession sess=0x7f2628077ef0
relay-1        | V0926 00:50:16.267262     8 MoQSession.cpp:2987] exit controlWriteLoop sess=0x7f2628059c30
test-client-1  | [2m2026-09-26T00:50:16.267504Z[0m [33m WARN[0m [2mweb_transport_quinn::session[0m[2m:[0m failed to read capsule [3me[0m[2m=[0mUnexpectedEnd
test-client-1  | [2m2026-09-26T00:50:16.267866Z[0m [32m INFO[0m [2mmoq_native_ietf::quic[0m[2m:[0m UDP socket bound [3mbind[0m[2m=[0m[::]:0 [3mlocal[0m[2m=[0m[::]:49457 [3mdual_stack[0m[2m=[0mtrue
relay-1        | V0926 00:50:16.269961     8 MoQServer.cpp:331] MoQServer WebTransport: supported protocols: moqt-18, moqt-16, moqt-15, moq-00
relay-1        | V0926 00:50:16.269977     8 MoQServer.cpp:341] WebTransport: Negotiated protocol: moqt-18
relay-1        | V0926 00:50:16.270073     8 MoQSession.cpp:2685] start sess=0x7f262807ec60
relay-1        | V0926 00:50:16.270094     8 MoQSession.cpp:3029] sendSetup sess=0x7f262807ec60
relay-1        | V0926 00:50:16.270209     8 MoQSession.cpp:2985] controlWriteLoop sess=0x7f262807ec60
relay-1        | V0926 00:50:16.270321     8 MoQSession.cpp:6865] onNewUniStream sess=0x7f262807ec60
relay-1        | V0926 00:50:16.270382     8 MoQSession.cpp:3389] controlReadLoop sess=0x7f262807ec60
relay-1        | V0926 00:50:16.270392     8 MoQSession.cpp:3176] onClientSetup sess=0x7f262807ec60
relay-1        | V0926 00:50:16.270396     8 MoQServerBase.cpp:88] MoQServerBase::ClientSetup
relay-1        | V0926 00:50:16.270400     8 MoQServerBase.cpp:93] MoQServerBase::ClientSetup: Using ALPN-negotiated version: moqt-18
relay-1        | V0926 00:50:16.270406     8 MoQSession.cpp:3254] Negotiated Version=0xff000012 (draft-18)
relay-1        | V0926 00:50:16.270524     8 MoQSession.cpp:6895] onNewBidiStream sess=0x7f262807ec60
relay-1        | V0926 00:50:16.270564     8 MoQSession.cpp:3389] controlReadLoop sess=0x7f262807ec60
relay-1        | V0926 00:50:16.270584     8 MoQSession.cpp:4274] onSubscribeImpl ftn=moq-test-00/3/0/0/2/4/5/64/32/20/1/1/0/-1/-1/0/moq-test-ee9ec9df6eab6d12 sess=0x7f262807ec60
relay-1        | V0926 00:50:16.286769     8 MoQSession.cpp:2577] ~MoQSession sess=0x7f2628059c30
test-client-1  | [2m2026-09-26T00:50:16.472077Z[0m [32m INFO[0m [2mmoq_native_ietf::quic[0m[2m:[0m UDP socket bound [3mbind[0m[2m=[0m[::]:0 [3mlocal[0m[2m=[0m[::]:55253 [3mdual_stack[0m[2m=[0mtrue
relay-1        | V0926 00:50:16.474334     8 MoQServer.cpp:331] MoQServer WebTransport: supported protocols: moqt-18, moqt-16, moqt-15, moq-00
relay-1        | V0926 00:50:16.474361     8 MoQServer.cpp:341] WebTransport: Negotiated protocol: moqt-18
relay-1        | V0926 00:50:16.474470     8 MoQSession.cpp:2685] start sess=0x7f262806af30
relay-1        | V0926 00:50:16.474492     8 MoQSession.cpp:3029] sendSetup sess=0x7f262806af30
relay-1        | V0926 00:50:16.474621     8 MoQSession.cpp:2985] controlWriteLoop sess=0x7f262806af30
relay-1        | V0926 00:50:16.474878     8 MoQSession.cpp:6865] onNewUniStream sess=0x7f262806af30
relay-1        | V0926 00:50:16.474906     8 MoQSession.cpp:3389] controlReadLoop sess=0x7f262806af30
relay-1        | V0926 00:50:16.474914     8 MoQSession.cpp:3176] onClientSetup sess=0x7f262806af30
relay-1        | V0926 00:50:16.474919     8 MoQServerBase.cpp:88] MoQServerBase::ClientSetup
relay-1        | V0926 00:50:16.474923     8 MoQServerBase.cpp:93] MoQServerBase::ClientSetup: Using ALPN-negotiated version: moqt-18
relay-1        | V0926 00:50:16.474928     8 MoQSession.cpp:3254] Negotiated Version=0xff000012 (draft-18)
relay-1        | V0926 00:50:16.475060     8 MoQSession.cpp:6895] onNewBidiStream sess=0x7f262806af30
relay-1        | V0926 00:50:16.475193     8 MoQSession.cpp:3389] controlReadLoop sess=0x7f262806af30
relay-1        | V0926 00:50:16.475215     8 MoQSession.cpp:4970] onPublishImpl reqID=0 sess=0x7f262806af30
relay-1        | V0926 00:50:16.475231     8 MoQRelay.cpp:422] publish ftn=moq-test-00/3/0/0/2/4/5/64/32/20/1/1/0/-1/-1/0/moq-test-ee9ec9df6eab6d12
relay-1        | E0926 00:50:16.475241     8 MoQRelay.cpp:82] prefix not found in tree
relay-1        | V0926 00:50:16.475271     8 MoQSession.cpp:6086] publishOk reqID=0 sess=0x7f262806af30
relay-1        | V0926 00:50:16.475447     8 MoQLocation.h:24] m=AbsoluteStart g=0 o=0
relay-1        | V0926 00:50:16.475479     8 MoQLocation.h:59] g=0 o=0 g=4611686018427387903 o=4611686018427387903
relay-1        | I0926 00:50:16.475487     8 MoQRelay.cpp:1975] Updating forward for moq-test-00/3/0/0/2/4/5/64/32/20/1/1/0/-1/-1/0/moq-test-ee9ec9df6eab6d12 numForwardingSubs=1
relay-1        | V0926 00:50:16.475500     8 MoQSession.cpp:6268] sendSubscribeOk sess=0x7f262807ec60
relay-1        | V0926 00:50:16.475585     8 MoQSession.cpp:6582] requestUpdate sess=0x7f262806af30
test-client-1  | [2m2026-09-26T00:50:16.475690Z[0m [32m INFO[0m [2mmoq_test_client::moqtest[0m[2m:[0m PUBLISH accepted and subscription bound; generating objects [3mobjects[0m[2m=[0m15 [3mstreams[0m[2m=[0m0
relay-1        | V0926 00:50:16.475903     8 MoQSession.cpp:5124] PublishDone id=0 code=2 reason=publish ended
relay-1        | V0926 00:50:16.475920     8 MoQSession.cpp:2212] processPublishDone trackReceiveState=0x7f2628069af0
relay-1        | V0926 00:50:16.475926     8 MoQRelay.cpp:383] onPublishDoneImpl ftn=moq-test-00/3/0/0/2/4/5/64/32/20/1/1/0/-1/-1/0/moq-test-ee9ec9df6eab6d12
relay-1        | V0926 00:50:16.475934     8 MoQRelay.cpp:303] Pruning empty subtree at: moq-test-00
relay-1        | V0926 00:50:16.475941     8 MoQForwarder.cpp:610] publishDone pubDone reason=publish ended
relay-1        | V0926 00:50:16.475946     8 MoQForwarder.cpp:308] drainSubscriber from publishDone session=101
relay-1        | V0926 00:50:16.475950     8 MoQSession.cpp:6381] sendPublishDone sess=0x7f262807ec60
relay-1        | V0926 00:50:16.475960     8 MoQSession.cpp:6552] publisherDrained id=0 sess=0x7f262807ec60
relay-1        | V0926 00:50:16.475966     8 MoQForwarder.cpp:372] Resetting open subgroups for subscriber=0x7f2628076350
relay-1        | V0926 00:50:16.475970     8 MoQForwarder.cpp:391] subscribers_.size()=0
relay-1        | I0926 00:50:16.475977     8 MoQRelay.cpp:1938] Publisher terminated for moq-test-00/3/0/0/2/4/5/64/32/20/1/1/0/-1/-1/0/moq-test-ee9ec9df6eab6d12
relay-1        | V0926 00:50:16.475987     8 MoQSession.cpp:3505] Failing pending request id=1 peer FINed without terminal reply sess=0x7f262806af30
relay-1        | V0926 00:50:16.475997     8 MoQSession.cpp:3392] exit controlReadLoop sess=0x7f262806af30
relay-1        | E0926 00:50:16.476067     8 MoQRelay.cpp:36] requestUpdate failed: peer FINed without terminal reply
relay-1        | V0926 00:50:16.476340     8 MoQSession.cpp:3392] exit controlReadLoop sess=0x7f262807ec60
relay-1        | V0926 00:50:16.476398     8 MoQSession.cpp:3392] exit controlReadLoop sess=0x7f262807ec60
test-client-1  | not ok 14 - moq-test-datagram
test-client-1  |   ---
test-client-1  |   duration_ms: 230
test-client-1  |   message: "failed to write datagram: cancelled"
test-client-1  |   ...
relay-1        | E20260926 00:50:16.497123     8 HQControlCodec.h:58] Unexpected control stream EOF
relay-1        | E20260926 00:50:16.497212     8 HQSession.cpp:3160] Got error on control stream error=HTTP: Critical stream was closed streamID=2 sess=proto=h3, UA=, client CID=fd52da536f479871, server CID=40000019b6a7afd6, downstream=[::ffff:172.18.0.3]:55253, [::]:4443=local, drain=none
relay-1        | E20260926 00:50:16.497268     8 HQControlCodec.h:58] Unexpected control stream EOF
relay-1        | E20260926 00:50:16.497291     8 HQSession.cpp:3160] Got error on control stream error=HTTP: Critical stream was closed streamID=2 sess=proto=h3, UA=, client CID=d282cffdae117f0a, server CID=4000000275dc4e2c, downstream=[::ffff:172.18.0.3]:49457, [::]:4443=local, drain=none
test-client-1  | [2m2026-09-26T00:50:16.497570Z[0m [33m WARN[0m [2mweb_transport_quinn::session[0m[2m:[0m failed to read capsule [3me[0m[2m=[0mUnexpectedEnd
relay-1        | E0926 00:50:16.497342     8 MoQServer.h:194] proxygen::HTTPException: Got error=ApplicationError: 260, HTTP error on control stream
relay-1        | V0926 00:50:16.497364     8 MoQSession.cpp:7315] onSessionEnderr=4294967295 sess=0x7f262806af30
test-client-1  | [2m2026-09-26T00:50:16.497691Z[0m [33m WARN[0m [2mweb_transport_quinn::session[0m[2m:[0m failed to read capsule [3me[0m[2m=[0mUnexpectedEnd
relay-1        | V0926 00:50:16.497369     8 MoQSession.cpp:2961] close sess=0x7f262806af30
relay-1        | V0926 00:50:16.497381     8 MoQSession.cpp:2639] requestCancellation from cleanup sess=0x7f262806af30
relay-1        | V0926 00:50:16.497400     8 MoQSession.cpp:2978] requestCancellation from close sess=0x7f262806af30
relay-1        | E0926 00:50:16.497505     8 MoQServer.h:194] proxygen::HTTPException: Got error=ApplicationError: 260, HTTP error on control stream
relay-1        | V0926 00:50:16.497511     8 MoQSession.cpp:7315] onSessionEnderr=4294967295 sess=0x7f262807ec60
relay-1        | V0926 00:50:16.497515     8 MoQSession.cpp:2961] close sess=0x7f262807ec60
relay-1        | V0926 00:50:16.497521     8 MoQSession.cpp:2639] requestCancellation from cleanup sess=0x7f262807ec60
relay-1        | V0926 00:50:16.497530     8 MoQSession.cpp:2978] requestCancellation from close sess=0x7f262807ec60
relay-1        | V0926 00:50:16.497620     8 MoQSession.cpp:3392] exit controlReadLoop sess=0x7f262806af30
relay-1        | V0926 00:50:16.497659     8 MoQSession.cpp:2987] exit controlWriteLoop sess=0x7f262806af30
relay-1        | V0926 00:50:16.497668     8 MoQSession.cpp:2577] ~MoQSession sess=0x7f262806af30
relay-1        | V0926 00:50:16.497684     8 MoQSession.cpp:2987] exit controlWriteLoop sess=0x7f262807ec60
test-client-1  | [2m2026-09-26T00:50:16.498340Z[0m [32m INFO[0m [2mmoq_native_ietf::quic[0m[2m:[0m UDP socket bound [3mbind[0m[2m=[0m[::]:0 [3mlocal[0m[2m=[0m[::]:45093 [3mdual_stack[0m[2m=[0mtrue
relay-1        | V0926 00:50:16.500372     8 MoQServer.cpp:331] MoQServer WebTransport: supported protocols: moqt-18, moqt-16, moqt-15, moq-00
relay-1        | V0926 00:50:16.500389     8 MoQServer.cpp:341] WebTransport: Negotiated protocol: moqt-18
relay-1        | V0926 00:50:16.500497     8 MoQSession.cpp:2685] start sess=0x7f2628060950
relay-1        | V0926 00:50:16.500521     8 MoQSession.cpp:3029] sendSetup sess=0x7f2628060950
relay-1        | V0926 00:50:16.500581     8 MoQSession.cpp:2985] controlWriteLoop sess=0x7f2628060950
relay-1        | V0926 00:50:16.500897     8 MoQSession.cpp:6865] onNewUniStream sess=0x7f2628060950
relay-1        | V0926 00:50:16.500927     8 MoQSession.cpp:3389] controlReadLoop sess=0x7f2628060950
relay-1        | V0926 00:50:16.500934     8 MoQSession.cpp:3176] onClientSetup sess=0x7f2628060950
relay-1        | V0926 00:50:16.500938     8 MoQServerBase.cpp:88] MoQServerBase::ClientSetup
relay-1        | V0926 00:50:16.500941     8 MoQServerBase.cpp:93] MoQServerBase::ClientSetup: Using ALPN-negotiated version: moqt-18
relay-1        | V0926 00:50:16.500946     8 MoQSession.cpp:3254] Negotiated Version=0xff000012 (draft-18)
relay-1        | V0926 00:50:16.501047     8 MoQSession.cpp:6895] onNewBidiStream sess=0x7f2628060950
relay-1        | V0926 00:50:16.501089     8 MoQSession.cpp:3389] controlReadLoop sess=0x7f2628060950
relay-1        | V0926 00:50:16.501107     8 MoQSession.cpp:4274] onSubscribeImpl ftn=moq-test-00/3/0/0/2/5/5/64/32/20/1/1/1/-1/-1/0/moq-test-40b27a0480ca7457 sess=0x7f2628060950
relay-1        | V0926 00:50:16.507273     8 MoQSession.cpp:2577] ~MoQSession sess=0x7f262807ec60
test-client-1  | [2m2026-09-26T00:50:16.703538Z[0m [32m INFO[0m [2mmoq_native_ietf::quic[0m[2m:[0m UDP socket bound [3mbind[0m[2m=[0m[::]:0 [3mlocal[0m[2m=[0m[::]:37361 [3mdual_stack[0m[2m=[0mtrue
relay-1        | V0926 00:50:16.705764     8 MoQServer.cpp:331] MoQServer WebTransport: supported protocols: moqt-18, moqt-16, moqt-15, moq-00
relay-1        | V0926 00:50:16.705790     8 MoQServer.cpp:341] WebTransport: Negotiated protocol: moqt-18
relay-1        | V0926 00:50:16.705899     8 MoQSession.cpp:2685] start sess=0x7f2628007580
relay-1        | V0926 00:50:16.705925     8 MoQSession.cpp:3029] sendSetup sess=0x7f2628007580
relay-1        | V0926 00:50:16.705985     8 MoQSession.cpp:2985] controlWriteLoop sess=0x7f2628007580
relay-1        | V0926 00:50:16.706294     8 MoQSession.cpp:6865] onNewUniStream sess=0x7f2628007580
relay-1        | V0926 00:50:16.706352     8 MoQSession.cpp:6895] onNewBidiStream sess=0x7f2628007580
relay-1        | V0926 00:50:16.706373     8 MoQSession.cpp:3389] controlReadLoop sess=0x7f2628007580
relay-1        | V0926 00:50:16.706381     8 MoQSession.cpp:3176] onClientSetup sess=0x7f2628007580
relay-1        | V0926 00:50:16.706385     8 MoQServerBase.cpp:88] MoQServerBase::ClientSetup
relay-1        | V0926 00:50:16.706389     8 MoQServerBase.cpp:93] MoQServerBase::ClientSetup: Using ALPN-negotiated version: moqt-18
relay-1        | V0926 00:50:16.706395     8 MoQSession.cpp:3254] Negotiated Version=0xff000012 (draft-18)
relay-1        | V0926 00:50:16.706419     8 MoQSession.cpp:3389] controlReadLoop sess=0x7f2628007580
relay-1        | V0926 00:50:16.706433     8 MoQSession.cpp:4970] onPublishImpl reqID=0 sess=0x7f2628007580
test-client-1  | [2m2026-09-26T00:50:16.706730Z[0m [32m INFO[0m [2mmoq_test_client::moqtest[0m[2m:[0m PUBLISH accepted and subscription bound; generating objects [3mobjects[0m[2m=[0m15 [3mstreams[0m[2m=[0m0
relay-1        | V0926 00:50:16.706448     8 MoQRelay.cpp:422] publish ftn=moq-test-00/3/0/0/2/5/5/64/32/20/1/1/1/-1/-1/0/moq-test-40b27a0480ca7457
relay-1        | E0926 00:50:16.706462     8 MoQRelay.cpp:82] prefix not found in tree
relay-1        | V0926 00:50:16.706486     8 MoQSession.cpp:6086] publishOk reqID=0 sess=0x7f2628007580
relay-1        | V0926 00:50:16.706586     8 MoQLocation.h:24] m=AbsoluteStart g=0 o=0
relay-1        | V0926 00:50:16.706594     8 MoQLocation.h:59] g=0 o=0 g=4611686018427387903 o=4611686018427387903
relay-1        | I0926 00:50:16.706601     8 MoQRelay.cpp:1975] Updating forward for moq-test-00/3/0/0/2/5/5/64/32/20/1/1/1/-1/-1/0/moq-test-40b27a0480ca7457 numForwardingSubs=1
relay-1        | V0926 00:50:16.706613     8 MoQSession.cpp:6268] sendSubscribeOk sess=0x7f2628060950
relay-1        | V0926 00:50:16.706673     8 MoQSession.cpp:6582] requestUpdate sess=0x7f2628007580
relay-1        | V0926 00:50:16.707027     8 MoQSession.cpp:5124] PublishDone id=0 code=2 reason=publish ended
relay-1        | V0926 00:50:16.707039     8 MoQSession.cpp:2212] processPublishDone trackReceiveState=0x7f2628044f90
relay-1        | V0926 00:50:16.707043     8 MoQRelay.cpp:383] onPublishDoneImpl ftn=moq-test-00/3/0/0/2/5/5/64/32/20/1/1/1/-1/-1/0/moq-test-40b27a0480ca7457
relay-1        | V0926 00:50:16.707048     8 MoQRelay.cpp:303] Pruning empty subtree at: moq-test-00
relay-1        | V0926 00:50:16.707053     8 MoQForwarder.cpp:610] publishDone pubDone reason=publish ended
relay-1        | V0926 00:50:16.707055     8 MoQForwarder.cpp:308] drainSubscriber from publishDone session=111
relay-1        | V0926 00:50:16.707059     8 MoQSession.cpp:6381] sendPublishDone sess=0x7f2628060950
relay-1        | V0926 00:50:16.707070     8 MoQSession.cpp:6552] publisherDrained id=0 sess=0x7f2628060950
relay-1        | V0926 00:50:16.707075     8 MoQForwarder.cpp:372] Resetting open subgroups for subscriber=0x7f2628086160
relay-1        | V0926 00:50:16.707079     8 MoQForwarder.cpp:391] subscribers_.size()=0
relay-1        | I0926 00:50:16.707087     8 MoQRelay.cpp:1938] Publisher terminated for moq-test-00/3/0/0/2/5/5/64/32/20/1/1/1/-1/-1/0/moq-test-40b27a0480ca7457
relay-1        | V0926 00:50:16.707096     8 MoQSession.cpp:3505] Failing pending request id=1 peer FINed without terminal reply sess=0x7f2628007580
relay-1        | V0926 00:50:16.707107     8 MoQSession.cpp:3392] exit controlReadLoop sess=0x7f2628007580
relay-1        | E0926 00:50:16.707170     8 MoQRelay.cpp:36] requestUpdate failed: peer FINed without terminal reply
relay-1        | V0926 00:50:16.707384     8 MoQSession.cpp:3392] exit controlReadLoop sess=0x7f2628060950
relay-1        | V0926 00:50:16.707399     8 MoQSession.cpp:3392] exit controlReadLoop sess=0x7f2628060950
test-client-1  | not ok 15 - moq-test-datagram-eog
test-client-1  |   ---
test-client-1  |   duration_ms: 230
test-client-1  |   message: "failed to write datagram: cancelled"
test-client-1  |   ...
test-client-1  | [2m2026-09-26T00:50:16.728213Z[0m [33m WARN[0m [2mweb_transport_quinn::session[0m[2m:[0m failed to read capsule [3me[0m[2m=[0mUnexpectedEnd
test-client-1  | [2m2026-09-26T00:50:16.728307Z[0m [33m WARN[0m [2mweb_transport_quinn::session[0m[2m:[0m failed to read capsule [3me[0m[2m=[0mUnexpectedEnd
relay-1        | E20260926 00:50:16.727835     8 HQControlCodec.h:58] Unexpected control stream EOF
relay-1        | E20260926 00:50:16.727905     8 HQSession.cpp:3160] Got error on control stream error=HTTP: Critical stream was closed streamID=2 sess=proto=h3, UA=, client CID=dad0f4a04bb0cc06, server CID=400000040edc7d1b, downstream=[::ffff:172.18.0.3]:37361, [::]:4443=local, drain=none
relay-1        | E20260926 00:50:16.727989     8 HQControlCodec.h:58] Unexpected control stream EOF
relay-1        | E20260926 00:50:16.728014     8 HQSession.cpp:3160] Got error on control stream error=HTTP: Critical stream was closed streamID=2 sess=proto=h3, UA=, client CID=f2de9731a1321631, server CID=400000083355ea8e, downstream=[::ffff:172.18.0.3]:45093, [::]:4443=local, drain=none
relay-1        | E0926 00:50:16.728060     8 MoQServer.h:194] proxygen::HTTPException: Got error=ApplicationError: 260, HTTP error on control stream
relay-1        | V0926 00:50:16.728067     8 MoQSession.cpp:7315] onSessionEnderr=4294967295 sess=0x7f2628007580
relay-1        | V0926 00:50:16.728070     8 MoQSession.cpp:2961] close sess=0x7f2628007580
relay-1        | V0926 00:50:16.728076     8 MoQSession.cpp:2639] requestCancellation from cleanup sess=0x7f2628007580
relay-1        | V0926 00:50:16.728087     8 MoQSession.cpp:2978] requestCancellation from close sess=0x7f2628007580
relay-1        | E0926 00:50:16.728171     8 MoQServer.h:194] proxygen::HTTPException: Got error=ApplicationError: 260, HTTP error on control stream
relay-1        | V0926 00:50:16.728179     8 MoQSession.cpp:7315] onSessionEnderr=4294967295 sess=0x7f2628060950
relay-1        | V0926 00:50:16.728184     8 MoQSession.cpp:2961] close sess=0x7f2628060950
relay-1        | V0926 00:50:16.728190     8 MoQSession.cpp:2639] requestCancellation from cleanup sess=0x7f2628060950
relay-1        | V0926 00:50:16.728201     8 MoQSession.cpp:2978] requestCancellation from close sess=0x7f2628060950
relay-1        | V0926 00:50:16.728299     8 MoQSession.cpp:3392] exit controlReadLoop sess=0x7f2628007580
relay-1        | V0926 00:50:16.728338     8 MoQSession.cpp:2987] exit controlWriteLoop sess=0x7f2628007580
relay-1        | V0926 00:50:16.728347     8 MoQSession.cpp:2577] ~MoQSession sess=0x7f2628007580
relay-1        | V0926 00:50:16.728365     8 MoQSession.cpp:2987] exit controlWriteLoop sess=0x7f2628060950
test-client-1  | [2m2026-09-26T00:50:16.728822Z[0m [32m INFO[0m [2mmoq_native_ietf::quic[0m[2m:[0m UDP socket bound [3mbind[0m[2m=[0m[::]:0 [3mlocal[0m[2m=[0m[::]:60894 [3mdual_stack[0m[2m=[0mtrue
relay-1        | V0926 00:50:16.730631     8 MoQServer.cpp:331] MoQServer WebTransport: supported protocols: moqt-18, moqt-16, moqt-15, moq-00
relay-1        | V0926 00:50:16.730650     8 MoQServer.cpp:341] WebTransport: Negotiated protocol: moqt-18
relay-1        | V0926 00:50:16.730766     8 MoQSession.cpp:2685] start sess=0x7f262808b5e0
relay-1        | V0926 00:50:16.730788     8 MoQSession.cpp:3029] sendSetup sess=0x7f262808b5e0
relay-1        | V0926 00:50:16.730889     8 MoQSession.cpp:2985] controlWriteLoop sess=0x7f262808b5e0
relay-1        | V0926 00:50:16.731010     8 MoQSession.cpp:6865] onNewUniStream sess=0x7f262808b5e0
relay-1        | V0926 00:50:16.731032     8 MoQSession.cpp:3389] controlReadLoop sess=0x7f262808b5e0
relay-1        | V0926 00:50:16.731038     8 MoQSession.cpp:3176] onClientSetup sess=0x7f262808b5e0
relay-1        | V0926 00:50:16.731042     8 MoQServerBase.cpp:88] MoQServerBase::ClientSetup
relay-1        | V0926 00:50:16.731045     8 MoQServerBase.cpp:93] MoQServerBase::ClientSetup: Using ALPN-negotiated version: moqt-18
relay-1        | V0926 00:50:16.731050     8 MoQSession.cpp:3254] Negotiated Version=0xff000012 (draft-18)
relay-1        | V0926 00:50:16.731165     8 MoQSession.cpp:6895] onNewBidiStream sess=0x7f262808b5e0
relay-1        | V0926 00:50:16.731223     8 MoQSession.cpp:3389] controlReadLoop sess=0x7f262808b5e0
relay-1        | V0926 00:50:16.731268     8 MoQSession.cpp:4274] onSubscribeImpl ftn=moq-test-00/0/0/0/2/5/5/64/32/2/1/1/1/1/2/0/moq-test-d85acc56d7091ceb sess=0x7f262808b5e0
relay-1        | V0926 00:50:16.738417     8 MoQSession.cpp:2577] ~MoQSession sess=0x7f2628060950
test-client-1  | [2m2026-09-26T00:50:16.932876Z[0m [32m INFO[0m [2mmoq_native_ietf::quic[0m[2m:[0m UDP socket bound [3mbind[0m[2m=[0m[::]:0 [3mlocal[0m[2m=[0m[::]:40042 [3mdual_stack[0m[2m=[0mtrue
relay-1        | V0926 00:50:16.934898     8 MoQServer.cpp:331] MoQServer WebTransport: supported protocols: moqt-18, moqt-16, moqt-15, moq-00
relay-1        | V0926 00:50:16.934922     8 MoQServer.cpp:341] WebTransport: Negotiated protocol: moqt-18
relay-1        | V0926 00:50:16.935024     8 MoQSession.cpp:2685] start sess=0x7f2628060820
relay-1        | V0926 00:50:16.935048     8 MoQSession.cpp:3029] sendSetup sess=0x7f2628060820
relay-1        | V0926 00:50:16.935152     8 MoQSession.cpp:2985] controlWriteLoop sess=0x7f2628060820
relay-1        | V0926 00:50:16.935266     8 MoQSession.cpp:6865] onNewUniStream sess=0x7f2628060820
relay-1        | V0926 00:50:16.935346     8 MoQSession.cpp:3389] controlReadLoop sess=0x7f2628060820
relay-1        | V0926 00:50:16.935363     8 MoQSession.cpp:3176] onClientSetup sess=0x7f2628060820
relay-1        | V0926 00:50:16.935367     8 MoQServerBase.cpp:88] MoQServerBase::ClientSetup
relay-1        | V0926 00:50:16.935371     8 MoQServerBase.cpp:93] MoQServerBase::ClientSetup: Using ALPN-negotiated version: moqt-18
relay-1        | V0926 00:50:16.935377     8 MoQSession.cpp:3254] Negotiated Version=0xff000012 (draft-18)
relay-1        | V0926 00:50:16.935501     8 MoQSession.cpp:6895] onNewBidiStream sess=0x7f2628060820
relay-1        | V0926 00:50:16.935552     8 MoQSession.cpp:3389] controlReadLoop sess=0x7f2628060820
relay-1        | V0926 00:50:16.935573     8 MoQSession.cpp:4970] onPublishImpl reqID=0 sess=0x7f2628060820
relay-1        | V0926 00:50:16.935591     8 MoQRelay.cpp:422] publish ftn=moq-test-00/0/0/0/2/5/5/64/32/2/1/1/1/1/2/0/moq-test-d85acc56d7091ceb
relay-1        | E0926 00:50:16.935607     8 MoQRelay.cpp:82] prefix not found in tree
relay-1        | V0926 00:50:16.935631     8 MoQSession.cpp:6086] publishOk reqID=0 sess=0x7f2628060820
relay-1        | V0926 00:50:16.935771     8 MoQLocation.h:24] m=AbsoluteStart g=0 o=0
relay-1        | V0926 00:50:16.935786     8 MoQLocation.h:59] g=0 o=0 g=4611686018427387903 o=4611686018427387903
relay-1        | I0926 00:50:16.935795     8 MoQRelay.cpp:1975] Updating forward for moq-test-00/0/0/0/2/5/5/64/32/2/1/1/1/1/2/0/moq-test-d85acc56d7091ceb numForwardingSubs=1
relay-1        | V0926 00:50:16.935807     8 MoQSession.cpp:6268] sendSubscribeOk sess=0x7f262808b5e0
relay-1        | V0926 00:50:16.935880     8 MoQSession.cpp:6582] requestUpdate sess=0x7f2628060820
test-client-1  | [2m2026-09-26T00:50:16.935991Z[0m [32m INFO[0m [2mmoq_test_client::moqtest[0m[2m:[0m PUBLISH accepted and subscription bound; generating objects [3mobjects[0m[2m=[0m15 [3mstreams[0m[2m=[0m3
test-client-1  | [2m2026-09-26T00:50:16.936057Z[0m [33m WARN[0m [2mmoq_transport::session[0m[2m:[0m unexpected bidi response message type [3mmsg_type[0m[2m=[0m2
test-client-1  | [2m2026-09-26T00:50:16.936066Z[0m [33m WARN[0m [2mmoq_transport::serve::error[0m[2m:[0m [5506ef13-4877-44b5-aa0c-7b4cab58d68e] Not implemented: bidi response type 0x2 at moq-transport/src/session/error.rs:89
relay-1        | V0926 00:50:16.936188     8 MoQSession.cpp:3505] Failing pending request id=1 peer FINed without terminal reply sess=0x7f2628060820
relay-1        | V0926 00:50:16.936205     8 MoQSession.cpp:3392] exit controlReadLoop sess=0x7f2628060820
relay-1        | E0926 00:50:16.936217     8 MoQRelay.cpp:36] requestUpdate failed: peer FINed without terminal reply
test-client-1  | not ok 16 - moq-test-extensions
test-client-1  |   ---
test-client-1  |   duration_ms: 227
test-client-1  |   message: "failed to create subgroup: cancelled"
test-client-1  |   ...
relay-1        | E20260926 00:50:16.955773     8 HQControlCodec.h:58] Unexpected control stream EOF
relay-1        | E20260926 00:50:16.955883     8 HQSession.cpp:3160] Got error on control stream error=HTTP: Critical stream was closed streamID=2 sess=proto=h3, UA=, client CID=d5774afc8a893c1b, server CID=4000001b34748013, downstream=[::ffff:172.18.0.3]:40042, [::]:4443=local, drain=none
relay-1        | E20260926 00:50:16.955952     8 HQControlCodec.h:58] Unexpected control stream EOF
relay-1        | E20260926 00:50:16.955973     8 HQSession.cpp:3160] Got error on control stream error=HTTP: Critical stream was closed streamID=2 sess=proto=h3, UA=, client CID=be9daa0928320b3e, server CID=40000018b02027bd, downstream=[::ffff:172.18.0.3]:60894, [::]:4443=local, drain=none
relay-1        | E0926 00:50:16.956027     8 MoQServer.h:194] proxygen::HTTPException: Got error=ApplicationError: 260, HTTP error on control stream
relay-1        | V0926 00:50:16.956055     8 MoQSession.cpp:7315] onSessionEnderr=4294967295 sess=0x7f2628060820
relay-1        | V0926 00:50:16.956085     8 MoQSession.cpp:2961] close sess=0x7f2628060820
relay-1        | V0926 00:50:16.956110     8 MoQSession.cpp:2183] subscribeError trackReceiveState=0x7f2628069af0
relay-1        | V0926 00:50:16.956130     8 MoQSession.cpp:2212] processPublishDone trackReceiveState=0x7f2628069af0
relay-1        | V0926 00:50:16.956152     8 MoQRelay.cpp:383] onPublishDoneImpl ftn=moq-test-00/0/0/0/2/5/5/64/32/2/1/1/1/1/2/0/moq-test-d85acc56d7091ceb
relay-1        | V0926 00:50:16.956187     8 MoQRelay.cpp:303] Pruning empty subtree at: moq-test-00
relay-1        | V0926 00:50:16.956214     8 MoQForwarder.cpp:610] publishDone pubDone reason=closed locally
relay-1        | V0926 00:50:16.956244     8 MoQForwarder.cpp:308] drainSubscriber from publishDone session=121
relay-1        | V0926 00:50:16.956251     8 MoQSession.cpp:6381] sendPublishDone sess=0x7f262808b5e0
relay-1        | V0926 00:50:16.956265     8 MoQSession.cpp:6552] publisherDrained id=0 sess=0x7f262808b5e0
relay-1        | V0926 00:50:16.956276     8 MoQForwarder.cpp:372] Resetting open subgroups for subscriber=0x7f2628063a40
relay-1        | V0926 00:50:16.956280     8 MoQForwarder.cpp:391] subscribers_.size()=0
relay-1        | I0926 00:50:16.956288     8 MoQRelay.cpp:1938] Publisher terminated for moq-test-00/0/0/0/2/5/5/64/32/2/1/1/1/1/2/0/moq-test-d85acc56d7091ceb
relay-1        | V0926 00:50:16.956299     8 MoQSession.cpp:2167] cancel alias=0 requestID=0
relay-1        | V0926 00:50:16.956304     8 MoQSession.cpp:2639] requestCancellation from cleanup sess=0x7f2628060820
relay-1        | V0926 00:50:16.956345     8 MoQSession.cpp:2978] requestCancellation from close sess=0x7f2628060820
relay-1        | E0926 00:50:16.956471     8 MoQServer.h:194] proxygen::HTTPException: Got error=ApplicationError: 260, HTTP error on control stream
relay-1        | V0926 00:50:16.956526     8 MoQSession.cpp:7315] onSessionEnderr=4294967295 sess=0x7f262808b5e0
test-client-1  | [2m2026-09-26T00:50:16.956517Z[0m [33m WARN[0m [2mweb_transport_quinn::session[0m[2m:[0m failed to read capsule [3me[0m[2m=[0mUnexpectedEnd
relay-1        | V0926 00:50:16.956549     8 MoQSession.cpp:2961] close sess=0x7f262808b5e0
relay-1        | V0926 00:50:16.956557     8 MoQSession.cpp:2639] requestCancellation from cleanup sess=0x7f262808b5e0
test-client-1  | [2m2026-09-26T00:50:16.956726Z[0m [33m WARN[0m [2mweb_transport_quinn::session[0m[2m:[0m failed to read capsule [3me[0m[2m=[0mUnexpectedEnd
relay-1        | V0926 00:50:16.956567     8 MoQSession.cpp:2978] requestCancellation from close sess=0x7f262808b5e0
relay-1        | V0926 00:50:16.956674     8 MoQSession.cpp:3392] exit controlReadLoop sess=0x7f2628060820
relay-1        | V0926 00:50:16.956686     8 MoQSession.cpp:3392] exit controlReadLoop sess=0x7f262808b5e0
relay-1        | V0926 00:50:16.956693     8 MoQSession.cpp:3392] exit controlReadLoop sess=0x7f262808b5e0
relay-1        | V0926 00:50:16.956725     8 MoQSession.cpp:2987] exit controlWriteLoop sess=0x7f2628060820
relay-1        | V0926 00:50:16.956759     8 MoQSession.cpp:2577] ~MoQSession sess=0x7f2628060820
relay-1        | V0926 00:50:16.956777     8 MoQSession.cpp:2987] exit controlWriteLoop sess=0x7f262808b5e0
test-client-1  | [2m2026-09-26T00:50:16.956902Z[0m [32m INFO[0m [2mmoq_native_ietf::quic[0m[2m:[0m UDP socket bound [3mbind[0m[2m=[0m[::]:0 [3mlocal[0m[2m=[0m[::]:58928 [3mdual_stack[0m[2m=[0mtrue
relay-1        | V0926 00:50:16.958687     8 MoQServer.cpp:331] MoQServer WebTransport: supported protocols: moqt-18, moqt-16, moqt-15, moq-00
relay-1        | V0926 00:50:16.958706     8 MoQServer.cpp:341] WebTransport: Negotiated protocol: moqt-18
relay-1        | V0926 00:50:16.958824     8 MoQSession.cpp:2685] start sess=0x7f262808d000
relay-1        | V0926 00:50:16.958845     8 MoQSession.cpp:3029] sendSetup sess=0x7f262808d000
relay-1        | V0926 00:50:16.958943     8 MoQSession.cpp:2985] controlWriteLoop sess=0x7f262808d000
relay-1        | V0926 00:50:16.959044     8 MoQSession.cpp:6865] onNewUniStream sess=0x7f262808d000
relay-1        | V0926 00:50:16.959099     8 MoQSession.cpp:3389] controlReadLoop sess=0x7f262808d000
relay-1        | V0926 00:50:16.959135     8 MoQSession.cpp:3176] onClientSetup sess=0x7f262808d000
relay-1        | V0926 00:50:16.959144     8 MoQServerBase.cpp:88] MoQServerBase::ClientSetup
relay-1        | V0926 00:50:16.959149     8 MoQServerBase.cpp:93] MoQServerBase::ClientSetup: Using ALPN-negotiated version: moqt-18
relay-1        | V0926 00:50:16.959154     8 MoQSession.cpp:3254] Negotiated Version=0xff000012 (draft-18)
relay-1        | V0926 00:50:16.959288     8 MoQSession.cpp:6895] onNewBidiStream sess=0x7f262808d000
relay-1        | V0926 00:50:16.959320     8 MoQSession.cpp:3389] controlReadLoop sess=0x7f262808d000
relay-1        | V0926 00:50:16.959332     8 MoQSession.cpp:4274] onSubscribeImpl ftn=moq-test-00/0/10/3/24/7/3/40/24/2/7/2/0/-1/-1/0/moq-test-2d94568dcee8397c sess=0x7f262808d000
relay-1        | V0926 00:50:16.966476     8 MoQSession.cpp:2577] ~MoQSession sess=0x7f262808b5e0
test-client-1  | [2m2026-09-26T00:50:17.160783Z[0m [32m INFO[0m [2mmoq_native_ietf::quic[0m[2m:[0m UDP socket bound [3mbind[0m[2m=[0m[::]:0 [3mlocal[0m[2m=[0m[::]:44433 [3mdual_stack[0m[2m=[0mtrue
relay-1        | V0926 00:50:17.163267     8 MoQServer.cpp:331] MoQServer WebTransport: supported protocols: moqt-18, moqt-16, moqt-15, moq-00
relay-1        | V0926 00:50:17.163293     8 MoQServer.cpp:341] WebTransport: Negotiated protocol: moqt-18
relay-1        | V0926 00:50:17.163400     8 MoQSession.cpp:2685] start sess=0x7f2628044800
relay-1        | V0926 00:50:17.163422     8 MoQSession.cpp:3029] sendSetup sess=0x7f2628044800
relay-1        | V0926 00:50:17.163526     8 MoQSession.cpp:2985] controlWriteLoop sess=0x7f2628044800
relay-1        | V0926 00:50:17.163666     8 MoQSession.cpp:6865] onNewUniStream sess=0x7f2628044800
relay-1        | V0926 00:50:17.163747     8 MoQSession.cpp:3389] controlReadLoop sess=0x7f2628044800
relay-1        | V0926 00:50:17.163758     8 MoQSession.cpp:3176] onClientSetup sess=0x7f2628044800
relay-1        | V0926 00:50:17.163762     8 MoQServerBase.cpp:88] MoQServerBase::ClientSetup
relay-1        | V0926 00:50:17.163765     8 MoQServerBase.cpp:93] MoQServerBase::ClientSetup: Using ALPN-negotiated version: moqt-18
relay-1        | V0926 00:50:17.163771     8 MoQSession.cpp:3254] Negotiated Version=0xff000012 (draft-18)
relay-1        | V0926 00:50:17.163815     8 MoQSession.cpp:6895] onNewBidiStream sess=0x7f2628044800
relay-1        | V0926 00:50:17.163841     8 MoQSession.cpp:3389] controlReadLoop sess=0x7f2628044800
relay-1        | V0926 00:50:17.163851     8 MoQSession.cpp:4970] onPublishImpl reqID=0 sess=0x7f2628044800
relay-1        | V0926 00:50:17.163861     8 MoQRelay.cpp:422] publish ftn=moq-test-00/0/10/3/24/7/3/40/24/2/7/2/0/-1/-1/0/moq-test-2d94568dcee8397c
relay-1        | E0926 00:50:17.163868     8 MoQRelay.cpp:82] prefix not found in tree
relay-1        | V0926 00:50:17.163884     8 MoQSession.cpp:6086] publishOk reqID=0 sess=0x7f2628044800
relay-1        | V0926 00:50:17.163954     8 MoQLocation.h:24] m=AbsoluteStart g=0 o=0
relay-1        | V0926 00:50:17.163959     8 MoQLocation.h:59] g=0 o=0 g=4611686018427387903 o=4611686018427387903
relay-1        | I0926 00:50:17.163964     8 MoQRelay.cpp:1975] Updating forward for moq-test-00/0/10/3/24/7/3/40/24/2/7/2/0/-1/-1/0/moq-test-2d94568dcee8397c numForwardingSubs=1
relay-1        | V0926 00:50:17.163971     8 MoQSession.cpp:6268] sendSubscribeOk sess=0x7f262808d000
relay-1        | V0926 00:50:17.164039     8 MoQSession.cpp:6582] requestUpdate sess=0x7f2628044800
relay-1        | V0926 00:50:17.164346     8 MoQSession.cpp:5124] PublishDone id=0 code=2 reason=publish ended
relay-1        | V0926 00:50:17.164359     8 MoQSession.cpp:2212] processPublishDone trackReceiveState=0x7f2628044f90
relay-1        | V0926 00:50:17.164365     8 MoQRelay.cpp:383] onPublishDoneImpl ftn=moq-test-00/0/10/3/24/7/3/40/24/2/7/2/0/-1/-1/0/moq-test-2d94568dcee8397c
test-client-1  | [2m2026-09-26T00:50:17.164185Z[0m [32m INFO[0m [2mmoq_test_client::moqtest[0m[2m:[0m PUBLISH accepted and subscription bound; generating objects [3mobjects[0m[2m=[0m9 [3mstreams[0m[2m=[0m3
relay-1        | V0926 00:50:17.164391     8 MoQRelay.cpp:303] Pruning empty subtree at: moq-test-00
relay-1        | V0926 00:50:17.164404     8 MoQForwarder.cpp:610] publishDone pubDone reason=publish ended
relay-1        | V0926 00:50:17.164409     8 MoQForwarder.cpp:308] drainSubscriber from publishDone session=131
relay-1        | V0926 00:50:17.164413     8 MoQSession.cpp:6381] sendPublishDone sess=0x7f262808d000
relay-1        | V0926 00:50:17.164424     8 MoQSession.cpp:6552] publisherDrained id=0 sess=0x7f262808d000
relay-1        | V0926 00:50:17.164428     8 MoQForwarder.cpp:372] Resetting open subgroups for subscriber=0x7f2628081b40
relay-1        | V0926 00:50:17.164432     8 MoQForwarder.cpp:391] subscribers_.size()=0
relay-1        | I0926 00:50:17.164440     8 MoQRelay.cpp:1938] Publisher terminated for moq-test-00/0/10/3/24/7/3/40/24/2/7/2/0/-1/-1/0/moq-test-2d94568dcee8397c
relay-1        | V0926 00:50:17.164450     8 MoQSession.cpp:3505] Failing pending request id=1 peer FINed without terminal reply sess=0x7f2628044800
relay-1        | V0926 00:50:17.164456     8 MoQSession.cpp:3392] exit controlReadLoop sess=0x7f2628044800
relay-1        | E0926 00:50:17.164536     8 MoQRelay.cpp:36] requestUpdate failed: peer FINed without terminal reply
relay-1        | V0926 00:50:17.164674     8 MoQSession.cpp:3392] exit controlReadLoop sess=0x7f262808d000
relay-1        | V0926 00:50:17.164781     8 MoQSession.cpp:3392] exit controlReadLoop sess=0x7f262808d000
test-client-1  | not ok 17 - moq-test-increments
test-client-1  |   ---
test-client-1  |   duration_ms: 217
test-client-1  |   message: "failed to create subgroup: cancelled"
test-client-1  |   ...
relay-1        | E20260926 00:50:17.173151     8 HQControlCodec.h:58] Unexpected control stream EOF
relay-1        | E20260926 00:50:17.173216     8 HQSession.cpp:3160] Got error on control stream error=HTTP: Critical stream was closed streamID=2 sess=proto=h3, UA=, client CID=69435cecdfa4106a, server CID=4000001667d3c9f3, downstream=[::ffff:172.18.0.3]:44433, [::]:4443=local, drain=none
relay-1        | E20260926 00:50:17.173262     8 HQControlCodec.h:58] Unexpected control stream EOF
relay-1        | E20260926 00:50:17.173280     8 HQSession.cpp:3160] Got error on control stream error=HTTP: Critical stream was closed streamID=2 sess=proto=h3, UA=, client CID=2393f2571912f705, server CID=400000030e669bb3, downstream=[::ffff:172.18.0.3]:58928, [::]:4443=local, drain=none
test-client-1  | [2m2026-09-26T00:50:17.173633Z[0m [33m WARN[0m [2mweb_transport_quinn::session[0m[2m:[0m failed to read capsule [3me[0m[2m=[0mUnexpectedEnd
relay-1        | E0926 00:50:17.173324     8 MoQServer.h:194] proxygen::HTTPException: Got error=ApplicationError: 260, HTTP error on control stream
relay-1        | V0926 00:50:17.173331     8 MoQSession.cpp:7315] onSessionEnderr=4294967295 sess=0x7f2628044800
relay-1        | V0926 00:50:17.173336     8 MoQSession.cpp:2961] close sess=0x7f2628044800
relay-1        | V0926 00:50:17.173344     8 MoQSession.cpp:2639] requestCancellation from cleanup sess=0x7f2628044800
relay-1        | V0926 00:50:17.173357     8 MoQSession.cpp:2978] requestCancellation from close sess=0x7f2628044800
relay-1        | E0926 00:50:17.173431     8 MoQServer.h:194] proxygen::HTTPException: Got error=ApplicationError: 260, HTTP error on control stream
relay-1        | V0926 00:50:17.173444     8 MoQSession.cpp:7315] onSessionEnderr=4294967295 sess=0x7f262808d000
relay-1        | V0926 00:50:17.173447     8 MoQSession.cpp:2961] close sess=0x7f262808d000
relay-1        | V0926 00:50:17.173452     8 MoQSession.cpp:2639] requestCancellation from cleanup sess=0x7f262808d000
relay-1        | V0926 00:50:17.173459     8 MoQSession.cpp:2978] requestCancellation from close sess=0x7f262808d000
relay-1        | V0926 00:50:17.173505     8 MoQSession.cpp:3392] exit controlReadLoop sess=0x7f2628044800
relay-1        | V0926 00:50:17.173537     8 MoQSession.cpp:2987] exit controlWriteLoop sess=0x7f2628044800
relay-1        | V0926 00:50:17.173544     8 MoQSession.cpp:2577] ~MoQSession sess=0x7f2628044800
relay-1        | V0926 00:50:17.173556     8 MoQSession.cpp:2987] exit controlWriteLoop sess=0x7f262808d000
test-client-1  | [2m2026-09-26T00:50:17.173674Z[0m [33m WARN[0m [2mweb_transport_quinn::session[0m[2m:[0m failed to read capsule [3me[0m[2m=[0mUnexpectedEnd
test-client-1  | [2m2026-09-26T00:50:17.174141Z[0m [32m INFO[0m [2mmoq_native_ietf::quic[0m[2m:[0m UDP socket bound [3mbind[0m[2m=[0m[::]:0 [3mlocal[0m[2m=[0m[::]:59443 [3mdual_stack[0m[2m=[0mtrue
relay-1        | V0926 00:50:17.175931     8 MoQServer.cpp:331] MoQServer WebTransport: supported protocols: moqt-18, moqt-16, moqt-15, moq-00
relay-1        | V0926 00:50:17.175947     8 MoQServer.cpp:341] WebTransport: Negotiated protocol: moqt-18
relay-1        | V0926 00:50:17.176030     8 MoQSession.cpp:2685] start sess=0x7f262808d6b0
relay-1        | V0926 00:50:17.176078     8 MoQSession.cpp:3029] sendSetup sess=0x7f262808d6b0
relay-1        | V0926 00:50:17.176225     8 MoQSession.cpp:2985] controlWriteLoop sess=0x7f262808d6b0
relay-1        | V0926 00:50:17.176248     8 MoQSession.cpp:6865] onNewUniStream sess=0x7f262808d6b0
relay-1        | V0926 00:50:17.176315     8 MoQSession.cpp:3389] controlReadLoop sess=0x7f262808d6b0
relay-1        | V0926 00:50:17.176322     8 MoQSession.cpp:3176] onClientSetup sess=0x7f262808d6b0
relay-1        | V0926 00:50:17.176324     8 MoQServerBase.cpp:88] MoQServerBase::ClientSetup
relay-1        | V0926 00:50:17.176326     8 MoQServerBase.cpp:93] MoQServerBase::ClientSetup: Using ALPN-negotiated version: moqt-18
relay-1        | V0926 00:50:17.176330     8 MoQSession.cpp:3254] Negotiated Version=0xff000012 (draft-18)
relay-1        | V0926 00:50:17.176575     8 MoQSession.cpp:6895] onNewBidiStream sess=0x7f262808d6b0
relay-1        | V0926 00:50:17.176626     8 MoQSession.cpp:3389] controlReadLoop sess=0x7f262808d6b0
relay-1        | V0926 00:50:17.176648     8 MoQSession.cpp:4274] onSubscribeImpl ftn=moq-test-00/0/0/0/1/2/3/64/32/2/1/1/0/-1/-1/0/moq-test-b8dd2bef7d3f679c sess=0x7f262808d6b0
relay-1        | V0926 00:50:17.182778     8 MoQSession.cpp:2577] ~MoQSession sess=0x7f262808d000
test-client-1  | [2m2026-09-26T00:50:17.377999Z[0m [32m INFO[0m [2mmoq_native_ietf::quic[0m[2m:[0m UDP socket bound [3mbind[0m[2m=[0m[::]:0 [3mlocal[0m[2m=[0m[::]:34162 [3mdual_stack[0m[2m=[0mtrue
relay-1        | V0926 00:50:17.380204     8 MoQServer.cpp:331] MoQServer WebTransport: supported protocols: moqt-18, moqt-16, moqt-15, moq-00
relay-1        | V0926 00:50:17.380227     8 MoQServer.cpp:341] WebTransport: Negotiated protocol: moqt-18
relay-1        | V0926 00:50:17.380323     8 MoQSession.cpp:2685] start sess=0x7f2628089160
relay-1        | V0926 00:50:17.380353     8 MoQSession.cpp:3029] sendSetup sess=0x7f2628089160
relay-1        | V0926 00:50:17.380472     8 MoQSession.cpp:2985] controlWriteLoop sess=0x7f2628089160
relay-1        | V0926 00:50:17.380590     8 MoQSession.cpp:6865] onNewUniStream sess=0x7f2628089160
relay-1        | V0926 00:50:17.380633     8 MoQSession.cpp:3389] controlReadLoop sess=0x7f2628089160
relay-1        | V0926 00:50:17.380639     8 MoQSession.cpp:3176] onClientSetup sess=0x7f2628089160
relay-1        | V0926 00:50:17.380642     8 MoQServerBase.cpp:88] MoQServerBase::ClientSetup
relay-1        | V0926 00:50:17.380644     8 MoQServerBase.cpp:93] MoQServerBase::ClientSetup: Using ALPN-negotiated version: moqt-18
relay-1        | V0926 00:50:17.380648     8 MoQSession.cpp:3254] Negotiated Version=0xff000012 (draft-18)
relay-1        | V0926 00:50:17.380765     8 MoQSession.cpp:6895] onNewBidiStream sess=0x7f2628089160
relay-1        | V0926 00:50:17.380838     8 MoQSession.cpp:3389] controlReadLoop sess=0x7f2628089160
relay-1        | V0926 00:50:17.380851     8 MoQSession.cpp:4970] onPublishImpl reqID=0 sess=0x7f2628089160
relay-1        | V0926 00:50:17.380861     8 MoQRelay.cpp:422] publish ftn=moq-test-00/0/0/0/1/2/3/64/32/2/1/1/0/-1/-1/0/moq-test-b8dd2bef7d3f679c
relay-1        | E0926 00:50:17.380868     8 MoQRelay.cpp:82] prefix not found in tree
relay-1        | V0926 00:50:17.380886     8 MoQSession.cpp:6086] publishOk reqID=0 sess=0x7f2628089160
relay-1        | V0926 00:50:17.380974     8 MoQLocation.h:24] m=AbsoluteStart g=0 o=0
relay-1        | V0926 00:50:17.380980     8 MoQLocation.h:59] g=0 o=0 g=4611686018427387903 o=4611686018427387903
relay-1        | V0926 00:50:17.380993     8 MoQSession.cpp:6268] sendSubscribeOk sess=0x7f262808d6b0
test-client-1  | [2m2026-09-26T00:50:17.381179Z[0m [32m INFO[0m [2mmoq_test_client::moqtest[0m[2m:[0m PUBLISH accepted and subscription bound; generating objects [3mobjects[0m[2m=[0m6 [3mstreams[0m[2m=[0m2
relay-1        | V0926 00:50:17.381387     8 MoQSession.cpp:5124] PublishDone id=0 code=2 reason=publish ended
relay-1        | V0926 00:50:17.381404     8 MoQSession.cpp:2212] processPublishDone trackReceiveState=0x7f2628069af0
relay-1        | V0926 00:50:17.381411     8 MoQRelay.cpp:383] onPublishDoneImpl ftn=moq-test-00/0/0/0/1/2/3/64/32/2/1/1/0/-1/-1/0/moq-test-b8dd2bef7d3f679c
relay-1        | V0926 00:50:17.381418     8 MoQRelay.cpp:303] Pruning empty subtree at: moq-test-00
relay-1        | V0926 00:50:17.381425     8 MoQForwarder.cpp:610] publishDone pubDone reason=publish ended
relay-1        | V0926 00:50:17.381430     8 MoQForwarder.cpp:308] drainSubscriber from publishDone session=141
relay-1        | V0926 00:50:17.381434     8 MoQSession.cpp:6381] sendPublishDone sess=0x7f262808d6b0
relay-1        | V0926 00:50:17.381444     8 MoQSession.cpp:6552] publisherDrained id=0 sess=0x7f262808d6b0
relay-1        | V0926 00:50:17.381452     8 MoQForwarder.cpp:372] Resetting open subgroups for subscriber=0x7f2628061960
relay-1        | V0926 00:50:17.381456     8 MoQForwarder.cpp:391] subscribers_.size()=0
relay-1        | I0926 00:50:17.381463     8 MoQRelay.cpp:1938] Publisher terminated for moq-test-00/0/0/0/1/2/3/64/32/2/1/1/0/-1/-1/0/moq-test-b8dd2bef7d3f679c
relay-1        | V0926 00:50:17.381474     8 MoQSession.cpp:3392] exit controlReadLoop sess=0x7f2628089160
relay-1        | V0926 00:50:17.381752     8 MoQSession.cpp:3392] exit controlReadLoop sess=0x7f262808d6b0
relay-1        | V0926 00:50:17.381862     8 MoQSession.cpp:3392] exit controlReadLoop sess=0x7f262808d6b0
test-client-1  | not ok 18 - moq-test-forward-zero
test-client-1  |   ---
test-client-1  |   duration_ms: 217
test-client-1  |   message: "failed to create subgroup: cancelled"
test-client-1  |   ...
relay-1        | E20260926 00:50:17.390273     8 HQControlCodec.h:58] Unexpected control stream EOF
relay-1        | E20260926 00:50:17.390347     8 HQSession.cpp:3160] Got error on control stream error=HTTP: Critical stream was closed streamID=2 sess=proto=h3, UA=, client CID=207a2d76e1e8bf9e, server CID=4000001414c73cd8, downstream=[::ffff:172.18.0.3]:34162, [::]:4443=local, drain=none
relay-1        | E20260926 00:50:17.390403     8 HQControlCodec.h:58] Unexpected control stream EOF
relay-1        | E20260926 00:50:17.390424     8 HQSession.cpp:3160] Got error on control stream error=HTTP: Critical stream was closed streamID=2 sess=proto=h3, UA=, client CID=65e47fa7305836aa, server CID=400000068684d29a, downstream=[::ffff:172.18.0.3]:59443, [::]:4443=local, drain=none
relay-1        | E0926 00:50:17.390472     8 MoQServer.h:194] proxygen::HTTPException: Got error=ApplicationError: 260, HTTP error on control stream
relay-1        | V0926 00:50:17.390484     8 MoQSession.cpp:7315] onSessionEnderr=4294967295 sess=0x7f2628089160
relay-1        | V0926 00:50:17.390488     8 MoQSession.cpp:2961] close sess=0x7f2628089160
relay-1        | V0926 00:50:17.390497     8 MoQSession.cpp:2639] requestCancellation from cleanup sess=0x7f2628089160
relay-1        | V0926 00:50:17.390513     8 MoQSession.cpp:2978] requestCancellation from close sess=0x7f2628089160
relay-1        | E0926 00:50:17.390590     8 MoQServer.h:194] proxygen::HTTPException: Got error=ApplicationError: 260, HTTP error on control stream
relay-1        | V0926 00:50:17.390594     8 MoQSession.cpp:7315] onSessionEnderr=4294967295 sess=0x7f262808d6b0
relay-1        | V0926 00:50:17.390596     8 MoQSession.cpp:2961] close sess=0x7f262808d6b0
relay-1        | V0926 00:50:17.390599     8 MoQSession.cpp:2639] requestCancellation from cleanup sess=0x7f262808d6b0
relay-1        | V0926 00:50:17.390604     8 MoQSession.cpp:2978] requestCancellation from close sess=0x7f262808d6b0
relay-1        | V0926 00:50:17.390643     8 MoQSession.cpp:3392] exit controlReadLoop sess=0x7f2628089160
relay-1        | V0926 00:50:17.390671     8 MoQSession.cpp:2987] exit controlWriteLoop sess=0x7f2628089160
relay-1        | V0926 00:50:17.390680     8 MoQSession.cpp:2987] exit controlWriteLoop sess=0x7f262808d6b0
relay-1        | V0926 00:50:17.390684     8 MoQSession.cpp:2577] ~MoQSession sess=0x7f262808d6b0
relay-1        | V0926 00:50:17.399928     8 MoQSession.cpp:2577] ~MoQSession sess=0x7f2628089160
[Ktest-client-1 exited with code 1
Aborting on container exit...
 Container main-test-client-1  Stopping
 Container main-test-client-1  Stopped
 Container main-relay-1  Stopping
 Container main-relay-1  Stopped

make[1]: *** [Makefile:86: test] Error 1
make[1]: Leaving directory '/home/runner/work/moq-interop-runner/moq-interop-runner/main'
