make[1]: Entering directory '/home/runner/work/moq-interop-runner/moq-interop-runner/main'
rm -rf mlog/
mkdir -p mlog/relay mlog/client
Running interop tests...
  Relay:  moxygen-interop:latest
  Client: ghcr.io/englishm/moq-interop-runner-moq-test-client-draft-18:latest
  URL:    https://relay:4443
time="2026-10-10T00:56:14Z" level=warning msg="The \"PORT\" variable is not set. Defaulting to a blank string."
time="2026-10-10T00:56:14Z" level=warning msg="The \"PORT\" variable is not set. Defaulting to a blank string."
time="2026-10-10T00:56:14Z" level=warning msg="The \"PORT\" variable is not set. Defaulting to a blank string."
time="2026-10-10T00:56:14Z" level=warning msg="The \"HEX\" variable is not set. Defaulting to a blank string."
time="2026-10-10T00:56:14Z" level=warning msg="The \"HEX\" variable is not set. Defaulting to a blank string."
 Container main-relay-1  Recreate
 Container main-relay-1  Recreated
Attaching to relay-1, test-client-1
relay-1        | V1010 00:56:14.675587     7 MoQServer.cpp:121] MoQServer: Registering ALPN handlers: moqt-18, moqt-16, moqt-15, moq-00
relay-1        | W1010 00:56:14.676483     7 MoQServer.cpp:172] UDP send buffer for fd 15 is 425984 bytes (expected 2097152)
test-client-1  | TAP version 14
test-client-1  | # moq-test-client v0.1.12
test-client-1  | # Relay: https://relay:4443/
test-client-1  | 1..18
test-client-1  | [2m2026-10-10T00:56:20.256269Z[0m [32m INFO[0m [2mmoq_native_ietf::quic[0m[2m:[0m UDP socket bound [3mbind[0m[2m=[0m[::]:0 [3mlocal[0m[2m=[0m[::]:54720 [3mdual_stack[0m[2m=[0mtrue
test-client-1  | ok 1 - setup-only
test-client-1  |   ---
test-client-1  |   duration_ms: 3
relay-1        | V1010 00:56:20.259238     8 MoQServer.cpp:334] MoQServer WebTransport: supported protocols: moqt-18, moqt-16, moqt-15, moq-00
test-client-1  |   connection_id: 27892d4967a0d20d3dbca81392fd8c76
test-client-1  |   ...
test-client-1  | [2m2026-10-10T00:56:20.259578Z[0m [32m INFO[0m [2mmoq_test_client::scenarios[0m[2m:[0m SETUP exchange completed successfully
relay-1        | V1010 00:56:20.259261     8 MoQServer.cpp:344] WebTransport: Negotiated protocol: moqt-18
relay-1        | V1010 00:56:20.259394     8 MoQSession.cpp:2801] start sess=0x7f656c054bd0
relay-1        | V1010 00:56:20.259409     8 MoQSession.cpp:3145] sendSetup sess=0x7f656c054bd0
relay-1        | V1010 00:56:20.259478     8 MoQSession.cpp:3101] controlWriteLoop sess=0x7f656c054bd0
relay-1        | V1010 00:56:20.259578     8 MoQSession.cpp:7190] onNewUniStream sess=0x7f656c054bd0
relay-1        | V1010 00:56:20.259602     8 MoQSession.cpp:3513] controlReadLoop sess=0x7f656c054bd0
relay-1        | V1010 00:56:20.259617     8 MoQSession.cpp:3297] onClientSetup sess=0x7f656c054bd0
relay-1        | V1010 00:56:20.259623     8 MoQServerBase.cpp:88] MoQServerBase::ClientSetup
relay-1        | V1010 00:56:20.259626     8 MoQServerBase.cpp:93] MoQServerBase::ClientSetup: Using ALPN-negotiated version: moqt-18
relay-1        | V1010 00:56:20.259629     8 MoQSession.cpp:3375] Negotiated Version=0xff000012 (draft-18)
relay-1        | E20261010 00:56:20.259761     8 HQControlCodec.h:58] Unexpected control stream EOF
relay-1        | E20261010 00:56:20.259939     8 HQSession.cpp:3175] Got error on control stream error=HTTP: Critical stream was closed streamID=2 sess=proto=h3, UA=, client CID=f45e88b49c8152fd, server CID=400000018781499e, downstream=[::ffff:172.18.0.3]:54720, [::]:4443=local, drain=none
relay-1        | E1010 00:56:20.260000     8 MoQServer.h:234] proxygen::HTTPException: Got error=ApplicationError: 260, HTTP error on control stream
relay-1        | V1010 00:56:20.260006     8 MoQSession.cpp:7639] onSessionEnderr=4294967295 sess=0x7f656c054bd0
relay-1        | V1010 00:56:20.260008     8 MoQSession.cpp:3077] close sess=0x7f656c054bd0
relay-1        | V1010 00:56:20.260040     8 MoQSession.cpp:2721] requestCancellation from cleanup sess=0x7f656c054bd0
relay-1        | V1010 00:56:20.260070     8 MoQSession.cpp:3094] requestCancellation from close sess=0x7f656c054bd0
relay-1        | V1010 00:56:20.260137     8 MoQSession.cpp:3518] exit controlReadLoop sess=0x7f656c054bd0
test-client-1  | [2m2026-10-10T00:56:20.260169Z[0m [33m WARN[0m [2mweb_transport_quinn::session[0m[2m:[0m failed to read capsule [3me[0m[2m=[0mUnexpectedEnd
relay-1        | V1010 00:56:20.260205     8 MoQSession.cpp:3103] exit controlWriteLoop sess=0x7f656c054bd0
relay-1        | V1010 00:56:20.260210     8 MoQSession.cpp:2666] ~MoQSession sess=0x7f656c054bd0
test-client-1  | [2m2026-10-10T00:56:20.260373Z[0m [32m INFO[0m [2mmoq_native_ietf::quic[0m[2m:[0m UDP socket bound [3mbind[0m[2m=[0m[::]:0 [3mlocal[0m[2m=[0m[::]:51693 [3mdual_stack[0m[2m=[0mtrue
relay-1        | V1010 00:56:20.261447     8 MoQServer.cpp:334] MoQServer WebTransport: supported protocols: moqt-18, moqt-16, moqt-15, moq-00
relay-1        | V1010 00:56:20.261458     8 MoQServer.cpp:344] WebTransport: Negotiated protocol: moqt-18
relay-1        | V1010 00:56:20.261516     8 MoQSession.cpp:2801] start sess=0x7f656c069f50
relay-1        | V1010 00:56:20.261526     8 MoQSession.cpp:3145] sendSetup sess=0x7f656c069f50
relay-1        | V1010 00:56:20.261591     8 MoQSession.cpp:3101] controlWriteLoop sess=0x7f656c069f50
test-client-1  | [2m2026-10-10T00:56:20.261689Z[0m [32m INFO[0m [2mmoq_test_client::scenarios[0m[2m:[0m Sending PUBLISH_NAMESPACE for: moq-test/interop
relay-1        | V1010 00:56:20.261779     8 MoQSession.cpp:7220] onNewBidiStream sess=0x7f656c069f50
relay-1        | V1010 00:56:20.261790     8 MoQSession.cpp:7190] onNewUniStream sess=0x7f656c069f50
relay-1        | V1010 00:56:20.261801     8 MoQSession.cpp:3513] controlReadLoop sess=0x7f656c069f50
relay-1        | V1010 00:56:20.261804     8 MoQSession.cpp:3297] onClientSetup sess=0x7f656c069f50
relay-1        | V1010 00:56:20.261806     8 MoQServerBase.cpp:88] MoQServerBase::ClientSetup
relay-1        | V1010 00:56:20.261808     8 MoQServerBase.cpp:93] MoQServerBase::ClientSetup: Using ALPN-negotiated version: moqt-18
relay-1        | V1010 00:56:20.261811     8 MoQSession.cpp:3375] Negotiated Version=0xff000012 (draft-18)
relay-1        | V1010 00:56:20.261859     8 MoQSession.cpp:3513] controlReadLoop sess=0x7f656c069f50
relay-1        | V1010 00:56:20.261871     8 MoQRelaySession.cpp:1183] onPublishNamespaceImpl ns=moq-test/interop sess=0x7f656c069f50
relay-1        | V1010 00:56:20.261881     8 MoQRelay.cpp:134] publishNamespace ns=moq-test/interop
relay-1        | V1010 00:56:20.261896     8 MoQRelaySession.cpp:1282] publishNamespaceOk reqID=0 sess=0x7f656c069f50
test-client-1  | [2m2026-10-10T00:56:22.262716Z[0m [32m INFO[0m [2mmoq_test_client::scenarios[0m[2m:[0m PUBLISH_NAMESPACE succeeded (REQUEST_OK received, waiting for subscribers)
test-client-1  | ok 2 - publish-namespace-only
test-client-1  |   ---
test-client-1  |   duration_ms: 2003
test-client-1  |   connection_id: fdff64f3447dd3aa9843cb077deed990
test-client-1  |   ...
relay-1        | E20261010 00:56:22.262852     8 HQControlCodec.h:58] Unexpected control stream EOF
relay-1        | E20261010 00:56:22.262923     8 HQSession.cpp:3175] Got error on control stream error=HTTP: Critical stream was closed streamID=2 sess=proto=h3, UA=, client CID=931b0b16b8ff9032, server CID=40000016159b97e8, downstream=[::ffff:172.18.0.3]:51693, [::]:4443=local, drain=none
relay-1        | E1010 00:56:22.263000     8 MoQServer.h:234] proxygen::HTTPException: Got error=ApplicationError: 260, HTTP error on control stream
relay-1        | V1010 00:56:22.263019     8 MoQSession.cpp:7639] onSessionEnderr=4294967295 sess=0x7f656c069f50
relay-1        | V1010 00:56:22.263022     8 MoQSession.cpp:3077] close sess=0x7f656c069f50
relay-1        | V1010 00:56:22.263031     8 MoQRelay.cpp:310] publishNamespaceDone ns=moq-test/interop
relay-1        | V1010 00:56:22.263038     8 MoQRelay.cpp:303] Pruning empty subtree at: moq-test
relay-1        | V1010 00:56:22.263045     8 MoQSession.cpp:2721] requestCancellation from cleanup sess=0x7f656c069f50
test-client-1  | [2m2026-10-10T00:56:22.263203Z[0m [33m WARN[0m [2mweb_transport_quinn::session[0m[2m:[0m failed to read capsule [3me[0m[2m=[0mUnexpectedEnd
relay-1        | V1010 00:56:22.263063     8 BidiStreamControl.cpp:37] STOP_SENDING received on bidi stream id=4 code=386759528
relay-1        | V1010 00:56:22.263074     8 MoQSession.cpp:3094] requestCancellation from close sess=0x7f656c069f50
relay-1        | V1010 00:56:22.263176     8 MoQSession.cpp:3518] exit controlReadLoop sess=0x7f656c069f50
relay-1        | V1010 00:56:22.263188     8 MoQSession.cpp:3518] exit controlReadLoop sess=0x7f656c069f50
relay-1        | V1010 00:56:22.263219     8 MoQSession.cpp:3103] exit controlWriteLoop sess=0x7f656c069f50
test-client-1  | [2m2026-10-10T00:56:22.263417Z[0m [32m INFO[0m [2mmoq_native_ietf::quic[0m[2m:[0m UDP socket bound [3mbind[0m[2m=[0m[::]:0 [3mlocal[0m[2m=[0m[::]:41599 [3mdual_stack[0m[2m=[0mtrue
relay-1        | V1010 00:56:22.264965     8 MoQServer.cpp:334] MoQServer WebTransport: supported protocols: moqt-18, moqt-16, moqt-15, moq-00
relay-1        | V1010 00:56:22.264981     8 MoQServer.cpp:344] WebTransport: Negotiated protocol: moqt-18
test-client-1  | [2m2026-10-10T00:56:22.265229Z[0m [32m INFO[0m [2mmoq_test_client::scenarios[0m[2m:[0m Subscribing to non-existent track: nonexistent/namespace/test-track
relay-1        | V1010 00:56:22.265086     8 MoQSession.cpp:2801] start sess=0x7f656c06ead0
relay-1        | V1010 00:56:22.265102     8 MoQSession.cpp:3145] sendSetup sess=0x7f656c06ead0
relay-1        | V1010 00:56:22.265152     8 MoQSession.cpp:3101] controlWriteLoop sess=0x7f656c06ead0
relay-1        | V1010 00:56:22.265217     8 MoQSession.cpp:7190] onNewUniStream sess=0x7f656c06ead0
relay-1        | V1010 00:56:22.265229     8 MoQSession.cpp:3513] controlReadLoop sess=0x7f656c06ead0
relay-1        | V1010 00:56:22.265234     8 MoQSession.cpp:3297] onClientSetup sess=0x7f656c06ead0
relay-1        | V1010 00:56:22.265237     8 MoQServerBase.cpp:88] MoQServerBase::ClientSetup
relay-1        | V1010 00:56:22.265239     8 MoQServerBase.cpp:93] MoQServerBase::ClientSetup: Using ALPN-negotiated version: moqt-18
relay-1        | V1010 00:56:22.265241     8 MoQSession.cpp:3375] Negotiated Version=0xff000012 (draft-18)
relay-1        | V1010 00:56:22.265349     8 MoQSession.cpp:7220] onNewBidiStream sess=0x7f656c06ead0
relay-1        | V1010 00:56:22.265371     8 MoQSession.cpp:3513] controlReadLoop sess=0x7f656c06ead0
relay-1        | V1010 00:56:22.265381     8 MoQSession.cpp:4478] onSubscribeImpl ftn=nonexistent/namespace/test-track sess=0x7f656c06ead0
relay-1        | V1010 00:56:22.265400     8 MoQSession.cpp:4624] Application subscribe error err=no such namespace or track
relay-1        | V1010 00:56:22.265402     8 MoQSession.cpp:6538] subscribeError sess=0x7f656c06ead0
relay-1        | V1010 00:56:22.265411     8 MoQSession.cpp:6808] publisherDrained id=0 sess=0x7f656c06ead0
test-client-1  | [2m2026-10-10T00:56:22.265492Z[0m [33m WARN[0m [2mmoq_transport::serve::error[0m[2m:[0m [9ab479b5-ccb5-4997-a931-ee63cdcf0137] Not found: no such namespace or track at moq-transport/src/session/subscriber.rs:1653
test-client-1  | [2m2026-10-10T00:56:22.265524Z[0m [32m INFO[0m [2mmoq_test_client::scenarios[0m[2m:[0m Got expected 'not found' error: not found: Track not found [error:9ab479b5-ccb5-4997-a931-ee63cdcf0137]
relay-1        | V1010 00:56:22.265598     8 MoQSession.cpp:3518] exit controlReadLoop sess=0x7f656c06ead0
relay-1        | V1010 00:56:22.265608     8 MoQSession.cpp:3518] exit controlReadLoop sess=0x7f656c06ead0
relay-1        | E20261010 00:56:22.265625     8 HQControlCodec.h:58] Unexpected control stream EOF
relay-1        | E20261010 00:56:22.265655     8 HQSession.cpp:3175] Got error on control stream error=HTTP: Critical stream was closed streamID=2 sess=proto=h3, UA=, client CID=7c12f0b4f5e52857, server CID=400000095db105ea, downstream=[::ffff:172.18.0.3]:41599, [::]:4443=local, drain=none
relay-1        | E1010 00:56:22.265682     8 MoQServer.h:234] proxygen::HTTPException: Got error=ApplicationError: 260, HTTP error on control stream
relay-1        | V1010 00:56:22.265687     8 MoQSession.cpp:7639] onSessionEnderr=4294967295 sess=0x7f656c06ead0
relay-1        | V1010 00:56:22.265689     8 MoQSession.cpp:3077] close sess=0x7f656c06ead0
relay-1        | V1010 00:56:22.265694     8 MoQSession.cpp:2721] requestCancellation from cleanup sess=0x7f656c06ead0
relay-1        | V1010 00:56:22.265702     8 MoQSession.cpp:3094] requestCancellation from close sess=0x7f656c06ead0
relay-1        | V1010 00:56:22.265762     8 MoQSession.cpp:3103] exit controlWriteLoop sess=0x7f656c06ead0
test-client-1  | [2m2026-10-10T00:56:22.265802Z[0m [33m WARN[0m [2mweb_transport_quinn::session[0m[2m:[0m failed to read capsule [3me[0m[2m=[0mUnexpectedEnd
test-client-1  | [2m2026-10-10T00:56:22.266080Z[0m [32m INFO[0m [2mmoq_native_ietf::quic[0m[2m:[0m UDP socket bound [3mbind[0m[2m=[0m[::]:0 [3mlocal[0m[2m=[0m[::]:47585 [3mdual_stack[0m[2m=[0mtrue
test-client-1  | ok 3 - subscribe-error
test-client-1  |   ---
test-client-1  |   duration_ms: 2
test-client-1  |   connection_id: 679877e210d752b449ef85ca88a7d01d
test-client-1  |   ...
relay-1        | V1010 00:56:22.267203     8 MoQServer.cpp:334] MoQServer WebTransport: supported protocols: moqt-18, moqt-16, moqt-15, moq-00
relay-1        | V1010 00:56:22.267216     8 MoQServer.cpp:344] WebTransport: Negotiated protocol: moqt-18
relay-1        | V1010 00:56:22.267275     8 MoQSession.cpp:2801] start sess=0x7f656c07b140
relay-1        | V1010 00:56:22.267341     8 MoQSession.cpp:3145] sendSetup sess=0x7f656c07b140
relay-1        | V1010 00:56:22.267397     8 MoQSession.cpp:3101] controlWriteLoop sess=0x7f656c07b140
relay-1        | V1010 00:56:22.267457     8 MoQSession.cpp:7190] onNewUniStream sess=0x7f656c07b140
relay-1        | V1010 00:56:22.267473     8 MoQSession.cpp:3513] controlReadLoop sess=0x7f656c07b140
relay-1        | V1010 00:56:22.267475     8 MoQSession.cpp:3297] onClientSetup sess=0x7f656c07b140
relay-1        | V1010 00:56:22.267478     8 MoQServerBase.cpp:88] MoQServerBase::ClientSetup
relay-1        | V1010 00:56:22.267480     8 MoQServerBase.cpp:93] MoQServerBase::ClientSetup: Using ALPN-negotiated version: moqt-18
relay-1        | V1010 00:56:22.267484     8 MoQSession.cpp:3375] Negotiated Version=0xff000012 (draft-18)
test-client-1  | [2m2026-10-10T00:56:22.267932Z[0m [32m INFO[0m [2mmoq_native_ietf::quic[0m[2m:[0m UDP socket bound [3mbind[0m[2m=[0m[::]:0 [3mlocal[0m[2m=[0m[::]:35343 [3mdual_stack[0m[2m=[0mtrue
relay-1        | V1010 00:56:22.268918     8 MoQServer.cpp:334] MoQServer WebTransport: supported protocols: moqt-18, moqt-16, moqt-15, moq-00
relay-1        | V1010 00:56:22.268929     8 MoQServer.cpp:344] WebTransport: Negotiated protocol: moqt-18
relay-1        | V1010 00:56:22.268984     8 MoQSession.cpp:2801] start sess=0x7f656c08de80
relay-1        | V1010 00:56:22.268993     8 MoQSession.cpp:3145] sendSetup sess=0x7f656c08de80
relay-1        | V1010 00:56:22.269034     8 MoQSession.cpp:3101] controlWriteLoop sess=0x7f656c08de80
relay-1        | V1010 00:56:22.269087     8 MoQSession.cpp:7190] onNewUniStream sess=0x7f656c08de80
relay-1        | V1010 00:56:22.269098     8 MoQSession.cpp:3513] controlReadLoop sess=0x7f656c08de80
relay-1        | V1010 00:56:22.269100     8 MoQSession.cpp:3297] onClientSetup sess=0x7f656c08de80
relay-1        | V1010 00:56:22.269101     8 MoQServerBase.cpp:88] MoQServerBase::ClientSetup
relay-1        | V1010 00:56:22.269105     8 MoQServerBase.cpp:93] MoQServerBase::ClientSetup: Using ALPN-negotiated version: moqt-18
relay-1        | V1010 00:56:22.269108     8 MoQSession.cpp:3375] Negotiated Version=0xff000012 (draft-18)
test-client-1  | [2m2026-10-10T00:56:22.269097Z[0m [32m INFO[0m [2mmoq_test_client::scenarios[0m[2m:[0m Publisher sending PUBLISH_NAMESPACE: moq-test/interop
relay-1        | V1010 00:56:22.269183     8 MoQSession.cpp:7220] onNewBidiStream sess=0x7f656c07b140
test-client-1  | [2m2026-10-10T00:56:22.269104Z[0m [32m INFO[0m [2mmoq_test_client::scenarios[0m[2m:[0m Subscriber subscribing to track: moq-test/interop/test-track
relay-1        | V1010 00:56:22.269200     8 MoQSession.cpp:7220] onNewBidiStream sess=0x7f656c08de80
relay-1        | V1010 00:56:22.269227     8 MoQSession.cpp:3513] controlReadLoop sess=0x7f656c07b140
relay-1        | V1010 00:56:22.269244     8 MoQRelaySession.cpp:1183] onPublishNamespaceImpl ns=moq-test/interop sess=0x7f656c07b140
relay-1        | V1010 00:56:22.269260     8 MoQSession.cpp:3513] controlReadLoop sess=0x7f656c08de80
relay-1        | V1010 00:56:22.269276     8 MoQSession.cpp:4478] onSubscribeImpl ftn=moq-test/interop/test-track sess=0x7f656c08de80
relay-1        | V1010 00:56:22.269289     8 MoQRelay.cpp:134] publishNamespace ns=moq-test/interop
relay-1        | V1010 00:56:22.269302     8 MoQRelaySession.cpp:1282] publishNamespaceOk reqID=0 sess=0x7f656c07b140
relay-1        | V1010 00:56:22.269325     8 MoQLocation.h:24] m=AbsoluteStart g=0 o=0
relay-1        | V1010 00:56:22.269333     8 MoQLocation.h:59] g=0 o=0 g=4611686018427387903 o=4611686018427387903
relay-1        | V1010 00:56:22.269349     8 MoQSession.cpp:6378] subscribe sess=0x7f656c07b140
relay-1        | V1010 00:56:22.269411     8 MoQSession.cpp:3513] controlReadLoop sess=0x7f656c07b140
relay-1        | V1010 00:56:22.269585     8 MoQSession.cpp:4970] onSubscribeOk id=1 sess=0x7f656c07b140
relay-1        | V1010 00:56:22.269601     8 MoQSession.cpp:6500] Subscribe ready trackReceiveState=0x7f656c092d20 requestID=1
relay-1        | V1010 00:56:22.269611     8 MoQSession.cpp:6520] sendSubscribeOk sess=0x7f656c08de80
relay-1        | V1010 00:56:22.272754     8 MoQSession.cpp:2666] ~MoQSession sess=0x7f656c069f50
relay-1        | V1010 00:56:22.272780     8 MoQSession.cpp:2666] ~MoQSession sess=0x7f656c06ead0
relay-1        | E20261010 00:56:25.272280     8 HQControlCodec.h:58] Unexpected control stream EOF
relay-1        | E20261010 00:56:25.272354     8 HQSession.cpp:3175] Got error on control stream error=HTTP: Critical stream was closed streamID=2 sess=proto=h3, UA=, client CID=de177770c249bee3, server CID=4000001a4a4da3eb, downstream=[::ffff:172.18.0.3]:47585, [::]:4443=local, drain=none
test-client-1  | ok 4 - publish-namespace-subscribe
test-client-1  |   ---
test-client-1  |   duration_ms: 3006
test-client-1  |   publisher_connection_id: 0086cf9bc5d301c683416d7cd2be603e
test-client-1  |   subscriber_connection_id: 21eeec249517191ce58e03c51462db7a
test-client-1  |   ...
test-client-1  | [2m2026-10-10T00:56:25.271708Z[0m [32m INFO[0m [2mmoq_test_client::scenarios[0m[2m:[0m Test timeout reached - subscription routing may still be in progress
test-client-1  | [2m2026-10-10T00:56:25.273011Z[0m [33m WARN[0m [2mweb_transport_quinn::session[0m[2m:[0m failed to read capsule [3me[0m[2m=[0mUnexpectedEnd
test-client-1  | [2m2026-10-10T00:56:25.273043Z[0m [33m WARN[0m [2mweb_transport_quinn::session[0m[2m:[0m failed to read capsule [3me[0m[2m=[0mUnexpectedEnd
test-client-1  | [2m2026-10-10T00:56:25.273068Z[0m [32m INFO[0m [2mmoq_native_ietf::quic[0m[2m:[0m UDP socket bound [3mbind[0m[2m=[0m[::]:0 [3mlocal[0m[2m=[0m[::]:52191 [3mdual_stack[0m[2m=[0mtrue
relay-1        | E20261010 00:56:25.272396     8 HQControlCodec.h:58] Unexpected control stream EOF
relay-1        | E20261010 00:56:25.272583     8 HQSession.cpp:3175] Got error on control stream error=HTTP: Critical stream was closed streamID=2 sess=proto=h3, UA=, client CID=059e7ae059629b18, server CID=4000001ec745f5a3, downstream=[::ffff:172.18.0.3]:35343, [::]:4443=local, drain=none
relay-1        | E1010 00:56:25.272753     8 MoQServer.h:234] proxygen::HTTPException: Got error=ApplicationError: 260, HTTP error on control stream
relay-1        | V1010 00:56:25.272767     8 MoQSession.cpp:7639] onSessionEnderr=4294967295 sess=0x7f656c07b140
relay-1        | V1010 00:56:25.272771     8 MoQSession.cpp:3077] close sess=0x7f656c07b140
relay-1        | V1010 00:56:25.272780     8 MoQRelay.cpp:310] publishNamespaceDone ns=moq-test/interop
relay-1        | V1010 00:56:25.272788     8 MoQRelay.cpp:303] Pruning empty subtree at: moq-test
relay-1        | V1010 00:56:25.272795     8 MoQSession.cpp:2203] subscribeError trackReceiveState=0x7f656c092d20
relay-1        | V1010 00:56:25.272798     8 MoQSession.cpp:2232] processPublishDone trackReceiveState=0x7f656c092d20
relay-1        | V1010 00:56:25.272802     8 MoQRelay.cpp:383] onPublishDoneImpl ftn=moq-test/interop/test-track
relay-1        | V1010 00:56:25.272807     8 MoQForwarder.cpp:610] publishDone pubDone reason=closed locally
relay-1        | V1010 00:56:25.272810     8 MoQForwarder.cpp:308] drainSubscriber from publishDone session=15
relay-1        | V1010 00:56:25.272813     8 MoQSession.cpp:6633] sendPublishDone sess=0x7f656c08de80
relay-1        | V1010 00:56:25.272829     8 MoQSession.cpp:6808] publisherDrained id=0 sess=0x7f656c08de80
relay-1        | V1010 00:56:25.272832     8 MoQForwarder.cpp:372] Resetting open subgroups for subscriber=0x7f656c08af60
relay-1        | V1010 00:56:25.272835     8 MoQForwarder.cpp:391] subscribers_.size()=0
relay-1        | I1010 00:56:25.272841     8 MoQRelay.cpp:1938] Publisher terminated for moq-test/interop/test-track
relay-1        | V1010 00:56:25.272855     8 MoQCache.cpp:2285] Added track to LRU: moq-test/interop/test-track
relay-1        | V1010 00:56:25.272859     8 MoQSession.cpp:2186] cancel alias=1 requestID=1
relay-1        | V1010 00:56:25.272865     8 MoQSession.cpp:2721] requestCancellation from cleanup sess=0x7f656c07b140
relay-1        | V1010 00:56:25.272874     8 BidiStreamControl.cpp:37] STOP_SENDING received on bidi stream id=1 code=386759528
relay-1        | V1010 00:56:25.272878     8 BidiStreamControl.cpp:37] STOP_SENDING received on bidi stream id=4 code=386759528
relay-1        | V1010 00:56:25.272883     8 MoQSession.cpp:3094] requestCancellation from close sess=0x7f656c07b140
relay-1        | E1010 00:56:25.272984     8 MoQServer.h:234] proxygen::HTTPException: Got error=ApplicationError: 260, HTTP error on control stream
relay-1        | V1010 00:56:25.272987     8 MoQSession.cpp:7639] onSessionEnderr=4294967295 sess=0x7f656c08de80
relay-1        | V1010 00:56:25.272989     8 MoQSession.cpp:3077] close sess=0x7f656c08de80
relay-1        | V1010 00:56:25.272991     8 MoQSession.cpp:2721] requestCancellation from cleanup sess=0x7f656c08de80
relay-1        | V1010 00:56:25.272996     8 MoQSession.cpp:3094] requestCancellation from close sess=0x7f656c08de80
relay-1        | V1010 00:56:25.273051     8 MoQSession.cpp:3518] exit controlReadLoop sess=0x7f656c07b140
relay-1        | V1010 00:56:25.273060     8 MoQSession.cpp:3518] exit controlReadLoop sess=0x7f656c07b140
relay-1        | V1010 00:56:25.273065     8 MoQSession.cpp:3518] exit controlReadLoop sess=0x7f656c07b140
relay-1        | V1010 00:56:25.273070     8 MoQSession.cpp:3518] exit controlReadLoop sess=0x7f656c08de80
relay-1        | V1010 00:56:25.273074     8 MoQSession.cpp:3518] exit controlReadLoop sess=0x7f656c08de80
relay-1        | V1010 00:56:25.273104     8 MoQSession.cpp:3103] exit controlWriteLoop sess=0x7f656c07b140
relay-1        | V1010 00:56:25.273112     8 MoQSession.cpp:3103] exit controlWriteLoop sess=0x7f656c08de80
relay-1        | V1010 00:56:25.274641     8 MoQServer.cpp:334] MoQServer WebTransport: supported protocols: moqt-18, moqt-16, moqt-15, moq-00
relay-1        | V1010 00:56:25.274654     8 MoQServer.cpp:344] WebTransport: Negotiated protocol: moqt-18
relay-1        | V1010 00:56:25.274733     8 MoQSession.cpp:2801] start sess=0x7f656c037c10
relay-1        | V1010 00:56:25.274748     8 MoQSession.cpp:3145] sendSetup sess=0x7f656c037c10
relay-1        | V1010 00:56:25.274770     8 MoQSession.cpp:3101] controlWriteLoop sess=0x7f656c037c10
relay-1        | V1010 00:56:25.274921     8 MoQSession.cpp:7190] onNewUniStream sess=0x7f656c037c10
relay-1        | V1010 00:56:25.274948     8 MoQSession.cpp:3513] controlReadLoop sess=0x7f656c037c10
relay-1        | V1010 00:56:25.274958     8 MoQSession.cpp:3297] onClientSetup sess=0x7f656c037c10
test-client-1  | [2m2026-10-10T00:56:25.274969Z[0m [32m INFO[0m [2mmoq_test_client::scenarios[0m[2m:[0m Subscriber subscribing BEFORE PUBLISH_NAMESPACE: moq-test/interop/test-track
relay-1        | V1010 00:56:25.274961     8 MoQServerBase.cpp:88] MoQServerBase::ClientSetup
relay-1        | V1010 00:56:25.274963     8 MoQServerBase.cpp:93] MoQServerBase::ClientSetup: Using ALPN-negotiated version: moqt-18
relay-1        | V1010 00:56:25.274967     8 MoQSession.cpp:3375] Negotiated Version=0xff000012 (draft-18)
relay-1        | V1010 00:56:25.275112     8 MoQSession.cpp:7220] onNewBidiStream sess=0x7f656c037c10
relay-1        | V1010 00:56:25.275132     8 MoQSession.cpp:3513] controlReadLoop sess=0x7f656c037c10
relay-1        | V1010 00:56:25.275141     8 MoQSession.cpp:4478] onSubscribeImpl ftn=moq-test/interop/test-track sess=0x7f656c037c10
relay-1        | V1010 00:56:25.275158     8 MoQSession.cpp:4624] Application subscribe error err=no such namespace or track
relay-1        | V1010 00:56:25.275180     8 MoQSession.cpp:6538] subscribeError sess=0x7f656c037c10
relay-1        | V1010 00:56:25.275189     8 MoQSession.cpp:6808] publisherDrained id=0 sess=0x7f656c037c10
test-client-1  | [2m2026-10-10T00:56:25.275274Z[0m [33m WARN[0m [2mmoq_transport::serve::error[0m[2m:[0m [68b111e6-707f-4e91-84ac-0c85dd2ee205] Not found: no such namespace or track at moq-transport/src/session/subscriber.rs:1653
relay-1        | E20261010 00:56:25.275363     8 HQControlCodec.h:58] Unexpected control stream EOF
relay-1        | E20261010 00:56:25.275401     8 HQSession.cpp:3175] Got error on control stream error=HTTP: Critical stream was closed streamID=2 sess=proto=h3, UA=, client CID=5471aec39ee61009, server CID=400000159751bb8f, downstream=[::ffff:172.18.0.3]:52191, [::]:4443=local, drain=none
relay-1        | E1010 00:56:25.275433     8 MoQServer.h:234] proxygen::HTTPException: Got error=ApplicationError: 260, HTTP error on control stream
relay-1        | V1010 00:56:25.275440     8 MoQSession.cpp:7639] onSessionEnderr=4294967295 sess=0x7f656c037c10
relay-1        | V1010 00:56:25.275443     8 MoQSession.cpp:3077] close sess=0x7f656c037c10
relay-1        | V1010 00:56:25.275446     8 MoQSession.cpp:2721] requestCancellation from cleanup sess=0x7f656c037c10
relay-1        | V1010 00:56:25.275452     8 MoQSession.cpp:3094] requestCancellation from close sess=0x7f656c037c10
relay-1        | V1010 00:56:25.275497     8 MoQSession.cpp:3518] exit controlReadLoop sess=0x7f656c037c10
relay-1        | V1010 00:56:25.275505     8 MoQSession.cpp:3518] exit controlReadLoop sess=0x7f656c037c10
test-client-1  | [2m2026-10-10T00:56:25.275531Z[0m [33m WARN[0m [2mweb_transport_quinn::session[0m[2m:[0m failed to read capsule [3me[0m[2m=[0mUnexpectedEnd
relay-1        | V1010 00:56:25.275521     8 MoQSession.cpp:3103] exit controlWriteLoop sess=0x7f656c037c10
relay-1        | V1010 00:56:25.283763     8 MoQSession.cpp:2666] ~MoQSession sess=0x7f656c07b140
relay-1        | V1010 00:56:25.283895     8 MoQSession.cpp:2666] ~MoQSession sess=0x7f656c08de80
relay-1        | V1010 00:56:25.283929     8 MoQSession.cpp:2666] ~MoQSession sess=0x7f656c037c10
test-client-1  | [2m2026-10-10T00:56:25.777144Z[0m [32m INFO[0m [2mmoq_native_ietf::quic[0m[2m:[0m UDP socket bound [3mbind[0m[2m=[0m[::]:0 [3mlocal[0m[2m=[0m[::]:38125 [3mdual_stack[0m[2m=[0mtrue
relay-1        | V1010 00:56:25.779872     8 MoQServer.cpp:334] MoQServer WebTransport: supported protocols: moqt-18, moqt-16, moqt-15, moq-00
relay-1        | V1010 00:56:25.779898     8 MoQServer.cpp:344] WebTransport: Negotiated protocol: moqt-18
relay-1        | V1010 00:56:25.779978     8 MoQSession.cpp:2801] start sess=0x7f656c07f9a0
relay-1        | V1010 00:56:25.779995     8 MoQSession.cpp:3145] sendSetup sess=0x7f656c07f9a0
relay-1        | V1010 00:56:25.780021     8 MoQSession.cpp:3101] controlWriteLoop sess=0x7f656c07f9a0
test-client-1  | [2m2026-10-10T00:56:25.780252Z[0m [32m INFO[0m [2mmoq_test_client::scenarios[0m[2m:[0m Publisher sending PUBLISH_NAMESPACE (after subscriber): moq-test/interop
relay-1        | V1010 00:56:25.780212     8 MoQSession.cpp:7190] onNewUniStream sess=0x7f656c07f9a0
relay-1        | V1010 00:56:25.780238     8 MoQSession.cpp:3513] controlReadLoop sess=0x7f656c07f9a0
relay-1        | V1010 00:56:25.780244     8 MoQSession.cpp:3297] onClientSetup sess=0x7f656c07f9a0
relay-1        | V1010 00:56:25.780246     8 MoQServerBase.cpp:88] MoQServerBase::ClientSetup
relay-1        | V1010 00:56:25.780248     8 MoQServerBase.cpp:93] MoQServerBase::ClientSetup: Using ALPN-negotiated version: moqt-18
relay-1        | V1010 00:56:25.780251     8 MoQSession.cpp:3375] Negotiated Version=0xff000012 (draft-18)
relay-1        | V1010 00:56:25.780320     8 MoQSession.cpp:7220] onNewBidiStream sess=0x7f656c07f9a0
relay-1        | V1010 00:56:25.780375     8 MoQSession.cpp:3513] controlReadLoop sess=0x7f656c07f9a0
relay-1        | V1010 00:56:25.780386     8 MoQRelaySession.cpp:1183] onPublishNamespaceImpl ns=moq-test/interop sess=0x7f656c07f9a0
relay-1        | V1010 00:56:25.780399     8 MoQRelay.cpp:134] publishNamespace ns=moq-test/interop
relay-1        | V1010 00:56:25.780410     8 MoQRelaySession.cpp:1282] publishNamespaceOk reqID=0 sess=0x7f656c07f9a0
test-client-1  | ok 5 - subscribe-before-publish-namespace
test-client-1  |   ---
test-client-1  |   duration_ms: 3510
test-client-1  |   subscriber_connection_id: be892f99d028740432e1848fe8a73327
test-client-1  |   publisher_connection_id: 427b28fd95a170b04d4a63f7ad91572d
test-client-1  |   ...
test-client-1  | [2m2026-10-10T00:56:28.782064Z[0m [32m INFO[0m [2mmoq_test_client::scenarios[0m[2m:[0m Publisher PUBLISH_NAMESPACE timeout (expected)
test-client-1  | [2m2026-10-10T00:56:28.782085Z[0m [32m INFO[0m [2mmoq_test_client::scenarios[0m[2m:[0m Subscriber got error: not found: Track not found [error:68b111e6-707f-4e91-84ac-0c85dd2ee205] (may be expected)
relay-1        | E20261010 00:56:28.782213     8 HQControlCodec.h:58] Unexpected control stream EOF
relay-1        | E20261010 00:56:28.782285     8 HQSession.cpp:3175] Got error on control stream error=HTTP: Critical stream was closed streamID=2 sess=proto=h3, UA=, client CID=ce42262927e9cba6, server CID=4000001d5e51da5f, downstream=[::ffff:172.18.0.3]:38125, [::]:4443=local, drain=none
relay-1        | E1010 00:56:28.782361     8 MoQServer.h:234] proxygen::HTTPException: Got error=ApplicationError: 260, HTTP error on control stream
relay-1        | V1010 00:56:28.782377     8 MoQSession.cpp:7639] onSessionEnderr=4294967295 sess=0x7f656c07f9a0
relay-1        | V1010 00:56:28.782381     8 MoQSession.cpp:3077] close sess=0x7f656c07f9a0
relay-1        | V1010 00:56:28.782389     8 MoQRelay.cpp:310] publishNamespaceDone ns=moq-test/interop
relay-1        | V1010 00:56:28.782398     8 MoQRelay.cpp:303] Pruning empty subtree at: moq-test
relay-1        | V1010 00:56:28.782406     8 MoQSession.cpp:2721] requestCancellation from cleanup sess=0x7f656c07f9a0
relay-1        | V1010 00:56:28.782422     8 BidiStreamControl.cpp:37] STOP_SENDING received on bidi stream id=4 code=386759528
relay-1        | V1010 00:56:28.782432     8 MoQSession.cpp:3094] requestCancellation from close sess=0x7f656c07f9a0
relay-1        | V1010 00:56:28.782535     8 MoQSession.cpp:3518] exit controlReadLoop sess=0x7f656c07f9a0
relay-1        | V1010 00:56:28.782552     8 MoQSession.cpp:3518] exit controlReadLoop sess=0x7f656c07f9a0
relay-1        | V1010 00:56:28.782604     8 MoQSession.cpp:3103] exit controlWriteLoop sess=0x7f656c07f9a0
test-client-1  | [2m2026-10-10T00:56:28.782715Z[0m [33m WARN[0m [2mweb_transport_quinn::session[0m[2m:[0m failed to read capsule [3me[0m[2m=[0mUnexpectedEnd
test-client-1  | [2m2026-10-10T00:56:28.782745Z[0m [32m INFO[0m [2mmoq_native_ietf::quic[0m[2m:[0m UDP socket bound [3mbind[0m[2m=[0m[::]:0 [3mlocal[0m[2m=[0m[::]:34458 [3mdual_stack[0m[2m=[0mtrue
relay-1        | V1010 00:56:28.784600     8 MoQServer.cpp:334] MoQServer WebTransport: supported protocols: moqt-18, moqt-16, moqt-15, moq-00
relay-1        | V1010 00:56:28.784612     8 MoQServer.cpp:344] WebTransport: Negotiated protocol: moqt-18
relay-1        | V1010 00:56:28.784693     8 MoQSession.cpp:2801] start sess=0x7f656c0609f0
relay-1        | V1010 00:56:28.784709     8 MoQSession.cpp:3145] sendSetup sess=0x7f656c0609f0
relay-1        | V1010 00:56:28.784757     8 MoQSession.cpp:3101] controlWriteLoop sess=0x7f656c0609f0
test-client-1  | [2m2026-10-10T00:56:28.784892Z[0m [32m INFO[0m [2mmoq_test_client::scenarios[0m[2m:[0m Sending PUBLISH_NAMESPACE: moq-test/interop
relay-1        | V1010 00:56:28.784914     8 MoQSession.cpp:7190] onNewUniStream sess=0x7f656c0609f0
relay-1        | V1010 00:56:28.784935     8 MoQSession.cpp:3513] controlReadLoop sess=0x7f656c0609f0
relay-1        | V1010 00:56:28.784942     8 MoQSession.cpp:3297] onClientSetup sess=0x7f656c0609f0
relay-1        | V1010 00:56:28.784945     8 MoQServerBase.cpp:88] MoQServerBase::ClientSetup
relay-1        | V1010 00:56:28.784948     8 MoQServerBase.cpp:93] MoQServerBase::ClientSetup: Using ALPN-negotiated version: moqt-18
relay-1        | V1010 00:56:28.784951     8 MoQSession.cpp:3375] Negotiated Version=0xff000012 (draft-18)
relay-1        | V1010 00:56:28.784995     8 MoQSession.cpp:7220] onNewBidiStream sess=0x7f656c0609f0
relay-1        | V1010 00:56:28.785008     8 MoQSession.cpp:3513] controlReadLoop sess=0x7f656c0609f0
relay-1        | V1010 00:56:28.785014     8 MoQRelaySession.cpp:1183] onPublishNamespaceImpl ns=moq-test/interop sess=0x7f656c0609f0
relay-1        | V1010 00:56:28.785026     8 MoQRelay.cpp:134] publishNamespace ns=moq-test/interop
relay-1        | V1010 00:56:28.785035     8 MoQRelaySession.cpp:1282] publishNamespaceOk reqID=0 sess=0x7f656c0609f0
relay-1        | V1010 00:56:28.792177     8 MoQSession.cpp:2666] ~MoQSession sess=0x7f656c07f9a0
test-client-1  | [2m2026-10-10T00:56:30.786904Z[0m [32m INFO[0m [2mmoq_test_client::scenarios[0m[2m:[0m PUBLISH_NAMESPACE active; sending PUBLISH_NAMESPACE_DONE
relay-1        | V1010 00:56:30.787060     8 MoQSession.cpp:3518] exit controlReadLoop sess=0x7f656c0609f0
relay-1        | V1010 00:56:30.787089     8 MoQSession.cpp:3518] exit controlReadLoop sess=0x7f656c0609f0
test-client-1  | [2m2026-10-10T00:56:30.888647Z[0m [32m INFO[0m [2mmoq_test_client::scenarios[0m[2m:[0m PUBLISH_NAMESPACE_DONE sent successfully
test-client-1  | ok 6 - publish-namespace-done
test-client-1  |   ---
test-client-1  |   duration_ms: 2106
test-client-1  |   connection_id: 86265d2e4d11d09d3ee15b74d073c9d1
test-client-1  |   ...
relay-1        | E20261010 00:56:30.888993     8 HQControlCodec.h:58] Unexpected control stream EOF
relay-1        | E20261010 00:56:30.889051     8 HQSession.cpp:3175] Got error on control stream error=HTTP: Critical stream was closed streamID=2 sess=proto=h3, UA=, client CID=8d81cdd57f06a123, server CID=4000000bbd934149, downstream=[::ffff:172.18.0.3]:34458, [::]:4443=local, drain=none
relay-1        | E1010 00:56:30.889119     8 MoQServer.h:234] proxygen::HTTPException: Got error=ApplicationError: 260, HTTP error on control stream
relay-1        | V1010 00:56:30.889135     8 MoQSession.cpp:7639] onSessionEnderr=4294967295 sess=0x7f656c0609f0
relay-1        | V1010 00:56:30.889139     8 MoQSession.cpp:3077] close sess=0x7f656c0609f0
test-client-1  | [2m2026-10-10T00:56:30.889337Z[0m [33m WARN[0m [2mweb_transport_quinn::session[0m[2m:[0m failed to read capsule [3me[0m[2m=[0mUnexpectedEnd
relay-1        | V1010 00:56:30.889146     8 MoQRelay.cpp:310] publishNamespaceDone ns=moq-test/interop
relay-1        | V1010 00:56:30.889157     8 MoQRelay.cpp:303] Pruning empty subtree at: moq-test
relay-1        | V1010 00:56:30.889169     8 MoQSession.cpp:2721] requestCancellation from cleanup sess=0x7f656c0609f0
relay-1        | V1010 00:56:30.889189     8 MoQSession.cpp:3094] requestCancellation from close sess=0x7f656c0609f0
relay-1        | V1010 00:56:30.889320     8 MoQSession.cpp:3103] exit controlWriteLoop sess=0x7f656c0609f0
test-client-1  | [2m2026-10-10T00:56:30.889412Z[0m [32m INFO[0m [2mmoq_native_ietf::quic[0m[2m:[0m UDP socket bound [3mbind[0m[2m=[0m[::]:0 [3mlocal[0m[2m=[0m[::]:50090 [3mdual_stack[0m[2m=[0mtrue
relay-1        | V1010 00:56:30.890986     8 MoQServer.cpp:334] MoQServer WebTransport: supported protocols: moqt-18, moqt-16, moqt-15, moq-00
relay-1        | V1010 00:56:30.891001     8 MoQServer.cpp:344] WebTransport: Negotiated protocol: moqt-18
relay-1        | V1010 00:56:30.891079     8 MoQSession.cpp:2801] start sess=0x7f656c037a90
test-client-1  | [2m2026-10-10T00:56:30.891226Z[0m [32m INFO[0m [2mmoq_test_client::scenarios[0m[2m:[0m Publisher sending direct PUBLISH [3mnamespace[0m[2m=[0m/moq-test/publish [3mtrack[0m[2m=[0m"published-track"
relay-1        | V1010 00:56:30.891095     8 MoQSession.cpp:3145] sendSetup sess=0x7f656c037a90
relay-1        | V1010 00:56:30.891153     8 MoQSession.cpp:3101] controlWriteLoop sess=0x7f656c037a90
relay-1        | V1010 00:56:30.891213     8 MoQSession.cpp:7190] onNewUniStream sess=0x7f656c037a90
relay-1        | V1010 00:56:30.891228     8 MoQSession.cpp:3513] controlReadLoop sess=0x7f656c037a90
relay-1        | V1010 00:56:30.891233     8 MoQSession.cpp:3297] onClientSetup sess=0x7f656c037a90
relay-1        | V1010 00:56:30.891236     8 MoQServerBase.cpp:88] MoQServerBase::ClientSetup
relay-1        | V1010 00:56:30.891239     8 MoQServerBase.cpp:93] MoQServerBase::ClientSetup: Using ALPN-negotiated version: moqt-18
relay-1        | V1010 00:56:30.891243     8 MoQSession.cpp:3375] Negotiated Version=0xff000012 (draft-18)
relay-1        | V1010 00:56:30.891327     8 MoQSession.cpp:7220] onNewBidiStream sess=0x7f656c037a90
relay-1        | V1010 00:56:30.891348     8 MoQSession.cpp:3513] controlReadLoop sess=0x7f656c037a90
relay-1        | V1010 00:56:30.891363     8 MoQSession.cpp:5166] onPublishImpl reqID=0 sess=0x7f656c037a90
relay-1        | V1010 00:56:30.891379     8 MoQRelay.cpp:422] publish ftn=moq-test/publish/published-track
relay-1        | E1010 00:56:30.891386     8 MoQRelay.cpp:82] prefix not found in tree
relay-1        | V1010 00:56:30.891401     8 MoQSession.cpp:6318] publishOk reqID=0 sess=0x7f656c037a90
test-client-1  | [2m2026-10-10T00:56:30.891501Z[0m [32m INFO[0m [2mmoq_test_client::scenarios[0m[2m:[0m PUBLISH accepted [3mnamespace[0m[2m=[0m/moq-test/publish [3mtrack[0m[2m=[0m"published-track"
test-client-1  | [2m2026-10-10T00:56:30.891599Z[0m [32m INFO[0m [2mmoq_test_client::scenarios[0m[2m:[0m PUBLISH completed [3mnamespace[0m[2m=[0m/moq-test/publish [3mtrack[0m[2m=[0m"published-track"
relay-1        | V1010 00:56:30.891677     8 MoQSession.cpp:5322] PublishDone id=0 code=2 reason=publish ended
relay-1        | V1010 00:56:30.891688     8 MoQSession.cpp:2232] processPublishDone trackReceiveState=0x7f656c092a40
relay-1        | V1010 00:56:30.891693     8 MoQRelay.cpp:383] onPublishDoneImpl ftn=moq-test/publish/published-track
relay-1        | V1010 00:56:30.891696     8 MoQRelay.cpp:303] Pruning empty subtree at: moq-test
relay-1        | V1010 00:56:30.891699     8 MoQRelay.cpp:412] Publisher terminated with no subscribers, cleaning up moq-test/publish/published-track
relay-1        | V1010 00:56:30.891703     8 MoQForwarder.cpp:610] publishDone pubDone reason=publish ended
test-client-1  | ok 7 - publish-track-only
test-client-1  |   ---
relay-1        | V1010 00:56:30.891709     8 MoQSession.cpp:3518] exit controlReadLoop sess=0x7f656c037a90
relay-1        | V1010 00:56:30.891716     8 MoQSession.cpp:3518] exit controlReadLoop sess=0x7f656c037a90
test-client-1  |   duration_ms: 2
relay-1        | E20261010 00:56:30.891736     8 HQControlCodec.h:58] Unexpected control stream EOF
test-client-1  |   connection_id: d8660813c29d244309db43d52bc1bb6c
relay-1        | E20261010 00:56:30.891775     8 HQSession.cpp:3175] Got error on control stream error=HTTP: Critical stream was closed streamID=2 sess=proto=h3, UA=, client CID=a818fd57ae64a7b4, server CID=40000003c43a62c4, downstream=[::ffff:172.18.0.3]:50090, [::]:4443=local, drain=none
test-client-1  |   ...
relay-1        | E1010 00:56:30.891807     8 MoQServer.h:234] proxygen::HTTPException: Got error=ApplicationError: 260, HTTP error on control stream
relay-1        | V1010 00:56:30.891814     8 MoQSession.cpp:7639] onSessionEnderr=4294967295 sess=0x7f656c037a90
test-client-1  | [2m2026-10-10T00:56:30.891917Z[0m [33m WARN[0m [2mweb_transport_quinn::session[0m[2m:[0m failed to read capsule [3me[0m[2m=[0mUnexpectedEnd
relay-1        | V1010 00:56:30.891816     8 MoQSession.cpp:3077] close sess=0x7f656c037a90
relay-1        | V1010 00:56:30.891821     8 MoQSession.cpp:2721] requestCancellation from cleanup sess=0x7f656c037a90
relay-1        | V1010 00:56:30.891829     8 MoQSession.cpp:3094] requestCancellation from close sess=0x7f656c037a90
relay-1        | V1010 00:56:30.891896     8 MoQSession.cpp:3103] exit controlWriteLoop sess=0x7f656c037a90
test-client-1  | [2m2026-10-10T00:56:30.892275Z[0m [32m INFO[0m [2mmoq_native_ietf::quic[0m[2m:[0m UDP socket bound [3mbind[0m[2m=[0m[::]:0 [3mlocal[0m[2m=[0m[::]:42153 [3mdual_stack[0m[2m=[0mtrue
relay-1        | V1010 00:56:30.893438     8 MoQServer.cpp:334] MoQServer WebTransport: supported protocols: moqt-18, moqt-16, moqt-15, moq-00
relay-1        | V1010 00:56:30.893446     8 MoQServer.cpp:344] WebTransport: Negotiated protocol: moqt-18
relay-1        | V1010 00:56:30.893496     8 MoQSession.cpp:2801] start sess=0x7f656c05e640
relay-1        | V1010 00:56:30.893507     8 MoQSession.cpp:3145] sendSetup sess=0x7f656c05e640
relay-1        | V1010 00:56:30.893550     8 MoQSession.cpp:3101] controlWriteLoop sess=0x7f656c05e640
relay-1        | V1010 00:56:30.893655     8 MoQSession.cpp:7190] onNewUniStream sess=0x7f656c05e640
relay-1        | V1010 00:56:30.893691     8 MoQSession.cpp:3513] controlReadLoop sess=0x7f656c05e640
relay-1        | V1010 00:56:30.893707     8 MoQSession.cpp:3297] onClientSetup sess=0x7f656c05e640
relay-1        | V1010 00:56:30.893720     8 MoQServerBase.cpp:88] MoQServerBase::ClientSetup
relay-1        | V1010 00:56:30.893723     8 MoQServerBase.cpp:93] MoQServerBase::ClientSetup: Using ALPN-negotiated version: moqt-18
relay-1        | V1010 00:56:30.893727     8 MoQSession.cpp:3375] Negotiated Version=0xff000012 (draft-18)
test-client-1  | [2m2026-10-10T00:56:30.894144Z[0m [32m INFO[0m [2mmoq_native_ietf::quic[0m[2m:[0m UDP socket bound [3mbind[0m[2m=[0m[::]:0 [3mlocal[0m[2m=[0m[::]:37082 [3mdual_stack[0m[2m=[0mtrue
relay-1        | V1010 00:56:30.895130     8 MoQServer.cpp:334] MoQServer WebTransport: supported protocols: moqt-18, moqt-16, moqt-15, moq-00
relay-1        | V1010 00:56:30.895140     8 MoQServer.cpp:344] WebTransport: Negotiated protocol: moqt-18
relay-1        | V1010 00:56:30.895185     8 MoQSession.cpp:2801] start sess=0x7f656c06c330
relay-1        | V1010 00:56:30.895196     8 MoQSession.cpp:3145] sendSetup sess=0x7f656c06c330
relay-1        | V1010 00:56:30.895214     8 MoQSession.cpp:3101] controlWriteLoop sess=0x7f656c06c330
relay-1        | V1010 00:56:30.895392     8 MoQSession.cpp:7190] onNewUniStream sess=0x7f656c06c330
relay-1        | V1010 00:56:30.895412     8 MoQSession.cpp:3513] controlReadLoop sess=0x7f656c06c330
relay-1        | V1010 00:56:30.895415     8 MoQSession.cpp:3297] onClientSetup sess=0x7f656c06c330
relay-1        | V1010 00:56:30.895417     8 MoQServerBase.cpp:88] MoQServerBase::ClientSetup
test-client-1  | [2m2026-10-10T00:56:30.895391Z[0m [32m INFO[0m [2mmoq_test_client::scenarios[0m[2m:[0m Publisher sending direct PUBLISH before subscriber subscribes [3mnamespace[0m[2m=[0m/moq-test/publish [3mtrack[0m[2m=[0m"published-track"
relay-1        | V1010 00:56:30.895419     8 MoQServerBase.cpp:93] MoQServerBase::ClientSetup: Using ALPN-negotiated version: moqt-18
relay-1        | V1010 00:56:30.895422     8 MoQSession.cpp:3375] Negotiated Version=0xff000012 (draft-18)
relay-1        | V1010 00:56:30.895461     8 MoQSession.cpp:7220] onNewBidiStream sess=0x7f656c05e640
relay-1        | V1010 00:56:30.895476     8 MoQSession.cpp:3513] controlReadLoop sess=0x7f656c05e640
relay-1        | V1010 00:56:30.895486     8 MoQSession.cpp:5166] onPublishImpl reqID=0 sess=0x7f656c05e640
relay-1        | V1010 00:56:30.895494     8 MoQRelay.cpp:422] publish ftn=moq-test/publish/published-track
relay-1        | E1010 00:56:30.895497     8 MoQRelay.cpp:82] prefix not found in tree
relay-1        | V1010 00:56:30.895504     8 MoQSession.cpp:6318] publishOk reqID=0 sess=0x7f656c05e640
test-client-1  | [2m2026-10-10T00:56:30.895612Z[0m [32m INFO[0m [2mmoq_test_client::scenarios[0m[2m:[0m PUBLISH accepted; starting subscriber [3mnamespace[0m[2m=[0m/moq-test/publish [3mtrack[0m[2m=[0m"published-track"
relay-1        | V1010 00:56:30.895752     8 MoQSession.cpp:7220] onNewBidiStream sess=0x7f656c06c330
relay-1        | V1010 00:56:30.895776     8 MoQSession.cpp:3513] controlReadLoop sess=0x7f656c06c330
relay-1        | V1010 00:56:30.895785     8 MoQSession.cpp:4478] onSubscribeImpl ftn=moq-test/publish/published-track sess=0x7f656c06c330
relay-1        | V1010 00:56:30.895802     8 MoQLocation.h:24] m=AbsoluteStart g=0 o=0
relay-1        | V1010 00:56:30.895807     8 MoQLocation.h:59] g=0 o=0 g=4611686018427387903 o=4611686018427387903
relay-1        | I1010 00:56:30.895812     8 MoQRelay.cpp:1975] Updating forward for moq-test/publish/published-track numForwardingSubs=1
relay-1        | V1010 00:56:30.895820     8 MoQSession.cpp:6520] sendSubscribeOk sess=0x7f656c06c330
relay-1        | V1010 00:56:30.895868     8 MoQSession.cpp:6838] requestUpdate sess=0x7f656c05e640
test-client-1  | [2m2026-10-10T00:56:30.895957Z[0m [33m WARN[0m [2mmoq_transport::session[0m[2m:[0m unexpected bidi response message type [3mmsg_type[0m[2m=[0m2
test-client-1  | [2m2026-10-10T00:56:30.895967Z[0m [33m WARN[0m [2mmoq_transport::serve::error[0m[2m:[0m [f214b6d8-9fcf-4292-8516-084b86dccb2a] Not implemented: bidi response type 0x2 at moq-transport/src/session/error.rs:89
relay-1        | V1010 00:56:30.896021     8 MoQSession.cpp:3678] Failing pending request id=1 peer FINed without terminal reply sess=0x7f656c05e640
relay-1        | V1010 00:56:30.896030     8 MoQSession.cpp:3518] exit controlReadLoop sess=0x7f656c05e640
relay-1        | E1010 00:56:30.896045     8 MoQRelay.cpp:36] requestUpdate failed: peer FINed without terminal reply
relay-1        | V1010 00:56:30.899141     8 MoQSession.cpp:2666] ~MoQSession sess=0x7f656c0609f0
relay-1        | V1010 00:56:30.899156     8 MoQSession.cpp:2666] ~MoQSession sess=0x7f656c037a90
test-client-1  | not ok 8 - publish-track-subscribe
test-client-1  |   ---
test-client-1  |   duration_ms: 104
test-client-1  |   message: "failed serving PUBLISH track: serve error: cancelled: cancelled"
test-client-1  |   ...
relay-1        | E20261010 00:56:30.996364     8 HQControlCodec.h:58] Unexpected control stream EOF
relay-1        | E20261010 00:56:30.996446     8 HQSession.cpp:3175] Got error on control stream error=HTTP: Critical stream was closed streamID=2 sess=proto=h3, UA=, client CID=be409a920eca5080, server CID=40000005ebe95b75, downstream=[::ffff:172.18.0.3]:42153, [::]:4443=local, drain=none
relay-1        | E20261010 00:56:30.996495     8 HQControlCodec.h:58] Unexpected control stream EOF
relay-1        | E20261010 00:56:30.996506     8 HQSession.cpp:3175] Got error on control stream error=HTTP: Critical stream was closed streamID=2 sess=proto=h3, UA=, client CID=d054b936f2cd4999, server CID=40000015d2a6676d, downstream=[::ffff:172.18.0.3]:37082, [::]:4443=local, drain=none
relay-1        | E1010 00:56:30.996598     8 MoQServer.h:234] proxygen::HTTPException: Got error=ApplicationError: 260, HTTP error on control stream
relay-1        | V1010 00:56:30.996626     8 MoQSession.cpp:7639] onSessionEnderr=4294967295 sess=0x7f656c05e640
relay-1        | V1010 00:56:30.996632     8 MoQSession.cpp:3077] close sess=0x7f656c05e640
relay-1        | V1010 00:56:30.996640     8 MoQSession.cpp:2203] subscribeError trackReceiveState=0x7f656c092d20
relay-1        | V1010 00:56:30.996643     8 MoQSession.cpp:2232] processPublishDone trackReceiveState=0x7f656c092d20
relay-1        | V1010 00:56:30.996648     8 MoQRelay.cpp:383] onPublishDoneImpl ftn=moq-test/publish/published-track
relay-1        | V1010 00:56:30.996655     8 MoQRelay.cpp:303] Pruning empty subtree at: moq-test
relay-1        | V1010 00:56:30.996665     8 MoQForwarder.cpp:610] publishDone pubDone reason=closed locally
relay-1        | V1010 00:56:30.996670     8 MoQForwarder.cpp:308] drainSubscriber from publishDone session=45
relay-1        | V1010 00:56:30.996674     8 MoQSession.cpp:6633] sendPublishDone sess=0x7f656c06c330
relay-1        | V1010 00:56:30.996693     8 MoQSession.cpp:6808] publisherDrained id=0 sess=0x7f656c06c330
relay-1        | V1010 00:56:30.996709     8 MoQForwarder.cpp:372] Resetting open subgroups for subscriber=0x7f656c06be00
relay-1        | V1010 00:56:30.996721     8 MoQForwarder.cpp:391] subscribers_.size()=0
relay-1        | I1010 00:56:30.996730     8 MoQRelay.cpp:1938] Publisher terminated for moq-test/publish/published-track
relay-1        | V1010 00:56:30.996736     8 MoQSession.cpp:2186] cancel alias=0 requestID=0
relay-1        | V1010 00:56:30.996740     8 MoQSession.cpp:2721] requestCancellation from cleanup sess=0x7f656c05e640
relay-1        | V1010 00:56:30.996757     8 MoQSession.cpp:3094] requestCancellation from close sess=0x7f656c05e640
test-client-1  | [2m2026-10-10T00:56:30.996907Z[0m [33m WARN[0m [2mweb_transport_quinn::session[0m[2m:[0m failed to read capsule [3me[0m[2m=[0mUnexpectedEnd
relay-1        | E1010 00:56:30.996863     8 MoQServer.h:234] proxygen::HTTPException: Got error=ApplicationError: 260, HTTP error on control stream
relay-1        | V1010 00:56:30.996884     8 MoQSession.cpp:7639] onSessionEnderr=4294967295 sess=0x7f656c06c330
relay-1        | V1010 00:56:30.996896     8 MoQSession.cpp:3077] close sess=0x7f656c06c330
relay-1        | V1010 00:56:30.996909     8 MoQSession.cpp:2721] requestCancellation from cleanup sess=0x7f656c06c330
relay-1        | V1010 00:56:30.996925     8 MoQSession.cpp:3094] requestCancellation from close sess=0x7f656c06c330
relay-1        | V1010 00:56:30.997001     8 MoQSession.cpp:3518] exit controlReadLoop sess=0x7f656c05e640
relay-1        | V1010 00:56:30.997023     8 MoQSession.cpp:3518] exit controlReadLoop sess=0x7f656c06c330
test-client-1  | [2m2026-10-10T00:56:30.996963Z[0m [32m INFO[0m [2mmoq_native_ietf::quic[0m[2m:[0m UDP socket bound [3mbind[0m[2m=[0m[::]:0 [3mlocal[0m[2m=[0m[::]:45139 [3mdual_stack[0m[2m=[0mtrue
test-client-1  | [2m2026-10-10T00:56:30.996986Z[0m [33m WARN[0m [2mweb_transport_quinn::session[0m[2m:[0m failed to read capsule [3me[0m[2m=[0mUnexpectedEnd
relay-1        | V1010 00:56:30.997040     8 MoQSession.cpp:3518] exit controlReadLoop sess=0x7f656c06c330
relay-1        | V1010 00:56:30.997083     8 MoQSession.cpp:3103] exit controlWriteLoop sess=0x7f656c05e640
relay-1        | V1010 00:56:30.997103     8 MoQSession.cpp:2666] ~MoQSession sess=0x7f656c05e640
relay-1        | V1010 00:56:30.997127     8 MoQSession.cpp:3103] exit controlWriteLoop sess=0x7f656c06c330
relay-1        | V1010 00:56:30.998600     8 MoQServer.cpp:334] MoQServer WebTransport: supported protocols: moqt-18, moqt-16, moqt-15, moq-00
relay-1        | V1010 00:56:30.998614     8 MoQServer.cpp:344] WebTransport: Negotiated protocol: moqt-18
relay-1        | V1010 00:56:30.998693     8 MoQSession.cpp:2801] start sess=0x7f656c08a3f0
relay-1        | V1010 00:56:30.998707     8 MoQSession.cpp:3145] sendSetup sess=0x7f656c08a3f0
relay-1        | V1010 00:56:30.998733     8 MoQSession.cpp:3101] controlWriteLoop sess=0x7f656c08a3f0
test-client-1  | [2m2026-10-10T00:56:30.998897Z[0m [32m INFO[0m [2mmoq_test_client::scenarios[0m[2m:[0m Subscribing with RENDEZVOUS_TIMEOUT to a track with no publisher [3mtimeout_ms[0m[2m=[0m500
relay-1        | V1010 00:56:30.998994     8 MoQSession.cpp:7190] onNewUniStream sess=0x7f656c08a3f0
relay-1        | V1010 00:56:30.999031     8 MoQSession.cpp:3513] controlReadLoop sess=0x7f656c08a3f0
relay-1        | V1010 00:56:30.999064     8 MoQSession.cpp:3297] onClientSetup sess=0x7f656c08a3f0
relay-1        | V1010 00:56:30.999070     8 MoQServerBase.cpp:88] MoQServerBase::ClientSetup
relay-1        | V1010 00:56:30.999073     8 MoQServerBase.cpp:93] MoQServerBase::ClientSetup: Using ALPN-negotiated version: moqt-18
relay-1        | V1010 00:56:30.999077     8 MoQSession.cpp:3375] Negotiated Version=0xff000012 (draft-18)
relay-1        | V1010 00:56:30.999085     8 MoQSession.cpp:7220] onNewBidiStream sess=0x7f656c08a3f0
relay-1        | V1010 00:56:30.999103     8 MoQSession.cpp:3513] controlReadLoop sess=0x7f656c08a3f0
relay-1        | V1010 00:56:30.999117     8 MoQSession.cpp:4478] onSubscribeImpl ftn=nonexistent/rendezvous/test-track sess=0x7f656c08a3f0
relay-1        | V1010 00:56:31.007453     8 MoQSession.cpp:2666] ~MoQSession sess=0x7f656c06c330
relay-1        | V1010 00:56:31.499546     8 MoQSession.cpp:4624] Application subscribe error err=rendezvous timeout expired
relay-1        | V1010 00:56:31.499588     8 MoQSession.cpp:6538] subscribeError sess=0x7f656c08a3f0
relay-1        | V1010 00:56:31.499622     8 MoQSession.cpp:6808] publisherDrained id=0 sess=0x7f656c08a3f0
test-client-1  | [2m2026-10-10T00:56:31.500055Z[0m [32m INFO[0m [2mmoq_test_client::scenarios[0m[2m:[0m Received expected REQUEST_ERROR TIMEOUT
test-client-1  | [2m2026-10-10T00:56:31.500337Z[0m [33m WARN[0m [2mweb_transport_quinn::session[0m[2m:[0m failed to read capsule [3me[0m[2m=[0mUnexpectedEnd
relay-1        | V1010 00:56:31.500077     8 MoQSession.cpp:3518] exit controlReadLoop sess=0x7f656c08a3f0
relay-1        | V1010 00:56:31.500095     8 MoQSession.cpp:3518] exit controlReadLoop sess=0x7f656c08a3f0
relay-1        | E20261010 00:56:31.500126     8 HQControlCodec.h:58] Unexpected control stream EOF
relay-1        | E20261010 00:56:31.500177     8 HQSession.cpp:3175] Got error on control stream error=HTTP: Critical stream was closed streamID=2 sess=proto=h3, UA=, client CID=0b69fd633d9877d5, server CID=40000001a15c33ca, downstream=[::ffff:172.18.0.3]:45139, [::]:4443=local, drain=none
test-client-1  | ok 9 - rendezvous-timeout
relay-1        | E1010 00:56:31.500236     8 MoQServer.h:234] proxygen::HTTPException: Got error=ApplicationError: 260, HTTP error on control stream
relay-1        | V1010 00:56:31.500239     8 MoQSession.cpp:7639] onSessionEnderr=4294967295 sess=0x7f656c08a3f0
relay-1        | V1010 00:56:31.500241     8 MoQSession.cpp:3077] close sess=0x7f656c08a3f0
relay-1        | V1010 00:56:31.500248     8 MoQSession.cpp:2721] requestCancellation from cleanup sess=0x7f656c08a3f0
relay-1        | V1010 00:56:31.500257     8 MoQSession.cpp:3094] requestCancellation from close sess=0x7f656c08a3f0
relay-1        | V1010 00:56:31.500352     8 MoQSession.cpp:3103] exit controlWriteLoop sess=0x7f656c08a3f0
test-client-1  |   ---
test-client-1  |   duration_ms: 503
test-client-1  |   connection_id: 017992de9d53671b27d6c9638e78b536
test-client-1  |   ...
test-client-1  | [2m2026-10-10T00:56:31.500693Z[0m [32m INFO[0m [2mmoq_native_ietf::quic[0m[2m:[0m UDP socket bound [3mbind[0m[2m=[0m[::]:0 [3mlocal[0m[2m=[0m[::]:49260 [3mdual_stack[0m[2m=[0mtrue
relay-1        | V1010 00:56:31.502293     8 MoQServer.cpp:334] MoQServer WebTransport: supported protocols: moqt-18, moqt-16, moqt-15, moq-00
relay-1        | V1010 00:56:31.502307     8 MoQServer.cpp:344] WebTransport: Negotiated protocol: moqt-18
relay-1        | V1010 00:56:31.502389     8 MoQSession.cpp:2801] start sess=0x7f656c080ff0
relay-1        | V1010 00:56:31.502403     8 MoQSession.cpp:3145] sendSetup sess=0x7f656c080ff0
relay-1        | V1010 00:56:31.502455     8 MoQSession.cpp:3101] controlWriteLoop sess=0x7f656c080ff0
relay-1        | V1010 00:56:31.502605     8 MoQSession.cpp:7190] onNewUniStream sess=0x7f656c080ff0
relay-1        | V1010 00:56:31.502626     8 MoQSession.cpp:3513] controlReadLoop sess=0x7f656c080ff0
relay-1        | V1010 00:56:31.502631     8 MoQSession.cpp:3297] onClientSetup sess=0x7f656c080ff0
relay-1        | V1010 00:56:31.502634     8 MoQServerBase.cpp:88] MoQServerBase::ClientSetup
relay-1        | V1010 00:56:31.502637     8 MoQServerBase.cpp:93] MoQServerBase::ClientSetup: Using ALPN-negotiated version: moqt-18
relay-1        | V1010 00:56:31.502641     8 MoQSession.cpp:3375] Negotiated Version=0xff000012 (draft-18)
relay-1        | V1010 00:56:31.502735     8 MoQSession.cpp:7220] onNewBidiStream sess=0x7f656c080ff0
relay-1        | V1010 00:56:31.502754     8 MoQSession.cpp:3513] controlReadLoop sess=0x7f656c080ff0
relay-1        | V1010 00:56:31.502765     8 MoQSession.cpp:4478] onSubscribeImpl ftn=moq-test-00/0/0/0/2/4/5/64/32/2/1/1/0/-1/-1/0/moq-test-ccfd9e90b6abc075 sess=0x7f656c080ff0
relay-1        | V1010 00:56:31.509906     8 MoQSession.cpp:2666] ~MoQSession sess=0x7f656c08a3f0
test-client-1  | [2m2026-10-10T00:56:31.704193Z[0m [32m INFO[0m [2mmoq_native_ietf::quic[0m[2m:[0m UDP socket bound [3mbind[0m[2m=[0m[::]:0 [3mlocal[0m[2m=[0m[::]:55192 [3mdual_stack[0m[2m=[0mtrue
relay-1        | V1010 00:56:31.706338     8 MoQServer.cpp:334] MoQServer WebTransport: supported protocols: moqt-18, moqt-16, moqt-15, moq-00
relay-1        | V1010 00:56:31.706362     8 MoQServer.cpp:344] WebTransport: Negotiated protocol: moqt-18
relay-1        | V1010 00:56:31.706443     8 MoQSession.cpp:2801] start sess=0x7f656c0379f0
relay-1        | V1010 00:56:31.706459     8 MoQSession.cpp:3145] sendSetup sess=0x7f656c0379f0
relay-1        | V1010 00:56:31.706487     8 MoQSession.cpp:3101] controlWriteLoop sess=0x7f656c0379f0
relay-1        | V1010 00:56:31.706657     8 MoQSession.cpp:7190] onNewUniStream sess=0x7f656c0379f0
relay-1        | V1010 00:56:31.706680     8 MoQSession.cpp:3513] controlReadLoop sess=0x7f656c0379f0
relay-1        | V1010 00:56:31.706686     8 MoQSession.cpp:3297] onClientSetup sess=0x7f656c0379f0
relay-1        | V1010 00:56:31.706692     8 MoQServerBase.cpp:88] MoQServerBase::ClientSetup
relay-1        | V1010 00:56:31.706696     8 MoQServerBase.cpp:93] MoQServerBase::ClientSetup: Using ALPN-negotiated version: moqt-18
relay-1        | V1010 00:56:31.706699     8 MoQSession.cpp:3375] Negotiated Version=0xff000012 (draft-18)
relay-1        | V1010 00:56:31.706738     8 MoQSession.cpp:7220] onNewBidiStream sess=0x7f656c0379f0
relay-1        | V1010 00:56:31.706758     8 MoQSession.cpp:3513] controlReadLoop sess=0x7f656c0379f0
relay-1        | V1010 00:56:31.706769     8 MoQSession.cpp:5166] onPublishImpl reqID=0 sess=0x7f656c0379f0
relay-1        | V1010 00:56:31.706784     8 MoQRelay.cpp:422] publish ftn=moq-test-00/0/0/0/2/4/5/64/32/2/1/1/0/-1/-1/0/moq-test-ccfd9e90b6abc075
relay-1        | E1010 00:56:31.706792     8 MoQRelay.cpp:82] prefix not found in tree
relay-1        | V1010 00:56:31.706816     8 MoQSession.cpp:6318] publishOk reqID=0 sess=0x7f656c0379f0
relay-1        | V1010 00:56:31.706884     8 MoQLocation.h:24] m=AbsoluteStart g=0 o=0
relay-1        | V1010 00:56:31.706899     8 MoQLocation.h:59] g=0 o=0 g=4611686018427387903 o=4611686018427387903
relay-1        | I1010 00:56:31.706914     8 MoQRelay.cpp:1975] Updating forward for moq-test-00/0/0/0/2/4/5/64/32/2/1/1/0/-1/-1/0/moq-test-ccfd9e90b6abc075 numForwardingSubs=1
relay-1        | V1010 00:56:31.706927     8 MoQSession.cpp:6520] sendSubscribeOk sess=0x7f656c080ff0
relay-1        | V1010 00:56:31.706969     8 MoQSession.cpp:6838] requestUpdate sess=0x7f656c0379f0
test-client-1  | [2m2026-10-10T00:56:31.707052Z[0m [33m WARN[0m [2mmoq_transport::session[0m[2m:[0m unexpected bidi response message type [3mmsg_type[0m[2m=[0m2
test-client-1  | [2m2026-10-10T00:56:31.707080Z[0m [33m WARN[0m [2mmoq_transport::serve::error[0m[2m:[0m [0df7b2a3-006d-461c-8bfe-8f37e6f0236a] Not implemented: bidi response type 0x2 at moq-transport/src/session/error.rs:89
test-client-1  | [2m2026-10-10T00:56:31.707139Z[0m [32m INFO[0m [2mmoq_test_client::moqtest[0m[2m:[0m PUBLISH accepted and subscription bound; generating objects [3mobjects[0m[2m=[0m15 [3mstreams[0m[2m=[0m3
relay-1        | V1010 00:56:31.707146     8 MoQSession.cpp:3678] Failing pending request id=1 peer FINed without terminal reply sess=0x7f656c0379f0
relay-1        | V1010 00:56:31.707154     8 MoQSession.cpp:3518] exit controlReadLoop sess=0x7f656c0379f0
relay-1        | E1010 00:56:31.707169     8 MoQRelay.cpp:36] requestUpdate failed: peer FINed without terminal reply
test-client-1  | not ok 10 - moq-test-subgroup-per-group
test-client-1  |   ---
test-client-1  |   duration_ms: 222
test-client-1  |   message: "failed to create subgroup: cancelled"
test-client-1  |   ...
relay-1        | E20261010 00:56:31.722823     8 HQControlCodec.h:58] Unexpected control stream EOF
relay-1        | E20261010 00:56:31.722889     8 HQSession.cpp:3175] Got error on control stream error=HTTP: Critical stream was closed streamID=2 sess=proto=h3, UA=, client CID=a64c032ef8480511, server CID=400000069263e811, downstream=[::ffff:172.18.0.3]:55192, [::]:4443=local, drain=none
relay-1        | E1010 00:56:31.722960     8 MoQServer.h:234] proxygen::HTTPException: Got error=ApplicationError: 260, HTTP error on control stream
relay-1        | V1010 00:56:31.722972     8 MoQSession.cpp:7639] onSessionEnderr=4294967295 sess=0x7f656c0379f0
relay-1        | V1010 00:56:31.722975     8 MoQSession.cpp:3077] close sess=0x7f656c0379f0
relay-1        | V1010 00:56:31.722986     8 MoQSession.cpp:2203] subscribeError trackReceiveState=0x7f656c07f150
relay-1        | V1010 00:56:31.722992     8 MoQSession.cpp:2232] processPublishDone trackReceiveState=0x7f656c07f150
relay-1        | V1010 00:56:31.722999     8 MoQRelay.cpp:383] onPublishDoneImpl ftn=moq-test-00/0/0/0/2/4/5/64/32/2/1/1/0/-1/-1/0/moq-test-ccfd9e90b6abc075
relay-1        | V1010 00:56:31.723012     8 MoQRelay.cpp:303] Pruning empty subtree at: moq-test-00
relay-1        | V1010 00:56:31.723021     8 MoQForwarder.cpp:610] publishDone pubDone reason=closed locally
relay-1        | V1010 00:56:31.723026     8 MoQForwarder.cpp:308] drainSubscriber from publishDone session=59
relay-1        | V1010 00:56:31.723029     8 MoQSession.cpp:6633] sendPublishDone sess=0x7f656c080ff0
relay-1        | V1010 00:56:31.723050     8 MoQSession.cpp:6808] publisherDrained id=0 sess=0x7f656c080ff0
relay-1        | V1010 00:56:31.723055     8 MoQForwarder.cpp:372] Resetting open subgroups for subscriber=0x7f656c074160
relay-1        | V1010 00:56:31.723058     8 MoQForwarder.cpp:391] subscribers_.size()=0
relay-1        | I1010 00:56:31.723065     8 MoQRelay.cpp:1938] Publisher terminated for moq-test-00/0/0/0/2/4/5/64/32/2/1/1/0/-1/-1/0/moq-test-ccfd9e90b6abc075
relay-1        | V1010 00:56:31.723070     8 MoQSession.cpp:2186] cancel alias=0 requestID=0
relay-1        | V1010 00:56:31.723092     8 MoQSession.cpp:2721] requestCancellation from cleanup sess=0x7f656c0379f0
relay-1        | V1010 00:56:31.723108     8 MoQSession.cpp:3094] requestCancellation from close sess=0x7f656c0379f0
test-client-1  | [2m2026-10-10T00:56:31.723241Z[0m [33m WARN[0m [2mweb_transport_quinn::session[0m[2m:[0m failed to read capsule [3me[0m[2m=[0mUnexpectedEnd
relay-1        | V1010 00:56:31.723323     8 MoQSession.cpp:3518] exit controlReadLoop sess=0x7f656c0379f0
relay-1        | V1010 00:56:31.723376     8 MoQSession.cpp:3103] exit controlWriteLoop sess=0x7f656c0379f0
relay-1        | E20261010 00:56:31.723402     8 HQControlCodec.h:58] Unexpected control stream EOF
test-client-1  | [2m2026-10-10T00:56:31.723435Z[0m [32m INFO[0m [2mmoq_native_ietf::quic[0m[2m:[0m UDP socket bound [3mbind[0m[2m=[0m[::]:0 [3mlocal[0m[2m=[0m[::]:46595 [3mdual_stack[0m[2m=[0mtrue
relay-1        | E20261010 00:56:31.723431     8 HQSession.cpp:3175] Got error on control stream error=HTTP: Critical stream was closed streamID=2 sess=proto=h3, UA=, client CID=adfb2368d9b0371e, server CID=4000000c01970bf6, downstream=[::ffff:172.18.0.3]:49260, [::]:4443=local, drain=none
relay-1        | E1010 00:56:31.723501     8 MoQServer.h:234] proxygen::HTTPException: Got error=ApplicationError: 260, HTTP error on control stream
relay-1        | V1010 00:56:31.723513     8 MoQSession.cpp:7639] onSessionEnderr=4294967295 sess=0x7f656c080ff0
relay-1        | V1010 00:56:31.723516     8 MoQSession.cpp:3077] close sess=0x7f656c080ff0
relay-1        | V1010 00:56:31.723519     8 MoQSession.cpp:2721] requestCancellation from cleanup sess=0x7f656c080ff0
relay-1        | V1010 00:56:31.723527     8 MoQSession.cpp:3094] requestCancellation from close sess=0x7f656c080ff0
relay-1        | V1010 00:56:31.723624     8 MoQSession.cpp:3518] exit controlReadLoop sess=0x7f656c080ff0
relay-1        | V1010 00:56:31.723686     8 MoQSession.cpp:3518] exit controlReadLoop sess=0x7f656c080ff0
test-client-1  | [2m2026-10-10T00:56:31.723693Z[0m [33m WARN[0m [2mweb_transport_quinn::session[0m[2m:[0m failed to read capsule [3me[0m[2m=[0mUnexpectedEnd
relay-1        | V1010 00:56:31.723745     8 MoQSession.cpp:3103] exit controlWriteLoop sess=0x7f656c080ff0
relay-1        | V1010 00:56:31.725962     8 MoQServer.cpp:334] MoQServer WebTransport: supported protocols: moqt-18, moqt-16, moqt-15, moq-00
relay-1        | V1010 00:56:31.725975     8 MoQServer.cpp:344] WebTransport: Negotiated protocol: moqt-18
relay-1        | V1010 00:56:31.726050     8 MoQSession.cpp:2801] start sess=0x7f656c044600
relay-1        | V1010 00:56:31.726080     8 MoQSession.cpp:3145] sendSetup sess=0x7f656c044600
relay-1        | V1010 00:56:31.726134     8 MoQSession.cpp:3101] controlWriteLoop sess=0x7f656c044600
relay-1        | V1010 00:56:31.726179     8 MoQSession.cpp:7190] onNewUniStream sess=0x7f656c044600
relay-1        | V1010 00:56:31.726208     8 MoQSession.cpp:3513] controlReadLoop sess=0x7f656c044600
relay-1        | V1010 00:56:31.726214     8 MoQSession.cpp:3297] onClientSetup sess=0x7f656c044600
relay-1        | V1010 00:56:31.726217     8 MoQServerBase.cpp:88] MoQServerBase::ClientSetup
relay-1        | V1010 00:56:31.726219     8 MoQServerBase.cpp:93] MoQServerBase::ClientSetup: Using ALPN-negotiated version: moqt-18
relay-1        | V1010 00:56:31.726223     8 MoQSession.cpp:3375] Negotiated Version=0xff000012 (draft-18)
relay-1        | V1010 00:56:31.726366     8 MoQSession.cpp:7220] onNewBidiStream sess=0x7f656c044600
relay-1        | V1010 00:56:31.726386     8 MoQSession.cpp:3513] controlReadLoop sess=0x7f656c044600
relay-1        | V1010 00:56:31.726399     8 MoQSession.cpp:4478] onSubscribeImpl ftn=moq-test-00/0/0/0/2/5/5/64/32/2/1/1/1/-1/-1/0/moq-test-99c7e864c9c47b13 sess=0x7f656c044600
relay-1        | V1010 00:56:31.735570     8 MoQSession.cpp:2666] ~MoQSession sess=0x7f656c080ff0
relay-1        | V1010 00:56:31.735614     8 MoQSession.cpp:2666] ~MoQSession sess=0x7f656c0379f0
test-client-1  | [2m2026-10-10T00:56:31.928070Z[0m [32m INFO[0m [2mmoq_native_ietf::quic[0m[2m:[0m UDP socket bound [3mbind[0m[2m=[0m[::]:0 [3mlocal[0m[2m=[0m[::]:56499 [3mdual_stack[0m[2m=[0mtrue
relay-1        | V1010 00:56:31.929957     8 MoQServer.cpp:334] MoQServer WebTransport: supported protocols: moqt-18, moqt-16, moqt-15, moq-00
relay-1        | V1010 00:56:31.929984     8 MoQServer.cpp:344] WebTransport: Negotiated protocol: moqt-18
relay-1        | V1010 00:56:31.930068     8 MoQSession.cpp:2801] start sess=0x7f656c0379f0
relay-1        | V1010 00:56:31.930085     8 MoQSession.cpp:3145] sendSetup sess=0x7f656c0379f0
relay-1        | V1010 00:56:31.930112     8 MoQSession.cpp:3101] controlWriteLoop sess=0x7f656c0379f0
relay-1        | V1010 00:56:31.930302     8 MoQSession.cpp:7190] onNewUniStream sess=0x7f656c0379f0
relay-1        | V1010 00:56:31.930330     8 MoQSession.cpp:3513] controlReadLoop sess=0x7f656c0379f0
relay-1        | V1010 00:56:31.930336     8 MoQSession.cpp:3297] onClientSetup sess=0x7f656c0379f0
relay-1        | V1010 00:56:31.930339     8 MoQServerBase.cpp:88] MoQServerBase::ClientSetup
relay-1        | V1010 00:56:31.930342     8 MoQServerBase.cpp:93] MoQServerBase::ClientSetup: Using ALPN-negotiated version: moqt-18
relay-1        | V1010 00:56:31.930346     8 MoQSession.cpp:3375] Negotiated Version=0xff000012 (draft-18)
relay-1        | V1010 00:56:31.930398     8 MoQSession.cpp:7220] onNewBidiStream sess=0x7f656c0379f0
relay-1        | V1010 00:56:31.930436     8 MoQSession.cpp:3513] controlReadLoop sess=0x7f656c0379f0
relay-1        | V1010 00:56:31.930477     8 MoQSession.cpp:5166] onPublishImpl reqID=0 sess=0x7f656c0379f0
relay-1        | V1010 00:56:31.930504     8 MoQRelay.cpp:422] publish ftn=moq-test-00/0/0/0/2/5/5/64/32/2/1/1/1/-1/-1/0/moq-test-99c7e864c9c47b13
relay-1        | E1010 00:56:31.930529     8 MoQRelay.cpp:82] prefix not found in tree
relay-1        | V1010 00:56:31.930579     8 MoQSession.cpp:6318] publishOk reqID=0 sess=0x7f656c0379f0
relay-1        | V1010 00:56:31.930657     8 MoQLocation.h:24] m=AbsoluteStart g=0 o=0
relay-1        | V1010 00:56:31.930663     8 MoQLocation.h:59] g=0 o=0 g=4611686018427387903 o=4611686018427387903
relay-1        | I1010 00:56:31.930669     8 MoQRelay.cpp:1975] Updating forward for moq-test-00/0/0/0/2/5/5/64/32/2/1/1/1/-1/-1/0/moq-test-99c7e864c9c47b13 numForwardingSubs=1
relay-1        | V1010 00:56:31.930680     8 MoQSession.cpp:6520] sendSubscribeOk sess=0x7f656c044600
relay-1        | V1010 00:56:31.930720     8 MoQSession.cpp:6838] requestUpdate sess=0x7f656c0379f0
test-client-1  | [2m2026-10-10T00:56:31.930787Z[0m [32m INFO[0m [2mmoq_test_client::moqtest[0m[2m:[0m PUBLISH accepted and subscription bound; generating objects [3mobjects[0m[2m=[0m15 [3mstreams[0m[2m=[0m3
relay-1        | V1010 00:56:31.930918     8 MoQSession.cpp:5322] PublishDone id=0 code=2 reason=publish ended
relay-1        | V1010 00:56:31.930926     8 MoQSession.cpp:2232] processPublishDone trackReceiveState=0x7f656c071ef0
relay-1        | V1010 00:56:31.930930     8 MoQRelay.cpp:383] onPublishDoneImpl ftn=moq-test-00/0/0/0/2/5/5/64/32/2/1/1/1/-1/-1/0/moq-test-99c7e864c9c47b13
relay-1        | V1010 00:56:31.930936     8 MoQRelay.cpp:303] Pruning empty subtree at: moq-test-00
relay-1        | V1010 00:56:31.930941     8 MoQForwarder.cpp:610] publishDone pubDone reason=publish ended
relay-1        | V1010 00:56:31.930944     8 MoQForwarder.cpp:308] drainSubscriber from publishDone session=69
relay-1        | V1010 00:56:31.930947     8 MoQSession.cpp:6633] sendPublishDone sess=0x7f656c044600
relay-1        | V1010 00:56:31.930954     8 MoQSession.cpp:6808] publisherDrained id=0 sess=0x7f656c044600
relay-1        | V1010 00:56:31.930958     8 MoQForwarder.cpp:372] Resetting open subgroups for subscriber=0x7f656c0888a0
relay-1        | V1010 00:56:31.930960     8 MoQForwarder.cpp:391] subscribers_.size()=0
relay-1        | I1010 00:56:31.930964     8 MoQRelay.cpp:1938] Publisher terminated for moq-test-00/0/0/0/2/5/5/64/32/2/1/1/1/-1/-1/0/moq-test-99c7e864c9c47b13
relay-1        | V1010 00:56:31.930972     8 MoQSession.cpp:3678] Failing pending request id=1 peer FINed without terminal reply sess=0x7f656c0379f0
relay-1        | V1010 00:56:31.930976     8 MoQSession.cpp:3518] exit controlReadLoop sess=0x7f656c0379f0
relay-1        | E1010 00:56:31.931013     8 MoQRelay.cpp:36] requestUpdate failed: peer FINed without terminal reply
relay-1        | V1010 00:56:31.931136     8 MoQSession.cpp:3518] exit controlReadLoop sess=0x7f656c044600
relay-1        | V1010 00:56:31.931189     8 MoQSession.cpp:3518] exit controlReadLoop sess=0x7f656c044600
test-client-1  | not ok 11 - moq-test-subgroup-per-group-eog
test-client-1  |   ---
test-client-1  |   duration_ms: 226
test-client-1  |   message: "failed to create subgroup: cancelled"
test-client-1  |   ...
relay-1        | E20261010 00:56:31.949630     8 HQControlCodec.h:58] Unexpected control stream EOF
relay-1        | E20261010 00:56:31.949750     8 HQSession.cpp:3175] Got error on control stream error=HTTP: Critical stream was closed streamID=2 sess=proto=h3, UA=, client CID=5aef475bcddc2571, server CID=40000008efe9b0b9, downstream=[::ffff:172.18.0.3]:56499, [::]:4443=local, drain=none
relay-1        | E20261010 00:56:31.949821     8 HQControlCodec.h:58] Unexpected control stream EOF
relay-1        | E20261010 00:56:31.949832     8 HQSession.cpp:3175] Got error on control stream error=HTTP: Critical stream was closed streamID=2 sess=proto=h3, UA=, client CID=3dca0efb44b96373, server CID=4000000b45943ea9, downstream=[::ffff:172.18.0.3]:46595, [::]:4443=local, drain=none
relay-1        | E1010 00:56:31.949882     8 MoQServer.h:234] proxygen::HTTPException: Got error=ApplicationError: 260, HTTP error on control stream
relay-1        | V1010 00:56:31.949901     8 MoQSession.cpp:7639] onSessionEnderr=4294967295 sess=0x7f656c0379f0
relay-1        | V1010 00:56:31.949906     8 MoQSession.cpp:3077] close sess=0x7f656c0379f0
relay-1        | V1010 00:56:31.949916     8 MoQSession.cpp:2721] requestCancellation from cleanup sess=0x7f656c0379f0
relay-1        | V1010 00:56:31.949939     8 MoQSession.cpp:3094] requestCancellation from close sess=0x7f656c0379f0
test-client-1  | [2m2026-10-10T00:56:31.950053Z[0m [33m WARN[0m [2mweb_transport_quinn::session[0m[2m:[0m failed to read capsule [3me[0m[2m=[0mUnexpectedEnd
relay-1        | E1010 00:56:31.950123     8 MoQServer.h:234] proxygen::HTTPException: Got error=ApplicationError: 260, HTTP error on control stream
relay-1        | V1010 00:56:31.950130     8 MoQSession.cpp:7639] onSessionEnderr=4294967295 sess=0x7f656c044600
relay-1        | V1010 00:56:31.950133     8 MoQSession.cpp:3077] close sess=0x7f656c044600
relay-1        | V1010 00:56:31.950136     8 MoQSession.cpp:2721] requestCancellation from cleanup sess=0x7f656c044600
relay-1        | V1010 00:56:31.950145     8 MoQSession.cpp:3094] requestCancellation from close sess=0x7f656c044600
test-client-1  | [2m2026-10-10T00:56:31.950203Z[0m [33m WARN[0m [2mweb_transport_quinn::session[0m[2m:[0m failed to read capsule [3me[0m[2m=[0mUnexpectedEnd
relay-1        | V1010 00:56:31.950284     8 MoQSession.cpp:3518] exit controlReadLoop sess=0x7f656c0379f0
relay-1        | V1010 00:56:31.950330     8 MoQSession.cpp:3103] exit controlWriteLoop sess=0x7f656c0379f0
relay-1        | V1010 00:56:31.950338     8 MoQSession.cpp:2666] ~MoQSession sess=0x7f656c0379f0
relay-1        | V1010 00:56:31.950349     8 MoQSession.cpp:3103] exit controlWriteLoop sess=0x7f656c044600
test-client-1  | [2m2026-10-10T00:56:31.950390Z[0m [32m INFO[0m [2mmoq_native_ietf::quic[0m[2m:[0m UDP socket bound [3mbind[0m[2m=[0m[::]:0 [3mlocal[0m[2m=[0m[::]:55562 [3mdual_stack[0m[2m=[0mtrue
relay-1        | V1010 00:56:31.952077     8 MoQServer.cpp:334] MoQServer WebTransport: supported protocols: moqt-18, moqt-16, moqt-15, moq-00
relay-1        | V1010 00:56:31.952091     8 MoQServer.cpp:344] WebTransport: Negotiated protocol: moqt-18
relay-1        | V1010 00:56:31.952172     8 MoQSession.cpp:2801] start sess=0x7f656c071330
relay-1        | V1010 00:56:31.952189     8 MoQSession.cpp:3145] sendSetup sess=0x7f656c071330
relay-1        | V1010 00:56:31.952216     8 MoQSession.cpp:3101] controlWriteLoop sess=0x7f656c071330
relay-1        | V1010 00:56:31.952361     8 MoQSession.cpp:7190] onNewUniStream sess=0x7f656c071330
relay-1        | V1010 00:56:31.952434     8 MoQSession.cpp:3513] controlReadLoop sess=0x7f656c071330
relay-1        | V1010 00:56:31.952442     8 MoQSession.cpp:3297] onClientSetup sess=0x7f656c071330
relay-1        | V1010 00:56:31.952445     8 MoQServerBase.cpp:88] MoQServerBase::ClientSetup
relay-1        | V1010 00:56:31.952447     8 MoQServerBase.cpp:93] MoQServerBase::ClientSetup: Using ALPN-negotiated version: moqt-18
relay-1        | V1010 00:56:31.952450     8 MoQSession.cpp:3375] Negotiated Version=0xff000012 (draft-18)
relay-1        | V1010 00:56:31.952637     8 MoQSession.cpp:7220] onNewBidiStream sess=0x7f656c071330
relay-1        | V1010 00:56:31.952656     8 MoQSession.cpp:3513] controlReadLoop sess=0x7f656c071330
relay-1        | V1010 00:56:31.952670     8 MoQSession.cpp:4478] onSubscribeImpl ftn=moq-test-00/1/0/0/1/3/4/64/32/2/1/1/0/-1/-1/0/moq-test-b8d50b85fccf0205 sess=0x7f656c071330
relay-1        | V1010 00:56:31.959840     8 MoQSession.cpp:2666] ~MoQSession sess=0x7f656c044600
test-client-1  | [2m2026-10-10T00:56:32.154350Z[0m [32m INFO[0m [2mmoq_native_ietf::quic[0m[2m:[0m UDP socket bound [3mbind[0m[2m=[0m[::]:0 [3mlocal[0m[2m=[0m[::]:44834 [3mdual_stack[0m[2m=[0mtrue
relay-1        | V1010 00:56:32.156239     8 MoQServer.cpp:334] MoQServer WebTransport: supported protocols: moqt-18, moqt-16, moqt-15, moq-00
relay-1        | V1010 00:56:32.156263     8 MoQServer.cpp:344] WebTransport: Negotiated protocol: moqt-18
relay-1        | V1010 00:56:32.156349     8 MoQSession.cpp:2801] start sess=0x7f656c06b1d0
relay-1        | V1010 00:56:32.156367     8 MoQSession.cpp:3145] sendSetup sess=0x7f656c06b1d0
relay-1        | V1010 00:56:32.156419     8 MoQSession.cpp:3101] controlWriteLoop sess=0x7f656c06b1d0
relay-1        | V1010 00:56:32.156471     8 MoQSession.cpp:7190] onNewUniStream sess=0x7f656c06b1d0
relay-1        | V1010 00:56:32.156498     8 MoQSession.cpp:3513] controlReadLoop sess=0x7f656c06b1d0
relay-1        | V1010 00:56:32.156503     8 MoQSession.cpp:3297] onClientSetup sess=0x7f656c06b1d0
relay-1        | V1010 00:56:32.156506     8 MoQServerBase.cpp:88] MoQServerBase::ClientSetup
relay-1        | V1010 00:56:32.156508     8 MoQServerBase.cpp:93] MoQServerBase::ClientSetup: Using ALPN-negotiated version: moqt-18
relay-1        | V1010 00:56:32.156513     8 MoQSession.cpp:3375] Negotiated Version=0xff000012 (draft-18)
relay-1        | V1010 00:56:32.156614     8 MoQSession.cpp:7220] onNewBidiStream sess=0x7f656c06b1d0
relay-1        | V1010 00:56:32.156633     8 MoQSession.cpp:3513] controlReadLoop sess=0x7f656c06b1d0
relay-1        | V1010 00:56:32.156644     8 MoQSession.cpp:5166] onPublishImpl reqID=0 sess=0x7f656c06b1d0
relay-1        | V1010 00:56:32.156674     8 MoQRelay.cpp:422] publish ftn=moq-test-00/1/0/0/1/3/4/64/32/2/1/1/0/-1/-1/0/moq-test-b8d50b85fccf0205
relay-1        | E1010 00:56:32.156693     8 MoQRelay.cpp:82] prefix not found in tree
relay-1        | V1010 00:56:32.156718     8 MoQSession.cpp:6318] publishOk reqID=0 sess=0x7f656c06b1d0
relay-1        | V1010 00:56:32.156782     8 MoQLocation.h:24] m=AbsoluteStart g=0 o=0
relay-1        | V1010 00:56:32.156788     8 MoQLocation.h:59] g=0 o=0 g=4611686018427387903 o=4611686018427387903
test-client-1  | [2m2026-10-10T00:56:32.156893Z[0m [32m INFO[0m [2mmoq_test_client::moqtest[0m[2m:[0m PUBLISH accepted and subscription bound; generating objects [3mobjects[0m[2m=[0m8 [3mstreams[0m[2m=[0m8
relay-1        | I1010 00:56:32.156793     8 MoQRelay.cpp:1975] Updating forward for moq-test-00/1/0/0/1/3/4/64/32/2/1/1/0/-1/-1/0/moq-test-b8d50b85fccf0205 numForwardingSubs=1
relay-1        | V1010 00:56:32.156803     8 MoQSession.cpp:6520] sendSubscribeOk sess=0x7f656c071330
relay-1        | V1010 00:56:32.156845     8 MoQSession.cpp:6838] requestUpdate sess=0x7f656c06b1d0
test-client-1  | [2m2026-10-10T00:56:32.156950Z[0m [33m WARN[0m [2mmoq_transport::session[0m[2m:[0m unexpected bidi response message type [3mmsg_type[0m[2m=[0m2
test-client-1  | [2m2026-10-10T00:56:32.156957Z[0m [33m WARN[0m [2mmoq_transport::serve::error[0m[2m:[0m [d0413138-feb5-4a6c-9223-635228e0c350] Not implemented: bidi response type 0x2 at moq-transport/src/session/error.rs:89
relay-1        | V1010 00:56:32.157064     8 MoQSession.cpp:3678] Failing pending request id=1 peer FINed without terminal reply sess=0x7f656c06b1d0
relay-1        | V1010 00:56:32.157093     8 MoQSession.cpp:3518] exit controlReadLoop sess=0x7f656c06b1d0
relay-1        | E1010 00:56:32.157103     8 MoQRelay.cpp:36] requestUpdate failed: peer FINed without terminal reply
test-client-1  | not ok 12 - moq-test-subgroup-per-object
test-client-1  |   ---
test-client-1  |   duration_ms: 210
test-client-1  |   message: "failed to create subgroup: cancelled"
test-client-1  |   ...
relay-1        | V1010 00:56:32.160245     8 MoQSession.cpp:3518] exit controlReadLoop sess=0x7f656c06b1d0
relay-1        | E20261010 00:56:32.160259     8 HQControlCodec.h:58] Unexpected control stream EOF
relay-1        | E20261010 00:56:32.160312     8 HQSession.cpp:3175] Got error on control stream error=HTTP: Critical stream was closed streamID=2 sess=proto=h3, UA=, client CID=bad7238d19f54ccf, server CID=40000004e59efc8e, downstream=[::ffff:172.18.0.3]:44834, [::]:4443=local, drain=none
relay-1        | E1010 00:56:32.160359     8 MoQServer.h:234] proxygen::HTTPException: Got error=ApplicationError: 260, HTTP error on control stream
relay-1        | V1010 00:56:32.160362     8 MoQSession.cpp:7639] onSessionEnderr=4294967295 sess=0x7f656c06b1d0
relay-1        | V1010 00:56:32.160365     8 MoQSession.cpp:3077] close sess=0x7f656c06b1d0
relay-1        | V1010 00:56:32.160371     8 MoQSession.cpp:2203] subscribeError trackReceiveState=0x7f656c083a70
relay-1        | V1010 00:56:32.160373     8 MoQSession.cpp:2232] processPublishDone trackReceiveState=0x7f656c083a70
relay-1        | V1010 00:56:32.160378     8 MoQRelay.cpp:383] onPublishDoneImpl ftn=moq-test-00/1/0/0/1/3/4/64/32/2/1/1/0/-1/-1/0/moq-test-b8d50b85fccf0205
relay-1        | V1010 00:56:32.160385     8 MoQRelay.cpp:303] Pruning empty subtree at: moq-test-00
relay-1        | V1010 00:56:32.160390     8 MoQForwarder.cpp:610] publishDone pubDone reason=closed locally
relay-1        | V1010 00:56:32.160393     8 MoQForwarder.cpp:308] drainSubscriber from publishDone session=79
relay-1        | V1010 00:56:32.160395     8 MoQSession.cpp:6633] sendPublishDone sess=0x7f656c071330
relay-1        | V1010 00:56:32.160405     8 MoQSession.cpp:6808] publisherDrained id=0 sess=0x7f656c071330
relay-1        | V1010 00:56:32.160407     8 MoQForwarder.cpp:372] Resetting open subgroups for subscriber=0x7f656c0835a0
relay-1        | V1010 00:56:32.160409     8 MoQForwarder.cpp:391] subscribers_.size()=0
relay-1        | I1010 00:56:32.160417     8 MoQRelay.cpp:1938] Publisher terminated for moq-test-00/1/0/0/1/3/4/64/32/2/1/1/0/-1/-1/0/moq-test-b8d50b85fccf0205
relay-1        | V1010 00:56:32.160423     8 MoQSession.cpp:2186] cancel alias=0 requestID=0
relay-1        | V1010 00:56:32.160427     8 MoQSession.cpp:2721] requestCancellation from cleanup sess=0x7f656c06b1d0
relay-1        | V1010 00:56:32.160438     8 MoQSession.cpp:3094] requestCancellation from close sess=0x7f656c06b1d0
relay-1        | V1010 00:56:32.160591     8 MoQSession.cpp:3103] exit controlWriteLoop sess=0x7f656c06b1d0
relay-1        | E20261010 00:56:32.160604     8 HQControlCodec.h:58] Unexpected control stream EOF
relay-1        | E20261010 00:56:32.160627     8 HQSession.cpp:3175] Got error on control stream error=HTTP: Critical stream was closed streamID=2 sess=proto=h3, UA=, client CID=3c1a7ee10c22db46, server CID=40000017b3aa6d54, downstream=[::ffff:172.18.0.3]:55562, [::]:4443=local, drain=none
relay-1        | E1010 00:56:32.160653     8 MoQServer.h:234] proxygen::HTTPException: Got error=ApplicationError: 260, HTTP error on control stream
test-client-1  | [2m2026-10-10T00:56:32.160653Z[0m [33m WARN[0m [2mweb_transport_quinn::session[0m[2m:[0m failed to read capsule [3me[0m[2m=[0mUnexpectedEnd
relay-1        | V1010 00:56:32.160670     8 MoQSession.cpp:7639] onSessionEnderr=4294967295 sess=0x7f656c071330
relay-1        | V1010 00:56:32.160682     8 MoQSession.cpp:3077] close sess=0x7f656c071330
relay-1        | V1010 00:56:32.160695     8 MoQSession.cpp:2721] requestCancellation from cleanup sess=0x7f656c071330
relay-1        | V1010 00:56:32.160711     8 MoQSession.cpp:3094] requestCancellation from close sess=0x7f656c071330
test-client-1  | [2m2026-10-10T00:56:32.160854Z[0m [33m WARN[0m [2mweb_transport_quinn::session[0m[2m:[0m failed to read capsule [3me[0m[2m=[0mUnexpectedEnd
test-client-1  | [2m2026-10-10T00:56:32.160868Z[0m [32m INFO[0m [2mmoq_native_ietf::quic[0m[2m:[0m UDP socket bound [3mbind[0m[2m=[0m[::]:0 [3mlocal[0m[2m=[0m[::]:46679 [3mdual_stack[0m[2m=[0mtrue
relay-1        | V1010 00:56:32.160799     8 MoQSession.cpp:3518] exit controlReadLoop sess=0x7f656c071330
relay-1        | V1010 00:56:32.160877     8 MoQSession.cpp:3518] exit controlReadLoop sess=0x7f656c071330
relay-1        | V1010 00:56:32.160891     8 MoQSession.cpp:3103] exit controlWriteLoop sess=0x7f656c071330
relay-1        | V1010 00:56:32.162227     8 MoQServer.cpp:334] MoQServer WebTransport: supported protocols: moqt-18, moqt-16, moqt-15, moq-00
relay-1        | V1010 00:56:32.162243     8 MoQServer.cpp:344] WebTransport: Negotiated protocol: moqt-18
relay-1        | V1010 00:56:32.162314     8 MoQSession.cpp:2801] start sess=0x7f656c089da0
relay-1        | V1010 00:56:32.162326     8 MoQSession.cpp:3145] sendSetup sess=0x7f656c089da0
relay-1        | V1010 00:56:32.162374     8 MoQSession.cpp:3101] controlWriteLoop sess=0x7f656c089da0
relay-1        | V1010 00:56:32.162417     8 MoQSession.cpp:7190] onNewUniStream sess=0x7f656c089da0
relay-1        | V1010 00:56:32.162439     8 MoQSession.cpp:3513] controlReadLoop sess=0x7f656c089da0
relay-1        | V1010 00:56:32.162445     8 MoQSession.cpp:3297] onClientSetup sess=0x7f656c089da0
relay-1        | V1010 00:56:32.162448     8 MoQServerBase.cpp:88] MoQServerBase::ClientSetup
relay-1        | V1010 00:56:32.162450     8 MoQServerBase.cpp:93] MoQServerBase::ClientSetup: Using ALPN-negotiated version: moqt-18
relay-1        | V1010 00:56:32.162454     8 MoQSession.cpp:3375] Negotiated Version=0xff000012 (draft-18)
relay-1        | V1010 00:56:32.162589     8 MoQSession.cpp:7220] onNewBidiStream sess=0x7f656c089da0
relay-1        | V1010 00:56:32.162616     8 MoQSession.cpp:3513] controlReadLoop sess=0x7f656c089da0
relay-1        | V1010 00:56:32.162630     8 MoQSession.cpp:4478] onSubscribeImpl ftn=moq-test-00/2/0/0/2/6/6/64/32/2/1/1/1/-1/-1/0/moq-test-83213e8f324b2af9 sess=0x7f656c089da0
relay-1        | V1010 00:56:32.174784     8 MoQSession.cpp:2666] ~MoQSession sess=0x7f656c071330
relay-1        | V1010 00:56:32.174817     8 MoQSession.cpp:2666] ~MoQSession sess=0x7f656c06b1d0
test-client-1  | [2m2026-10-10T00:56:32.364339Z[0m [32m INFO[0m [2mmoq_native_ietf::quic[0m[2m:[0m UDP socket bound [3mbind[0m[2m=[0m[::]:0 [3mlocal[0m[2m=[0m[::]:51444 [3mdual_stack[0m[2m=[0mtrue
relay-1        | V1010 00:56:32.366204     8 MoQServer.cpp:334] MoQServer WebTransport: supported protocols: moqt-18, moqt-16, moqt-15, moq-00
relay-1        | V1010 00:56:32.366231     8 MoQServer.cpp:344] WebTransport: Negotiated protocol: moqt-18
relay-1        | V1010 00:56:32.366315     8 MoQSession.cpp:2801] start sess=0x7f656c07f9a0
relay-1        | V1010 00:56:32.366334     8 MoQSession.cpp:3145] sendSetup sess=0x7f656c07f9a0
relay-1        | V1010 00:56:32.366387     8 MoQSession.cpp:3101] controlWriteLoop sess=0x7f656c07f9a0
relay-1        | V1010 00:56:32.366436     8 MoQSession.cpp:7190] onNewUniStream sess=0x7f656c07f9a0
relay-1        | V1010 00:56:32.366480     8 MoQSession.cpp:3513] controlReadLoop sess=0x7f656c07f9a0
relay-1        | V1010 00:56:32.366503     8 MoQSession.cpp:3297] onClientSetup sess=0x7f656c07f9a0
relay-1        | V1010 00:56:32.366519     8 MoQServerBase.cpp:88] MoQServerBase::ClientSetup
relay-1        | V1010 00:56:32.366527     8 MoQServerBase.cpp:93] MoQServerBase::ClientSetup: Using ALPN-negotiated version: moqt-18
relay-1        | V1010 00:56:32.366531     8 MoQSession.cpp:3375] Negotiated Version=0xff000012 (draft-18)
relay-1        | V1010 00:56:32.366609     8 MoQSession.cpp:7220] onNewBidiStream sess=0x7f656c07f9a0
relay-1        | V1010 00:56:32.366641     8 MoQSession.cpp:3513] controlReadLoop sess=0x7f656c07f9a0
relay-1        | V1010 00:56:32.366655     8 MoQSession.cpp:5166] onPublishImpl reqID=0 sess=0x7f656c07f9a0
relay-1        | V1010 00:56:32.366669     8 MoQRelay.cpp:422] publish ftn=moq-test-00/2/0/0/2/6/6/64/32/2/1/1/1/-1/-1/0/moq-test-83213e8f324b2af9
relay-1        | E1010 00:56:32.366683     8 MoQRelay.cpp:82] prefix not found in tree
relay-1        | V1010 00:56:32.366708     8 MoQSession.cpp:6318] publishOk reqID=0 sess=0x7f656c07f9a0
relay-1        | V1010 00:56:32.366787     8 MoQLocation.h:24] m=AbsoluteStart g=0 o=0
relay-1        | V1010 00:56:32.366793     8 MoQLocation.h:59] g=0 o=0 g=4611686018427387903 o=4611686018427387903
relay-1        | I1010 00:56:32.366797     8 MoQRelay.cpp:1975] Updating forward for moq-test-00/2/0/0/2/6/6/64/32/2/1/1/1/-1/-1/0/moq-test-83213e8f324b2af9 numForwardingSubs=1
relay-1        | V1010 00:56:32.366809     8 MoQSession.cpp:6520] sendSubscribeOk sess=0x7f656c089da0
relay-1        | V1010 00:56:32.366845     8 MoQSession.cpp:6838] requestUpdate sess=0x7f656c07f9a0
test-client-1  | [2m2026-10-10T00:56:32.366959Z[0m [32m INFO[0m [2mmoq_test_client::moqtest[0m[2m:[0m PUBLISH accepted and subscription bound; generating objects [3mobjects[0m[2m=[0m18 [3mstreams[0m[2m=[0m6
relay-1        | V1010 00:56:32.367077     8 MoQSession.cpp:5322] PublishDone id=0 code=2 reason=publish ended
relay-1        | V1010 00:56:32.367096     8 MoQSession.cpp:2232] processPublishDone trackReceiveState=0x7f656c00aac0
relay-1        | V1010 00:56:32.367101     8 MoQRelay.cpp:383] onPublishDoneImpl ftn=moq-test-00/2/0/0/2/6/6/64/32/2/1/1/1/-1/-1/0/moq-test-83213e8f324b2af9
relay-1        | V1010 00:56:32.367106     8 MoQRelay.cpp:303] Pruning empty subtree at: moq-test-00
relay-1        | V1010 00:56:32.367112     8 MoQForwarder.cpp:610] publishDone pubDone reason=publish ended
relay-1        | V1010 00:56:32.367115     8 MoQForwarder.cpp:308] drainSubscriber from publishDone session=89
relay-1        | V1010 00:56:32.367117     8 MoQSession.cpp:6633] sendPublishDone sess=0x7f656c089da0
relay-1        | V1010 00:56:32.367126     8 MoQSession.cpp:6808] publisherDrained id=0 sess=0x7f656c089da0
relay-1        | V1010 00:56:32.367130     8 MoQForwarder.cpp:372] Resetting open subgroups for subscriber=0x7f656c08a920
relay-1        | V1010 00:56:32.367133     8 MoQForwarder.cpp:391] subscribers_.size()=0
relay-1        | I1010 00:56:32.367138     8 MoQRelay.cpp:1938] Publisher terminated for moq-test-00/2/0/0/2/6/6/64/32/2/1/1/1/-1/-1/0/moq-test-83213e8f324b2af9
relay-1        | V1010 00:56:32.367145     8 MoQSession.cpp:3678] Failing pending request id=1 peer FINed without terminal reply sess=0x7f656c07f9a0
relay-1        | V1010 00:56:32.367151     8 MoQSession.cpp:3518] exit controlReadLoop sess=0x7f656c07f9a0
relay-1        | E1010 00:56:32.367193     8 MoQRelay.cpp:36] requestUpdate failed: peer FINed without terminal reply
relay-1        | V1010 00:56:32.367318     8 MoQSession.cpp:3518] exit controlReadLoop sess=0x7f656c089da0
relay-1        | V1010 00:56:32.367396     8 MoQSession.cpp:3518] exit controlReadLoop sess=0x7f656c089da0
test-client-1  | not ok 13 - moq-test-two-subgroups-eog
test-client-1  |   ---
test-client-1  |   duration_ms: 228
test-client-1  |   message: "failed to create subgroup 0: cancelled"
test-client-1  |   ...
relay-1        | E20261010 00:56:32.388785     8 HQControlCodec.h:58] Unexpected control stream EOF
relay-1        | E20261010 00:56:32.388849     8 HQSession.cpp:3175] Got error on control stream error=HTTP: Critical stream was closed streamID=2 sess=proto=h3, UA=, client CID=ea4714ef262b88db, server CID=40000000b00b0368, downstream=[::ffff:172.18.0.3]:51444, [::]:4443=local, drain=none
relay-1        | E20261010 00:56:32.388883     8 HQControlCodec.h:58] Unexpected control stream EOF
test-client-1  | [2m2026-10-10T00:56:32.389073Z[0m [33m WARN[0m [2mweb_transport_quinn::session[0m[2m:[0m failed to read capsule [3me[0m[2m=[0mUnexpectedEnd
test-client-1  | [2m2026-10-10T00:56:32.389105Z[0m [33m WARN[0m [2mweb_transport_quinn::session[0m[2m:[0m failed to read capsule [3me[0m[2m=[0mUnexpectedEnd
relay-1        | E20261010 00:56:32.388895     8 HQSession.cpp:3175] Got error on control stream error=HTTP: Critical stream was closed streamID=2 sess=proto=h3, UA=, client CID=5578e505a2c468ad, server CID=4000001cb36916ef, downstream=[::ffff:172.18.0.3]:46679, [::]:4443=local, drain=none
relay-1        | E1010 00:56:32.388938     8 MoQServer.h:234] proxygen::HTTPException: Got error=ApplicationError: 260, HTTP error on control stream
relay-1        | V1010 00:56:32.388947     8 MoQSession.cpp:7639] onSessionEnderr=4294967295 sess=0x7f656c07f9a0
relay-1        | V1010 00:56:32.388950     8 MoQSession.cpp:3077] close sess=0x7f656c07f9a0
relay-1        | V1010 00:56:32.388959     8 MoQSession.cpp:2721] requestCancellation from cleanup sess=0x7f656c07f9a0
relay-1        | V1010 00:56:32.388975     8 MoQSession.cpp:3094] requestCancellation from close sess=0x7f656c07f9a0
relay-1        | E1010 00:56:32.389045     8 MoQServer.h:234] proxygen::HTTPException: Got error=ApplicationError: 260, HTTP error on control stream
relay-1        | V1010 00:56:32.389047     8 MoQSession.cpp:7639] onSessionEnderr=4294967295 sess=0x7f656c089da0
relay-1        | V1010 00:56:32.389049     8 MoQSession.cpp:3077] close sess=0x7f656c089da0
relay-1        | V1010 00:56:32.389051     8 MoQSession.cpp:2721] requestCancellation from cleanup sess=0x7f656c089da0
relay-1        | V1010 00:56:32.389056     8 MoQSession.cpp:3094] requestCancellation from close sess=0x7f656c089da0
relay-1        | V1010 00:56:32.389096     8 MoQSession.cpp:3518] exit controlReadLoop sess=0x7f656c07f9a0
relay-1        | V1010 00:56:32.389130     8 MoQSession.cpp:3103] exit controlWriteLoop sess=0x7f656c07f9a0
relay-1        | V1010 00:56:32.389136     8 MoQSession.cpp:2666] ~MoQSession sess=0x7f656c07f9a0
relay-1        | V1010 00:56:32.389146     8 MoQSession.cpp:3103] exit controlWriteLoop sess=0x7f656c089da0
test-client-1  | [2m2026-10-10T00:56:32.389382Z[0m [32m INFO[0m [2mmoq_native_ietf::quic[0m[2m:[0m UDP socket bound [3mbind[0m[2m=[0m[::]:0 [3mlocal[0m[2m=[0m[::]:38951 [3mdual_stack[0m[2m=[0mtrue
relay-1        | V1010 00:56:32.390854     8 MoQServer.cpp:334] MoQServer WebTransport: supported protocols: moqt-18, moqt-16, moqt-15, moq-00
relay-1        | V1010 00:56:32.390868     8 MoQServer.cpp:344] WebTransport: Negotiated protocol: moqt-18
relay-1        | V1010 00:56:32.390942     8 MoQSession.cpp:2801] start sess=0x7f656c05e1e0
relay-1        | V1010 00:56:32.390957     8 MoQSession.cpp:3145] sendSetup sess=0x7f656c05e1e0
relay-1        | V1010 00:56:32.391011     8 MoQSession.cpp:3101] controlWriteLoop sess=0x7f656c05e1e0
relay-1        | V1010 00:56:32.391060     8 MoQSession.cpp:7190] onNewUniStream sess=0x7f656c05e1e0
relay-1        | V1010 00:56:32.391078     8 MoQSession.cpp:3513] controlReadLoop sess=0x7f656c05e1e0
relay-1        | V1010 00:56:32.391083     8 MoQSession.cpp:3297] onClientSetup sess=0x7f656c05e1e0
relay-1        | V1010 00:56:32.391086     8 MoQServerBase.cpp:88] MoQServerBase::ClientSetup
relay-1        | V1010 00:56:32.391089     8 MoQServerBase.cpp:93] MoQServerBase::ClientSetup: Using ALPN-negotiated version: moqt-18
relay-1        | V1010 00:56:32.391092     8 MoQSession.cpp:3375] Negotiated Version=0xff000012 (draft-18)
relay-1        | V1010 00:56:32.391234     8 MoQSession.cpp:7220] onNewBidiStream sess=0x7f656c05e1e0
relay-1        | V1010 00:56:32.391254     8 MoQSession.cpp:3513] controlReadLoop sess=0x7f656c05e1e0
relay-1        | V1010 00:56:32.391269     8 MoQSession.cpp:4478] onSubscribeImpl ftn=moq-test-00/3/0/0/2/4/5/64/32/20/1/1/0/-1/-1/0/moq-test-b5d08ce812531a7e sess=0x7f656c05e1e0
relay-1        | V1010 00:56:32.399393     8 MoQSession.cpp:2666] ~MoQSession sess=0x7f656c089da0
test-client-1  | [2m2026-10-10T00:56:32.592862Z[0m [32m INFO[0m [2mmoq_native_ietf::quic[0m[2m:[0m UDP socket bound [3mbind[0m[2m=[0m[::]:0 [3mlocal[0m[2m=[0m[::]:50171 [3mdual_stack[0m[2m=[0mtrue
relay-1        | V1010 00:56:32.594795     8 MoQServer.cpp:334] MoQServer WebTransport: supported protocols: moqt-18, moqt-16, moqt-15, moq-00
relay-1        | V1010 00:56:32.594824     8 MoQServer.cpp:344] WebTransport: Negotiated protocol: moqt-18
relay-1        | V1010 00:56:32.594905     8 MoQSession.cpp:2801] start sess=0x7f656c08fe90
relay-1        | V1010 00:56:32.594922     8 MoQSession.cpp:3145] sendSetup sess=0x7f656c08fe90
relay-1        | V1010 00:56:32.594972     8 MoQSession.cpp:3101] controlWriteLoop sess=0x7f656c08fe90
relay-1        | V1010 00:56:32.595112     8 MoQSession.cpp:7190] onNewUniStream sess=0x7f656c08fe90
relay-1        | V1010 00:56:32.595139     8 MoQSession.cpp:3513] controlReadLoop sess=0x7f656c08fe90
relay-1        | V1010 00:56:32.595147     8 MoQSession.cpp:3297] onClientSetup sess=0x7f656c08fe90
relay-1        | V1010 00:56:32.595151     8 MoQServerBase.cpp:88] MoQServerBase::ClientSetup
relay-1        | V1010 00:56:32.595153     8 MoQServerBase.cpp:93] MoQServerBase::ClientSetup: Using ALPN-negotiated version: moqt-18
relay-1        | V1010 00:56:32.595158     8 MoQSession.cpp:3375] Negotiated Version=0xff000012 (draft-18)
relay-1        | V1010 00:56:32.595176     8 MoQSession.cpp:7220] onNewBidiStream sess=0x7f656c08fe90
relay-1        | V1010 00:56:32.595232     8 MoQSession.cpp:3513] controlReadLoop sess=0x7f656c08fe90
relay-1        | V1010 00:56:32.595247     8 MoQSession.cpp:5166] onPublishImpl reqID=0 sess=0x7f656c08fe90
relay-1        | V1010 00:56:32.595261     8 MoQRelay.cpp:422] publish ftn=moq-test-00/3/0/0/2/4/5/64/32/20/1/1/0/-1/-1/0/moq-test-b5d08ce812531a7e
relay-1        | E1010 00:56:32.595297     8 MoQRelay.cpp:82] prefix not found in tree
relay-1        | V1010 00:56:32.595329     8 MoQSession.cpp:6318] publishOk reqID=0 sess=0x7f656c08fe90
relay-1        | V1010 00:56:32.595424     8 MoQLocation.h:24] m=AbsoluteStart g=0 o=0
relay-1        | V1010 00:56:32.595431     8 MoQLocation.h:59] g=0 o=0 g=4611686018427387903 o=4611686018427387903
relay-1        | I1010 00:56:32.595437     8 MoQRelay.cpp:1975] Updating forward for moq-test-00/3/0/0/2/4/5/64/32/20/1/1/0/-1/-1/0/moq-test-b5d08ce812531a7e numForwardingSubs=1
relay-1        | V1010 00:56:32.595463     8 MoQSession.cpp:6520] sendSubscribeOk sess=0x7f656c05e1e0
relay-1        | V1010 00:56:32.595503     8 MoQSession.cpp:6838] requestUpdate sess=0x7f656c08fe90
test-client-1  | [2m2026-10-10T00:56:32.595603Z[0m [32m INFO[0m [2mmoq_test_client::moqtest[0m[2m:[0m PUBLISH accepted and subscription bound; generating objects [3mobjects[0m[2m=[0m15 [3mstreams[0m[2m=[0m0
test-client-1  | [2m2026-10-10T00:56:32.595635Z[0m [33m WARN[0m [2mmoq_transport::session[0m[2m:[0m unexpected bidi response message type [3mmsg_type[0m[2m=[0m2
test-client-1  | [2m2026-10-10T00:56:32.595640Z[0m [33m WARN[0m [2mmoq_transport::serve::error[0m[2m:[0m [8c8eceed-6038-4424-a1a1-6877f1b87f2a] Not implemented: bidi response type 0x2 at moq-transport/src/session/error.rs:89
relay-1        | V1010 00:56:32.595710     8 MoQSession.cpp:3678] Failing pending request id=1 peer FINed without terminal reply sess=0x7f656c08fe90
relay-1        | V1010 00:56:32.595727     8 MoQSession.cpp:3518] exit controlReadLoop sess=0x7f656c08fe90
relay-1        | E1010 00:56:32.595735     8 MoQRelay.cpp:36] requestUpdate failed: peer FINed without terminal reply
test-client-1  | not ok 14 - moq-test-datagram
test-client-1  |   ---
test-client-1  |   duration_ms: 227
test-client-1  |   message: "failed to write datagram: cancelled"
test-client-1  |   ...
relay-1        | V1010 00:56:32.616178     8 MoQSession.cpp:3518] exit controlReadLoop sess=0x7f656c08fe90
relay-1        | E20261010 00:56:32.616204     8 HQControlCodec.h:58] Unexpected control stream EOF
relay-1        | E20261010 00:56:32.616266     8 HQSession.cpp:3175] Got error on control stream error=HTTP: Critical stream was closed streamID=2 sess=proto=h3, UA=, client CID=189398666a8cf643, server CID=4000000273d9a811, downstream=[::ffff:172.18.0.3]:50171, [::]:4443=local, drain=none
relay-1        | E1010 00:56:32.616317     8 MoQServer.h:234] proxygen::HTTPException: Got error=ApplicationError: 260, HTTP error on control stream
relay-1        | V1010 00:56:32.616321     8 MoQSession.cpp:7639] onSessionEnderr=4294967295 sess=0x7f656c08fe90
relay-1        | V1010 00:56:32.616323     8 MoQSession.cpp:3077] close sess=0x7f656c08fe90
relay-1        | V1010 00:56:32.616331     8 MoQSession.cpp:2203] subscribeError trackReceiveState=0x7f656c092a40
relay-1        | V1010 00:56:32.616333     8 MoQSession.cpp:2232] processPublishDone trackReceiveState=0x7f656c092a40
relay-1        | V1010 00:56:32.616338     8 MoQRelay.cpp:383] onPublishDoneImpl ftn=moq-test-00/3/0/0/2/4/5/64/32/20/1/1/0/-1/-1/0/moq-test-b5d08ce812531a7e
relay-1        | V1010 00:56:32.616349     8 MoQRelay.cpp:303] Pruning empty subtree at: moq-test-00
relay-1        | V1010 00:56:32.616358     8 MoQForwarder.cpp:610] publishDone pubDone reason=closed locally
relay-1        | V1010 00:56:32.616362     8 MoQForwarder.cpp:308] drainSubscriber from publishDone session=99
relay-1        | V1010 00:56:32.616364     8 MoQSession.cpp:6633] sendPublishDone sess=0x7f656c05e1e0
relay-1        | V1010 00:56:32.616381     8 MoQSession.cpp:6808] publisherDrained id=0 sess=0x7f656c05e1e0
relay-1        | V1010 00:56:32.616384     8 MoQForwarder.cpp:372] Resetting open subgroups for subscriber=0x7f656c07f750
relay-1        | V1010 00:56:32.616387     8 MoQForwarder.cpp:391] subscribers_.size()=0
relay-1        | I1010 00:56:32.616394     8 MoQRelay.cpp:1938] Publisher terminated for moq-test-00/3/0/0/2/4/5/64/32/20/1/1/0/-1/-1/0/moq-test-b5d08ce812531a7e
relay-1        | V1010 00:56:32.616400     8 MoQSession.cpp:2186] cancel alias=0 requestID=0
relay-1        | V1010 00:56:32.616404     8 MoQSession.cpp:2721] requestCancellation from cleanup sess=0x7f656c08fe90
relay-1        | V1010 00:56:32.616418     8 MoQSession.cpp:3094] requestCancellation from close sess=0x7f656c08fe90
relay-1        | V1010 00:56:32.616588     8 MoQSession.cpp:3103] exit controlWriteLoop sess=0x7f656c08fe90
relay-1        | E20261010 00:56:32.616598     8 HQControlCodec.h:58] Unexpected control stream EOF
relay-1        | E20261010 00:56:32.616614     8 HQSession.cpp:3175] Got error on control stream error=HTTP: Critical stream was closed streamID=2 sess=proto=h3, UA=, client CID=a50df2f7bc1403e2, server CID=40000014f784d512, downstream=[::ffff:172.18.0.3]:38951, [::]:4443=local, drain=none
relay-1        | E1010 00:56:32.616638     8 MoQServer.h:234] proxygen::HTTPException: Got error=ApplicationError: 260, HTTP error on control stream
relay-1        | V1010 00:56:32.616643     8 MoQSession.cpp:7639] onSessionEnderr=4294967295 sess=0x7f656c05e1e0
relay-1        | V1010 00:56:32.616645     8 MoQSession.cpp:3077] close sess=0x7f656c05e1e0
relay-1        | V1010 00:56:32.616648     8 MoQSession.cpp:2721] requestCancellation from cleanup sess=0x7f656c05e1e0
relay-1        | V1010 00:56:32.616653     8 MoQSession.cpp:3094] requestCancellation from close sess=0x7f656c05e1e0
relay-1        | V1010 00:56:32.616691     8 MoQSession.cpp:3518] exit controlReadLoop sess=0x7f656c05e1e0
relay-1        | V1010 00:56:32.616697     8 MoQSession.cpp:3518] exit controlReadLoop sess=0x7f656c05e1e0
relay-1        | V1010 00:56:32.616706     8 MoQSession.cpp:3103] exit controlWriteLoop sess=0x7f656c05e1e0
test-client-1  | [2m2026-10-10T00:56:32.616768Z[0m [33m WARN[0m [2mweb_transport_quinn::session[0m[2m:[0m failed to read capsule [3me[0m[2m=[0mUnexpectedEnd
test-client-1  | [2m2026-10-10T00:56:32.616796Z[0m [33m WARN[0m [2mweb_transport_quinn::session[0m[2m:[0m failed to read capsule [3me[0m[2m=[0mUnexpectedEnd
test-client-1  | [2m2026-10-10T00:56:32.616851Z[0m [32m INFO[0m [2mmoq_native_ietf::quic[0m[2m:[0m UDP socket bound [3mbind[0m[2m=[0m[::]:0 [3mlocal[0m[2m=[0m[::]:45456 [3mdual_stack[0m[2m=[0mtrue
relay-1        | V1010 00:56:32.618330     8 MoQServer.cpp:334] MoQServer WebTransport: supported protocols: moqt-18, moqt-16, moqt-15, moq-00
relay-1        | V1010 00:56:32.618350     8 MoQServer.cpp:344] WebTransport: Negotiated protocol: moqt-18
relay-1        | V1010 00:56:32.618420     8 MoQSession.cpp:2801] start sess=0x7f656c082130
relay-1        | V1010 00:56:32.618433     8 MoQSession.cpp:3145] sendSetup sess=0x7f656c082130
relay-1        | V1010 00:56:32.618484     8 MoQSession.cpp:3101] controlWriteLoop sess=0x7f656c082130
relay-1        | V1010 00:56:32.618553     8 MoQSession.cpp:7190] onNewUniStream sess=0x7f656c082130
relay-1        | V1010 00:56:32.618614     8 MoQSession.cpp:3513] controlReadLoop sess=0x7f656c082130
relay-1        | V1010 00:56:32.618633     8 MoQSession.cpp:3297] onClientSetup sess=0x7f656c082130
relay-1        | V1010 00:56:32.618637     8 MoQServerBase.cpp:88] MoQServerBase::ClientSetup
relay-1        | V1010 00:56:32.618640     8 MoQServerBase.cpp:93] MoQServerBase::ClientSetup: Using ALPN-negotiated version: moqt-18
relay-1        | V1010 00:56:32.618644     8 MoQSession.cpp:3375] Negotiated Version=0xff000012 (draft-18)
relay-1        | V1010 00:56:32.618751     8 MoQSession.cpp:7220] onNewBidiStream sess=0x7f656c082130
relay-1        | V1010 00:56:32.618769     8 MoQSession.cpp:3513] controlReadLoop sess=0x7f656c082130
relay-1        | V1010 00:56:32.618781     8 MoQSession.cpp:4478] onSubscribeImpl ftn=moq-test-00/3/0/0/2/5/5/64/32/20/1/1/1/-1/-1/0/moq-test-7cdd6bf653f9ad64 sess=0x7f656c082130
relay-1        | V1010 00:56:32.626927     8 MoQSession.cpp:2666] ~MoQSession sess=0x7f656c05e1e0
relay-1        | V1010 00:56:32.626953     8 MoQSession.cpp:2666] ~MoQSession sess=0x7f656c08fe90
test-client-1  | [2m2026-10-10T00:56:32.820419Z[0m [32m INFO[0m [2mmoq_native_ietf::quic[0m[2m:[0m UDP socket bound [3mbind[0m[2m=[0m[::]:0 [3mlocal[0m[2m=[0m[::]:51718 [3mdual_stack[0m[2m=[0mtrue
relay-1        | V1010 00:56:32.822260     8 MoQServer.cpp:334] MoQServer WebTransport: supported protocols: moqt-18, moqt-16, moqt-15, moq-00
relay-1        | V1010 00:56:32.822286     8 MoQServer.cpp:344] WebTransport: Negotiated protocol: moqt-18
relay-1        | V1010 00:56:32.822366     8 MoQSession.cpp:2801] start sess=0x7f656c044600
relay-1        | V1010 00:56:32.822402     8 MoQSession.cpp:3145] sendSetup sess=0x7f656c044600
relay-1        | V1010 00:56:32.822456     8 MoQSession.cpp:3101] controlWriteLoop sess=0x7f656c044600
relay-1        | V1010 00:56:32.822552     8 MoQSession.cpp:7190] onNewUniStream sess=0x7f656c044600
relay-1        | V1010 00:56:32.822610     8 MoQSession.cpp:3513] controlReadLoop sess=0x7f656c044600
relay-1        | V1010 00:56:32.822619     8 MoQSession.cpp:3297] onClientSetup sess=0x7f656c044600
relay-1        | V1010 00:56:32.822622     8 MoQServerBase.cpp:88] MoQServerBase::ClientSetup
relay-1        | V1010 00:56:32.822625     8 MoQServerBase.cpp:93] MoQServerBase::ClientSetup: Using ALPN-negotiated version: moqt-18
relay-1        | V1010 00:56:32.822644     8 MoQSession.cpp:3375] Negotiated Version=0xff000012 (draft-18)
relay-1        | V1010 00:56:32.822663     8 MoQSession.cpp:7220] onNewBidiStream sess=0x7f656c044600
relay-1        | V1010 00:56:32.822679     8 MoQSession.cpp:3513] controlReadLoop sess=0x7f656c044600
relay-1        | V1010 00:56:32.822691     8 MoQSession.cpp:5166] onPublishImpl reqID=0 sess=0x7f656c044600
relay-1        | V1010 00:56:32.822706     8 MoQRelay.cpp:422] publish ftn=moq-test-00/3/0/0/2/5/5/64/32/20/1/1/1/-1/-1/0/moq-test-7cdd6bf653f9ad64
relay-1        | E1010 00:56:32.822732     8 MoQRelay.cpp:82] prefix not found in tree
relay-1        | V1010 00:56:32.822755     8 MoQSession.cpp:6318] publishOk reqID=0 sess=0x7f656c044600
relay-1        | V1010 00:56:32.822835     8 MoQLocation.h:24] m=AbsoluteStart g=0 o=0
relay-1        | V1010 00:56:32.822841     8 MoQLocation.h:59] g=0 o=0 g=4611686018427387903 o=4611686018427387903
relay-1        | I1010 00:56:32.822847     8 MoQRelay.cpp:1975] Updating forward for moq-test-00/3/0/0/2/5/5/64/32/20/1/1/1/-1/-1/0/moq-test-7cdd6bf653f9ad64 numForwardingSubs=1
relay-1        | V1010 00:56:32.822857     8 MoQSession.cpp:6520] sendSubscribeOk sess=0x7f656c082130
relay-1        | V1010 00:56:32.822907     8 MoQSession.cpp:6838] requestUpdate sess=0x7f656c044600
test-client-1  | [2m2026-10-10T00:56:32.823014Z[0m [32m INFO[0m [2mmoq_test_client::moqtest[0m[2m:[0m PUBLISH accepted and subscription bound; generating objects [3mobjects[0m[2m=[0m15 [3mstreams[0m[2m=[0m0
relay-1        | V1010 00:56:32.823105     8 MoQSession.cpp:5322] PublishDone id=0 code=2 reason=publish ended
relay-1        | V1010 00:56:32.823112     8 MoQSession.cpp:2232] processPublishDone trackReceiveState=0x7f656c07e670
relay-1        | V1010 00:56:32.823114     8 MoQRelay.cpp:383] onPublishDoneImpl ftn=moq-test-00/3/0/0/2/5/5/64/32/20/1/1/1/-1/-1/0/moq-test-7cdd6bf653f9ad64
relay-1        | V1010 00:56:32.823118     8 MoQRelay.cpp:303] Pruning empty subtree at: moq-test-00
relay-1        | V1010 00:56:32.823123     8 MoQForwarder.cpp:610] publishDone pubDone reason=publish ended
relay-1        | V1010 00:56:32.823132     8 MoQForwarder.cpp:308] drainSubscriber from publishDone session=109
relay-1        | V1010 00:56:32.823135     8 MoQSession.cpp:6633] sendPublishDone sess=0x7f656c082130
relay-1        | V1010 00:56:32.823142     8 MoQSession.cpp:6808] publisherDrained id=0 sess=0x7f656c082130
relay-1        | V1010 00:56:32.823147     8 MoQForwarder.cpp:372] Resetting open subgroups for subscriber=0x7f656c068da0
relay-1        | V1010 00:56:32.823149     8 MoQForwarder.cpp:391] subscribers_.size()=0
relay-1        | I1010 00:56:32.823156     8 MoQRelay.cpp:1938] Publisher terminated for moq-test-00/3/0/0/2/5/5/64/32/20/1/1/1/-1/-1/0/moq-test-7cdd6bf653f9ad64
relay-1        | V1010 00:56:32.823163     8 MoQSession.cpp:3678] Failing pending request id=1 peer FINed without terminal reply sess=0x7f656c044600
relay-1        | V1010 00:56:32.823167     8 MoQSession.cpp:3518] exit controlReadLoop sess=0x7f656c044600
relay-1        | E1010 00:56:32.823199     8 MoQRelay.cpp:36] requestUpdate failed: peer FINed without terminal reply
relay-1        | V1010 00:56:32.823332     8 MoQSession.cpp:3518] exit controlReadLoop sess=0x7f656c082130
relay-1        | V1010 00:56:32.823345     8 MoQSession.cpp:3518] exit controlReadLoop sess=0x7f656c082130
test-client-1  | not ok 15 - moq-test-datagram-eog
test-client-1  |   ---
test-client-1  |   duration_ms: 228
test-client-1  |   message: "failed to write datagram: cancelled"
test-client-1  |   ...
relay-1        | E20261010 00:56:32.844678     8 HQControlCodec.h:58] Unexpected control stream EOF
relay-1        | E20261010 00:56:32.844750     8 HQSession.cpp:3175] Got error on control stream error=HTTP: Critical stream was closed streamID=2 sess=proto=h3, UA=, client CID=7119cf81d2f9385a, server CID=4000001f3c32133a, downstream=[::ffff:172.18.0.3]:51718, [::]:4443=local, drain=none
relay-1        | E20261010 00:56:32.844795     8 HQControlCodec.h:58] Unexpected control stream EOF
relay-1        | E20261010 00:56:32.844803     8 HQSession.cpp:3175] Got error on control stream error=HTTP: Critical stream was closed streamID=2 sess=proto=h3, UA=, client CID=21c7fd71d23a2583, server CID=40000015b6fbfd7e, downstream=[::ffff:172.18.0.3]:45456, [::]:4443=local, drain=none
relay-1        | E1010 00:56:32.844841     8 MoQServer.h:234] proxygen::HTTPException: Got error=ApplicationError: 260, HTTP error on control stream
relay-1        | V1010 00:56:32.844847     8 MoQSession.cpp:7639] onSessionEnderr=4294967295 sess=0x7f656c044600
relay-1        | V1010 00:56:32.844850     8 MoQSession.cpp:3077] close sess=0x7f656c044600
relay-1        | V1010 00:56:32.844858     8 MoQSession.cpp:2721] requestCancellation from cleanup sess=0x7f656c044600
relay-1        | V1010 00:56:32.844871     8 MoQSession.cpp:3094] requestCancellation from close sess=0x7f656c044600
relay-1        | E1010 00:56:32.844955     8 MoQServer.h:234] proxygen::HTTPException: Got error=ApplicationError: 260, HTTP error on control stream
relay-1        | V1010 00:56:32.844975     8 MoQSession.cpp:7639] onSessionEnderr=4294967295 sess=0x7f656c082130
relay-1        | V1010 00:56:32.844987     8 MoQSession.cpp:3077] close sess=0x7f656c082130
relay-1        | V1010 00:56:32.844998     8 MoQSession.cpp:2721] requestCancellation from cleanup sess=0x7f656c082130
relay-1        | V1010 00:56:32.845014     8 MoQSession.cpp:3094] requestCancellation from close sess=0x7f656c082130
test-client-1  | [2m2026-10-10T00:56:32.844980Z[0m [33m WARN[0m [2mweb_transport_quinn::session[0m[2m:[0m failed to read capsule [3me[0m[2m=[0mUnexpectedEnd
test-client-1  | [2m2026-10-10T00:56:32.845069Z[0m [33m WARN[0m [2mweb_transport_quinn::session[0m[2m:[0m failed to read capsule [3me[0m[2m=[0mUnexpectedEnd
relay-1        | V1010 00:56:32.845066     8 MoQSession.cpp:3518] exit controlReadLoop sess=0x7f656c044600
relay-1        | V1010 00:56:32.845112     8 MoQSession.cpp:3103] exit controlWriteLoop sess=0x7f656c044600
relay-1        | V1010 00:56:32.845120     8 MoQSession.cpp:2666] ~MoQSession sess=0x7f656c044600
relay-1        | V1010 00:56:32.845130     8 MoQSession.cpp:3103] exit controlWriteLoop sess=0x7f656c082130
test-client-1  | [2m2026-10-10T00:56:32.845256Z[0m [32m INFO[0m [2mmoq_native_ietf::quic[0m[2m:[0m UDP socket bound [3mbind[0m[2m=[0m[::]:0 [3mlocal[0m[2m=[0m[::]:49676 [3mdual_stack[0m[2m=[0mtrue
relay-1        | V1010 00:56:32.846687     8 MoQServer.cpp:334] MoQServer WebTransport: supported protocols: moqt-18, moqt-16, moqt-15, moq-00
relay-1        | V1010 00:56:32.846701     8 MoQServer.cpp:344] WebTransport: Negotiated protocol: moqt-18
relay-1        | V1010 00:56:32.846774     8 MoQSession.cpp:2801] start sess=0x7f656c04adf0
relay-1        | V1010 00:56:32.846787     8 MoQSession.cpp:3145] sendSetup sess=0x7f656c04adf0
relay-1        | V1010 00:56:32.846811     8 MoQSession.cpp:3101] controlWriteLoop sess=0x7f656c04adf0
relay-1        | V1010 00:56:32.846960     8 MoQSession.cpp:7190] onNewUniStream sess=0x7f656c04adf0
relay-1        | V1010 00:56:32.846979     8 MoQSession.cpp:3513] controlReadLoop sess=0x7f656c04adf0
relay-1        | V1010 00:56:32.846984     8 MoQSession.cpp:3297] onClientSetup sess=0x7f656c04adf0
relay-1        | V1010 00:56:32.846987     8 MoQServerBase.cpp:88] MoQServerBase::ClientSetup
relay-1        | V1010 00:56:32.846989     8 MoQServerBase.cpp:93] MoQServerBase::ClientSetup: Using ALPN-negotiated version: moqt-18
relay-1        | V1010 00:56:32.846992     8 MoQSession.cpp:3375] Negotiated Version=0xff000012 (draft-18)
relay-1        | V1010 00:56:32.847108     8 MoQSession.cpp:7220] onNewBidiStream sess=0x7f656c04adf0
relay-1        | V1010 00:56:32.847129     8 MoQSession.cpp:3513] controlReadLoop sess=0x7f656c04adf0
relay-1        | V1010 00:56:32.847141     8 MoQSession.cpp:4478] onSubscribeImpl ftn=moq-test-00/0/0/0/2/5/5/64/32/2/1/1/1/1/2/0/moq-test-4c8e24a741c4595d sess=0x7f656c04adf0
relay-1        | V1010 00:56:32.855271     8 MoQSession.cpp:2666] ~MoQSession sess=0x7f656c082130
test-client-1  | [2m2026-10-10T00:56:33.048678Z[0m [32m INFO[0m [2mmoq_native_ietf::quic[0m[2m:[0m UDP socket bound [3mbind[0m[2m=[0m[::]:0 [3mlocal[0m[2m=[0m[::]:38708 [3mdual_stack[0m[2m=[0mtrue
relay-1        | V1010 00:56:33.050466     8 MoQServer.cpp:334] MoQServer WebTransport: supported protocols: moqt-18, moqt-16, moqt-15, moq-00
relay-1        | V1010 00:56:33.050490     8 MoQServer.cpp:344] WebTransport: Negotiated protocol: moqt-18
relay-1        | V1010 00:56:33.050604     8 MoQSession.cpp:2801] start sess=0x7f656c058490
relay-1        | V1010 00:56:33.050622     8 MoQSession.cpp:3145] sendSetup sess=0x7f656c058490
relay-1        | V1010 00:56:33.050750     8 MoQSession.cpp:3101] controlWriteLoop sess=0x7f656c058490
relay-1        | V1010 00:56:33.050770     8 MoQSession.cpp:7190] onNewUniStream sess=0x7f656c058490
relay-1        | V1010 00:56:33.050817     8 MoQSession.cpp:3513] controlReadLoop sess=0x7f656c058490
relay-1        | V1010 00:56:33.050826     8 MoQSession.cpp:3297] onClientSetup sess=0x7f656c058490
relay-1        | V1010 00:56:33.050830     8 MoQServerBase.cpp:88] MoQServerBase::ClientSetup
relay-1        | V1010 00:56:33.050833     8 MoQServerBase.cpp:93] MoQServerBase::ClientSetup: Using ALPN-negotiated version: moqt-18
relay-1        | V1010 00:56:33.050837     8 MoQSession.cpp:3375] Negotiated Version=0xff000012 (draft-18)
relay-1        | V1010 00:56:33.050990     8 MoQSession.cpp:7220] onNewBidiStream sess=0x7f656c058490
relay-1        | V1010 00:56:33.051010     8 MoQSession.cpp:3513] controlReadLoop sess=0x7f656c058490
relay-1        | V1010 00:56:33.051023     8 MoQSession.cpp:5166] onPublishImpl reqID=0 sess=0x7f656c058490
relay-1        | V1010 00:56:33.051038     8 MoQRelay.cpp:422] publish ftn=moq-test-00/0/0/0/2/5/5/64/32/2/1/1/1/1/2/0/moq-test-4c8e24a741c4595d
relay-1        | E1010 00:56:33.051050     8 MoQRelay.cpp:82] prefix not found in tree
relay-1        | V1010 00:56:33.051074     8 MoQSession.cpp:6318] publishOk reqID=0 sess=0x7f656c058490
relay-1        | V1010 00:56:33.051137     8 MoQLocation.h:24] m=AbsoluteStart g=0 o=0
relay-1        | V1010 00:56:33.051143     8 MoQLocation.h:59] g=0 o=0 g=4611686018427387903 o=4611686018427387903
relay-1        | I1010 00:56:33.051148     8 MoQRelay.cpp:1975] Updating forward for moq-test-00/0/0/0/2/5/5/64/32/2/1/1/1/1/2/0/moq-test-4c8e24a741c4595d numForwardingSubs=1
relay-1        | V1010 00:56:33.051159     8 MoQSession.cpp:6520] sendSubscribeOk sess=0x7f656c04adf0
relay-1        | V1010 00:56:33.051194     8 MoQSession.cpp:6838] requestUpdate sess=0x7f656c058490
test-client-1  | [2m2026-10-10T00:56:33.051323Z[0m [33m WARN[0m [2mmoq_transport::session[0m[2m:[0m unexpected bidi response message type [3mmsg_type[0m[2m=[0m2
relay-1        | E20261010 00:56:33.051468     8 HQControlCodec.h:58] Unexpected control stream EOF
relay-1        | E20261010 00:56:33.051522     8 HQSession.cpp:3175] Got error on control stream error=HTTP: Critical stream was closed streamID=2 sess=proto=h3, UA=, client CID=95b6b8b75abb3e25, server CID=4000001bea15470a, downstream=[::ffff:172.18.0.3]:38708, [::]:4443=local, drain=none
relay-1        | E1010 00:56:33.051583     8 MoQServer.h:234] proxygen::HTTPException: Got error=ApplicationError: 260, HTTP error on control stream
relay-1        | V1010 00:56:33.051593     8 MoQSession.cpp:7639] onSessionEnderr=4294967295 sess=0x7f656c058490
relay-1        | V1010 00:56:33.051596     8 MoQSession.cpp:3077] close sess=0x7f656c058490
relay-1        | V1010 00:56:33.051602     8 MoQSession.cpp:2203] subscribeError trackReceiveState=0x7f656c083a70
relay-1        | V1010 00:56:33.051605     8 MoQSession.cpp:2232] processPublishDone trackReceiveState=0x7f656c083a70
relay-1        | V1010 00:56:33.051608     8 MoQRelay.cpp:383] onPublishDoneImpl ftn=moq-test-00/0/0/0/2/5/5/64/32/2/1/1/1/1/2/0/moq-test-4c8e24a741c4595d
relay-1        | V1010 00:56:33.051613     8 MoQRelay.cpp:303] Pruning empty subtree at: moq-test-00
relay-1        | V1010 00:56:33.051618     8 MoQForwarder.cpp:610] publishDone pubDone reason=closed locally
relay-1        | V1010 00:56:33.051621     8 MoQForwarder.cpp:308] drainSubscriber from publishDone session=119
relay-1        | V1010 00:56:33.051624     8 MoQSession.cpp:6633] sendPublishDone sess=0x7f656c04adf0
relay-1        | V1010 00:56:33.051634     8 MoQSession.cpp:6808] publisherDrained id=0 sess=0x7f656c04adf0
relay-1        | V1010 00:56:33.051636     8 MoQForwarder.cpp:372] Resetting open subgroups for subscriber=0x7f656c035b60
relay-1        | V1010 00:56:33.051639     8 MoQForwarder.cpp:391] subscribers_.size()=0
relay-1        | I1010 00:56:33.051644     8 MoQRelay.cpp:1938] Publisher terminated for moq-test-00/0/0/0/2/5/5/64/32/2/1/1/1/1/2/0/moq-test-4c8e24a741c4595d
relay-1        | V1010 00:56:33.051650     8 MoQSession.cpp:2186] cancel alias=0 requestID=0
relay-1        | V1010 00:56:33.051655     8 MoQSession.cpp:2721] requestCancellation from cleanup sess=0x7f656c058490
relay-1        | V1010 00:56:33.051663     8 BidiStreamControl.cpp:37] STOP_SENDING received on bidi stream id=4 code=386759528
relay-1        | V1010 00:56:33.051667     8 MoQSession.cpp:3094] requestCancellation from close sess=0x7f656c058490
relay-1        | V1010 00:56:33.051776     8 MoQSession.cpp:3518] exit controlReadLoop sess=0x7f656c058490
relay-1        | V1010 00:56:33.051786     8 MoQSession.cpp:3518] exit controlReadLoop sess=0x7f656c058490
relay-1        | E1010 00:56:33.051791     8 MoQRelay.cpp:36] requestUpdate failed: Session closed
relay-1        | V1010 00:56:33.051817     8 MoQSession.cpp:3103] exit controlWriteLoop sess=0x7f656c058490
relay-1        | E20261010 00:56:33.051823     8 HQControlCodec.h:58] Unexpected control stream EOF
test-client-1  | [2m2026-10-10T00:56:33.051333Z[0m [33m WARN[0m [2mmoq_transport::serve::error[0m[2m:[0m [54771851-1a01-4787-9f28-5425bbe0e245] Not implemented: bidi response type 0x2 at moq-transport/src/session/error.rs:89
relay-1        | E20261010 00:56:33.051846     8 HQSession.cpp:3175] Got error on control stream error=HTTP: Critical stream was closed streamID=2 sess=proto=h3, UA=, client CID=71fc8e7c31cae8ac, server CID=4000001f970af8de, downstream=[::ffff:172.18.0.3]:49676, [::]:4443=local, drain=none
relay-1        | E1010 00:56:33.051869     8 MoQServer.h:234] proxygen::HTTPException: Got error=ApplicationError: 260, HTTP error on control stream
relay-1        | V1010 00:56:33.051871     8 MoQSession.cpp:7639] onSessionEnderr=4294967295 sess=0x7f656c04adf0
test-client-1  | not ok 16 - moq-test-extensions
relay-1        | V1010 00:56:33.051873     8 MoQSession.cpp:3077] close sess=0x7f656c04adf0
relay-1        | V1010 00:56:33.051876     8 MoQSession.cpp:2721] requestCancellation from cleanup sess=0x7f656c04adf0
relay-1        | V1010 00:56:33.051880     8 MoQSession.cpp:3094] requestCancellation from close sess=0x7f656c04adf0
relay-1        | V1010 00:56:33.051938     8 MoQSession.cpp:3518] exit controlReadLoop sess=0x7f656c04adf0
relay-1        | V1010 00:56:33.051946     8 MoQSession.cpp:3518] exit controlReadLoop sess=0x7f656c04adf0
relay-1        | V1010 00:56:33.051954     8 MoQSession.cpp:3103] exit controlWriteLoop sess=0x7f656c04adf0
test-client-1  | [2m2026-10-10T00:56:33.051795Z[0m [33m WARN[0m [2mweb_transport_quinn::session[0m[2m:[0m failed to read capsule [3me[0m[2m=[0mUnexpectedEnd
test-client-1  | [2m2026-10-10T00:56:33.052036Z[0m [33m WARN[0m [2mweb_transport_quinn::session[0m[2m:[0m failed to read capsule [3me[0m[2m=[0mUnexpectedEnd
test-client-1  | [2m2026-10-10T00:56:33.052049Z[0m [32m INFO[0m [2mmoq_native_ietf::quic[0m[2m:[0m UDP socket bound [3mbind[0m[2m=[0m[::]:0 [3mlocal[0m[2m=[0m[::]:37079 [3mdual_stack[0m[2m=[0mtrue
test-client-1  |   ---
test-client-1  |   duration_ms: 206
test-client-1  |   message: "PUBLISH was rejected: cancelled"
test-client-1  |   ...
relay-1        | V1010 00:56:33.053104     8 MoQServer.cpp:334] MoQServer WebTransport: supported protocols: moqt-18, moqt-16, moqt-15, moq-00
relay-1        | V1010 00:56:33.053114     8 MoQServer.cpp:344] WebTransport: Negotiated protocol: moqt-18
relay-1        | V1010 00:56:33.053162     8 MoQSession.cpp:2801] start sess=0x7f656c0854e0
relay-1        | V1010 00:56:33.053173     8 MoQSession.cpp:3145] sendSetup sess=0x7f656c0854e0
relay-1        | V1010 00:56:33.053194     8 MoQSession.cpp:3101] controlWriteLoop sess=0x7f656c0854e0
relay-1        | V1010 00:56:33.053340     8 MoQSession.cpp:7190] onNewUniStream sess=0x7f656c0854e0
relay-1        | V1010 00:56:33.053359     8 MoQSession.cpp:3513] controlReadLoop sess=0x7f656c0854e0
relay-1        | V1010 00:56:33.053362     8 MoQSession.cpp:3297] onClientSetup sess=0x7f656c0854e0
relay-1        | V1010 00:56:33.053364     8 MoQServerBase.cpp:88] MoQServerBase::ClientSetup
relay-1        | V1010 00:56:33.053366     8 MoQServerBase.cpp:93] MoQServerBase::ClientSetup: Using ALPN-negotiated version: moqt-18
relay-1        | V1010 00:56:33.053370     8 MoQSession.cpp:3375] Negotiated Version=0xff000012 (draft-18)
relay-1        | V1010 00:56:33.053386     8 MoQSession.cpp:7220] onNewBidiStream sess=0x7f656c0854e0
relay-1        | V1010 00:56:33.053400     8 MoQSession.cpp:3513] controlReadLoop sess=0x7f656c0854e0
relay-1        | V1010 00:56:33.053409     8 MoQSession.cpp:4478] onSubscribeImpl ftn=moq-test-00/0/10/3/24/7/3/40/24/2/7/2/0/-1/-1/0/moq-test-5b667d59e1e3d78d sess=0x7f656c0854e0
relay-1        | V1010 00:56:33.062528     8 MoQSession.cpp:2666] ~MoQSession sess=0x7f656c04adf0
relay-1        | V1010 00:56:33.062552     8 MoQSession.cpp:2666] ~MoQSession sess=0x7f656c058490
test-client-1  | [2m2026-10-10T00:56:33.254941Z[0m [32m INFO[0m [2mmoq_native_ietf::quic[0m[2m:[0m UDP socket bound [3mbind[0m[2m=[0m[::]:0 [3mlocal[0m[2m=[0m[::]:36352 [3mdual_stack[0m[2m=[0mtrue
relay-1        | V1010 00:56:33.256822     8 MoQServer.cpp:334] MoQServer WebTransport: supported protocols: moqt-18, moqt-16, moqt-15, moq-00
relay-1        | V1010 00:56:33.256847     8 MoQServer.cpp:344] WebTransport: Negotiated protocol: moqt-18
relay-1        | V1010 00:56:33.256929     8 MoQSession.cpp:2801] start sess=0x7f656c067690
relay-1        | V1010 00:56:33.256947     8 MoQSession.cpp:3145] sendSetup sess=0x7f656c067690
relay-1        | V1010 00:56:33.257000     8 MoQSession.cpp:3101] controlWriteLoop sess=0x7f656c067690
relay-1        | V1010 00:56:33.257135     8 MoQSession.cpp:7190] onNewUniStream sess=0x7f656c067690
relay-1        | V1010 00:56:33.257156     8 MoQSession.cpp:3513] controlReadLoop sess=0x7f656c067690
relay-1        | V1010 00:56:33.257162     8 MoQSession.cpp:3297] onClientSetup sess=0x7f656c067690
relay-1        | V1010 00:56:33.257168     8 MoQServerBase.cpp:88] MoQServerBase::ClientSetup
relay-1        | V1010 00:56:33.257171     8 MoQServerBase.cpp:93] MoQServerBase::ClientSetup: Using ALPN-negotiated version: moqt-18
relay-1        | V1010 00:56:33.257175     8 MoQSession.cpp:3375] Negotiated Version=0xff000012 (draft-18)
relay-1        | V1010 00:56:33.257246     8 MoQSession.cpp:7220] onNewBidiStream sess=0x7f656c067690
relay-1        | V1010 00:56:33.257273     8 MoQSession.cpp:3513] controlReadLoop sess=0x7f656c067690
relay-1        | V1010 00:56:33.257286     8 MoQSession.cpp:5166] onPublishImpl reqID=0 sess=0x7f656c067690
relay-1        | V1010 00:56:33.257304     8 MoQRelay.cpp:422] publish ftn=moq-test-00/0/10/3/24/7/3/40/24/2/7/2/0/-1/-1/0/moq-test-5b667d59e1e3d78d
relay-1        | E1010 00:56:33.257315     8 MoQRelay.cpp:82] prefix not found in tree
relay-1        | V1010 00:56:33.257338     8 MoQSession.cpp:6318] publishOk reqID=0 sess=0x7f656c067690
relay-1        | V1010 00:56:33.257414     8 MoQLocation.h:24] m=AbsoluteStart g=0 o=0
relay-1        | V1010 00:56:33.257420     8 MoQLocation.h:59] g=0 o=0 g=4611686018427387903 o=4611686018427387903
relay-1        | I1010 00:56:33.257426     8 MoQRelay.cpp:1975] Updating forward for moq-test-00/0/10/3/24/7/3/40/24/2/7/2/0/-1/-1/0/moq-test-5b667d59e1e3d78d numForwardingSubs=1
relay-1        | V1010 00:56:33.257436     8 MoQSession.cpp:6520] sendSubscribeOk sess=0x7f656c0854e0
relay-1        | V1010 00:56:33.257474     8 MoQSession.cpp:6838] requestUpdate sess=0x7f656c067690
test-client-1  | [2m2026-10-10T00:56:33.257529Z[0m [32m INFO[0m [2mmoq_test_client::moqtest[0m[2m:[0m PUBLISH accepted and subscription bound; generating objects [3mobjects[0m[2m=[0m9 [3mstreams[0m[2m=[0m3
test-client-1  | [2m2026-10-10T00:56:33.257611Z[0m [33m WARN[0m [2mmoq_transport::session[0m[2m:[0m unexpected bidi response message type [3mmsg_type[0m[2m=[0m2
test-client-1  | [2m2026-10-10T00:56:33.257633Z[0m [33m WARN[0m [2mmoq_transport::serve::error[0m[2m:[0m [1ac89241-e420-4fb1-bb9a-6434321ad983] Not implemented: bidi response type 0x2 at moq-transport/src/session/error.rs:89
relay-1        | V1010 00:56:33.257712     8 MoQSession.cpp:3678] Failing pending request id=1 peer FINed without terminal reply sess=0x7f656c067690
relay-1        | V1010 00:56:33.257724     8 MoQSession.cpp:3518] exit controlReadLoop sess=0x7f656c067690
relay-1        | E1010 00:56:33.257732     8 MoQRelay.cpp:36] requestUpdate failed: peer FINed without terminal reply
test-client-1  | not ok 17 - moq-test-increments
test-client-1  |   ---
test-client-1  |   duration_ms: 215
test-client-1  |   message: "failed to create subgroup: cancelled"
test-client-1  |   ...
relay-1        | V1010 00:56:33.267028     8 MoQSession.cpp:3518] exit controlReadLoop sess=0x7f656c067690
relay-1        | E20261010 00:56:33.267041     8 HQControlCodec.h:58] Unexpected control stream EOF
relay-1        | E20261010 00:56:33.267091     8 HQSession.cpp:3175] Got error on control stream error=HTTP: Critical stream was closed streamID=2 sess=proto=h3, UA=, client CID=6fcc887fe5e0d74f, server CID=4000001aa914858a, downstream=[::ffff:172.18.0.3]:36352, [::]:4443=local, drain=none
relay-1        | E1010 00:56:33.267133     8 MoQServer.h:234] proxygen::HTTPException: Got error=ApplicationError: 260, HTTP error on control stream
relay-1        | V1010 00:56:33.267148     8 MoQSession.cpp:7639] onSessionEnderr=4294967295 sess=0x7f656c067690
relay-1        | V1010 00:56:33.267154     8 MoQSession.cpp:3077] close sess=0x7f656c067690
relay-1        | V1010 00:56:33.267159     8 MoQSession.cpp:2203] subscribeError trackReceiveState=0x7f656c083a70
relay-1        | V1010 00:56:33.267162     8 MoQSession.cpp:2232] processPublishDone trackReceiveState=0x7f656c083a70
relay-1        | V1010 00:56:33.267165     8 MoQRelay.cpp:383] onPublishDoneImpl ftn=moq-test-00/0/10/3/24/7/3/40/24/2/7/2/0/-1/-1/0/moq-test-5b667d59e1e3d78d
relay-1        | V1010 00:56:33.267172     8 MoQRelay.cpp:303] Pruning empty subtree at: moq-test-00
relay-1        | V1010 00:56:33.267178     8 MoQForwarder.cpp:610] publishDone pubDone reason=closed locally
relay-1        | V1010 00:56:33.267182     8 MoQForwarder.cpp:308] drainSubscriber from publishDone session=129
relay-1        | V1010 00:56:33.267185     8 MoQSession.cpp:6633] sendPublishDone sess=0x7f656c0854e0
relay-1        | V1010 00:56:33.267194     8 MoQSession.cpp:6808] publisherDrained id=0 sess=0x7f656c0854e0
relay-1        | V1010 00:56:33.267208     8 MoQForwarder.cpp:372] Resetting open subgroups for subscriber=0x7f656c058d10
relay-1        | V1010 00:56:33.267213     8 MoQForwarder.cpp:391] subscribers_.size()=0
relay-1        | I1010 00:56:33.267219     8 MoQRelay.cpp:1938] Publisher terminated for moq-test-00/0/10/3/24/7/3/40/24/2/7/2/0/-1/-1/0/moq-test-5b667d59e1e3d78d
relay-1        | V1010 00:56:33.267226     8 MoQSession.cpp:2186] cancel alias=0 requestID=0
relay-1        | V1010 00:56:33.267229     8 MoQSession.cpp:2721] requestCancellation from cleanup sess=0x7f656c067690
relay-1        | V1010 00:56:33.267242     8 MoQSession.cpp:3094] requestCancellation from close sess=0x7f656c067690
relay-1        | V1010 00:56:33.267365     8 MoQSession.cpp:3103] exit controlWriteLoop sess=0x7f656c067690
relay-1        | E20261010 00:56:33.267375     8 HQControlCodec.h:58] Unexpected control stream EOF
relay-1        | E20261010 00:56:33.267391     8 HQSession.cpp:3175] Got error on control stream error=HTTP: Critical stream was closed streamID=2 sess=proto=h3, UA=, client CID=d7d3dd1726340dab, server CID=4000001430a5fbc4, downstream=[::ffff:172.18.0.3]:37079, [::]:4443=local, drain=none
relay-1        | E1010 00:56:33.267416     8 MoQServer.h:234] proxygen::HTTPException: Got error=ApplicationError: 260, HTTP error on control stream
test-client-1  | [2m2026-10-10T00:56:33.267531Z[0m [33m WARN[0m [2mweb_transport_quinn::session[0m[2m:[0m failed to read capsule [3me[0m[2m=[0mUnexpectedEnd
relay-1        | V1010 00:56:33.267419     8 MoQSession.cpp:7639] onSessionEnderr=4294967295 sess=0x7f656c0854e0
relay-1        | V1010 00:56:33.267420     8 MoQSession.cpp:3077] close sess=0x7f656c0854e0
relay-1        | V1010 00:56:33.267423     8 MoQSession.cpp:2721] requestCancellation from cleanup sess=0x7f656c0854e0
relay-1        | V1010 00:56:33.267428     8 MoQSession.cpp:3094] requestCancellation from close sess=0x7f656c0854e0
relay-1        | V1010 00:56:33.267461     8 MoQSession.cpp:3518] exit controlReadLoop sess=0x7f656c0854e0
relay-1        | V1010 00:56:33.267469     8 MoQSession.cpp:3518] exit controlReadLoop sess=0x7f656c0854e0
relay-1        | V1010 00:56:33.267478     8 MoQSession.cpp:3103] exit controlWriteLoop sess=0x7f656c0854e0
test-client-1  | [2m2026-10-10T00:56:33.267570Z[0m [33m WARN[0m [2mweb_transport_quinn::session[0m[2m:[0m failed to read capsule [3me[0m[2m=[0mUnexpectedEnd
test-client-1  | [2m2026-10-10T00:56:33.267632Z[0m [32m INFO[0m [2mmoq_native_ietf::quic[0m[2m:[0m UDP socket bound [3mbind[0m[2m=[0m[::]:0 [3mlocal[0m[2m=[0m[::]:55543 [3mdual_stack[0m[2m=[0mtrue
relay-1        | V1010 00:56:33.268740     8 MoQServer.cpp:334] MoQServer WebTransport: supported protocols: moqt-18, moqt-16, moqt-15, moq-00
relay-1        | V1010 00:56:33.268753     8 MoQServer.cpp:344] WebTransport: Negotiated protocol: moqt-18
relay-1        | V1010 00:56:33.268806     8 MoQSession.cpp:2801] start sess=0x7f656c082730
relay-1        | V1010 00:56:33.268816     8 MoQSession.cpp:3145] sendSetup sess=0x7f656c082730
relay-1        | V1010 00:56:33.268858     8 MoQSession.cpp:3101] controlWriteLoop sess=0x7f656c082730
relay-1        | V1010 00:56:33.269002     8 MoQSession.cpp:7190] onNewUniStream sess=0x7f656c082730
relay-1        | V1010 00:56:33.269023     8 MoQSession.cpp:3513] controlReadLoop sess=0x7f656c082730
relay-1        | V1010 00:56:33.269026     8 MoQSession.cpp:3297] onClientSetup sess=0x7f656c082730
relay-1        | V1010 00:56:33.269029     8 MoQServerBase.cpp:88] MoQServerBase::ClientSetup
relay-1        | V1010 00:56:33.269031     8 MoQServerBase.cpp:93] MoQServerBase::ClientSetup: Using ALPN-negotiated version: moqt-18
relay-1        | V1010 00:56:33.269034     8 MoQSession.cpp:3375] Negotiated Version=0xff000012 (draft-18)
relay-1        | V1010 00:56:33.269052     8 MoQSession.cpp:7220] onNewBidiStream sess=0x7f656c082730
relay-1        | V1010 00:56:33.269066     8 MoQSession.cpp:3513] controlReadLoop sess=0x7f656c082730
relay-1        | V1010 00:56:33.269076     8 MoQSession.cpp:4478] onSubscribeImpl ftn=moq-test-00/0/0/0/1/2/3/64/32/2/1/1/0/-1/-1/0/moq-test-76eb556c882e8e2e sess=0x7f656c082730
relay-1        | V1010 00:56:33.276192     8 MoQSession.cpp:2666] ~MoQSession sess=0x7f656c0854e0
relay-1        | V1010 00:56:33.286282     8 MoQSession.cpp:2666] ~MoQSession sess=0x7f656c067690
test-client-1  | [2m2026-10-10T00:56:33.470702Z[0m [32m INFO[0m [2mmoq_native_ietf::quic[0m[2m:[0m UDP socket bound [3mbind[0m[2m=[0m[::]:0 [3mlocal[0m[2m=[0m[::]:54188 [3mdual_stack[0m[2m=[0mtrue
relay-1        | V1010 00:56:33.472497     8 MoQServer.cpp:334] MoQServer WebTransport: supported protocols: moqt-18, moqt-16, moqt-15, moq-00
relay-1        | V1010 00:56:33.472523     8 MoQServer.cpp:344] WebTransport: Negotiated protocol: moqt-18
relay-1        | V1010 00:56:33.472617     8 MoQSession.cpp:2801] start sess=0x7f656c067690
relay-1        | V1010 00:56:33.472633     8 MoQSession.cpp:3145] sendSetup sess=0x7f656c067690
relay-1        | V1010 00:56:33.472690     8 MoQSession.cpp:3101] controlWriteLoop sess=0x7f656c067690
relay-1        | V1010 00:56:33.472827     8 MoQSession.cpp:7190] onNewUniStream sess=0x7f656c067690
relay-1        | V1010 00:56:33.472860     8 MoQSession.cpp:3513] controlReadLoop sess=0x7f656c067690
relay-1        | V1010 00:56:33.472867     8 MoQSession.cpp:3297] onClientSetup sess=0x7f656c067690
relay-1        | V1010 00:56:33.472870     8 MoQServerBase.cpp:88] MoQServerBase::ClientSetup
relay-1        | V1010 00:56:33.472873     8 MoQServerBase.cpp:93] MoQServerBase::ClientSetup: Using ALPN-negotiated version: moqt-18
relay-1        | V1010 00:56:33.472877     8 MoQSession.cpp:3375] Negotiated Version=0xff000012 (draft-18)
relay-1        | V1010 00:56:33.472931     8 MoQSession.cpp:7220] onNewBidiStream sess=0x7f656c067690
relay-1        | V1010 00:56:33.472949     8 MoQSession.cpp:3513] controlReadLoop sess=0x7f656c067690
relay-1        | V1010 00:56:33.472959     8 MoQSession.cpp:5166] onPublishImpl reqID=0 sess=0x7f656c067690
relay-1        | V1010 00:56:33.472981     8 MoQRelay.cpp:422] publish ftn=moq-test-00/0/0/0/1/2/3/64/32/2/1/1/0/-1/-1/0/moq-test-76eb556c882e8e2e
relay-1        | E1010 00:56:33.472991     8 MoQRelay.cpp:82] prefix not found in tree
relay-1        | V1010 00:56:33.473016     8 MoQSession.cpp:6318] publishOk reqID=0 sess=0x7f656c067690
relay-1        | V1010 00:56:33.473093     8 MoQLocation.h:24] m=AbsoluteStart g=0 o=0
relay-1        | V1010 00:56:33.473101     8 MoQLocation.h:59] g=0 o=0 g=4611686018427387903 o=4611686018427387903
relay-1        | V1010 00:56:33.473114     8 MoQSession.cpp:6520] sendSubscribeOk sess=0x7f656c082730
test-client-1  | [2m2026-10-10T00:56:33.473208Z[0m [32m INFO[0m [2mmoq_test_client::moqtest[0m[2m:[0m PUBLISH accepted and subscription bound; generating objects [3mobjects[0m[2m=[0m6 [3mstreams[0m[2m=[0m2
relay-1        | V1010 00:56:33.473305     8 MoQSession.cpp:5322] PublishDone id=0 code=2 reason=publish ended
relay-1        | V1010 00:56:33.473312     8 MoQSession.cpp:2232] processPublishDone trackReceiveState=0x7f656c092a40
relay-1        | V1010 00:56:33.473316     8 MoQRelay.cpp:383] onPublishDoneImpl ftn=moq-test-00/0/0/0/1/2/3/64/32/2/1/1/0/-1/-1/0/moq-test-76eb556c882e8e2e
relay-1        | V1010 00:56:33.473321     8 MoQRelay.cpp:303] Pruning empty subtree at: moq-test-00
relay-1        | V1010 00:56:33.473326     8 MoQForwarder.cpp:610] publishDone pubDone reason=publish ended
relay-1        | V1010 00:56:33.473329     8 MoQForwarder.cpp:308] drainSubscriber from publishDone session=139
relay-1        | V1010 00:56:33.473332     8 MoQSession.cpp:6633] sendPublishDone sess=0x7f656c082730
relay-1        | V1010 00:56:33.473341     8 MoQSession.cpp:6808] publisherDrained id=0 sess=0x7f656c082730
relay-1        | V1010 00:56:33.473345     8 MoQForwarder.cpp:372] Resetting open subgroups for subscriber=0x7f656c0554f0
relay-1        | V1010 00:56:33.473347     8 MoQForwarder.cpp:391] subscribers_.size()=0
relay-1        | I1010 00:56:33.473352     8 MoQRelay.cpp:1938] Publisher terminated for moq-test-00/0/0/0/1/2/3/64/32/2/1/1/0/-1/-1/0/moq-test-76eb556c882e8e2e
relay-1        | V1010 00:56:33.473358     8 MoQSession.cpp:3518] exit controlReadLoop sess=0x7f656c067690
relay-1        | V1010 00:56:33.473572     8 MoQSession.cpp:3518] exit controlReadLoop sess=0x7f656c082730
relay-1        | V1010 00:56:33.473578     8 MoQSession.cpp:3518] exit controlReadLoop sess=0x7f656c082730
relay-1        | V1010 00:56:33.482854     8 MoQSession.cpp:3518] exit controlReadLoop sess=0x7f656c067690
test-client-1  | not ok 18 - moq-test-forward-zero
test-client-1  |   ---
test-client-1  |   duration_ms: 215
test-client-1  |   message: "failed to create subgroup: cancelled"
test-client-1  |   ...
relay-1        | E20261010 00:56:33.482896     8 HQControlCodec.h:58] Unexpected control stream EOF
relay-1        | E20261010 00:56:33.482973     8 HQSession.cpp:3175] Got error on control stream error=HTTP: Critical stream was closed streamID=2 sess=proto=h3, UA=, client CID=f88ecf765f088717, server CID=4000001d4c12f831, downstream=[::ffff:172.18.0.3]:54188, [::]:4443=local, drain=none
relay-1        | E20261010 00:56:33.483001     8 HQControlCodec.h:58] Unexpected control stream EOF
relay-1        | E20261010 00:56:33.483022     8 HQSession.cpp:3175] Got error on control stream error=HTTP: Critical stream was closed streamID=2 sess=proto=h3, UA=, client CID=59259444cc032c56, server CID=4000001a1d71cfae, downstream=[::ffff:172.18.0.3]:55543, [::]:4443=local, drain=none
relay-1        | E1010 00:56:33.483060     8 MoQServer.h:234] proxygen::HTTPException: Got error=ApplicationError: 260, HTTP error on control stream
relay-1        | V1010 00:56:33.483067     8 MoQSession.cpp:7639] onSessionEnderr=4294967295 sess=0x7f656c067690
relay-1        | V1010 00:56:33.483069     8 MoQSession.cpp:3077] close sess=0x7f656c067690
relay-1        | V1010 00:56:33.483076     8 MoQSession.cpp:2721] requestCancellation from cleanup sess=0x7f656c067690
relay-1        | V1010 00:56:33.483088     8 MoQSession.cpp:3094] requestCancellation from close sess=0x7f656c067690
relay-1        | E1010 00:56:33.483141     8 MoQServer.h:234] proxygen::HTTPException: Got error=ApplicationError: 260, HTTP error on control stream
relay-1        | V1010 00:56:33.483146     8 MoQSession.cpp:7639] onSessionEnderr=4294967295 sess=0x7f656c082730
relay-1        | V1010 00:56:33.483148     8 MoQSession.cpp:3077] close sess=0x7f656c082730
relay-1        | V1010 00:56:33.483150     8 MoQSession.cpp:2721] requestCancellation from cleanup sess=0x7f656c082730
relay-1        | V1010 00:56:33.483154     8 MoQSession.cpp:3094] requestCancellation from close sess=0x7f656c082730
relay-1        | V1010 00:56:33.483198     8 MoQSession.cpp:3103] exit controlWriteLoop sess=0x7f656c067690
relay-1        | V1010 00:56:33.483208     8 MoQSession.cpp:3103] exit controlWriteLoop sess=0x7f656c082730
relay-1        | V1010 00:56:33.483213     8 MoQSession.cpp:2666] ~MoQSession sess=0x7f656c082730
relay-1        | V1010 00:56:33.491360     8 MoQSession.cpp:2666] ~MoQSession sess=0x7f656c067690
[Ktest-client-1 exited with code 1
Aborting on container exit...
 Container main-test-client-1  Stopping
 Container main-test-client-1  Stopped
 Container main-relay-1  Stopping
 Container main-relay-1  Stopped

make[1]: *** [Makefile:86: test] Error 1
make[1]: Leaving directory '/home/runner/work/moq-interop-runner/moq-interop-runner/main'
