make[1]: Entering directory '/home/runner/work/moq-interop-runner/moq-interop-runner/main'
rm -rf mlog/
mkdir -p mlog/relay mlog/client
Running interop tests...
  Relay:  moxygen-interop:latest
  Client: ghcr.io/englishm/moq-interop-runner-moq-test-client-draft-18:latest
  URL:    https://relay:4443
time="2026-09-24T00:49:42Z" level=warning msg="The \"PORT\" variable is not set. Defaulting to a blank string."
time="2026-09-24T00:49:42Z" level=warning msg="The \"PORT\" variable is not set. Defaulting to a blank string."
time="2026-09-24T00:49:42Z" level=warning msg="The \"PORT\" variable is not set. Defaulting to a blank string."
time="2026-09-24T00:49:42Z" level=warning msg="The \"HEX\" variable is not set. Defaulting to a blank string."
time="2026-09-24T00:49:42Z" level=warning msg="The \"HEX\" variable is not set. Defaulting to a blank string."
 Container main-relay-1  Recreate
 Container main-relay-1  Recreated
Attaching to relay-1, test-client-1
relay-1        | V0924 00:49:42.895778     7 MoQServer.cpp:121] MoQServer: Registering ALPN handlers: moqt-18, moqt-16, moqt-15, moq-00
relay-1        | W0924 00:49:42.897201     7 MoQServer.cpp:172] UDP send buffer for fd 15 is 425984 bytes (expected 2097152)
test-client-1  | TAP version 14
test-client-1  | # moq-test-client v0.1.12
test-client-1  | # Relay: https://relay:4443/
test-client-1  | 1..18
test-client-1  | [2m2026-09-24T00:49:48.511494Z[0m [32m INFO[0m [2mmoq_native_ietf::quic[0m[2m:[0m UDP socket bound [3mbind[0m[2m=[0m[::]:0 [3mlocal[0m[2m=[0m[::]:34642 [3mdual_stack[0m[2m=[0mtrue
relay-1        | V0924 00:49:48.515051     8 MoQServer.cpp:331] MoQServer WebTransport: supported protocols: moqt-18, moqt-16, moqt-15, moq-00
relay-1        | V0924 00:49:48.515081     8 MoQServer.cpp:341] WebTransport: Negotiated protocol: moqt-18
test-client-1  | [2m2026-09-24T00:49:48.515640Z[0m [32m INFO[0m [2mmoq_test_client::scenarios[0m[2m:[0m SETUP exchange completed successfully
test-client-1  | ok 1 - setup-only
test-client-1  |   ---
test-client-1  |   duration_ms: 5
test-client-1  |   connection_id: 4f3fcdf5ff2899e9c167f49a1ecf3b15
test-client-1  |   ...
relay-1        | V0924 00:49:48.515303     8 MoQSession.cpp:2685] start sess=0x7fa5ac051ce0
relay-1        | V0924 00:49:48.515330     8 MoQSession.cpp:3029] sendSetup sess=0x7fa5ac051ce0
relay-1        | V0924 00:49:48.515481     8 MoQSession.cpp:2985] controlWriteLoop sess=0x7fa5ac051ce0
relay-1        | V0924 00:49:48.515507     8 MoQSession.cpp:6855] onNewUniStream sess=0x7fa5ac051ce0
relay-1        | V0924 00:49:48.515593     8 MoQSession.cpp:3389] controlReadLoop sess=0x7fa5ac051ce0
relay-1        | V0924 00:49:48.515607     8 MoQSession.cpp:3176] onClientSetup sess=0x7fa5ac051ce0
relay-1        | V0924 00:49:48.515611     8 MoQServerBase.cpp:88] MoQServerBase::ClientSetup
relay-1        | V0924 00:49:48.515614     8 MoQServerBase.cpp:93] MoQServerBase::ClientSetup: Using ALPN-negotiated version: moqt-18
relay-1        | V0924 00:49:48.515617     8 MoQSession.cpp:3254] Negotiated Version=0xff000012 (draft-18)
relay-1        | V0924 00:49:48.515760     8 MoQSession.cpp:3392] exit controlReadLoop sess=0x7fa5ac051ce0
test-client-1  | [2m2026-09-24T00:49:48.516388Z[0m [33m WARN[0m [2mweb_transport_quinn::session[0m[2m:[0m failed to read capsule [3me[0m[2m=[0mUnexpectedEnd
relay-1        | E20260924 00:49:48.515901     8 HQControlCodec.h:58] Unexpected control stream EOF
relay-1        | E20260924 00:49:48.516142     8 HQSession.cpp:3160] Got error on control stream error=HTTP: Critical stream was closed streamID=2 sess=proto=h3, UA=, client CID=b222f87dbc2a43da, server CID=40000008bd919ca1, downstream=[::ffff:172.18.0.3]:34642, [::]:4443=local, drain=none
relay-1        | E0924 00:49:48.516213     8 MoQServer.h:194] proxygen::HTTPException: Got error=ApplicationError: 260, HTTP error on control stream
relay-1        | V0924 00:49:48.516221     8 MoQSession.cpp:7305] onSessionEnderr=4294967295 sess=0x7fa5ac051ce0
relay-1        | V0924 00:49:48.516226     8 MoQSession.cpp:2961] close sess=0x7fa5ac051ce0
relay-1        | V0924 00:49:48.516251     8 MoQSession.cpp:2639] requestCancellation from cleanup sess=0x7fa5ac051ce0
relay-1        | V0924 00:49:48.516281     8 MoQSession.cpp:2978] requestCancellation from close sess=0x7fa5ac051ce0
relay-1        | V0924 00:49:48.516440     8 MoQSession.cpp:2987] exit controlWriteLoop sess=0x7fa5ac051ce0
relay-1        | V0924 00:49:48.516451     8 MoQSession.cpp:2577] ~MoQSession sess=0x7fa5ac051ce0
test-client-1  | [2m2026-09-24T00:49:48.516717Z[0m [32m INFO[0m [2mmoq_native_ietf::quic[0m[2m:[0m UDP socket bound [3mbind[0m[2m=[0m[::]:0 [3mlocal[0m[2m=[0m[::]:37484 [3mdual_stack[0m[2m=[0mtrue
relay-1        | V0924 00:49:48.518337     8 MoQServer.cpp:331] MoQServer WebTransport: supported protocols: moqt-18, moqt-16, moqt-15, moq-00
relay-1        | V0924 00:49:48.518350     8 MoQServer.cpp:341] WebTransport: Negotiated protocol: moqt-18
relay-1        | V0924 00:49:48.518431     8 MoQSession.cpp:2685] start sess=0x7fa5ac06a680
relay-1        | V0924 00:49:48.518442     8 MoQSession.cpp:3029] sendSetup sess=0x7fa5ac06a680
relay-1        | V0924 00:49:48.518511     8 MoQSession.cpp:2985] controlWriteLoop sess=0x7fa5ac06a680
test-client-1  | [2m2026-09-24T00:49:48.518648Z[0m [32m INFO[0m [2mmoq_test_client::scenarios[0m[2m:[0m Sending PUBLISH_NAMESPACE for: moq-test/interop
relay-1        | V0924 00:49:48.518692     8 MoQSession.cpp:6855] onNewUniStream sess=0x7fa5ac06a680
relay-1        | V0924 00:49:48.518721     8 MoQSession.cpp:3389] controlReadLoop sess=0x7fa5ac06a680
relay-1        | V0924 00:49:48.518731     8 MoQSession.cpp:3176] onClientSetup sess=0x7fa5ac06a680
relay-1        | V0924 00:49:48.518735     8 MoQServerBase.cpp:88] MoQServerBase::ClientSetup
relay-1        | V0924 00:49:48.518739     8 MoQServerBase.cpp:93] MoQServerBase::ClientSetup: Using ALPN-negotiated version: moqt-18
relay-1        | V0924 00:49:48.518744     8 MoQSession.cpp:3254] Negotiated Version=0xff000012 (draft-18)
relay-1        | V0924 00:49:48.518817     8 MoQSession.cpp:6885] onNewBidiStream sess=0x7fa5ac06a680
relay-1        | V0924 00:49:48.518844     8 MoQSession.cpp:3389] controlReadLoop sess=0x7fa5ac06a680
relay-1        | V0924 00:49:48.518858     8 MoQRelaySession.cpp:1142] onPublishNamespaceImpl ns=moq-test/interop sess=0x7fa5ac06a680
relay-1        | V0924 00:49:48.518867     8 MoQRelay.cpp:134] publishNamespace ns=moq-test/interop
relay-1        | V0924 00:49:48.518874     8 MoQRelaySession.cpp:1234] publishNamespaceOk reqID=0 sess=0x7fa5ac06a680
test-client-1  | ok 2 - publish-namespace-only
test-client-1  |   ---
test-client-1  |   duration_ms: 2004
test-client-1  |   connection_id: c38c7b48b556e68da0d0c256a4060722
test-client-1  |   ...
relay-1        | E20260924 00:49:50.520676     8 HQControlCodec.h:58] Unexpected control stream EOF
relay-1        | E20260924 00:49:50.520751     8 HQSession.cpp:3160] Got error on control stream error=HTTP: Critical stream was closed streamID=2 sess=proto=h3, UA=, client CID=c914ec6f629d1f55, server CID=4000000ceff9e4fd, downstream=[::ffff:172.18.0.3]:37484, [::]:4443=local, drain=none
relay-1        | E0924 00:49:50.520843     8 MoQServer.h:194] proxygen::HTTPException: Got error=ApplicationError: 260, HTTP error on control stream
relay-1        | V0924 00:49:50.520864     8 MoQSession.cpp:7305] onSessionEnderr=4294967295 sess=0x7fa5ac06a680
relay-1        | V0924 00:49:50.520870     8 MoQSession.cpp:2961] close sess=0x7fa5ac06a680
relay-1        | V0924 00:49:50.520882     8 MoQRelay.cpp:310] publishNamespaceDone ns=moq-test/interop
test-client-1  | [2m2026-09-24T00:49:50.520512Z[0m [32m INFO[0m [2mmoq_test_client::scenarios[0m[2m:[0m PUBLISH_NAMESPACE succeeded (REQUEST_OK received, waiting for subscribers)
relay-1        | V0924 00:49:50.520923     8 MoQRelay.cpp:303] Pruning empty subtree at: moq-test
relay-1        | V0924 00:49:50.520943     8 MoQSession.cpp:2639] requestCancellation from cleanup sess=0x7fa5ac06a680
relay-1        | V0924 00:49:50.520964     8 BidiStreamControl.cpp:37] STOP_SENDING received on bidi stream id=4 code=386759528
relay-1        | V0924 00:49:50.520974     8 MoQSession.cpp:2978] requestCancellation from close sess=0x7fa5ac06a680
relay-1        | V0924 00:49:50.521127     8 MoQSession.cpp:3392] exit controlReadLoop sess=0x7fa5ac06a680
relay-1        | V0924 00:49:50.521146     8 MoQSession.cpp:3392] exit controlReadLoop sess=0x7fa5ac06a680
relay-1        | V0924 00:49:50.521181     8 MoQSession.cpp:2987] exit controlWriteLoop sess=0x7fa5ac06a680
test-client-1  | [2m2026-09-24T00:49:50.521256Z[0m [33m WARN[0m [2mweb_transport_quinn::session[0m[2m:[0m failed to read capsule [3me[0m[2m=[0mUnexpectedEnd
test-client-1  | [2m2026-09-24T00:49:50.521786Z[0m [32m INFO[0m [2mmoq_native_ietf::quic[0m[2m:[0m UDP socket bound [3mbind[0m[2m=[0m[::]:0 [3mlocal[0m[2m=[0m[::]:35988 [3mdual_stack[0m[2m=[0mtrue
relay-1        | V0924 00:49:50.523817     8 MoQServer.cpp:331] MoQServer WebTransport: supported protocols: moqt-18, moqt-16, moqt-15, moq-00
relay-1        | V0924 00:49:50.523834     8 MoQServer.cpp:341] WebTransport: Negotiated protocol: moqt-18
relay-1        | V0924 00:49:50.523996     8 MoQSession.cpp:2685] start sess=0x7fa5ac05b5c0
relay-1        | V0924 00:49:50.524019     8 MoQSession.cpp:3029] sendSetup sess=0x7fa5ac05b5c0
relay-1        | V0924 00:49:50.524130     8 MoQSession.cpp:2985] controlWriteLoop sess=0x7fa5ac05b5c0
relay-1        | V0924 00:49:50.524272     8 MoQSession.cpp:6855] onNewUniStream sess=0x7fa5ac05b5c0
relay-1        | V0924 00:49:50.524376     8 MoQSession.cpp:3389] controlReadLoop sess=0x7fa5ac05b5c0
relay-1        | V0924 00:49:50.524413     8 MoQSession.cpp:3176] onClientSetup sess=0x7fa5ac05b5c0
test-client-1  | [2m2026-09-24T00:49:50.524314Z[0m [32m INFO[0m [2mmoq_test_client::scenarios[0m[2m:[0m Subscribing to non-existent track: nonexistent/namespace/test-track
relay-1        | V0924 00:49:50.524421     8 MoQServerBase.cpp:88] MoQServerBase::ClientSetup
relay-1        | V0924 00:49:50.524425     8 MoQServerBase.cpp:93] MoQServerBase::ClientSetup: Using ALPN-negotiated version: moqt-18
relay-1        | V0924 00:49:50.524431     8 MoQSession.cpp:3254] Negotiated Version=0xff000012 (draft-18)
relay-1        | V0924 00:49:50.524527     8 MoQSession.cpp:6885] onNewBidiStream sess=0x7fa5ac05b5c0
relay-1        | V0924 00:49:50.524620     8 MoQSession.cpp:3389] controlReadLoop sess=0x7fa5ac05b5c0
relay-1        | V0924 00:49:50.524668     8 MoQSession.cpp:4276] onSubscribeImpl ftn=nonexistent/namespace/test-track sess=0x7fa5ac05b5c0
relay-1        | V0924 00:49:50.524696     8 MoQSession.cpp:4418] Application subscribe error err=no such namespace or track
relay-1        | V0924 00:49:50.524706     8 MoQSession.cpp:6276] subscribeError sess=0x7fa5ac05b5c0
relay-1        | V0924 00:49:50.524718     8 MoQSession.cpp:6542] publisherDrained id=0 sess=0x7fa5ac05b5c0
test-client-1  | [2m2026-09-24T00:49:50.524851Z[0m [33m WARN[0m [2mmoq_transport::serve::error[0m[2m:[0m [b2a930be-c2d9-4aa8-ac89-4bbd778cbfb7] Not found: no such namespace or track at moq-transport/src/session/subscriber.rs:1653
test-client-1  | [2m2026-09-24T00:49:50.525039Z[0m [32m INFO[0m [2mmoq_test_client::scenarios[0m[2m:[0m Got expected 'not found' error: not found: Track not found [error:b2a930be-c2d9-4aa8-ac89-4bbd778cbfb7]
test-client-1  | ok 3 - subscribe-error
test-client-1  |   ---
test-client-1  |   duration_ms: 4
test-client-1  |   connection_id: 40ec0792607007bbd483a7e93a9035c2
test-client-1  |   ...
relay-1        | V0924 00:49:50.525062     8 MoQSession.cpp:3392] exit controlReadLoop sess=0x7fa5ac05b5c0
relay-1        | E20260924 00:49:50.525171     8 HQControlCodec.h:58] Unexpected control stream EOF
relay-1        | E20260924 00:49:50.525218     8 HQSession.cpp:3160] Got error on control stream error=HTTP: Critical stream was closed streamID=2 sess=proto=h3, UA=, client CID=affba1cc7272b160, server CID=4000000d79b7d6b6, downstream=[::ffff:172.18.0.3]:35988, [::]:4443=local, drain=none
relay-1        | E0924 00:49:50.525267     8 MoQServer.h:194] proxygen::HTTPException: Got error=ApplicationError: 260, HTTP error on control stream
relay-1        | V0924 00:49:50.525278     8 MoQSession.cpp:7305] onSessionEnderr=4294967295 sess=0x7fa5ac05b5c0
relay-1        | V0924 00:49:50.525282     8 MoQSession.cpp:2961] close sess=0x7fa5ac05b5c0
relay-1        | V0924 00:49:50.525287     8 MoQSession.cpp:2639] requestCancellation from cleanup sess=0x7fa5ac05b5c0
relay-1        | V0924 00:49:50.525296     8 MoQSession.cpp:2978] requestCancellation from close sess=0x7fa5ac05b5c0
test-client-1  | [2m2026-09-24T00:49:50.525390Z[0m [33m WARN[0m [2mweb_transport_quinn::session[0m[2m:[0m failed to read capsule [3me[0m[2m=[0mUnexpectedEnd
relay-1        | V0924 00:49:50.525362     8 MoQSession.cpp:3392] exit controlReadLoop sess=0x7fa5ac05b5c0
relay-1        | V0924 00:49:50.525390     8 MoQSession.cpp:2987] exit controlWriteLoop sess=0x7fa5ac05b5c0
test-client-1  | [2m2026-09-24T00:49:50.526047Z[0m [32m INFO[0m [2mmoq_native_ietf::quic[0m[2m:[0m UDP socket bound [3mbind[0m[2m=[0m[::]:0 [3mlocal[0m[2m=[0m[::]:37588 [3mdual_stack[0m[2m=[0mtrue
relay-1        | V0924 00:49:50.527691     8 MoQServer.cpp:331] MoQServer WebTransport: supported protocols: moqt-18, moqt-16, moqt-15, moq-00
relay-1        | V0924 00:49:50.527710     8 MoQServer.cpp:341] WebTransport: Negotiated protocol: moqt-18
relay-1        | V0924 00:49:50.527823     8 MoQSession.cpp:2685] start sess=0x7fa5ac07ba30
relay-1        | V0924 00:49:50.527845     8 MoQSession.cpp:3029] sendSetup sess=0x7fa5ac07ba30
relay-1        | V0924 00:49:50.527936     8 MoQSession.cpp:2985] controlWriteLoop sess=0x7fa5ac07ba30
relay-1        | V0924 00:49:50.528229     8 MoQSession.cpp:6855] onNewUniStream sess=0x7fa5ac07ba30
relay-1        | V0924 00:49:50.528259     8 MoQSession.cpp:3389] controlReadLoop sess=0x7fa5ac07ba30
relay-1        | V0924 00:49:50.528265     8 MoQSession.cpp:3176] onClientSetup sess=0x7fa5ac07ba30
relay-1        | V0924 00:49:50.528268     8 MoQServerBase.cpp:88] MoQServerBase::ClientSetup
relay-1        | V0924 00:49:50.528271     8 MoQServerBase.cpp:93] MoQServerBase::ClientSetup: Using ALPN-negotiated version: moqt-18
relay-1        | V0924 00:49:50.528276     8 MoQSession.cpp:3254] Negotiated Version=0xff000012 (draft-18)
test-client-1  | [2m2026-09-24T00:49:50.528958Z[0m [32m INFO[0m [2mmoq_native_ietf::quic[0m[2m:[0m UDP socket bound [3mbind[0m[2m=[0m[::]:0 [3mlocal[0m[2m=[0m[::]:45147 [3mdual_stack[0m[2m=[0mtrue
relay-1        | V0924 00:49:50.530577     8 MoQServer.cpp:331] MoQServer WebTransport: supported protocols: moqt-18, moqt-16, moqt-15, moq-00
relay-1        | V0924 00:49:50.530590     8 MoQServer.cpp:341] WebTransport: Negotiated protocol: moqt-18
relay-1        | V0924 00:49:50.530700     8 MoQSession.cpp:2685] start sess=0x7fa5ac08e6e0
relay-1        | V0924 00:49:50.530722     8 MoQSession.cpp:3029] sendSetup sess=0x7fa5ac08e6e0
relay-1        | V0924 00:49:50.530834     8 MoQSession.cpp:2985] controlWriteLoop sess=0x7fa5ac08e6e0
relay-1        | V0924 00:49:50.531027     8 MoQSession.cpp:2577] ~MoQSession sess=0x7fa5ac06a680
test-client-1  | [2m2026-09-24T00:49:50.531006Z[0m [32m INFO[0m [2mmoq_test_client::scenarios[0m[2m:[0m Publisher sending PUBLISH_NAMESPACE: moq-test/interop
relay-1        | V0924 00:49:50.531090     8 MoQSession.cpp:6855] onNewUniStream sess=0x7fa5ac08e6e0
relay-1        | V0924 00:49:50.531136     8 MoQSession.cpp:3389] controlReadLoop sess=0x7fa5ac08e6e0
relay-1        | V0924 00:49:50.531170     8 MoQSession.cpp:3176] onClientSetup sess=0x7fa5ac08e6e0
relay-1        | V0924 00:49:50.531181     8 MoQServerBase.cpp:88] MoQServerBase::ClientSetup
relay-1        | V0924 00:49:50.531185     8 MoQServerBase.cpp:93] MoQServerBase::ClientSetup: Using ALPN-negotiated version: moqt-18
relay-1        | V0924 00:49:50.531190     8 MoQSession.cpp:3254] Negotiated Version=0xff000012 (draft-18)
test-client-1  | [2m2026-09-24T00:49:50.531048Z[0m [32m INFO[0m [2mmoq_test_client::scenarios[0m[2m:[0m Subscriber subscribing to track: moq-test/interop/test-track
relay-1        | V0924 00:49:50.531259     8 MoQSession.cpp:6885] onNewBidiStream sess=0x7fa5ac07ba30
relay-1        | V0924 00:49:50.531316     8 MoQSession.cpp:6885] onNewBidiStream sess=0x7fa5ac08e6e0
relay-1        | V0924 00:49:50.531370     8 MoQSession.cpp:3389] controlReadLoop sess=0x7fa5ac07ba30
relay-1        | V0924 00:49:50.531420     8 MoQRelaySession.cpp:1142] onPublishNamespaceImpl ns=moq-test/interop sess=0x7fa5ac07ba30
relay-1        | V0924 00:49:50.531449     8 MoQSession.cpp:3389] controlReadLoop sess=0x7fa5ac08e6e0
relay-1        | V0924 00:49:50.531481     8 MoQSession.cpp:4276] onSubscribeImpl ftn=moq-test/interop/test-track sess=0x7fa5ac08e6e0
relay-1        | V0924 00:49:50.531516     8 MoQRelay.cpp:134] publishNamespace ns=moq-test/interop
relay-1        | V0924 00:49:50.531527     8 MoQRelaySession.cpp:1234] publishNamespaceOk reqID=0 sess=0x7fa5ac07ba30
relay-1        | V0924 00:49:50.531564     8 MoQLocation.h:24] m=AbsoluteStart g=0 o=0
relay-1        | V0924 00:49:50.531572     8 MoQLocation.h:59] g=0 o=0 g=4611686018427387903 o=4611686018427387903
relay-1        | V0924 00:49:50.531583     8 MoQSession.cpp:6136] subscribe sess=0x7fa5ac07ba30
relay-1        | V0924 00:49:50.531678     8 MoQSession.cpp:3389] controlReadLoop sess=0x7fa5ac07ba30
relay-1        | V0924 00:49:50.531958     8 MoQSession.cpp:4792] onSubscribeOk id=1 sess=0x7fa5ac07ba30
relay-1        | V0924 00:49:50.531978     8 MoQSession.cpp:6238] Subscribe ready trackReceiveState=0x7fa5ac0500b0 requestID=1
relay-1        | V0924 00:49:50.531992     8 MoQSession.cpp:6258] sendSubscribeOk sess=0x7fa5ac08e6e0
relay-1        | V0924 00:49:50.541207     8 MoQSession.cpp:2577] ~MoQSession sess=0x7fa5ac05b5c0
test-client-1  | [2m2026-09-24T00:49:53.532538Z[0m [32m INFO[0m [2mmoq_test_client::scenarios[0m[2m:[0m Test timeout reached - subscription routing may still be in progress
test-client-1  | ok 4 - publish-namespace-subscribe
test-client-1  |   ---
test-client-1  |   duration_ms: 3007
test-client-1  |   publisher_connection_id: 43d473b54a518b9bd7f87283b0f92b82
test-client-1  |   subscriber_connection_id: af541428f071c9a68737f4925d0cc083
test-client-1  |   ...
test-client-1  | [2m2026-09-24T00:49:53.533257Z[0m [33m WARN[0m [2mweb_transport_quinn::session[0m[2m:[0m failed to read capsule [3me[0m[2m=[0mUnexpectedEnd
test-client-1  | [2m2026-09-24T00:49:53.533318Z[0m [33m WARN[0m [2mweb_transport_quinn::session[0m[2m:[0m failed to read capsule [3me[0m[2m=[0mUnexpectedEnd
relay-1        | E20260924 00:49:53.532764     8 HQControlCodec.h:58] Unexpected control stream EOF
relay-1        | E20260924 00:49:53.532837     8 HQSession.cpp:3160] Got error on control stream error=HTTP: Critical stream was closed streamID=2 sess=proto=h3, UA=, client CID=aa19886f17532fac, server CID=4000001d0ca99ed5, downstream=[::ffff:172.18.0.3]:37588, [::]:4443=local, drain=none
relay-1        | E20260924 00:49:53.532917     8 HQControlCodec.h:58] Unexpected control stream EOF
relay-1        | E20260924 00:49:53.532938     8 HQSession.cpp:3160] Got error on control stream error=HTTP: Critical stream was closed streamID=2 sess=proto=h3, UA=, client CID=7b6537f389d331ba, server CID=40000004c86fa8eb, downstream=[::ffff:172.18.0.3]:45147, [::]:4443=local, drain=none
relay-1        | E0924 00:49:53.532993     8 MoQServer.h:194] proxygen::HTTPException: Got error=ApplicationError: 260, HTTP error on control stream
relay-1        | V0924 00:49:53.533004     8 MoQSession.cpp:7305] onSessionEnderr=4294967295 sess=0x7fa5ac07ba30
relay-1        | V0924 00:49:53.533008     8 MoQSession.cpp:2961] close sess=0x7fa5ac07ba30
relay-1        | V0924 00:49:53.533015     8 MoQRelay.cpp:310] publishNamespaceDone ns=moq-test/interop
relay-1        | V0924 00:49:53.533021     8 MoQRelay.cpp:303] Pruning empty subtree at: moq-test
relay-1        | V0924 00:49:53.533026     8 MoQSession.cpp:2183] subscribeError trackReceiveState=0x7fa5ac0500b0
relay-1        | V0924 00:49:53.533028     8 MoQSession.cpp:2212] processPublishDone trackReceiveState=0x7fa5ac0500b0
relay-1        | V0924 00:49:53.533032     8 MoQRelay.cpp:383] onPublishDoneImpl ftn=moq-test/interop/test-track
relay-1        | V0924 00:49:53.533036     8 MoQForwarder.cpp:614] publishDone pubDone reason=closed locally
relay-1        | V0924 00:49:53.533038     8 MoQForwarder.cpp:310] drainSubscriber from publishDone session=0x7fa5ac08e6e0
relay-1        | V0924 00:49:53.533041     8 MoQSession.cpp:6371] sendPublishDone sess=0x7fa5ac08e6e0
relay-1        | V0924 00:49:53.533056     8 MoQSession.cpp:6542] publisherDrained id=0 sess=0x7fa5ac08e6e0
relay-1        | V0924 00:49:53.533058     8 MoQForwarder.cpp:376] Resetting open subgroups for subscriber=0x7fa5ac036c40
relay-1        | V0924 00:49:53.533060     8 MoQForwarder.cpp:395] subscribers_.size()=0
relay-1        | I0924 00:49:53.533065     8 MoQRelay.cpp:1933] Publisher terminated for moq-test/interop/test-track
relay-1        | V0924 00:49:53.533077     8 MoQCache.cpp:2266] Added track to LRU: moq-test/interop/test-track
relay-1        | V0924 00:49:53.533080     8 MoQSession.cpp:2167] cancel alias=1 requestID=1
relay-1        | V0924 00:49:53.533084     8 MoQSession.cpp:2639] requestCancellation from cleanup sess=0x7fa5ac07ba30
relay-1        | V0924 00:49:53.533092     8 BidiStreamControl.cpp:37] STOP_SENDING received on bidi stream id=1 code=386759528
relay-1        | V0924 00:49:53.533095     8 BidiStreamControl.cpp:37] STOP_SENDING received on bidi stream id=4 code=386759528
relay-1        | V0924 00:49:53.533100     8 MoQSession.cpp:2978] requestCancellation from close sess=0x7fa5ac07ba30
relay-1        | E0924 00:49:53.533205     8 MoQServer.h:194] proxygen::HTTPException: Got error=ApplicationError: 260, HTTP error on control stream
relay-1        | V0924 00:49:53.533211     8 MoQSession.cpp:7305] onSessionEnderr=4294967295 sess=0x7fa5ac08e6e0
relay-1        | V0924 00:49:53.533214     8 MoQSession.cpp:2961] close sess=0x7fa5ac08e6e0
relay-1        | V0924 00:49:53.533219     8 MoQSession.cpp:2639] requestCancellation from cleanup sess=0x7fa5ac08e6e0
relay-1        | V0924 00:49:53.533228     8 MoQSession.cpp:2978] requestCancellation from close sess=0x7fa5ac08e6e0
relay-1        | V0924 00:49:53.533314     8 MoQSession.cpp:3392] exit controlReadLoop sess=0x7fa5ac07ba30
relay-1        | V0924 00:49:53.533327     8 MoQSession.cpp:3392] exit controlReadLoop sess=0x7fa5ac07ba30
relay-1        | V0924 00:49:53.533334     8 MoQSession.cpp:3392] exit controlReadLoop sess=0x7fa5ac07ba30
relay-1        | V0924 00:49:53.533340     8 MoQSession.cpp:3392] exit controlReadLoop sess=0x7fa5ac08e6e0
relay-1        | V0924 00:49:53.533346     8 MoQSession.cpp:3392] exit controlReadLoop sess=0x7fa5ac08e6e0
relay-1        | V0924 00:49:53.533375     8 MoQSession.cpp:2987] exit controlWriteLoop sess=0x7fa5ac07ba30
relay-1        | V0924 00:49:53.533383     8 MoQSession.cpp:2987] exit controlWriteLoop sess=0x7fa5ac08e6e0
test-client-1  | [2m2026-09-24T00:49:53.533683Z[0m [32m INFO[0m [2mmoq_native_ietf::quic[0m[2m:[0m UDP socket bound [3mbind[0m[2m=[0m[::]:0 [3mlocal[0m[2m=[0m[::]:51943 [3mdual_stack[0m[2m=[0mtrue
relay-1        | V0924 00:49:53.535731     8 MoQServer.cpp:331] MoQServer WebTransport: supported protocols: moqt-18, moqt-16, moqt-15, moq-00
relay-1        | V0924 00:49:53.535749     8 MoQServer.cpp:341] WebTransport: Negotiated protocol: moqt-18
relay-1        | V0924 00:49:53.535869     8 MoQSession.cpp:2685] start sess=0x7fa5ac008610
relay-1        | V0924 00:49:53.535921     8 MoQSession.cpp:3029] sendSetup sess=0x7fa5ac008610
relay-1        | V0924 00:49:53.536039     8 MoQSession.cpp:2985] controlWriteLoop sess=0x7fa5ac008610
test-client-1  | [2m2026-09-24T00:49:53.536233Z[0m [32m INFO[0m [2mmoq_test_client::scenarios[0m[2m:[0m Subscriber subscribing BEFORE PUBLISH_NAMESPACE: moq-test/interop/test-track
relay-1        | V0924 00:49:53.536246     8 MoQSession.cpp:6855] onNewUniStream sess=0x7fa5ac008610
relay-1        | V0924 00:49:53.536276     8 MoQSession.cpp:3389] controlReadLoop sess=0x7fa5ac008610
relay-1        | V0924 00:49:53.536284     8 MoQSession.cpp:3176] onClientSetup sess=0x7fa5ac008610
relay-1        | V0924 00:49:53.536288     8 MoQServerBase.cpp:88] MoQServerBase::ClientSetup
relay-1        | V0924 00:49:53.536292     8 MoQServerBase.cpp:93] MoQServerBase::ClientSetup: Using ALPN-negotiated version: moqt-18
relay-1        | V0924 00:49:53.536297     8 MoQSession.cpp:3254] Negotiated Version=0xff000012 (draft-18)
relay-1        | V0924 00:49:53.536493     8 MoQSession.cpp:6885] onNewBidiStream sess=0x7fa5ac008610
relay-1        | V0924 00:49:53.536529     8 MoQSession.cpp:3389] controlReadLoop sess=0x7fa5ac008610
relay-1        | V0924 00:49:53.536542     8 MoQSession.cpp:4276] onSubscribeImpl ftn=moq-test/interop/test-track sess=0x7fa5ac008610
relay-1        | V0924 00:49:53.536561     8 MoQSession.cpp:4418] Application subscribe error err=no such namespace or track
relay-1        | V0924 00:49:53.536566     8 MoQSession.cpp:6276] subscribeError sess=0x7fa5ac008610
relay-1        | V0924 00:49:53.536578     8 MoQSession.cpp:6542] publisherDrained id=0 sess=0x7fa5ac008610
test-client-1  | [2m2026-09-24T00:49:53.536695Z[0m [33m WARN[0m [2mmoq_transport::serve::error[0m[2m:[0m [8f6ffc24-8b3c-4087-b7b3-9ad081c852b4] Not found: no such namespace or track at moq-transport/src/session/subscriber.rs:1653
relay-1        | E20260924 00:49:53.536824     8 HQControlCodec.h:58] Unexpected control stream EOF
relay-1        | E20260924 00:49:53.536876     8 HQSession.cpp:3160] Got error on control stream error=HTTP: Critical stream was closed streamID=2 sess=proto=h3, UA=, client CID=de044b810b53043c, server CID=40000005462b9273, downstream=[::ffff:172.18.0.3]:51943, [::]:4443=local, drain=none
relay-1        | E0924 00:49:53.536958     8 MoQServer.h:194] proxygen::HTTPException: Got error=ApplicationError: 260, HTTP error on control stream
relay-1        | V0924 00:49:53.536971     8 MoQSession.cpp:7305] onSessionEnderr=4294967295 sess=0x7fa5ac008610
relay-1        | V0924 00:49:53.536975     8 MoQSession.cpp:2961] close sess=0x7fa5ac008610
relay-1        | V0924 00:49:53.536981     8 MoQSession.cpp:2639] requestCancellation from cleanup sess=0x7fa5ac008610
relay-1        | V0924 00:49:53.536991     8 MoQSession.cpp:2978] requestCancellation from close sess=0x7fa5ac008610
test-client-1  | [2m2026-09-24T00:49:53.537176Z[0m [33m WARN[0m [2mweb_transport_quinn::session[0m[2m:[0m failed to read capsule [3me[0m[2m=[0mUnexpectedEnd
relay-1        | V0924 00:49:53.537059     8 MoQSession.cpp:3392] exit controlReadLoop sess=0x7fa5ac008610
relay-1        | V0924 00:49:53.537080     8 MoQSession.cpp:3392] exit controlReadLoop sess=0x7fa5ac008610
relay-1        | V0924 00:49:53.537104     8 MoQSession.cpp:2987] exit controlWriteLoop sess=0x7fa5ac008610
relay-1        | V0924 00:49:53.553418     8 MoQSession.cpp:2577] ~MoQSession sess=0x7fa5ac07ba30
relay-1        | V0924 00:49:53.553480     8 MoQSession.cpp:2577] ~MoQSession sess=0x7fa5ac08e6e0
relay-1        | V0924 00:49:53.553523     8 MoQSession.cpp:2577] ~MoQSession sess=0x7fa5ac008610
test-client-1  | [2m2026-09-24T00:49:54.037737Z[0m [32m INFO[0m [2mmoq_native_ietf::quic[0m[2m:[0m UDP socket bound [3mbind[0m[2m=[0m[::]:0 [3mlocal[0m[2m=[0m[::]:57447 [3mdual_stack[0m[2m=[0mtrue
relay-1        | V0924 00:49:54.042292     8 MoQServer.cpp:331] MoQServer WebTransport: supported protocols: moqt-18, moqt-16, moqt-15, moq-00
relay-1        | V0924 00:49:54.042320     8 MoQServer.cpp:341] WebTransport: Negotiated protocol: moqt-18
relay-1        | V0924 00:49:54.042562     8 MoQSession.cpp:2685] start sess=0x7fa5ac077e10
relay-1        | V0924 00:49:54.042644     8 MoQSession.cpp:3029] sendSetup sess=0x7fa5ac077e10
relay-1        | V0924 00:49:54.042811     8 MoQSession.cpp:2985] controlWriteLoop sess=0x7fa5ac077e10
relay-1        | V0924 00:49:54.042835     8 MoQSession.cpp:6855] onNewUniStream sess=0x7fa5ac077e10
test-client-1  | [2m2026-09-24T00:49:54.043110Z[0m [32m INFO[0m [2mmoq_test_client::scenarios[0m[2m:[0m Publisher sending PUBLISH_NAMESPACE (after subscriber): moq-test/interop
relay-1        | V0924 00:49:54.042942     8 MoQSession.cpp:3389] controlReadLoop sess=0x7fa5ac077e10
relay-1        | V0924 00:49:54.042974     8 MoQSession.cpp:3176] onClientSetup sess=0x7fa5ac077e10
relay-1        | V0924 00:49:54.042999     8 MoQServerBase.cpp:88] MoQServerBase::ClientSetup
relay-1        | V0924 00:49:54.043018     8 MoQServerBase.cpp:93] MoQServerBase::ClientSetup: Using ALPN-negotiated version: moqt-18
relay-1        | V0924 00:49:54.043040     8 MoQSession.cpp:3254] Negotiated Version=0xff000012 (draft-18)
relay-1        | V0924 00:49:54.043247     8 MoQSession.cpp:6885] onNewBidiStream sess=0x7fa5ac077e10
relay-1        | V0924 00:49:54.043327     8 MoQSession.cpp:3389] controlReadLoop sess=0x7fa5ac077e10
relay-1        | V0924 00:49:54.043339     8 MoQRelaySession.cpp:1142] onPublishNamespaceImpl ns=moq-test/interop sess=0x7fa5ac077e10
relay-1        | V0924 00:49:54.043353     8 MoQRelay.cpp:134] publishNamespace ns=moq-test/interop
relay-1        | V0924 00:49:54.043365     8 MoQRelaySession.cpp:1234] publishNamespaceOk reqID=0 sess=0x7fa5ac077e10
test-client-1  | ok 5 - subscribe-before-publish-namespace
test-client-1  |   ---
test-client-1  |   duration_ms: 3511
test-client-1  |   subscriber_connection_id: 9499a8c7b05a70d48015d150820e8b1b
test-client-1  |   publisher_connection_id: 2d751c0ce02508d24772265588108cca
test-client-1  |   ...
test-client-1  | [2m2026-09-24T00:49:57.044182Z[0m [32m INFO[0m [2mmoq_test_client::scenarios[0m[2m:[0m Publisher PUBLISH_NAMESPACE timeout (expected)
test-client-1  | [2m2026-09-24T00:49:57.044211Z[0m [32m INFO[0m [2mmoq_test_client::scenarios[0m[2m:[0m Subscriber got error: not found: Track not found [error:8f6ffc24-8b3c-4087-b7b3-9ad081c852b4] (may be expected)
relay-1        | E20260924 00:49:57.044364     8 HQControlCodec.h:58] Unexpected control stream EOF
relay-1        | E20260924 00:49:57.044442     8 HQSession.cpp:3160] Got error on control stream error=HTTP: Critical stream was closed streamID=2 sess=proto=h3, UA=, client CID=25b0d787e9f9a96a, server CID=4000001d0c3a3efe, downstream=[::ffff:172.18.0.3]:57447, [::]:4443=local, drain=none
relay-1        | E0924 00:49:57.044539     8 MoQServer.h:194] proxygen::HTTPException: Got error=ApplicationError: 260, HTTP error on control stream
relay-1        | V0924 00:49:57.044588     8 MoQSession.cpp:7305] onSessionEnderr=4294967295 sess=0x7fa5ac077e10
relay-1        | V0924 00:49:57.044623     8 MoQSession.cpp:2961] close sess=0x7fa5ac077e10
relay-1        | V0924 00:49:57.044656     8 MoQRelay.cpp:310] publishNamespaceDone ns=moq-test/interop
relay-1        | V0924 00:49:57.044685     8 MoQRelay.cpp:303] Pruning empty subtree at: moq-test
relay-1        | V0924 00:49:57.044708     8 MoQSession.cpp:2639] requestCancellation from cleanup sess=0x7fa5ac077e10
relay-1        | V0924 00:49:57.044726     8 BidiStreamControl.cpp:37] STOP_SENDING received on bidi stream id=4 code=386759528
relay-1        | V0924 00:49:57.044738     8 MoQSession.cpp:2978] requestCancellation from close sess=0x7fa5ac077e10
relay-1        | V0924 00:49:57.044869     8 MoQSession.cpp:3392] exit controlReadLoop sess=0x7fa5ac077e10
test-client-1  | [2m2026-09-24T00:49:57.045068Z[0m [33m WARN[0m [2mweb_transport_quinn::session[0m[2m:[0m failed to read capsule [3me[0m[2m=[0mUnexpectedEnd
relay-1        | V0924 00:49:57.044918     8 MoQSession.cpp:3392] exit controlReadLoop sess=0x7fa5ac077e10
relay-1        | V0924 00:49:57.044964     8 MoQSession.cpp:2987] exit controlWriteLoop sess=0x7fa5ac077e10
test-client-1  | [2m2026-09-24T00:49:57.045497Z[0m [32m INFO[0m [2mmoq_native_ietf::quic[0m[2m:[0m UDP socket bound [3mbind[0m[2m=[0m[::]:0 [3mlocal[0m[2m=[0m[::]:53605 [3mdual_stack[0m[2m=[0mtrue
relay-1        | V0924 00:49:57.048829     8 MoQServer.cpp:331] MoQServer WebTransport: supported protocols: moqt-18, moqt-16, moqt-15, moq-00
relay-1        | V0924 00:49:57.048851     8 MoQServer.cpp:341] WebTransport: Negotiated protocol: moqt-18
relay-1        | V0924 00:49:57.048991     8 MoQSession.cpp:2685] start sess=0x7fa5ac044800
relay-1        | V0924 00:49:57.049019     8 MoQSession.cpp:3029] sendSetup sess=0x7fa5ac044800
relay-1        | V0924 00:49:57.049081     8 MoQSession.cpp:2985] controlWriteLoop sess=0x7fa5ac044800
relay-1        | V0924 00:49:57.049358     8 MoQSession.cpp:6855] onNewUniStream sess=0x7fa5ac044800
relay-1        | V0924 00:49:57.049381     8 MoQSession.cpp:3389] controlReadLoop sess=0x7fa5ac044800
relay-1        | V0924 00:49:57.049392     8 MoQSession.cpp:3176] onClientSetup sess=0x7fa5ac044800
relay-1        | V0924 00:49:57.049397     8 MoQServerBase.cpp:88] MoQServerBase::ClientSetup
relay-1        | V0924 00:49:57.049401     8 MoQServerBase.cpp:93] MoQServerBase::ClientSetup: Using ALPN-negotiated version: moqt-18
relay-1        | V0924 00:49:57.049406     8 MoQSession.cpp:3254] Negotiated Version=0xff000012 (draft-18)
test-client-1  | [2m2026-09-24T00:49:57.049381Z[0m [32m INFO[0m [2mmoq_test_client::scenarios[0m[2m:[0m Sending PUBLISH_NAMESPACE: moq-test/interop
relay-1        | V0924 00:49:57.049531     8 MoQSession.cpp:6885] onNewBidiStream sess=0x7fa5ac044800
relay-1        | V0924 00:49:57.049604     8 MoQSession.cpp:3389] controlReadLoop sess=0x7fa5ac044800
relay-1        | V0924 00:49:57.049620     8 MoQRelaySession.cpp:1142] onPublishNamespaceImpl ns=moq-test/interop sess=0x7fa5ac044800
relay-1        | V0924 00:49:57.049633     8 MoQRelay.cpp:134] publishNamespace ns=moq-test/interop
relay-1        | V0924 00:49:57.049643     8 MoQRelaySession.cpp:1234] publishNamespaceOk reqID=0 sess=0x7fa5ac044800
relay-1        | V0924 00:49:57.135229     8 MoQSession.cpp:2577] ~MoQSession sess=0x7fa5ac077e10
test-client-1  | [2m2026-09-24T00:49:59.050763Z[0m [32m INFO[0m [2mmoq_test_client::scenarios[0m[2m:[0m PUBLISH_NAMESPACE active; sending PUBLISH_NAMESPACE_DONE
relay-1        | V0924 00:49:59.050956     8 MoQRelaySession.cpp:1300] onPublishNamespaceDone requestID=0 sess=0x7fa5ac044800
relay-1        | V0924 00:49:59.050988     8 MoQRelay.cpp:310] publishNamespaceDone ns=moq-test/interop
relay-1        | V0924 00:49:59.050999     8 MoQRelay.cpp:303] Pruning empty subtree at: moq-test
relay-1        | V0924 00:49:59.051008     8 MoQSession.cpp:3392] exit controlReadLoop sess=0x7fa5ac044800
relay-1        | V0924 00:49:59.051022     8 MoQSession.cpp:3392] exit controlReadLoop sess=0x7fa5ac044800
relay-1        | E20260924 00:49:59.152071     8 HQControlCodec.h:58] Unexpected control stream EOF
relay-1        | E20260924 00:49:59.152144     8 HQSession.cpp:3160] Got error on control stream error=HTTP: Critical stream was closed streamID=2 sess=proto=h3, UA=, client CID=8c256e22f8602433, server CID=40000002335500ce, downstream=[::ffff:172.18.0.3]:53605, [::]:4443=local, drain=none
test-client-1  | [2m2026-09-24T00:49:59.151681Z[0m [32m INFO[0m [2mmoq_test_client::scenarios[0m[2m:[0m PUBLISH_NAMESPACE_DONE sent successfully
test-client-1  | ok 6 - publish-namespace-done
test-client-1  |   ---
test-client-1  |   duration_ms: 2107
test-client-1  |   connection_id: f52022c517706c917c4c41f78ddc0dbd
test-client-1  |   ...
relay-1        | E0924 00:49:59.152226     8 MoQServer.h:194] proxygen::HTTPException: Got error=ApplicationError: 260, HTTP error on control stream
relay-1        | V0924 00:49:59.152242     8 MoQSession.cpp:7305] onSessionEnderr=4294967295 sess=0x7fa5ac044800
relay-1        | V0924 00:49:59.152248     8 MoQSession.cpp:2961] close sess=0x7fa5ac044800
relay-1        | V0924 00:49:59.152260     8 MoQSession.cpp:2639] requestCancellation from cleanup sess=0x7fa5ac044800
relay-1        | V0924 00:49:59.152281     8 MoQSession.cpp:2978] requestCancellation from close sess=0x7fa5ac044800
relay-1        | V0924 00:49:59.152417     8 MoQSession.cpp:2987] exit controlWriteLoop sess=0x7fa5ac044800
test-client-1  | [2m2026-09-24T00:49:59.152689Z[0m [33m WARN[0m [2mweb_transport_quinn::session[0m[2m:[0m failed to read capsule [3me[0m[2m=[0mUnexpectedEnd
test-client-1  | [2m2026-09-24T00:49:59.152959Z[0m [32m INFO[0m [2mmoq_native_ietf::quic[0m[2m:[0m UDP socket bound [3mbind[0m[2m=[0m[::]:0 [3mlocal[0m[2m=[0m[::]:32992 [3mdual_stack[0m[2m=[0mtrue
relay-1        | V0924 00:49:59.155006     8 MoQServer.cpp:331] MoQServer WebTransport: supported protocols: moqt-18, moqt-16, moqt-15, moq-00
relay-1        | V0924 00:49:59.155023     8 MoQServer.cpp:341] WebTransport: Negotiated protocol: moqt-18
relay-1        | V0924 00:49:59.155133     8 MoQSession.cpp:2685] start sess=0x7fa5ac046a80
relay-1        | V0924 00:49:59.155155     8 MoQSession.cpp:3029] sendSetup sess=0x7fa5ac046a80
relay-1        | V0924 00:49:59.155257     8 MoQSession.cpp:2985] controlWriteLoop sess=0x7fa5ac046a80
relay-1        | V0924 00:49:59.155393     8 MoQSession.cpp:6855] onNewUniStream sess=0x7fa5ac046a80
relay-1        | V0924 00:49:59.155489     8 MoQSession.cpp:3389] controlReadLoop sess=0x7fa5ac046a80
relay-1        | V0924 00:49:59.155507     8 MoQSession.cpp:3176] onClientSetup sess=0x7fa5ac046a80
relay-1        | V0924 00:49:59.155511     8 MoQServerBase.cpp:88] MoQServerBase::ClientSetup
relay-1        | V0924 00:49:59.155515     8 MoQServerBase.cpp:93] MoQServerBase::ClientSetup: Using ALPN-negotiated version: moqt-18
relay-1        | V0924 00:49:59.155521     8 MoQSession.cpp:3254] Negotiated Version=0xff000012 (draft-18)
test-client-1  | [2m2026-09-24T00:49:59.155472Z[0m [32m INFO[0m [2mmoq_test_client::scenarios[0m[2m:[0m Publisher sending direct PUBLISH [3mnamespace[0m[2m=[0m/moq-test/publish [3mtrack[0m[2m=[0m"published-track"
relay-1        | V0924 00:49:59.155625     8 MoQSession.cpp:6885] onNewBidiStream sess=0x7fa5ac046a80
relay-1        | V0924 00:49:59.155662     8 MoQSession.cpp:3389] controlReadLoop sess=0x7fa5ac046a80
relay-1        | V0924 00:49:59.155675     8 MoQSession.cpp:4960] onPublishImpl reqID=0 sess=0x7fa5ac046a80
relay-1        | V0924 00:49:59.155689     8 MoQRelay.cpp:422] publish ftn=moq-test/publish/published-track
relay-1        | E0924 00:49:59.155700     8 MoQRelay.cpp:82] prefix not found in tree
relay-1        | V0924 00:49:59.155718     8 MoQSession.cpp:6076] publishOk reqID=0 sess=0x7fa5ac046a80
test-client-1  | [2m2026-09-24T00:49:59.155878Z[0m [32m INFO[0m [2mmoq_test_client::scenarios[0m[2m:[0m PUBLISH accepted [3mnamespace[0m[2m=[0m/moq-test/publish [3mtrack[0m[2m=[0m"published-track"
test-client-1  | [2m2026-09-24T00:49:59.155994Z[0m [32m INFO[0m [2mmoq_test_client::scenarios[0m[2m:[0m PUBLISH completed [3mnamespace[0m[2m=[0m/moq-test/publish [3mtrack[0m[2m=[0m"published-track"
test-client-1  | ok 7 - publish-track-only
test-client-1  |   ---
relay-1        | V0924 00:49:59.156049     8 MoQSession.cpp:5114] PublishDone id=0 code=2 reason=publish ended
relay-1        | V0924 00:49:59.156059     8 MoQSession.cpp:2212] processPublishDone trackReceiveState=0x7fa5ac061db0
relay-1        | V0924 00:49:59.156064     8 MoQRelay.cpp:383] onPublishDoneImpl ftn=moq-test/publish/published-track
relay-1        | V0924 00:49:59.156071     8 MoQRelay.cpp:303] Pruning empty subtree at: moq-test
relay-1        | V0924 00:49:59.156077     8 MoQRelay.cpp:412] Publisher terminated with no subscribers, cleaning up moq-test/publish/published-track
relay-1        | V0924 00:49:59.156082     8 MoQForwarder.cpp:614] publishDone pubDone reason=publish ended
relay-1        | V0924 00:49:59.156090     8 MoQSession.cpp:3392] exit controlReadLoop sess=0x7fa5ac046a80
test-client-1  |   duration_ms: 4
test-client-1  |   connection_id: a7cc982016d64f2f4026d950ee419c6f
test-client-1  |   ...
relay-1        | E20260924 00:49:59.156334     8 HQControlCodec.h:58] Unexpected control stream EOF
relay-1        | E20260924 00:49:59.156432     8 HQSession.cpp:3160] Got error on control stream error=HTTP: Critical stream was closed streamID=2 sess=proto=h3, UA=, client CID=168e0658cda973e5, server CID=400000077d6cff3d, downstream=[::ffff:172.18.0.3]:32992, [::]:4443=local, drain=none
relay-1        | E0924 00:49:59.156503     8 MoQServer.h:194] proxygen::HTTPException: Got error=ApplicationError: 260, HTTP error on control stream
relay-1        | V0924 00:49:59.156515     8 MoQSession.cpp:7305] onSessionEnderr=4294967295 sess=0x7fa5ac046a80
relay-1        | V0924 00:49:59.156519     8 MoQSession.cpp:2961] close sess=0x7fa5ac046a80
relay-1        | V0924 00:49:59.156525     8 MoQSession.cpp:2639] requestCancellation from cleanup sess=0x7fa5ac046a80
relay-1        | V0924 00:49:59.156535     8 MoQSession.cpp:2978] requestCancellation from close sess=0x7fa5ac046a80
relay-1        | V0924 00:49:59.156599     8 MoQSession.cpp:3392] exit controlReadLoop sess=0x7fa5ac046a80
test-client-1  | [2m2026-09-24T00:49:59.156709Z[0m [33m WARN[0m [2mweb_transport_quinn::session[0m[2m:[0m failed to read capsule [3me[0m[2m=[0mUnexpectedEnd
relay-1        | V0924 00:49:59.156635     8 MoQSession.cpp:2987] exit controlWriteLoop sess=0x7fa5ac046a80
test-client-1  | [2m2026-09-24T00:49:59.157116Z[0m [32m INFO[0m [2mmoq_native_ietf::quic[0m[2m:[0m UDP socket bound [3mbind[0m[2m=[0m[::]:0 [3mlocal[0m[2m=[0m[::]:47369 [3mdual_stack[0m[2m=[0mtrue
relay-1        | V0924 00:49:59.158630     8 MoQServer.cpp:331] MoQServer WebTransport: supported protocols: moqt-18, moqt-16, moqt-15, moq-00
relay-1        | V0924 00:49:59.158645     8 MoQServer.cpp:341] WebTransport: Negotiated protocol: moqt-18
relay-1        | V0924 00:49:59.158722     8 MoQSession.cpp:2685] start sess=0x7fa5ac087be0
relay-1        | V0924 00:49:59.158742     8 MoQSession.cpp:3029] sendSetup sess=0x7fa5ac087be0
relay-1        | V0924 00:49:59.158838     8 MoQSession.cpp:2985] controlWriteLoop sess=0x7fa5ac087be0
relay-1        | V0924 00:49:59.158966     8 MoQSession.cpp:6855] onNewUniStream sess=0x7fa5ac087be0
relay-1        | V0924 00:49:59.159002     8 MoQSession.cpp:3389] controlReadLoop sess=0x7fa5ac087be0
relay-1        | V0924 00:49:59.159006     8 MoQSession.cpp:3176] onClientSetup sess=0x7fa5ac087be0
relay-1        | V0924 00:49:59.159009     8 MoQServerBase.cpp:88] MoQServerBase::ClientSetup
relay-1        | V0924 00:49:59.159011     8 MoQServerBase.cpp:93] MoQServerBase::ClientSetup: Using ALPN-negotiated version: moqt-18
relay-1        | V0924 00:49:59.159015     8 MoQSession.cpp:3254] Negotiated Version=0xff000012 (draft-18)
test-client-1  | [2m2026-09-24T00:49:59.159795Z[0m [32m INFO[0m [2mmoq_native_ietf::quic[0m[2m:[0m UDP socket bound [3mbind[0m[2m=[0m[::]:0 [3mlocal[0m[2m=[0m[::]:50982 [3mdual_stack[0m[2m=[0mtrue
relay-1        | V0924 00:49:59.161304     8 MoQServer.cpp:331] MoQServer WebTransport: supported protocols: moqt-18, moqt-16, moqt-15, moq-00
relay-1        | V0924 00:49:59.161318     8 MoQServer.cpp:341] WebTransport: Negotiated protocol: moqt-18
relay-1        | V0924 00:49:59.161396     8 MoQSession.cpp:2685] start sess=0x7fa5ac0917a0
test-client-1  | [2m2026-09-24T00:49:59.161653Z[0m [32m INFO[0m [2mmoq_test_client::scenarios[0m[2m:[0m Publisher sending direct PUBLISH before subscriber subscribes [3mnamespace[0m[2m=[0m/moq-test/publish [3mtrack[0m[2m=[0m"published-track"
relay-1        | V0924 00:49:59.161416     8 MoQSession.cpp:3029] sendSetup sess=0x7fa5ac0917a0
relay-1        | V0924 00:49:59.161526     8 MoQSession.cpp:2985] controlWriteLoop sess=0x7fa5ac0917a0
relay-1        | V0924 00:49:59.161653     8 MoQSession.cpp:6855] onNewUniStream sess=0x7fa5ac0917a0
relay-1        | V0924 00:49:59.161678     8 MoQSession.cpp:3389] controlReadLoop sess=0x7fa5ac0917a0
relay-1        | V0924 00:49:59.161689     8 MoQSession.cpp:3176] onClientSetup sess=0x7fa5ac0917a0
relay-1        | V0924 00:49:59.161693     8 MoQServerBase.cpp:88] MoQServerBase::ClientSetup
relay-1        | V0924 00:49:59.161696     8 MoQServerBase.cpp:93] MoQServerBase::ClientSetup: Using ALPN-negotiated version: moqt-18
relay-1        | V0924 00:49:59.161701     8 MoQSession.cpp:3254] Negotiated Version=0xff000012 (draft-18)
relay-1        | V0924 00:49:59.161763     8 MoQSession.cpp:6885] onNewBidiStream sess=0x7fa5ac087be0
relay-1        | V0924 00:49:59.161796     8 MoQSession.cpp:3389] controlReadLoop sess=0x7fa5ac087be0
relay-1        | V0924 00:49:59.161805     8 MoQSession.cpp:4960] onPublishImpl reqID=0 sess=0x7fa5ac087be0
relay-1        | V0924 00:49:59.161815     8 MoQRelay.cpp:422] publish ftn=moq-test/publish/published-track
relay-1        | E0924 00:49:59.161819     8 MoQRelay.cpp:82] prefix not found in tree
relay-1        | V0924 00:49:59.161829     8 MoQSession.cpp:6076] publishOk reqID=0 sess=0x7fa5ac087be0
relay-1        | V0924 00:49:59.161984     8 MoQSession.cpp:2577] ~MoQSession sess=0x7fa5ac044800
relay-1        | V0924 00:49:59.162152     8 MoQSession.cpp:6885] onNewBidiStream sess=0x7fa5ac0917a0
test-client-1  | [2m2026-09-24T00:49:59.162017Z[0m [32m INFO[0m [2mmoq_test_client::scenarios[0m[2m:[0m PUBLISH accepted; starting subscriber [3mnamespace[0m[2m=[0m/moq-test/publish [3mtrack[0m[2m=[0m"published-track"
relay-1        | V0924 00:49:59.162188     8 MoQSession.cpp:3389] controlReadLoop sess=0x7fa5ac0917a0
relay-1        | V0924 00:49:59.162203     8 MoQSession.cpp:4276] onSubscribeImpl ftn=moq-test/publish/published-track sess=0x7fa5ac0917a0
relay-1        | V0924 00:49:59.162223     8 MoQLocation.h:24] m=AbsoluteStart g=0 o=0
relay-1        | V0924 00:49:59.162232     8 MoQLocation.h:59] g=0 o=0 g=4611686018427387903 o=4611686018427387903
relay-1        | I0924 00:49:59.162240     8 MoQRelay.cpp:1970] Updating forward for moq-test/publish/published-track numForwardingSubs=1
relay-1        | V0924 00:49:59.162249     8 MoQSession.cpp:6258] sendSubscribeOk sess=0x7fa5ac0917a0
relay-1        | V0924 00:49:59.162369     8 MoQSession.cpp:6572] requestUpdate sess=0x7fa5ac087be0
test-client-1  | [2m2026-09-24T00:49:59.162568Z[0m [33m WARN[0m [2mmoq_transport::session[0m[2m:[0m unexpected bidi response message type [3mmsg_type[0m[2m=[0m2
test-client-1  | [2m2026-09-24T00:49:59.162584Z[0m [33m WARN[0m [2mmoq_transport::serve::error[0m[2m:[0m [b299e769-59cc-47a9-b966-d1bcb1e9b1fe] Not implemented: bidi response type 0x2 at moq-transport/src/session/error.rs:89
relay-1        | V0924 00:49:59.162694     8 MoQSession.cpp:3505] Failing pending request id=1 peer FINed without terminal reply sess=0x7fa5ac087be0
relay-1        | V0924 00:49:59.162711     8 MoQSession.cpp:3392] exit controlReadLoop sess=0x7fa5ac087be0
relay-1        | E0924 00:49:59.162768     8 MoQRelay.cpp:36] requestUpdate failed: peer FINed without terminal reply
relay-1        | V0924 00:49:59.172890     8 MoQSession.cpp:2577] ~MoQSession sess=0x7fa5ac046a80
test-client-1  | not ok 8 - publish-track-subscribe
test-client-1  |   ---
test-client-1  |   duration_ms: 107
test-client-1  |   message: "failed serving PUBLISH track: serve error: cancelled: cancelled"
test-client-1  |   ...
relay-1        | E20260924 00:49:59.263473     8 HQControlCodec.h:58] Unexpected control stream EOF
relay-1        | E20260924 00:49:59.263549     8 HQSession.cpp:3160] Got error on control stream error=HTTP: Critical stream was closed streamID=2 sess=proto=h3, UA=, client CID=a807d40bccbcc3d8, server CID=4000001976931ea5, downstream=[::ffff:172.18.0.3]:47369, [::]:4443=local, drain=none
relay-1        | E20260924 00:49:59.263616     8 HQControlCodec.h:58] Unexpected control stream EOF
relay-1        | E20260924 00:49:59.263649     8 HQSession.cpp:3160] Got error on control stream error=HTTP: Critical stream was closed streamID=2 sess=proto=h3, UA=, client CID=ec25358b1926c232, server CID=4000001e4f2f42b9, downstream=[::ffff:172.18.0.3]:50982, [::]:4443=local, drain=none
relay-1        | E0924 00:49:59.263740     8 MoQServer.h:194] proxygen::HTTPException: Got error=ApplicationError: 260, HTTP error on control stream
relay-1        | V0924 00:49:59.263763     8 MoQSession.cpp:7305] onSessionEnderr=4294967295 sess=0x7fa5ac087be0
relay-1        | V0924 00:49:59.263768     8 MoQSession.cpp:2961] close sess=0x7fa5ac087be0
relay-1        | V0924 00:49:59.263776     8 MoQSession.cpp:2183] subscribeError trackReceiveState=0x7fa5ac00a040
relay-1        | V0924 00:49:59.263786     8 MoQSession.cpp:2212] processPublishDone trackReceiveState=0x7fa5ac00a040
relay-1        | V0924 00:49:59.263793     8 MoQRelay.cpp:383] onPublishDoneImpl ftn=moq-test/publish/published-track
relay-1        | V0924 00:49:59.263801     8 MoQRelay.cpp:303] Pruning empty subtree at: moq-test
relay-1        | V0924 00:49:59.263811     8 MoQForwarder.cpp:614] publishDone pubDone reason=closed locally
relay-1        | V0924 00:49:59.263821     8 MoQForwarder.cpp:310] drainSubscriber from publishDone session=0x7fa5ac0917a0
relay-1        | V0924 00:49:59.263825     8 MoQSession.cpp:6371] sendPublishDone sess=0x7fa5ac0917a0
relay-1        | V0924 00:49:59.263846     8 MoQSession.cpp:6542] publisherDrained id=0 sess=0x7fa5ac0917a0
relay-1        | V0924 00:49:59.263881     8 MoQForwarder.cpp:376] Resetting open subgroups for subscriber=0x7fa5ac075d30
relay-1        | V0924 00:49:59.263942     8 MoQForwarder.cpp:395] subscribers_.size()=0
relay-1        | I0924 00:49:59.263953     8 MoQRelay.cpp:1933] Publisher terminated for moq-test/publish/published-track
relay-1        | V0924 00:49:59.263961     8 MoQSession.cpp:2167] cancel alias=0 requestID=0
relay-1        | V0924 00:49:59.263966     8 MoQSession.cpp:2639] requestCancellation from cleanup sess=0x7fa5ac087be0
relay-1        | V0924 00:49:59.263984     8 MoQSession.cpp:2978] requestCancellation from close sess=0x7fa5ac087be0
relay-1        | E0924 00:49:59.264097     8 MoQServer.h:194] proxygen::HTTPException: Got error=ApplicationError: 260, HTTP error on control stream
relay-1        | V0924 00:49:59.264103     8 MoQSession.cpp:7305] onSessionEnderr=4294967295 sess=0x7fa5ac0917a0
relay-1        | V0924 00:49:59.264105     8 MoQSession.cpp:2961] close sess=0x7fa5ac0917a0
relay-1        | V0924 00:49:59.264109     8 MoQSession.cpp:2639] requestCancellation from cleanup sess=0x7fa5ac0917a0
relay-1        | V0924 00:49:59.264116     8 MoQSession.cpp:2978] requestCancellation from close sess=0x7fa5ac0917a0
relay-1        | V0924 00:49:59.264186     8 MoQSession.cpp:3392] exit controlReadLoop sess=0x7fa5ac087be0
relay-1        | V0924 00:49:59.264200     8 MoQSession.cpp:3392] exit controlReadLoop sess=0x7fa5ac0917a0
relay-1        | V0924 00:49:59.264209     8 MoQSession.cpp:3392] exit controlReadLoop sess=0x7fa5ac0917a0
relay-1        | V0924 00:49:59.264236     8 MoQSession.cpp:2987] exit controlWriteLoop sess=0x7fa5ac087be0
relay-1        | V0924 00:49:59.264242     8 MoQSession.cpp:2577] ~MoQSession sess=0x7fa5ac087be0
relay-1        | V0924 00:49:59.264252     8 MoQSession.cpp:2987] exit controlWriteLoop sess=0x7fa5ac0917a0
test-client-1  | [2m2026-09-24T00:49:59.264365Z[0m [32m INFO[0m [2mmoq_native_ietf::quic[0m[2m:[0m UDP socket bound [3mbind[0m[2m=[0m[::]:0 [3mlocal[0m[2m=[0m[::]:41135 [3mdual_stack[0m[2m=[0mtrue
test-client-1  | [2m2026-09-24T00:49:59.264374Z[0m [33m WARN[0m [2mweb_transport_quinn::session[0m[2m:[0m failed to read capsule [3me[0m[2m=[0mUnexpectedEnd
test-client-1  | [2m2026-09-24T00:49:59.264429Z[0m [33m WARN[0m [2mweb_transport_quinn::session[0m[2m:[0m failed to read capsule [3me[0m[2m=[0mUnexpectedEnd
relay-1        | V0924 00:49:59.266400     8 MoQServer.cpp:331] MoQServer WebTransport: supported protocols: moqt-18, moqt-16, moqt-15, moq-00
relay-1        | V0924 00:49:59.266423     8 MoQServer.cpp:341] WebTransport: Negotiated protocol: moqt-18
relay-1        | V0924 00:49:59.266531     8 MoQSession.cpp:2685] start sess=0x7fa5ac05c080
relay-1        | V0924 00:49:59.266581     8 MoQSession.cpp:3029] sendSetup sess=0x7fa5ac05c080
relay-1        | V0924 00:49:59.266695     8 MoQSession.cpp:2985] controlWriteLoop sess=0x7fa5ac05c080
relay-1        | V0924 00:49:59.266823     8 MoQSession.cpp:6855] onNewUniStream sess=0x7fa5ac05c080
relay-1        | V0924 00:49:59.266908     8 MoQSession.cpp:3389] controlReadLoop sess=0x7fa5ac05c080
relay-1        | V0924 00:49:59.266937     8 MoQSession.cpp:3176] onClientSetup sess=0x7fa5ac05c080
test-client-1  | [2m2026-09-24T00:49:59.266871Z[0m [32m INFO[0m [2mmoq_test_client::scenarios[0m[2m:[0m Subscribing with RENDEZVOUS_TIMEOUT to a track with no publisher [3mtimeout_ms[0m[2m=[0m500
relay-1        | V0924 00:49:59.266964     8 MoQServerBase.cpp:88] MoQServerBase::ClientSetup
relay-1        | V0924 00:49:59.266972     8 MoQServerBase.cpp:93] MoQServerBase::ClientSetup: Using ALPN-negotiated version: moqt-18
relay-1        | V0924 00:49:59.266978     8 MoQSession.cpp:3254] Negotiated Version=0xff000012 (draft-18)
relay-1        | V0924 00:49:59.267073     8 MoQSession.cpp:6885] onNewBidiStream sess=0x7fa5ac05c080
relay-1        | V0924 00:49:59.267109     8 MoQSession.cpp:3389] controlReadLoop sess=0x7fa5ac05c080
relay-1        | V0924 00:49:59.267126     8 MoQSession.cpp:4276] onSubscribeImpl ftn=nonexistent/rendezvous/test-track sess=0x7fa5ac05c080
relay-1        | V0924 00:49:59.274490     8 MoQSession.cpp:2577] ~MoQSession sess=0x7fa5ac0917a0
relay-1        | V0924 00:49:59.767594     8 MoQSession.cpp:4418] Application subscribe error err=rendezvous timeout expired
relay-1        | V0924 00:49:59.767622     8 MoQSession.cpp:6276] subscribeError sess=0x7fa5ac05c080
relay-1        | V0924 00:49:59.767657     8 MoQSession.cpp:6542] publisherDrained id=0 sess=0x7fa5ac05c080
test-client-1  | ok 9 - rendezvous-timeout
test-client-1  |   ---
test-client-1  |   duration_ms: 504
test-client-1  |   connection_id: 940cf8a81c1506d614c350bdfb62eadc
test-client-1  |   ...
test-client-1  | [2m2026-09-24T00:49:59.768124Z[0m [32m INFO[0m [2mmoq_test_client::scenarios[0m[2m:[0m Received expected REQUEST_ERROR TIMEOUT
relay-1        | V0924 00:49:59.768228     8 MoQSession.cpp:3392] exit controlReadLoop sess=0x7fa5ac05c080
relay-1        | V0924 00:49:59.768309     8 MoQSession.cpp:3392] exit controlReadLoop sess=0x7fa5ac05c080
relay-1        | E20260924 00:49:59.768414     8 HQControlCodec.h:58] Unexpected control stream EOF
relay-1        | E20260924 00:49:59.768489     8 HQSession.cpp:3160] Got error on control stream error=HTTP: Critical stream was closed streamID=2 sess=proto=h3, UA=, client CID=a586e4fb5478f5c2, server CID=4000000f82c781ab, downstream=[::ffff:172.18.0.3]:41135, [::]:4443=local, drain=none
relay-1        | E0924 00:49:59.768578     8 MoQServer.h:194] proxygen::HTTPException: Got error=ApplicationError: 260, HTTP error on control stream
relay-1        | V0924 00:49:59.768586     8 MoQSession.cpp:7305] onSessionEnderr=4294967295 sess=0x7fa5ac05c080
relay-1        | V0924 00:49:59.768589     8 MoQSession.cpp:2961] close sess=0x7fa5ac05c080
relay-1        | V0924 00:49:59.768598     8 MoQSession.cpp:2639] requestCancellation from cleanup sess=0x7fa5ac05c080
relay-1        | V0924 00:49:59.768618     8 MoQSession.cpp:2978] requestCancellation from close sess=0x7fa5ac05c080
relay-1        | V0924 00:49:59.768739     8 MoQSession.cpp:2987] exit controlWriteLoop sess=0x7fa5ac05c080
test-client-1  | [2m2026-09-24T00:49:59.768824Z[0m [33m WARN[0m [2mweb_transport_quinn::session[0m[2m:[0m failed to read capsule [3me[0m[2m=[0mUnexpectedEnd
test-client-1  | [2m2026-09-24T00:49:59.769340Z[0m [32m INFO[0m [2mmoq_native_ietf::quic[0m[2m:[0m UDP socket bound [3mbind[0m[2m=[0m[::]:0 [3mlocal[0m[2m=[0m[::]:34417 [3mdual_stack[0m[2m=[0mtrue
relay-1        | V0924 00:49:59.772564     8 MoQServer.cpp:331] MoQServer WebTransport: supported protocols: moqt-18, moqt-16, moqt-15, moq-00
relay-1        | V0924 00:49:59.772586     8 MoQServer.cpp:341] WebTransport: Negotiated protocol: moqt-18
relay-1        | V0924 00:49:59.772693     8 MoQSession.cpp:2685] start sess=0x7fa5ac04c670
relay-1        | V0924 00:49:59.772756     8 MoQSession.cpp:3029] sendSetup sess=0x7fa5ac04c670
relay-1        | V0924 00:49:59.772871     8 MoQSession.cpp:2985] controlWriteLoop sess=0x7fa5ac04c670
relay-1        | V0924 00:49:59.773009     8 MoQSession.cpp:6855] onNewUniStream sess=0x7fa5ac04c670
relay-1        | V0924 00:49:59.773071     8 MoQSession.cpp:3389] controlReadLoop sess=0x7fa5ac04c670
relay-1        | V0924 00:49:59.773080     8 MoQSession.cpp:3176] onClientSetup sess=0x7fa5ac04c670
relay-1        | V0924 00:49:59.773084     8 MoQServerBase.cpp:88] MoQServerBase::ClientSetup
relay-1        | V0924 00:49:59.773088     8 MoQServerBase.cpp:93] MoQServerBase::ClientSetup: Using ALPN-negotiated version: moqt-18
relay-1        | V0924 00:49:59.773093     8 MoQSession.cpp:3254] Negotiated Version=0xff000012 (draft-18)
relay-1        | V0924 00:49:59.773228     8 MoQSession.cpp:6885] onNewBidiStream sess=0x7fa5ac04c670
relay-1        | V0924 00:49:59.773264     8 MoQSession.cpp:3389] controlReadLoop sess=0x7fa5ac04c670
relay-1        | V0924 00:49:59.773281     8 MoQSession.cpp:4276] onSubscribeImpl ftn=moq-test-00/0/0/0/2/4/5/64/32/2/1/1/0/-1/-1/0/moq-test-696a180507bfc9c7 sess=0x7fa5ac04c670
relay-1        | V0924 00:49:59.778418     8 MoQSession.cpp:2577] ~MoQSession sess=0x7fa5ac05c080
test-client-1  | [2m2026-09-24T00:49:59.975256Z[0m [32m INFO[0m [2mmoq_native_ietf::quic[0m[2m:[0m UDP socket bound [3mbind[0m[2m=[0m[::]:0 [3mlocal[0m[2m=[0m[::]:39848 [3mdual_stack[0m[2m=[0mtrue
relay-1        | V0924 00:49:59.977860     8 MoQServer.cpp:331] MoQServer WebTransport: supported protocols: moqt-18, moqt-16, moqt-15, moq-00
relay-1        | V0924 00:49:59.977910     8 MoQServer.cpp:341] WebTransport: Negotiated protocol: moqt-18
relay-1        | V0924 00:49:59.978029     8 MoQSession.cpp:2685] start sess=0x7fa5ac007280
relay-1        | V0924 00:49:59.978057     8 MoQSession.cpp:3029] sendSetup sess=0x7fa5ac007280
relay-1        | V0924 00:49:59.978117     8 MoQSession.cpp:2985] controlWriteLoop sess=0x7fa5ac007280
relay-1        | V0924 00:49:59.978462     8 MoQSession.cpp:6855] onNewUniStream sess=0x7fa5ac007280
relay-1        | V0924 00:49:59.978546     8 MoQSession.cpp:6885] onNewBidiStream sess=0x7fa5ac007280
relay-1        | V0924 00:49:59.978565     8 MoQSession.cpp:3389] controlReadLoop sess=0x7fa5ac007280
relay-1        | V0924 00:49:59.978576     8 MoQSession.cpp:3176] onClientSetup sess=0x7fa5ac007280
relay-1        | V0924 00:49:59.978581     8 MoQServerBase.cpp:88] MoQServerBase::ClientSetup
relay-1        | V0924 00:49:59.978586     8 MoQServerBase.cpp:93] MoQServerBase::ClientSetup: Using ALPN-negotiated version: moqt-18
relay-1        | V0924 00:49:59.978592     8 MoQSession.cpp:3254] Negotiated Version=0xff000012 (draft-18)
relay-1        | V0924 00:49:59.978611     8 MoQSession.cpp:3389] controlReadLoop sess=0x7fa5ac007280
relay-1        | V0924 00:49:59.978631     8 MoQSession.cpp:4960] onPublishImpl reqID=0 sess=0x7fa5ac007280
relay-1        | V0924 00:49:59.978646     8 MoQRelay.cpp:422] publish ftn=moq-test-00/0/0/0/2/4/5/64/32/2/1/1/0/-1/-1/0/moq-test-696a180507bfc9c7
relay-1        | E0924 00:49:59.978662     8 MoQRelay.cpp:82] prefix not found in tree
relay-1        | V0924 00:49:59.978689     8 MoQSession.cpp:6076] publishOk reqID=0 sess=0x7fa5ac007280
relay-1        | V0924 00:49:59.978784     8 MoQLocation.h:24] m=AbsoluteStart g=0 o=0
relay-1        | V0924 00:49:59.978800     8 MoQLocation.h:59] g=0 o=0 g=4611686018427387903 o=4611686018427387903
relay-1        | I0924 00:49:59.978808     8 MoQRelay.cpp:1970] Updating forward for moq-test-00/0/0/0/2/4/5/64/32/2/1/1/0/-1/-1/0/moq-test-696a180507bfc9c7 numForwardingSubs=1
relay-1        | V0924 00:49:59.978820     8 MoQSession.cpp:6258] sendSubscribeOk sess=0x7fa5ac04c670
relay-1        | V0924 00:49:59.978929     8 MoQSession.cpp:6572] requestUpdate sess=0x7fa5ac007280
test-client-1  | [2m2026-09-24T00:49:59.978987Z[0m [32m INFO[0m [2mmoq_test_client::moqtest[0m[2m:[0m PUBLISH accepted and subscription bound; generating objects [3mobjects[0m[2m=[0m15 [3mstreams[0m[2m=[0m3
relay-1        | V0924 00:49:59.979219     8 MoQSession.cpp:5114] PublishDone id=0 code=2 reason=publish ended
relay-1        | V0924 00:49:59.979258     8 MoQSession.cpp:2212] processPublishDone trackReceiveState=0x7fa5ac062e00
relay-1        | V0924 00:49:59.979265     8 MoQRelay.cpp:383] onPublishDoneImpl ftn=moq-test-00/0/0/0/2/4/5/64/32/2/1/1/0/-1/-1/0/moq-test-696a180507bfc9c7
relay-1        | V0924 00:49:59.979273     8 MoQRelay.cpp:303] Pruning empty subtree at: moq-test-00
relay-1        | V0924 00:49:59.979281     8 MoQForwarder.cpp:614] publishDone pubDone reason=publish ended
relay-1        | V0924 00:49:59.979286     8 MoQForwarder.cpp:310] drainSubscriber from publishDone session=0x7fa5ac04c670
relay-1        | V0924 00:49:59.979290     8 MoQSession.cpp:6371] sendPublishDone sess=0x7fa5ac04c670
relay-1        | V0924 00:49:59.979299     8 MoQSession.cpp:6542] publisherDrained id=0 sess=0x7fa5ac04c670
relay-1        | V0924 00:49:59.979302     8 MoQForwarder.cpp:376] Resetting open subgroups for subscriber=0x7fa5ac075d30
relay-1        | V0924 00:49:59.979304     8 MoQForwarder.cpp:395] subscribers_.size()=0
relay-1        | I0924 00:49:59.979309     8 MoQRelay.cpp:1933] Publisher terminated for moq-test-00/0/0/0/2/4/5/64/32/2/1/1/0/-1/-1/0/moq-test-696a180507bfc9c7
relay-1        | V0924 00:49:59.979316     8 MoQSession.cpp:3505] Failing pending request id=1 peer FINed without terminal reply sess=0x7fa5ac007280
relay-1        | V0924 00:49:59.979324     8 MoQSession.cpp:3392] exit controlReadLoop sess=0x7fa5ac007280
relay-1        | E0924 00:49:59.979418     8 MoQRelay.cpp:36] requestUpdate failed: peer FINed without terminal reply
relay-1        | V0924 00:49:59.979603     8 MoQSession.cpp:3392] exit controlReadLoop sess=0x7fa5ac04c670
relay-1        | V0924 00:49:59.979621     8 MoQSession.cpp:3392] exit controlReadLoop sess=0x7fa5ac04c670
test-client-1  | not ok 10 - moq-test-subgroup-per-group
test-client-1  |   ---
test-client-1  |   duration_ms: 225
test-client-1  |   message: "failed to create subgroup: cancelled"
test-client-1  |   ...
relay-1        | E20260924 00:49:59.994237     8 HQControlCodec.h:58] Unexpected control stream EOF
relay-1        | E20260924 00:49:59.994350     8 HQSession.cpp:3160] Got error on control stream error=HTTP: Critical stream was closed streamID=2 sess=proto=h3, UA=, client CID=1987fb27a6119f5a, server CID=400000116cb801ae, downstream=[::ffff:172.18.0.3]:39848, [::]:4443=local, drain=none
relay-1        | E20260924 00:49:59.994439     8 HQControlCodec.h:58] Unexpected control stream EOF
relay-1        | E20260924 00:49:59.994508     8 HQSession.cpp:3160] Got error on control stream error=HTTP: Critical stream was closed streamID=2 sess=proto=h3, UA=, client CID=f118e3d569acb1e9, server CID=400000199bcfb7cc, downstream=[::ffff:172.18.0.3]:34417, [::]:4443=local, drain=none
test-client-1  | [2m2026-09-24T00:49:59.994783Z[0m [33m WARN[0m [2mweb_transport_quinn::session[0m[2m:[0m failed to read capsule [3me[0m[2m=[0mUnexpectedEnd
test-client-1  | [2m2026-09-24T00:49:59.994884Z[0m [33m WARN[0m [2mweb_transport_quinn::session[0m[2m:[0m failed to read capsule [3me[0m[2m=[0mUnexpectedEnd
relay-1        | E0924 00:49:59.994566     8 MoQServer.h:194] proxygen::HTTPException: Got error=ApplicationError: 260, HTTP error on control stream
relay-1        | V0924 00:49:59.994598     8 MoQSession.cpp:7305] onSessionEnderr=4294967295 sess=0x7fa5ac007280
relay-1        | V0924 00:49:59.994604     8 MoQSession.cpp:2961] close sess=0x7fa5ac007280
relay-1        | V0924 00:49:59.994612     8 MoQSession.cpp:2639] requestCancellation from cleanup sess=0x7fa5ac007280
relay-1        | V0924 00:49:59.994628     8 MoQSession.cpp:2978] requestCancellation from close sess=0x7fa5ac007280
relay-1        | E0924 00:49:59.994718     8 MoQServer.h:194] proxygen::HTTPException: Got error=ApplicationError: 260, HTTP error on control stream
relay-1        | V0924 00:49:59.994727     8 MoQSession.cpp:7305] onSessionEnderr=4294967295 sess=0x7fa5ac04c670
relay-1        | V0924 00:49:59.994731     8 MoQSession.cpp:2961] close sess=0x7fa5ac04c670
relay-1        | V0924 00:49:59.994737     8 MoQSession.cpp:2639] requestCancellation from cleanup sess=0x7fa5ac04c670
relay-1        | V0924 00:49:59.994748     8 MoQSession.cpp:2978] requestCancellation from close sess=0x7fa5ac04c670
relay-1        | V0924 00:49:59.994844     8 MoQSession.cpp:3392] exit controlReadLoop sess=0x7fa5ac007280
relay-1        | V0924 00:49:59.994881     8 MoQSession.cpp:2987] exit controlWriteLoop sess=0x7fa5ac007280
relay-1        | V0924 00:49:59.994915     8 MoQSession.cpp:2577] ~MoQSession sess=0x7fa5ac007280
relay-1        | V0924 00:49:59.994931     8 MoQSession.cpp:2987] exit controlWriteLoop sess=0x7fa5ac04c670
test-client-1  | [2m2026-09-24T00:49:59.995382Z[0m [32m INFO[0m [2mmoq_native_ietf::quic[0m[2m:[0m UDP socket bound [3mbind[0m[2m=[0m[::]:0 [3mlocal[0m[2m=[0m[::]:57654 [3mdual_stack[0m[2m=[0mtrue
relay-1        | V0924 00:49:59.997192     8 MoQServer.cpp:331] MoQServer WebTransport: supported protocols: moqt-18, moqt-16, moqt-15, moq-00
relay-1        | V0924 00:49:59.997211     8 MoQServer.cpp:341] WebTransport: Negotiated protocol: moqt-18
relay-1        | V0924 00:49:59.997311     8 MoQSession.cpp:2685] start sess=0x7fa5ac045e90
relay-1        | V0924 00:49:59.997334     8 MoQSession.cpp:3029] sendSetup sess=0x7fa5ac045e90
relay-1        | V0924 00:49:59.997388     8 MoQSession.cpp:2985] controlWriteLoop sess=0x7fa5ac045e90
relay-1        | V0924 00:49:59.997676     8 MoQSession.cpp:6855] onNewUniStream sess=0x7fa5ac045e90
relay-1        | V0924 00:49:59.997709     8 MoQSession.cpp:3389] controlReadLoop sess=0x7fa5ac045e90
relay-1        | V0924 00:49:59.997716     8 MoQSession.cpp:3176] onClientSetup sess=0x7fa5ac045e90
relay-1        | V0924 00:49:59.997719     8 MoQServerBase.cpp:88] MoQServerBase::ClientSetup
relay-1        | V0924 00:49:59.997723     8 MoQServerBase.cpp:93] MoQServerBase::ClientSetup: Using ALPN-negotiated version: moqt-18
relay-1        | V0924 00:49:59.997728     8 MoQSession.cpp:3254] Negotiated Version=0xff000012 (draft-18)
relay-1        | V0924 00:49:59.997820     8 MoQSession.cpp:6885] onNewBidiStream sess=0x7fa5ac045e90
relay-1        | V0924 00:49:59.997855     8 MoQSession.cpp:3389] controlReadLoop sess=0x7fa5ac045e90
relay-1        | V0924 00:49:59.997871     8 MoQSession.cpp:4276] onSubscribeImpl ftn=moq-test-00/0/0/0/2/5/5/64/32/2/1/1/1/-1/-1/0/moq-test-788d2a5c1505a5d1 sess=0x7fa5ac045e90
relay-1        | V0924 00:50:00.006023     8 MoQSession.cpp:2577] ~MoQSession sess=0x7fa5ac04c670
test-client-1  | [2m2026-09-24T00:50:00.200384Z[0m [32m INFO[0m [2mmoq_native_ietf::quic[0m[2m:[0m UDP socket bound [3mbind[0m[2m=[0m[::]:0 [3mlocal[0m[2m=[0m[::]:36204 [3mdual_stack[0m[2m=[0mtrue
relay-1        | V0924 00:50:00.202683     8 MoQServer.cpp:331] MoQServer WebTransport: supported protocols: moqt-18, moqt-16, moqt-15, moq-00
relay-1        | V0924 00:50:00.202707     8 MoQServer.cpp:341] WebTransport: Negotiated protocol: moqt-18
relay-1        | V0924 00:50:00.202806     8 MoQSession.cpp:2685] start sess=0x7fa5ac07d730
relay-1        | V0924 00:50:00.202833     8 MoQSession.cpp:3029] sendSetup sess=0x7fa5ac07d730
relay-1        | V0924 00:50:00.203096     8 MoQSession.cpp:2985] controlWriteLoop sess=0x7fa5ac07d730
relay-1        | V0924 00:50:00.203134     8 MoQSession.cpp:6855] onNewUniStream sess=0x7fa5ac07d730
relay-1        | V0924 00:50:00.203253     8 MoQSession.cpp:3389] controlReadLoop sess=0x7fa5ac07d730
relay-1        | V0924 00:50:00.203271     8 MoQSession.cpp:3176] onClientSetup sess=0x7fa5ac07d730
relay-1        | V0924 00:50:00.203276     8 MoQServerBase.cpp:88] MoQServerBase::ClientSetup
relay-1        | V0924 00:50:00.203280     8 MoQServerBase.cpp:93] MoQServerBase::ClientSetup: Using ALPN-negotiated version: moqt-18
relay-1        | V0924 00:50:00.203290     8 MoQSession.cpp:3254] Negotiated Version=0xff000012 (draft-18)
relay-1        | V0924 00:50:00.203608     8 MoQSession.cpp:6885] onNewBidiStream sess=0x7fa5ac07d730
relay-1        | V0924 00:50:00.203644     8 MoQSession.cpp:3389] controlReadLoop sess=0x7fa5ac07d730
relay-1        | V0924 00:50:00.203664     8 MoQSession.cpp:4960] onPublishImpl reqID=0 sess=0x7fa5ac07d730
relay-1        | V0924 00:50:00.203681     8 MoQRelay.cpp:422] publish ftn=moq-test-00/0/0/0/2/5/5/64/32/2/1/1/1/-1/-1/0/moq-test-788d2a5c1505a5d1
relay-1        | E0924 00:50:00.203696     8 MoQRelay.cpp:82] prefix not found in tree
relay-1        | V0924 00:50:00.203722     8 MoQSession.cpp:6076] publishOk reqID=0 sess=0x7fa5ac07d730
relay-1        | V0924 00:50:00.203830     8 MoQLocation.h:24] m=AbsoluteStart g=0 o=0
relay-1        | V0924 00:50:00.203838     8 MoQLocation.h:59] g=0 o=0 g=4611686018427387903 o=4611686018427387903
relay-1        | I0924 00:50:00.203846     8 MoQRelay.cpp:1970] Updating forward for moq-test-00/0/0/0/2/5/5/64/32/2/1/1/1/-1/-1/0/moq-test-788d2a5c1505a5d1 numForwardingSubs=1
relay-1        | V0924 00:50:00.203859     8 MoQSession.cpp:6258] sendSubscribeOk sess=0x7fa5ac045e90
relay-1        | V0924 00:50:00.203955     8 MoQSession.cpp:6572] requestUpdate sess=0x7fa5ac07d730
test-client-1  | [2m2026-09-24T00:50:00.204072Z[0m [33m WARN[0m [2mmoq_transport::session[0m[2m:[0m unexpected bidi response message type [3mmsg_type[0m[2m=[0m2
test-client-1  | [2m2026-09-24T00:50:00.204086Z[0m [33m WARN[0m [2mmoq_transport::serve::error[0m[2m:[0m [62ddb0e8-dac1-47dc-8a4d-2b51d21f7bc3] Not implemented: bidi response type 0x2 at moq-transport/src/session/error.rs:89
test-client-1  | [2m2026-09-24T00:50:00.204111Z[0m [32m INFO[0m [2mmoq_test_client::moqtest[0m[2m:[0m PUBLISH accepted and subscription bound; generating objects [3mobjects[0m[2m=[0m15 [3mstreams[0m[2m=[0m3
relay-1        | V0924 00:50:00.204313     8 MoQSession.cpp:3505] Failing pending request id=1 peer FINed without terminal reply sess=0x7fa5ac07d730
relay-1        | V0924 00:50:00.204328     8 MoQSession.cpp:3392] exit controlReadLoop sess=0x7fa5ac07d730
relay-1        | E0924 00:50:00.204339     8 MoQRelay.cpp:36] requestUpdate failed: peer FINed without terminal reply
test-client-1  | not ok 11 - moq-test-subgroup-per-group-eog
relay-1        | E20260924 00:50:00.223044     8 HQControlCodec.h:58] Unexpected control stream EOF
test-client-1  |   ---
test-client-1  |   duration_ms: 228
test-client-1  |   message: "failed to create subgroup: cancelled"
test-client-1  |   ...
test-client-1  | [2m2026-09-24T00:50:00.223830Z[0m [33m WARN[0m [2mweb_transport_quinn::session[0m[2m:[0m failed to read capsule [3me[0m[2m=[0mUnexpectedEnd
test-client-1  | [2m2026-09-24T00:50:00.223876Z[0m [33m WARN[0m [2mweb_transport_quinn::session[0m[2m:[0m failed to read capsule [3me[0m[2m=[0mUnexpectedEnd
test-client-1  | [2m2026-09-24T00:50:00.224117Z[0m [32m INFO[0m [2mmoq_native_ietf::quic[0m[2m:[0m UDP socket bound [3mbind[0m[2m=[0m[::]:0 [3mlocal[0m[2m=[0m[::]:56075 [3mdual_stack[0m[2m=[0mtrue
relay-1        | E20260924 00:50:00.223119     8 HQSession.cpp:3160] Got error on control stream error=HTTP: Critical stream was closed streamID=2 sess=proto=h3, UA=, client CID=9d94eb345154d244, server CID=4000001b96683dd9, downstream=[::ffff:172.18.0.3]:36204, [::]:4443=local, drain=none
relay-1        | E0924 00:50:00.223188     8 MoQServer.h:194] proxygen::HTTPException: Got error=ApplicationError: 260, HTTP error on control stream
relay-1        | V0924 00:50:00.223204     8 MoQSession.cpp:7305] onSessionEnderr=4294967295 sess=0x7fa5ac07d730
relay-1        | V0924 00:50:00.223208     8 MoQSession.cpp:2961] close sess=0x7fa5ac07d730
relay-1        | V0924 00:50:00.223216     8 MoQSession.cpp:2183] subscribeError trackReceiveState=0x7fa5ac00a040
relay-1        | V0924 00:50:00.223219     8 MoQSession.cpp:2212] processPublishDone trackReceiveState=0x7fa5ac00a040
relay-1        | V0924 00:50:00.223224     8 MoQRelay.cpp:383] onPublishDoneImpl ftn=moq-test-00/0/0/0/2/5/5/64/32/2/1/1/1/-1/-1/0/moq-test-788d2a5c1505a5d1
relay-1        | V0924 00:50:00.223235     8 MoQRelay.cpp:303] Pruning empty subtree at: moq-test-00
relay-1        | V0924 00:50:00.223244     8 MoQForwarder.cpp:614] publishDone pubDone reason=closed locally
relay-1        | V0924 00:50:00.223249     8 MoQForwarder.cpp:310] drainSubscriber from publishDone session=0x7fa5ac045e90
relay-1        | V0924 00:50:00.223253     8 MoQSession.cpp:6371] sendPublishDone sess=0x7fa5ac045e90
relay-1        | V0924 00:50:00.223270     8 MoQSession.cpp:6542] publisherDrained id=0 sess=0x7fa5ac045e90
relay-1        | V0924 00:50:00.223273     8 MoQForwarder.cpp:376] Resetting open subgroups for subscriber=0x7fa5ac036c40
relay-1        | V0924 00:50:00.223277     8 MoQForwarder.cpp:395] subscribers_.size()=0
relay-1        | I0924 00:50:00.223284     8 MoQRelay.cpp:1933] Publisher terminated for moq-test-00/0/0/0/2/5/5/64/32/2/1/1/1/-1/-1/0/moq-test-788d2a5c1505a5d1
relay-1        | V0924 00:50:00.223297     8 MoQSession.cpp:2167] cancel alias=0 requestID=0
relay-1        | V0924 00:50:00.223301     8 MoQSession.cpp:2639] requestCancellation from cleanup sess=0x7fa5ac07d730
relay-1        | V0924 00:50:00.223316     8 MoQSession.cpp:2978] requestCancellation from close sess=0x7fa5ac07d730
relay-1        | V0924 00:50:00.223499     8 MoQSession.cpp:3392] exit controlReadLoop sess=0x7fa5ac07d730
relay-1        | V0924 00:50:00.223541     8 MoQSession.cpp:2987] exit controlWriteLoop sess=0x7fa5ac07d730
relay-1        | E20260924 00:50:00.223551     8 HQControlCodec.h:58] Unexpected control stream EOF
relay-1        | E20260924 00:50:00.223583     8 HQSession.cpp:3160] Got error on control stream error=HTTP: Critical stream was closed streamID=2 sess=proto=h3, UA=, client CID=86773501d4c546e8, server CID=4000001c47a0c903, downstream=[::ffff:172.18.0.3]:57654, [::]:4443=local, drain=none
relay-1        | E0924 00:50:00.223626     8 MoQServer.h:194] proxygen::HTTPException: Got error=ApplicationError: 260, HTTP error on control stream
relay-1        | V0924 00:50:00.223631     8 MoQSession.cpp:7305] onSessionEnderr=4294967295 sess=0x7fa5ac045e90
relay-1        | V0924 00:50:00.223634     8 MoQSession.cpp:2961] close sess=0x7fa5ac045e90
relay-1        | V0924 00:50:00.223639     8 MoQSession.cpp:2639] requestCancellation from cleanup sess=0x7fa5ac045e90
relay-1        | V0924 00:50:00.223647     8 MoQSession.cpp:2978] requestCancellation from close sess=0x7fa5ac045e90
relay-1        | V0924 00:50:00.223704     8 MoQSession.cpp:3392] exit controlReadLoop sess=0x7fa5ac045e90
relay-1        | V0924 00:50:00.223713     8 MoQSession.cpp:3392] exit controlReadLoop sess=0x7fa5ac045e90
relay-1        | V0924 00:50:00.223729     8 MoQSession.cpp:2987] exit controlWriteLoop sess=0x7fa5ac045e90
relay-1        | V0924 00:50:00.226086     8 MoQServer.cpp:331] MoQServer WebTransport: supported protocols: moqt-18, moqt-16, moqt-15, moq-00
relay-1        | V0924 00:50:00.226103     8 MoQServer.cpp:341] WebTransport: Negotiated protocol: moqt-18
relay-1        | V0924 00:50:00.226207     8 MoQSession.cpp:2685] start sess=0x7fa5ac077e10
relay-1        | V0924 00:50:00.226322     8 MoQSession.cpp:3029] sendSetup sess=0x7fa5ac077e10
relay-1        | V0924 00:50:00.226476     8 MoQSession.cpp:2985] controlWriteLoop sess=0x7fa5ac077e10
relay-1        | V0924 00:50:00.226497     8 MoQSession.cpp:6855] onNewUniStream sess=0x7fa5ac077e10
relay-1        | V0924 00:50:00.226580     8 MoQSession.cpp:3389] controlReadLoop sess=0x7fa5ac077e10
relay-1        | V0924 00:50:00.226594     8 MoQSession.cpp:3176] onClientSetup sess=0x7fa5ac077e10
relay-1        | V0924 00:50:00.226599     8 MoQServerBase.cpp:88] MoQServerBase::ClientSetup
relay-1        | V0924 00:50:00.226603     8 MoQServerBase.cpp:93] MoQServerBase::ClientSetup: Using ALPN-negotiated version: moqt-18
relay-1        | V0924 00:50:00.226608     8 MoQSession.cpp:3254] Negotiated Version=0xff000012 (draft-18)
relay-1        | V0924 00:50:00.226892     8 MoQSession.cpp:6885] onNewBidiStream sess=0x7fa5ac077e10
relay-1        | V0924 00:50:00.226928     8 MoQSession.cpp:3389] controlReadLoop sess=0x7fa5ac077e10
relay-1        | V0924 00:50:00.226943     8 MoQSession.cpp:4276] onSubscribeImpl ftn=moq-test-00/1/0/0/1/3/4/64/32/2/1/1/0/-1/-1/0/moq-test-d7daea9d2cf8eb78 sess=0x7fa5ac077e10
relay-1        | V0924 00:50:00.242210     8 MoQSession.cpp:2577] ~MoQSession sess=0x7fa5ac045e90
relay-1        | V0924 00:50:00.242278     8 MoQSession.cpp:2577] ~MoQSession sess=0x7fa5ac07d730
test-client-1  | [2m2026-09-24T00:50:00.429570Z[0m [32m INFO[0m [2mmoq_native_ietf::quic[0m[2m:[0m UDP socket bound [3mbind[0m[2m=[0m[::]:0 [3mlocal[0m[2m=[0m[::]:49350 [3mdual_stack[0m[2m=[0mtrue
relay-1        | V0924 00:50:00.431840     8 MoQServer.cpp:331] MoQServer WebTransport: supported protocols: moqt-18, moqt-16, moqt-15, moq-00
relay-1        | V0924 00:50:00.431869     8 MoQServer.cpp:341] WebTransport: Negotiated protocol: moqt-18
relay-1        | V0924 00:50:00.432009     8 MoQSession.cpp:2685] start sess=0x7fa5ac04c670
relay-1        | V0924 00:50:00.432036     8 MoQSession.cpp:3029] sendSetup sess=0x7fa5ac04c670
relay-1        | V0924 00:50:00.432142     8 MoQSession.cpp:2985] controlWriteLoop sess=0x7fa5ac04c670
relay-1        | V0924 00:50:00.432243     8 MoQSession.cpp:6855] onNewUniStream sess=0x7fa5ac04c670
relay-1        | V0924 00:50:00.432307     8 MoQSession.cpp:3389] controlReadLoop sess=0x7fa5ac04c670
relay-1        | V0924 00:50:00.432318     8 MoQSession.cpp:3176] onClientSetup sess=0x7fa5ac04c670
relay-1        | V0924 00:50:00.432322     8 MoQServerBase.cpp:88] MoQServerBase::ClientSetup
relay-1        | V0924 00:50:00.432325     8 MoQServerBase.cpp:93] MoQServerBase::ClientSetup: Using ALPN-negotiated version: moqt-18
relay-1        | V0924 00:50:00.432328     8 MoQSession.cpp:3254] Negotiated Version=0xff000012 (draft-18)
relay-1        | V0924 00:50:00.432476     8 MoQSession.cpp:6885] onNewBidiStream sess=0x7fa5ac04c670
relay-1        | V0924 00:50:00.432533     8 MoQSession.cpp:3389] controlReadLoop sess=0x7fa5ac04c670
relay-1        | V0924 00:50:00.432548     8 MoQSession.cpp:4960] onPublishImpl reqID=0 sess=0x7fa5ac04c670
relay-1        | V0924 00:50:00.432565     8 MoQRelay.cpp:422] publish ftn=moq-test-00/1/0/0/1/3/4/64/32/2/1/1/0/-1/-1/0/moq-test-d7daea9d2cf8eb78
relay-1        | E0924 00:50:00.432580     8 MoQRelay.cpp:82] prefix not found in tree
relay-1        | V0924 00:50:00.432605     8 MoQSession.cpp:6076] publishOk reqID=0 sess=0x7fa5ac04c670
relay-1        | V0924 00:50:00.432702     8 MoQLocation.h:24] m=AbsoluteStart g=0 o=0
relay-1        | V0924 00:50:00.432708     8 MoQLocation.h:59] g=0 o=0 g=4611686018427387903 o=4611686018427387903
relay-1        | I0924 00:50:00.432713     8 MoQRelay.cpp:1970] Updating forward for moq-test-00/1/0/0/1/3/4/64/32/2/1/1/0/-1/-1/0/moq-test-d7daea9d2cf8eb78 numForwardingSubs=1
relay-1        | V0924 00:50:00.432722     8 MoQSession.cpp:6258] sendSubscribeOk sess=0x7fa5ac077e10
relay-1        | V0924 00:50:00.432790     8 MoQSession.cpp:6572] requestUpdate sess=0x7fa5ac04c670
test-client-1  | [2m2026-09-24T00:50:00.433018Z[0m [33m WARN[0m [2mmoq_transport::session[0m[2m:[0m unexpected bidi response message type [3mmsg_type[0m[2m=[0m2
test-client-1  | [2m2026-09-24T00:50:00.433032Z[0m [33m WARN[0m [2mmoq_transport::serve::error[0m[2m:[0m [d3169255-7f45-4f75-ab9d-ff24af33bcb7] Not implemented: bidi response type 0x2 at moq-transport/src/session/error.rs:89
relay-1        | V0924 00:50:00.433176     8 MoQSession.cpp:3505] Failing pending request id=1 peer FINed without terminal reply sess=0x7fa5ac04c670
test-client-1  | not ok 12 - moq-test-subgroup-per-object
test-client-1  |   ---
test-client-1  |   duration_ms: 210
test-client-1  |   message: "PUBLISH was rejected: cancelled"
test-client-1  |   ...
test-client-1  | [2m2026-09-24T00:50:00.433746Z[0m [33m WARN[0m [2mweb_transport_quinn::session[0m[2m:[0m failed to read capsule [3me[0m[2m=[0mUnexpectedEnd
test-client-1  | [2m2026-09-24T00:50:00.433788Z[0m [33m WARN[0m [2mweb_transport_quinn::session[0m[2m:[0m failed to read capsule [3me[0m[2m=[0mUnexpectedEnd
relay-1        | V0924 00:50:00.433333     8 MoQSession.cpp:3392] exit controlReadLoop sess=0x7fa5ac04c670
relay-1        | V0924 00:50:00.433349     8 MoQSession.cpp:3392] exit controlReadLoop sess=0x7fa5ac04c670
relay-1        | E0924 00:50:00.433420     8 MoQRelay.cpp:36] requestUpdate failed: peer FINed without terminal reply
relay-1        | E20260924 00:50:00.433434     8 HQControlCodec.h:58] Unexpected control stream EOF
relay-1        | E20260924 00:50:00.433482     8 HQSession.cpp:3160] Got error on control stream error=HTTP: Critical stream was closed streamID=2 sess=proto=h3, UA=, client CID=a4410766296d28b7, server CID=4000001bae2c9f11, downstream=[::ffff:172.18.0.3]:49350, [::]:4443=local, drain=none
relay-1        | E20260924 00:50:00.433522     8 HQControlCodec.h:58] Unexpected control stream EOF
relay-1        | E20260924 00:50:00.433534     8 HQSession.cpp:3160] Got error on control stream error=HTTP: Critical stream was closed streamID=2 sess=proto=h3, UA=, client CID=99e8935d8850bdd7, server CID=40000017690416a1, downstream=[::ffff:172.18.0.3]:56075, [::]:4443=local, drain=none
relay-1        | E0924 00:50:00.433568     8 MoQServer.h:194] proxygen::HTTPException: Got error=ApplicationError: 260, HTTP error on control stream
relay-1        | V0924 00:50:00.433572     8 MoQSession.cpp:7305] onSessionEnderr=4294967295 sess=0x7fa5ac04c670
relay-1        | V0924 00:50:00.433575     8 MoQSession.cpp:2961] close sess=0x7fa5ac04c670
relay-1        | V0924 00:50:00.433579     8 MoQSession.cpp:2183] subscribeError trackReceiveState=0x7fa5ac0500b0
relay-1        | V0924 00:50:00.433582     8 MoQSession.cpp:2212] processPublishDone trackReceiveState=0x7fa5ac0500b0
relay-1        | V0924 00:50:00.433585     8 MoQRelay.cpp:383] onPublishDoneImpl ftn=moq-test-00/1/0/0/1/3/4/64/32/2/1/1/0/-1/-1/0/moq-test-d7daea9d2cf8eb78
relay-1        | V0924 00:50:00.433590     8 MoQRelay.cpp:303] Pruning empty subtree at: moq-test-00
relay-1        | V0924 00:50:00.433595     8 MoQForwarder.cpp:614] publishDone pubDone reason=closed locally
relay-1        | V0924 00:50:00.433598     8 MoQForwarder.cpp:310] drainSubscriber from publishDone session=0x7fa5ac077e10
relay-1        | V0924 00:50:00.433600     8 MoQSession.cpp:6371] sendPublishDone sess=0x7fa5ac077e10
relay-1        | V0924 00:50:00.433608     8 MoQSession.cpp:6542] publisherDrained id=0 sess=0x7fa5ac077e10
relay-1        | V0924 00:50:00.433611     8 MoQForwarder.cpp:376] Resetting open subgroups for subscriber=0x7fa5ac075d30
relay-1        | V0924 00:50:00.433614     8 MoQForwarder.cpp:395] subscribers_.size()=0
relay-1        | I0924 00:50:00.433619     8 MoQRelay.cpp:1933] Publisher terminated for moq-test-00/1/0/0/1/3/4/64/32/2/1/1/0/-1/-1/0/moq-test-d7daea9d2cf8eb78
relay-1        | V0924 00:50:00.433623     8 MoQSession.cpp:2167] cancel alias=0 requestID=0
relay-1        | V0924 00:50:00.433626     8 MoQSession.cpp:2639] requestCancellation from cleanup sess=0x7fa5ac04c670
relay-1        | V0924 00:50:00.433635     8 MoQSession.cpp:2978] requestCancellation from close sess=0x7fa5ac04c670
relay-1        | E0924 00:50:00.433698     8 MoQServer.h:194] proxygen::HTTPException: Got error=ApplicationError: 260, HTTP error on control stream
relay-1        | V0924 00:50:00.433702     8 MoQSession.cpp:7305] onSessionEnderr=4294967295 sess=0x7fa5ac077e10
relay-1        | V0924 00:50:00.433704     8 MoQSession.cpp:2961] close sess=0x7fa5ac077e10
relay-1        | V0924 00:50:00.433707     8 MoQSession.cpp:2639] requestCancellation from cleanup sess=0x7fa5ac077e10
relay-1        | V0924 00:50:00.433714     8 MoQSession.cpp:2978] requestCancellation from close sess=0x7fa5ac077e10
relay-1        | V0924 00:50:00.433806     8 MoQSession.cpp:3392] exit controlReadLoop sess=0x7fa5ac077e10
relay-1        | V0924 00:50:00.433816     8 MoQSession.cpp:3392] exit controlReadLoop sess=0x7fa5ac077e10
relay-1        | V0924 00:50:00.433845     8 MoQSession.cpp:2987] exit controlWriteLoop sess=0x7fa5ac04c670
relay-1        | V0924 00:50:00.433855     8 MoQSession.cpp:2577] ~MoQSession sess=0x7fa5ac04c670
relay-1        | V0924 00:50:00.433869     8 MoQSession.cpp:2987] exit controlWriteLoop sess=0x7fa5ac077e10
test-client-1  | [2m2026-09-24T00:50:00.434378Z[0m [32m INFO[0m [2mmoq_native_ietf::quic[0m[2m:[0m UDP socket bound [3mbind[0m[2m=[0m[::]:0 [3mlocal[0m[2m=[0m[::]:50305 [3mdual_stack[0m[2m=[0mtrue
relay-1        | V0924 00:50:00.436087     8 MoQServer.cpp:331] MoQServer WebTransport: supported protocols: moqt-18, moqt-16, moqt-15, moq-00
relay-1        | V0924 00:50:00.436106     8 MoQServer.cpp:341] WebTransport: Negotiated protocol: moqt-18
relay-1        | V0924 00:50:00.436203     8 MoQSession.cpp:2685] start sess=0x7fa5ac07ff40
relay-1        | V0924 00:50:00.436225     8 MoQSession.cpp:3029] sendSetup sess=0x7fa5ac07ff40
relay-1        | V0924 00:50:00.436316     8 MoQSession.cpp:2985] controlWriteLoop sess=0x7fa5ac07ff40
relay-1        | V0924 00:50:00.436587     8 MoQSession.cpp:6855] onNewUniStream sess=0x7fa5ac07ff40
relay-1        | V0924 00:50:00.436613     8 MoQSession.cpp:3389] controlReadLoop sess=0x7fa5ac07ff40
relay-1        | V0924 00:50:00.436619     8 MoQSession.cpp:3176] onClientSetup sess=0x7fa5ac07ff40
relay-1        | V0924 00:50:00.436623     8 MoQServerBase.cpp:88] MoQServerBase::ClientSetup
relay-1        | V0924 00:50:00.436627     8 MoQServerBase.cpp:93] MoQServerBase::ClientSetup: Using ALPN-negotiated version: moqt-18
relay-1        | V0924 00:50:00.436632     8 MoQSession.cpp:3254] Negotiated Version=0xff000012 (draft-18)
relay-1        | V0924 00:50:00.436726     8 MoQSession.cpp:6885] onNewBidiStream sess=0x7fa5ac07ff40
relay-1        | V0924 00:50:00.436765     8 MoQSession.cpp:3389] controlReadLoop sess=0x7fa5ac07ff40
relay-1        | V0924 00:50:00.436793     8 MoQSession.cpp:4276] onSubscribeImpl ftn=moq-test-00/2/0/0/2/6/6/64/32/2/1/1/1/-1/-1/0/moq-test-237fe60404308ec6 sess=0x7fa5ac07ff40
relay-1        | V0924 00:50:00.450948     8 MoQSession.cpp:2577] ~MoQSession sess=0x7fa5ac077e10
test-client-1  | [2m2026-09-24T00:50:00.638880Z[0m [32m INFO[0m [2mmoq_native_ietf::quic[0m[2m:[0m UDP socket bound [3mbind[0m[2m=[0m[::]:0 [3mlocal[0m[2m=[0m[::]:46076 [3mdual_stack[0m[2m=[0mtrue
relay-1        | V0924 00:50:00.640945     8 MoQServer.cpp:331] MoQServer WebTransport: supported protocols: moqt-18, moqt-16, moqt-15, moq-00
relay-1        | V0924 00:50:00.640969     8 MoQServer.cpp:341] WebTransport: Negotiated protocol: moqt-18
relay-1        | V0924 00:50:00.641085     8 MoQSession.cpp:2685] start sess=0x7fa5ac037b10
relay-1        | V0924 00:50:00.641108     8 MoQSession.cpp:3029] sendSetup sess=0x7fa5ac037b10
relay-1        | V0924 00:50:00.641176     8 MoQSession.cpp:2985] controlWriteLoop sess=0x7fa5ac037b10
relay-1        | V0924 00:50:00.641483     8 MoQSession.cpp:6855] onNewUniStream sess=0x7fa5ac037b10
relay-1        | V0924 00:50:00.641518     8 MoQSession.cpp:3389] controlReadLoop sess=0x7fa5ac037b10
relay-1        | V0924 00:50:00.641526     8 MoQSession.cpp:3176] onClientSetup sess=0x7fa5ac037b10
relay-1        | V0924 00:50:00.641531     8 MoQServerBase.cpp:88] MoQServerBase::ClientSetup
relay-1        | V0924 00:50:00.641534     8 MoQServerBase.cpp:93] MoQServerBase::ClientSetup: Using ALPN-negotiated version: moqt-18
relay-1        | V0924 00:50:00.641540     8 MoQSession.cpp:3254] Negotiated Version=0xff000012 (draft-18)
relay-1        | V0924 00:50:00.641621     8 MoQSession.cpp:6885] onNewBidiStream sess=0x7fa5ac037b10
relay-1        | V0924 00:50:00.641655     8 MoQSession.cpp:3389] controlReadLoop sess=0x7fa5ac037b10
relay-1        | V0924 00:50:00.641676     8 MoQSession.cpp:4960] onPublishImpl reqID=0 sess=0x7fa5ac037b10
relay-1        | V0924 00:50:00.641725     8 MoQRelay.cpp:422] publish ftn=moq-test-00/2/0/0/2/6/6/64/32/2/1/1/1/-1/-1/0/moq-test-237fe60404308ec6
relay-1        | E0924 00:50:00.641738     8 MoQRelay.cpp:82] prefix not found in tree
relay-1        | V0924 00:50:00.641765     8 MoQSession.cpp:6076] publishOk reqID=0 sess=0x7fa5ac037b10
relay-1        | V0924 00:50:00.641983     8 MoQLocation.h:24] m=AbsoluteStart g=0 o=0
relay-1        | V0924 00:50:00.641995     8 MoQLocation.h:59] g=0 o=0 g=4611686018427387903 o=4611686018427387903
relay-1        | I0924 00:50:00.642000     8 MoQRelay.cpp:1970] Updating forward for moq-test-00/2/0/0/2/6/6/64/32/2/1/1/1/-1/-1/0/moq-test-237fe60404308ec6 numForwardingSubs=1
relay-1        | V0924 00:50:00.642010     8 MoQSession.cpp:6258] sendSubscribeOk sess=0x7fa5ac07ff40
relay-1        | V0924 00:50:00.642093     8 MoQSession.cpp:6572] requestUpdate sess=0x7fa5ac037b10
test-client-1  | [2m2026-09-24T00:50:00.642220Z[0m [33m WARN[0m [2mmoq_transport::session[0m[2m:[0m unexpected bidi response message type [3mmsg_type[0m[2m=[0m2
test-client-1  | [2m2026-09-24T00:50:00.642237Z[0m [33m WARN[0m [2mmoq_transport::serve::error[0m[2m:[0m [f7d41a1d-c007-4c3c-992e-5c9329489df7] Not implemented: bidi response type 0x2 at moq-transport/src/session/error.rs:89
test-client-1  | [2m2026-09-24T00:50:00.642260Z[0m [32m INFO[0m [2mmoq_test_client::moqtest[0m[2m:[0m PUBLISH accepted and subscription bound; generating objects [3mobjects[0m[2m=[0m18 [3mstreams[0m[2m=[0m6
relay-1        | V0924 00:50:00.642348     8 MoQSession.cpp:3505] Failing pending request id=1 peer FINed without terminal reply sess=0x7fa5ac037b10
relay-1        | V0924 00:50:00.642364     8 MoQSession.cpp:3392] exit controlReadLoop sess=0x7fa5ac037b10
relay-1        | E0924 00:50:00.642376     8 MoQRelay.cpp:36] requestUpdate failed: peer FINed without terminal reply
test-client-1  | not ok 13 - moq-test-two-subgroups-eog
test-client-1  |   ---
test-client-1  |   duration_ms: 230
test-client-1  |   message: "failed to create subgroup 0: cancelled"
test-client-1  |   ...
relay-1        | E20260924 00:50:00.664003     8 HQControlCodec.h:58] Unexpected control stream EOF
relay-1        | E20260924 00:50:00.664124     8 HQSession.cpp:3160] Got error on control stream error=HTTP: Critical stream was closed streamID=2 sess=proto=h3, UA=, client CID=a2edf7d2191694d2, server CID=4000001612549645, downstream=[::ffff:172.18.0.3]:46076, [::]:4443=local, drain=none
relay-1        | E0924 00:50:00.664243     8 MoQServer.h:194] proxygen::HTTPException: Got error=ApplicationError: 260, HTTP error on control stream
relay-1        | V0924 00:50:00.664292     8 MoQSession.cpp:7305] onSessionEnderr=4294967295 sess=0x7fa5ac037b10
relay-1        | V0924 00:50:00.664319     8 MoQSession.cpp:2961] close sess=0x7fa5ac037b10
relay-1        | V0924 00:50:00.664348     8 MoQSession.cpp:2183] subscribeError trackReceiveState=0x7fa5ac067ab0
test-client-1  | [2m2026-09-24T00:50:00.664643Z[0m [33m WARN[0m [2mweb_transport_quinn::session[0m[2m:[0m failed to read capsule [3me[0m[2m=[0mUnexpectedEnd
relay-1        | V0924 00:50:00.664386     8 MoQSession.cpp:2212] processPublishDone trackReceiveState=0x7fa5ac067ab0
relay-1        | V0924 00:50:00.664396     8 MoQRelay.cpp:383] onPublishDoneImpl ftn=moq-test-00/2/0/0/2/6/6/64/32/2/1/1/1/-1/-1/0/moq-test-237fe60404308ec6
relay-1        | V0924 00:50:00.664407     8 MoQRelay.cpp:303] Pruning empty subtree at: moq-test-00
relay-1        | V0924 00:50:00.664418     8 MoQForwarder.cpp:614] publishDone pubDone reason=closed locally
relay-1        | V0924 00:50:00.664424     8 MoQForwarder.cpp:310] drainSubscriber from publishDone session=0x7fa5ac07ff40
relay-1        | V0924 00:50:00.664429     8 MoQSession.cpp:6371] sendPublishDone sess=0x7fa5ac07ff40
relay-1        | V0924 00:50:00.664447     8 MoQSession.cpp:6542] publisherDrained id=0 sess=0x7fa5ac07ff40
relay-1        | V0924 00:50:00.664452     8 MoQForwarder.cpp:376] Resetting open subgroups for subscriber=0x7fa5ac05c680
relay-1        | V0924 00:50:00.664456     8 MoQForwarder.cpp:395] subscribers_.size()=0
relay-1        | I0924 00:50:00.664468     8 MoQRelay.cpp:1933] Publisher terminated for moq-test-00/2/0/0/2/6/6/64/32/2/1/1/1/-1/-1/0/moq-test-237fe60404308ec6
relay-1        | V0924 00:50:00.664478     8 MoQSession.cpp:2167] cancel alias=0 requestID=0
relay-1        | V0924 00:50:00.664484     8 MoQSession.cpp:2639] requestCancellation from cleanup sess=0x7fa5ac037b10
relay-1        | V0924 00:50:00.664501     8 MoQSession.cpp:2978] requestCancellation from close sess=0x7fa5ac037b10
relay-1        | V0924 00:50:00.664747     8 MoQSession.cpp:3392] exit controlReadLoop sess=0x7fa5ac037b10
relay-1        | V0924 00:50:00.664790     8 MoQSession.cpp:2987] exit controlWriteLoop sess=0x7fa5ac037b10
relay-1        | E20260924 00:50:00.664801     8 HQControlCodec.h:58] Unexpected control stream EOF
relay-1        | E20260924 00:50:00.664825     8 HQSession.cpp:3160] Got error on control stream error=HTTP: Critical stream was closed streamID=2 sess=proto=h3, UA=, client CID=4f89e1a651c26209, server CID=40000013ab5688ca, downstream=[::ffff:172.18.0.3]:50305, [::]:4443=local, drain=none
relay-1        | E0924 00:50:00.664885     8 MoQServer.h:194] proxygen::HTTPException: Got error=ApplicationError: 260, HTTP error on control stream
relay-1        | V0924 00:50:00.664920     8 MoQSession.cpp:7305] onSessionEnderr=4294967295 sess=0x7fa5ac07ff40
relay-1        | V0924 00:50:00.664925     8 MoQSession.cpp:2961] close sess=0x7fa5ac07ff40
relay-1        | V0924 00:50:00.664932     8 MoQSession.cpp:2639] requestCancellation from cleanup sess=0x7fa5ac07ff40
relay-1        | V0924 00:50:00.664943     8 MoQSession.cpp:2978] requestCancellation from close sess=0x7fa5ac07ff40
relay-1        | V0924 00:50:00.665054     8 MoQSession.cpp:3392] exit controlReadLoop sess=0x7fa5ac07ff40
test-client-1  | [2m2026-09-24T00:50:00.665053Z[0m [32m INFO[0m [2mmoq_native_ietf::quic[0m[2m:[0m UDP socket bound [3mbind[0m[2m=[0m[::]:0 [3mlocal[0m[2m=[0m[::]:45085 [3mdual_stack[0m[2m=[0mtrue
relay-1        | V0924 00:50:00.665097     8 MoQSession.cpp:3392] exit controlReadLoop sess=0x7fa5ac07ff40
relay-1        | V0924 00:50:00.665147     8 MoQSession.cpp:2987] exit controlWriteLoop sess=0x7fa5ac07ff40
test-client-1  | [2m2026-09-24T00:50:00.665120Z[0m [33m WARN[0m [2mweb_transport_quinn::session[0m[2m:[0m failed to read capsule [3me[0m[2m=[0mUnexpectedEnd
relay-1        | V0924 00:50:00.666929     8 MoQServer.cpp:331] MoQServer WebTransport: supported protocols: moqt-18, moqt-16, moqt-15, moq-00
relay-1        | V0924 00:50:00.666944     8 MoQServer.cpp:341] WebTransport: Negotiated protocol: moqt-18
relay-1        | V0924 00:50:00.667035     8 MoQSession.cpp:2685] start sess=0x7fa5ac08ce30
relay-1        | V0924 00:50:00.667094     8 MoQSession.cpp:3029] sendSetup sess=0x7fa5ac08ce30
relay-1        | V0924 00:50:00.667248     8 MoQSession.cpp:2985] controlWriteLoop sess=0x7fa5ac08ce30
relay-1        | V0924 00:50:00.667309     8 MoQSession.cpp:6855] onNewUniStream sess=0x7fa5ac08ce30
relay-1        | V0924 00:50:00.667404     8 MoQSession.cpp:3389] controlReadLoop sess=0x7fa5ac08ce30
relay-1        | V0924 00:50:00.667446     8 MoQSession.cpp:3176] onClientSetup sess=0x7fa5ac08ce30
relay-1        | V0924 00:50:00.667471     8 MoQServerBase.cpp:88] MoQServerBase::ClientSetup
relay-1        | V0924 00:50:00.667500     8 MoQServerBase.cpp:93] MoQServerBase::ClientSetup: Using ALPN-negotiated version: moqt-18
relay-1        | V0924 00:50:00.667524     8 MoQSession.cpp:3254] Negotiated Version=0xff000012 (draft-18)
relay-1        | V0924 00:50:00.667651     8 MoQSession.cpp:6885] onNewBidiStream sess=0x7fa5ac08ce30
relay-1        | V0924 00:50:00.667680     8 MoQSession.cpp:3389] controlReadLoop sess=0x7fa5ac08ce30
relay-1        | V0924 00:50:00.667693     8 MoQSession.cpp:4276] onSubscribeImpl ftn=moq-test-00/3/0/0/2/4/5/64/32/20/1/1/0/-1/-1/0/moq-test-c3f03f46460b21cc sess=0x7fa5ac08ce30
relay-1        | V0924 00:50:00.680835     8 MoQSession.cpp:2577] ~MoQSession sess=0x7fa5ac07ff40
relay-1        | V0924 00:50:00.680884     8 MoQSession.cpp:2577] ~MoQSession sess=0x7fa5ac037b10
test-client-1  | [2m2026-09-24T00:50:00.870007Z[0m [32m INFO[0m [2mmoq_native_ietf::quic[0m[2m:[0m UDP socket bound [3mbind[0m[2m=[0m[::]:0 [3mlocal[0m[2m=[0m[::]:47008 [3mdual_stack[0m[2m=[0mtrue
relay-1        | V0924 00:50:00.872541     8 MoQServer.cpp:331] MoQServer WebTransport: supported protocols: moqt-18, moqt-16, moqt-15, moq-00
relay-1        | V0924 00:50:00.872573     8 MoQServer.cpp:341] WebTransport: Negotiated protocol: moqt-18
relay-1        | V0924 00:50:00.872691     8 MoQSession.cpp:2685] start sess=0x7fa5ac077e10
relay-1        | V0924 00:50:00.872719     8 MoQSession.cpp:3029] sendSetup sess=0x7fa5ac077e10
relay-1        | V0924 00:50:00.872822     8 MoQSession.cpp:2985] controlWriteLoop sess=0x7fa5ac077e10
relay-1        | V0924 00:50:00.872942     8 MoQSession.cpp:6855] onNewUniStream sess=0x7fa5ac077e10
relay-1        | V0924 00:50:00.873046     8 MoQSession.cpp:3389] controlReadLoop sess=0x7fa5ac077e10
relay-1        | V0924 00:50:00.873066     8 MoQSession.cpp:3176] onClientSetup sess=0x7fa5ac077e10
relay-1        | V0924 00:50:00.873070     8 MoQServerBase.cpp:88] MoQServerBase::ClientSetup
relay-1        | V0924 00:50:00.873075     8 MoQServerBase.cpp:93] MoQServerBase::ClientSetup: Using ALPN-negotiated version: moqt-18
relay-1        | V0924 00:50:00.873080     8 MoQSession.cpp:3254] Negotiated Version=0xff000012 (draft-18)
relay-1        | V0924 00:50:00.873202     8 MoQSession.cpp:6885] onNewBidiStream sess=0x7fa5ac077e10
relay-1        | V0924 00:50:00.873272     8 MoQSession.cpp:3389] controlReadLoop sess=0x7fa5ac077e10
relay-1        | V0924 00:50:00.873291     8 MoQSession.cpp:4960] onPublishImpl reqID=0 sess=0x7fa5ac077e10
relay-1        | V0924 00:50:00.873310     8 MoQRelay.cpp:422] publish ftn=moq-test-00/3/0/0/2/4/5/64/32/20/1/1/0/-1/-1/0/moq-test-c3f03f46460b21cc
relay-1        | E0924 00:50:00.873320     8 MoQRelay.cpp:82] prefix not found in tree
relay-1        | V0924 00:50:00.873347     8 MoQSession.cpp:6076] publishOk reqID=0 sess=0x7fa5ac077e10
relay-1        | V0924 00:50:00.873463     8 MoQLocation.h:24] m=AbsoluteStart g=0 o=0
relay-1        | V0924 00:50:00.873501     8 MoQLocation.h:59] g=0 o=0 g=4611686018427387903 o=4611686018427387903
relay-1        | I0924 00:50:00.873515     8 MoQRelay.cpp:1970] Updating forward for moq-test-00/3/0/0/2/4/5/64/32/20/1/1/0/-1/-1/0/moq-test-c3f03f46460b21cc numForwardingSubs=1
relay-1        | V0924 00:50:00.873531     8 MoQSession.cpp:6258] sendSubscribeOk sess=0x7fa5ac08ce30
relay-1        | V0924 00:50:00.873604     8 MoQSession.cpp:6572] requestUpdate sess=0x7fa5ac077e10
test-client-1  | [2m2026-09-24T00:50:00.873696Z[0m [32m INFO[0m [2mmoq_test_client::moqtest[0m[2m:[0m PUBLISH accepted and subscription bound; generating objects [3mobjects[0m[2m=[0m15 [3mstreams[0m[2m=[0m0
relay-1        | V0924 00:50:00.873906     8 MoQSession.cpp:5114] PublishDone id=0 code=2 reason=publish ended
relay-1        | V0924 00:50:00.873921     8 MoQSession.cpp:2212] processPublishDone trackReceiveState=0x7fa5ac0500b0
relay-1        | V0924 00:50:00.873925     8 MoQRelay.cpp:383] onPublishDoneImpl ftn=moq-test-00/3/0/0/2/4/5/64/32/20/1/1/0/-1/-1/0/moq-test-c3f03f46460b21cc
relay-1        | V0924 00:50:00.873931     8 MoQRelay.cpp:303] Pruning empty subtree at: moq-test-00
relay-1        | V0924 00:50:00.873936     8 MoQForwarder.cpp:614] publishDone pubDone reason=publish ended
relay-1        | V0924 00:50:00.873939     8 MoQForwarder.cpp:310] drainSubscriber from publishDone session=0x7fa5ac08ce30
relay-1        | V0924 00:50:00.873941     8 MoQSession.cpp:6371] sendPublishDone sess=0x7fa5ac08ce30
relay-1        | V0924 00:50:00.873974     8 MoQSession.cpp:6542] publisherDrained id=0 sess=0x7fa5ac08ce30
relay-1        | V0924 00:50:00.873984     8 MoQForwarder.cpp:376] Resetting open subgroups for subscriber=0x7fa5ac064170
relay-1        | V0924 00:50:00.873988     8 MoQForwarder.cpp:395] subscribers_.size()=0
relay-1        | I0924 00:50:00.873996     8 MoQRelay.cpp:1933] Publisher terminated for moq-test-00/3/0/0/2/4/5/64/32/20/1/1/0/-1/-1/0/moq-test-c3f03f46460b21cc
relay-1        | V0924 00:50:00.874006     8 MoQSession.cpp:3505] Failing pending request id=1 peer FINed without terminal reply sess=0x7fa5ac077e10
relay-1        | V0924 00:50:00.874012     8 MoQSession.cpp:3392] exit controlReadLoop sess=0x7fa5ac077e10
relay-1        | E0924 00:50:00.874081     8 MoQRelay.cpp:36] requestUpdate failed: peer FINed without terminal reply
relay-1        | V0924 00:50:00.874283     8 MoQSession.cpp:3392] exit controlReadLoop sess=0x7fa5ac08ce30
relay-1        | V0924 00:50:00.874303     8 MoQSession.cpp:3392] exit controlReadLoop sess=0x7fa5ac08ce30
test-client-1  | not ok 14 - moq-test-datagram
test-client-1  |   ---
test-client-1  |   duration_ms: 231
test-client-1  |   message: "failed to write datagram: cancelled"
test-client-1  |   ...
relay-1        | E20260924 00:50:00.895540     8 HQControlCodec.h:58] Unexpected control stream EOF
relay-1        | E20260924 00:50:00.895603     8 HQSession.cpp:3160] Got error on control stream error=HTTP: Critical stream was closed streamID=2 sess=proto=h3, UA=, client CID=7aa2762f6de5458b, server CID=4000001a5008b6ce, downstream=[::ffff:172.18.0.3]:47008, [::]:4443=local, drain=none
relay-1        | E20260924 00:50:00.895659     8 HQControlCodec.h:58] Unexpected control stream EOF
relay-1        | E20260924 00:50:00.895684     8 HQSession.cpp:3160] Got error on control stream error=HTTP: Critical stream was closed streamID=2 sess=proto=h3, UA=, client CID=d50c12843ed7d5ed, server CID=4000001a9e6c0561, downstream=[::ffff:172.18.0.3]:45085, [::]:4443=local, drain=none
relay-1        | E0924 00:50:00.895740     8 MoQServer.h:194] proxygen::HTTPException: Got error=ApplicationError: 260, HTTP error on control stream
relay-1        | V0924 00:50:00.895750     8 MoQSession.cpp:7305] onSessionEnderr=4294967295 sess=0x7fa5ac077e10
relay-1        | V0924 00:50:00.895755     8 MoQSession.cpp:2961] close sess=0x7fa5ac077e10
test-client-1  | [2m2026-09-24T00:50:00.896036Z[0m [33m WARN[0m [2mweb_transport_quinn::session[0m[2m:[0m failed to read capsule [3me[0m[2m=[0mUnexpectedEnd
test-client-1  | [2m2026-09-24T00:50:00.896160Z[0m [33m WARN[0m [2mweb_transport_quinn::session[0m[2m:[0m failed to read capsule [3me[0m[2m=[0mUnexpectedEnd
relay-1        | V0924 00:50:00.895764     8 MoQSession.cpp:2639] requestCancellation from cleanup sess=0x7fa5ac077e10
relay-1        | V0924 00:50:00.895781     8 MoQSession.cpp:2978] requestCancellation from close sess=0x7fa5ac077e10
relay-1        | E0924 00:50:00.895887     8 MoQServer.h:194] proxygen::HTTPException: Got error=ApplicationError: 260, HTTP error on control stream
relay-1        | V0924 00:50:00.895923     8 MoQSession.cpp:7305] onSessionEnderr=4294967295 sess=0x7fa5ac08ce30
relay-1        | V0924 00:50:00.895928     8 MoQSession.cpp:2961] close sess=0x7fa5ac08ce30
relay-1        | V0924 00:50:00.895935     8 MoQSession.cpp:2639] requestCancellation from cleanup sess=0x7fa5ac08ce30
relay-1        | V0924 00:50:00.895946     8 MoQSession.cpp:2978] requestCancellation from close sess=0x7fa5ac08ce30
relay-1        | V0924 00:50:00.896079     8 MoQSession.cpp:3392] exit controlReadLoop sess=0x7fa5ac077e10
relay-1        | V0924 00:50:00.896151     8 MoQSession.cpp:2987] exit controlWriteLoop sess=0x7fa5ac077e10
relay-1        | V0924 00:50:00.896191     8 MoQSession.cpp:2577] ~MoQSession sess=0x7fa5ac077e10
relay-1        | V0924 00:50:00.896234     8 MoQSession.cpp:2987] exit controlWriteLoop sess=0x7fa5ac08ce30
test-client-1  | [2m2026-09-24T00:50:00.896785Z[0m [32m INFO[0m [2mmoq_native_ietf::quic[0m[2m:[0m UDP socket bound [3mbind[0m[2m=[0m[::]:0 [3mlocal[0m[2m=[0m[::]:57370 [3mdual_stack[0m[2m=[0mtrue
relay-1        | V0924 00:50:00.898931     8 MoQServer.cpp:331] MoQServer WebTransport: supported protocols: moqt-18, moqt-16, moqt-15, moq-00
relay-1        | V0924 00:50:00.898948     8 MoQServer.cpp:341] WebTransport: Negotiated protocol: moqt-18
relay-1        | V0924 00:50:00.899048     8 MoQSession.cpp:2685] start sess=0x7fa5ac08d4e0
relay-1        | V0924 00:50:00.899069     8 MoQSession.cpp:3029] sendSetup sess=0x7fa5ac08d4e0
relay-1        | V0924 00:50:00.899167     8 MoQSession.cpp:2985] controlWriteLoop sess=0x7fa5ac08d4e0
relay-1        | V0924 00:50:00.899369     8 MoQSession.cpp:6855] onNewUniStream sess=0x7fa5ac08d4e0
relay-1        | V0924 00:50:00.899400     8 MoQSession.cpp:3389] controlReadLoop sess=0x7fa5ac08d4e0
relay-1        | V0924 00:50:00.899407     8 MoQSession.cpp:3176] onClientSetup sess=0x7fa5ac08d4e0
relay-1        | V0924 00:50:00.899411     8 MoQServerBase.cpp:88] MoQServerBase::ClientSetup
relay-1        | V0924 00:50:00.899415     8 MoQServerBase.cpp:93] MoQServerBase::ClientSetup: Using ALPN-negotiated version: moqt-18
relay-1        | V0924 00:50:00.899420     8 MoQSession.cpp:3254] Negotiated Version=0xff000012 (draft-18)
relay-1        | V0924 00:50:00.899520     8 MoQSession.cpp:6885] onNewBidiStream sess=0x7fa5ac08d4e0
relay-1        | V0924 00:50:00.899555     8 MoQSession.cpp:3389] controlReadLoop sess=0x7fa5ac08d4e0
relay-1        | V0924 00:50:00.899568     8 MoQSession.cpp:4276] onSubscribeImpl ftn=moq-test-00/3/0/0/2/5/5/64/32/20/1/1/1/-1/-1/0/moq-test-adbe76e3be4804d9 sess=0x7fa5ac08d4e0
relay-1        | V0924 00:50:00.912780     8 MoQSession.cpp:2577] ~MoQSession sess=0x7fa5ac08ce30
test-client-1  | [2m2026-09-24T00:50:01.100835Z[0m [32m INFO[0m [2mmoq_native_ietf::quic[0m[2m:[0m UDP socket bound [3mbind[0m[2m=[0m[::]:0 [3mlocal[0m[2m=[0m[::]:35610 [3mdual_stack[0m[2m=[0mtrue
relay-1        | V0924 00:50:01.103180     8 MoQServer.cpp:331] MoQServer WebTransport: supported protocols: moqt-18, moqt-16, moqt-15, moq-00
relay-1        | V0924 00:50:01.103204     8 MoQServer.cpp:341] WebTransport: Negotiated protocol: moqt-18
relay-1        | V0924 00:50:01.103316     8 MoQSession.cpp:2685] start sess=0x7fa5ac05fe30
relay-1        | V0924 00:50:01.103342     8 MoQSession.cpp:3029] sendSetup sess=0x7fa5ac05fe30
relay-1        | V0924 00:50:01.103400     8 MoQSession.cpp:2985] controlWriteLoop sess=0x7fa5ac05fe30
relay-1        | V0924 00:50:01.103847     8 MoQSession.cpp:6855] onNewUniStream sess=0x7fa5ac05fe30
relay-1        | V0924 00:50:01.103884     8 MoQSession.cpp:3389] controlReadLoop sess=0x7fa5ac05fe30
relay-1        | V0924 00:50:01.103894     8 MoQSession.cpp:3176] onClientSetup sess=0x7fa5ac05fe30
relay-1        | V0924 00:50:01.103916     8 MoQServerBase.cpp:88] MoQServerBase::ClientSetup
relay-1        | V0924 00:50:01.103921     8 MoQServerBase.cpp:93] MoQServerBase::ClientSetup: Using ALPN-negotiated version: moqt-18
relay-1        | V0924 00:50:01.103926     8 MoQSession.cpp:3254] Negotiated Version=0xff000012 (draft-18)
relay-1        | V0924 00:50:01.103972     8 MoQSession.cpp:6885] onNewBidiStream sess=0x7fa5ac05fe30
relay-1        | V0924 00:50:01.104014     8 MoQSession.cpp:3389] controlReadLoop sess=0x7fa5ac05fe30
relay-1        | V0924 00:50:01.104036     8 MoQSession.cpp:4960] onPublishImpl reqID=0 sess=0x7fa5ac05fe30
relay-1        | V0924 00:50:01.104053     8 MoQRelay.cpp:422] publish ftn=moq-test-00/3/0/0/2/5/5/64/32/20/1/1/1/-1/-1/0/moq-test-adbe76e3be4804d9
relay-1        | E0924 00:50:01.104065     8 MoQRelay.cpp:82] prefix not found in tree
relay-1        | V0924 00:50:01.104092     8 MoQSession.cpp:6076] publishOk reqID=0 sess=0x7fa5ac05fe30
relay-1        | V0924 00:50:01.104190     8 MoQLocation.h:24] m=AbsoluteStart g=0 o=0
relay-1        | V0924 00:50:01.104204     8 MoQLocation.h:59] g=0 o=0 g=4611686018427387903 o=4611686018427387903
relay-1        | I0924 00:50:01.104211     8 MoQRelay.cpp:1970] Updating forward for moq-test-00/3/0/0/2/5/5/64/32/20/1/1/1/-1/-1/0/moq-test-adbe76e3be4804d9 numForwardingSubs=1
relay-1        | V0924 00:50:01.104222     8 MoQSession.cpp:6258] sendSubscribeOk sess=0x7fa5ac08d4e0
relay-1        | V0924 00:50:01.104299     8 MoQSession.cpp:6572] requestUpdate sess=0x7fa5ac05fe30
test-client-1  | [2m2026-09-24T00:50:01.104421Z[0m [33m WARN[0m [2mmoq_transport::session[0m[2m:[0m unexpected bidi response message type [3mmsg_type[0m[2m=[0m2
test-client-1  | [2m2026-09-24T00:50:01.104438Z[0m [33m WARN[0m [2mmoq_transport::serve::error[0m[2m:[0m [d641c562-94a5-4a57-bca7-7b1ca762b741] Not implemented: bidi response type 0x2 at moq-transport/src/session/error.rs:89
test-client-1  | [2m2026-09-24T00:50:01.104468Z[0m [32m INFO[0m [2mmoq_test_client::moqtest[0m[2m:[0m PUBLISH accepted and subscription bound; generating objects [3mobjects[0m[2m=[0m15 [3mstreams[0m[2m=[0m0
relay-1        | V0924 00:50:01.104575     8 MoQSession.cpp:3505] Failing pending request id=1 peer FINed without terminal reply sess=0x7fa5ac05fe30
relay-1        | V0924 00:50:01.104600     8 MoQSession.cpp:3392] exit controlReadLoop sess=0x7fa5ac05fe30
relay-1        | E0924 00:50:01.104626     8 MoQRelay.cpp:36] requestUpdate failed: peer FINed without terminal reply
test-client-1  | not ok 15 - moq-test-datagram-eog
test-client-1  |   ---
test-client-1  |   duration_ms: 230
test-client-1  |   message: "failed to write datagram: cancelled"
test-client-1  |   ...
test-client-1  | [2m2026-09-24T00:50:01.126757Z[0m [33m WARN[0m [2mweb_transport_quinn::session[0m[2m:[0m failed to read capsule [3me[0m[2m=[0mUnexpectedEnd
relay-1        | V0924 00:50:01.126333     8 MoQSession.cpp:3392] exit controlReadLoop sess=0x7fa5ac05fe30
relay-1        | E20260924 00:50:01.126369     8 HQControlCodec.h:58] Unexpected control stream EOF
relay-1        | E20260924 00:50:01.126441     8 HQSession.cpp:3160] Got error on control stream error=HTTP: Critical stream was closed streamID=2 sess=proto=h3, UA=, client CID=b21b794cf804b313, server CID=4000001f0500b7a6, downstream=[::ffff:172.18.0.3]:35610, [::]:4443=local, drain=none
relay-1        | E0924 00:50:01.126521     8 MoQServer.h:194] proxygen::HTTPException: Got error=ApplicationError: 260, HTTP error on control stream
relay-1        | V0924 00:50:01.126529     8 MoQSession.cpp:7305] onSessionEnderr=4294967295 sess=0x7fa5ac05fe30
relay-1        | V0924 00:50:01.126533     8 MoQSession.cpp:2961] close sess=0x7fa5ac05fe30
relay-1        | V0924 00:50:01.126540     8 MoQSession.cpp:2183] subscribeError trackReceiveState=0x7fa5ac067ab0
relay-1        | V0924 00:50:01.126544     8 MoQSession.cpp:2212] processPublishDone trackReceiveState=0x7fa5ac067ab0
relay-1        | V0924 00:50:01.126550     8 MoQRelay.cpp:383] onPublishDoneImpl ftn=moq-test-00/3/0/0/2/5/5/64/32/20/1/1/1/-1/-1/0/moq-test-adbe76e3be4804d9
relay-1        | V0924 00:50:01.126561     8 MoQRelay.cpp:303] Pruning empty subtree at: moq-test-00
relay-1        | V0924 00:50:01.126571     8 MoQForwarder.cpp:614] publishDone pubDone reason=closed locally
relay-1        | V0924 00:50:01.126576     8 MoQForwarder.cpp:310] drainSubscriber from publishDone session=0x7fa5ac08d4e0
relay-1        | V0924 00:50:01.126580     8 MoQSession.cpp:6371] sendPublishDone sess=0x7fa5ac08d4e0
relay-1        | V0924 00:50:01.126597     8 MoQSession.cpp:6542] publisherDrained id=0 sess=0x7fa5ac08d4e0
relay-1        | V0924 00:50:01.126601     8 MoQForwarder.cpp:376] Resetting open subgroups for subscriber=0x7fa5ac05c680
relay-1        | V0924 00:50:01.126606     8 MoQForwarder.cpp:395] subscribers_.size()=0
relay-1        | I0924 00:50:01.126615     8 MoQRelay.cpp:1933] Publisher terminated for moq-test-00/3/0/0/2/5/5/64/32/20/1/1/1/-1/-1/0/moq-test-adbe76e3be4804d9
relay-1        | V0924 00:50:01.126621     8 MoQSession.cpp:2167] cancel alias=0 requestID=0
relay-1        | V0924 00:50:01.126625     8 MoQSession.cpp:2639] requestCancellation from cleanup sess=0x7fa5ac05fe30
relay-1        | V0924 00:50:01.126636     8 MoQSession.cpp:2978] requestCancellation from close sess=0x7fa5ac05fe30
relay-1        | V0924 00:50:01.126831     8 MoQSession.cpp:2987] exit controlWriteLoop sess=0x7fa5ac05fe30
relay-1        | E20260924 00:50:01.126845     8 HQControlCodec.h:58] Unexpected control stream EOF
relay-1        | E20260924 00:50:01.126876     8 HQSession.cpp:3160] Got error on control stream error=HTTP: Critical stream was closed streamID=2 sess=proto=h3, UA=, client CID=08fc9cf34db00440, server CID=400000060bc58f08, downstream=[::ffff:172.18.0.3]:57370, [::]:4443=local, drain=none
relay-1        | E0924 00:50:01.126946     8 MoQServer.h:194] proxygen::HTTPException: Got error=ApplicationError: 260, HTTP error on control stream
relay-1        | V0924 00:50:01.126978     8 MoQSession.cpp:7305] onSessionEnderr=4294967295 sess=0x7fa5ac08d4e0
relay-1        | V0924 00:50:01.127007     8 MoQSession.cpp:2961] close sess=0x7fa5ac08d4e0
relay-1        | V0924 00:50:01.127038     8 MoQSession.cpp:2639] requestCancellation from cleanup sess=0x7fa5ac08d4e0
relay-1        | V0924 00:50:01.127068     8 MoQSession.cpp:2978] requestCancellation from close sess=0x7fa5ac08d4e0
relay-1        | V0924 00:50:01.127165     8 MoQSession.cpp:3392] exit controlReadLoop sess=0x7fa5ac08d4e0
test-client-1  | [2m2026-09-24T00:50:01.127253Z[0m [33m WARN[0m [2mweb_transport_quinn::session[0m[2m:[0m failed to read capsule [3me[0m[2m=[0mUnexpectedEnd
relay-1        | V0924 00:50:01.127284     8 MoQSession.cpp:3392] exit controlReadLoop sess=0x7fa5ac08d4e0
relay-1        | V0924 00:50:01.127341     8 MoQSession.cpp:2987] exit controlWriteLoop sess=0x7fa5ac08d4e0
test-client-1  | [2m2026-09-24T00:50:01.127700Z[0m [32m INFO[0m [2mmoq_native_ietf::quic[0m[2m:[0m UDP socket bound [3mbind[0m[2m=[0m[::]:0 [3mlocal[0m[2m=[0m[::]:43507 [3mdual_stack[0m[2m=[0mtrue
relay-1        | V0924 00:50:01.129701     8 MoQServer.cpp:331] MoQServer WebTransport: supported protocols: moqt-18, moqt-16, moqt-15, moq-00
relay-1        | V0924 00:50:01.129723     8 MoQServer.cpp:341] WebTransport: Negotiated protocol: moqt-18
relay-1        | V0924 00:50:01.129837     8 MoQSession.cpp:2685] start sess=0x7fa5ac0861e0
relay-1        | V0924 00:50:01.129863     8 MoQSession.cpp:3029] sendSetup sess=0x7fa5ac0861e0
relay-1        | V0924 00:50:01.129949     8 MoQSession.cpp:2985] controlWriteLoop sess=0x7fa5ac0861e0
relay-1        | V0924 00:50:01.130148     8 MoQSession.cpp:6855] onNewUniStream sess=0x7fa5ac0861e0
relay-1        | V0924 00:50:01.130240     8 MoQSession.cpp:3389] controlReadLoop sess=0x7fa5ac0861e0
relay-1        | V0924 00:50:01.130279     8 MoQSession.cpp:3176] onClientSetup sess=0x7fa5ac0861e0
relay-1        | V0924 00:50:01.130303     8 MoQServerBase.cpp:88] MoQServerBase::ClientSetup
relay-1        | V0924 00:50:01.130328     8 MoQServerBase.cpp:93] MoQServerBase::ClientSetup: Using ALPN-negotiated version: moqt-18
relay-1        | V0924 00:50:01.130337     8 MoQSession.cpp:3254] Negotiated Version=0xff000012 (draft-18)
relay-1        | V0924 00:50:01.130472     8 MoQSession.cpp:6885] onNewBidiStream sess=0x7fa5ac0861e0
relay-1        | V0924 00:50:01.130501     8 MoQSession.cpp:3389] controlReadLoop sess=0x7fa5ac0861e0
relay-1        | V0924 00:50:01.130511     8 MoQSession.cpp:4276] onSubscribeImpl ftn=moq-test-00/0/0/0/2/5/5/64/32/2/1/1/1/1/2/0/moq-test-6c3a8f9f49d34357 sess=0x7fa5ac0861e0
relay-1        | V0924 00:50:01.137636     8 MoQSession.cpp:2577] ~MoQSession sess=0x7fa5ac08d4e0
relay-1        | V0924 00:50:01.137671     8 MoQSession.cpp:2577] ~MoQSession sess=0x7fa5ac05fe30
test-client-1  | [2m2026-09-24T00:50:01.332209Z[0m [32m INFO[0m [2mmoq_native_ietf::quic[0m[2m:[0m UDP socket bound [3mbind[0m[2m=[0m[::]:0 [3mlocal[0m[2m=[0m[::]:45805 [3mdual_stack[0m[2m=[0mtrue
relay-1        | V0924 00:50:01.334929     8 MoQServer.cpp:331] MoQServer WebTransport: supported protocols: moqt-18, moqt-16, moqt-15, moq-00
relay-1        | V0924 00:50:01.334953     8 MoQServer.cpp:341] WebTransport: Negotiated protocol: moqt-18
relay-1        | V0924 00:50:01.335058     8 MoQSession.cpp:2685] start sess=0x7fa5ac079310
relay-1        | V0924 00:50:01.335152     8 MoQSession.cpp:3029] sendSetup sess=0x7fa5ac079310
relay-1        | V0924 00:50:01.335271     8 MoQSession.cpp:2985] controlWriteLoop sess=0x7fa5ac079310
relay-1        | V0924 00:50:01.335429     8 MoQSession.cpp:6855] onNewUniStream sess=0x7fa5ac079310
relay-1        | V0924 00:50:01.335465     8 MoQSession.cpp:3389] controlReadLoop sess=0x7fa5ac079310
relay-1        | V0924 00:50:01.335473     8 MoQSession.cpp:3176] onClientSetup sess=0x7fa5ac079310
relay-1        | V0924 00:50:01.335478     8 MoQServerBase.cpp:88] MoQServerBase::ClientSetup
relay-1        | V0924 00:50:01.335482     8 MoQServerBase.cpp:93] MoQServerBase::ClientSetup: Using ALPN-negotiated version: moqt-18
relay-1        | V0924 00:50:01.335488     8 MoQSession.cpp:3254] Negotiated Version=0xff000012 (draft-18)
relay-1        | V0924 00:50:01.335702     8 MoQSession.cpp:6885] onNewBidiStream sess=0x7fa5ac079310
relay-1        | V0924 00:50:01.335741     8 MoQSession.cpp:3389] controlReadLoop sess=0x7fa5ac079310
relay-1        | V0924 00:50:01.335755     8 MoQSession.cpp:4960] onPublishImpl reqID=0 sess=0x7fa5ac079310
relay-1        | V0924 00:50:01.335776     8 MoQRelay.cpp:422] publish ftn=moq-test-00/0/0/0/2/5/5/64/32/2/1/1/1/1/2/0/moq-test-6c3a8f9f49d34357
relay-1        | E0924 00:50:01.335788     8 MoQRelay.cpp:82] prefix not found in tree
relay-1        | V0924 00:50:01.335813     8 MoQSession.cpp:6076] publishOk reqID=0 sess=0x7fa5ac079310
relay-1        | V0924 00:50:01.335976     8 MoQLocation.h:24] m=AbsoluteStart g=0 o=0
relay-1        | V0924 00:50:01.335992     8 MoQLocation.h:59] g=0 o=0 g=4611686018427387903 o=4611686018427387903
relay-1        | I0924 00:50:01.336003     8 MoQRelay.cpp:1970] Updating forward for moq-test-00/0/0/0/2/5/5/64/32/2/1/1/1/1/2/0/moq-test-6c3a8f9f49d34357 numForwardingSubs=1
relay-1        | V0924 00:50:01.336016     8 MoQSession.cpp:6258] sendSubscribeOk sess=0x7fa5ac0861e0
relay-1        | V0924 00:50:01.336182     8 MoQSession.cpp:6572] requestUpdate sess=0x7fa5ac079310
test-client-1  | [2m2026-09-24T00:50:01.336160Z[0m [32m INFO[0m [2mmoq_test_client::moqtest[0m[2m:[0m PUBLISH accepted and subscription bound; generating objects [3mobjects[0m[2m=[0m15 [3mstreams[0m[2m=[0m3
relay-1        | V0924 00:50:01.336419     8 MoQSession.cpp:5114] PublishDone id=0 code=2 reason=publish ended
relay-1        | V0924 00:50:01.336430     8 MoQSession.cpp:2212] processPublishDone trackReceiveState=0x7fa5ac0471e0
relay-1        | V0924 00:50:01.336433     8 MoQRelay.cpp:383] onPublishDoneImpl ftn=moq-test-00/0/0/0/2/5/5/64/32/2/1/1/1/1/2/0/moq-test-6c3a8f9f49d34357
relay-1        | V0924 00:50:01.336438     8 MoQRelay.cpp:303] Pruning empty subtree at: moq-test-00
relay-1        | V0924 00:50:01.336443     8 MoQForwarder.cpp:614] publishDone pubDone reason=publish ended
relay-1        | V0924 00:50:01.336446     8 MoQForwarder.cpp:310] drainSubscriber from publishDone session=0x7fa5ac0861e0
relay-1        | V0924 00:50:01.336455     8 MoQSession.cpp:6371] sendPublishDone sess=0x7fa5ac0861e0
relay-1        | V0924 00:50:01.336466     8 MoQSession.cpp:6542] publisherDrained id=0 sess=0x7fa5ac0861e0
relay-1        | V0924 00:50:01.336470     8 MoQForwarder.cpp:376] Resetting open subgroups for subscriber=0x7fa5ac05c680
relay-1        | V0924 00:50:01.336474     8 MoQForwarder.cpp:395] subscribers_.size()=0
relay-1        | I0924 00:50:01.336482     8 MoQRelay.cpp:1933] Publisher terminated for moq-test-00/0/0/0/2/5/5/64/32/2/1/1/1/1/2/0/moq-test-6c3a8f9f49d34357
relay-1        | V0924 00:50:01.336491     8 MoQSession.cpp:3505] Failing pending request id=1 peer FINed without terminal reply sess=0x7fa5ac079310
relay-1        | V0924 00:50:01.336497     8 MoQSession.cpp:3392] exit controlReadLoop sess=0x7fa5ac079310
relay-1        | E0924 00:50:01.336596     8 MoQRelay.cpp:36] requestUpdate failed: peer FINed without terminal reply
relay-1        | V0924 00:50:01.336759     8 MoQSession.cpp:3392] exit controlReadLoop sess=0x7fa5ac0861e0
relay-1        | V0924 00:50:01.336776     8 MoQSession.cpp:3392] exit controlReadLoop sess=0x7fa5ac0861e0
relay-1        | E20260924 00:50:01.354352     8 HQControlCodec.h:58] Unexpected control stream EOF
relay-1        | E20260924 00:50:01.354444     8 HQSession.cpp:3160] Got error on control stream error=HTTP: Critical stream was closed streamID=2 sess=proto=h3, UA=, client CID=7c78a876a0528628, server CID=4000000bb080e764, downstream=[::ffff:172.18.0.3]:45805, [::]:4443=local, drain=none
relay-1        | E20260924 00:50:01.354499     8 HQControlCodec.h:58] Unexpected control stream EOF
relay-1        | E20260924 00:50:01.354709     8 HQSession.cpp:3160] Got error on control stream error=HTTP: Critical stream was closed streamID=2 sess=proto=h3, UA=, client CID=704fa0e88a7aee62, server CID=400000067cda9b79, downstream=[::ffff:172.18.0.3]:43507, [::]:4443=local, drain=none
relay-1        | E0924 00:50:01.354843     8 MoQServer.h:194] proxygen::HTTPException: Got error=ApplicationError: 260, HTTP error on control stream
relay-1        | V0924 00:50:01.354862     8 MoQSession.cpp:7305] onSessionEnderr=4294967295 sess=0x7fa5ac079310
test-client-1  | not ok 16 - moq-test-extensions
relay-1        | V0924 00:50:01.354866     8 MoQSession.cpp:2961] close sess=0x7fa5ac079310
test-client-1  |   ---
relay-1        | V0924 00:50:01.354875     8 MoQSession.cpp:2639] requestCancellation from cleanup sess=0x7fa5ac079310
test-client-1  |   duration_ms: 227
relay-1        | V0924 00:50:01.354893     8 MoQSession.cpp:2978] requestCancellation from close sess=0x7fa5ac079310
test-client-1  |   message: "failed to create subgroup: cancelled"
test-client-1  |   ...
test-client-1  | [2m2026-09-24T00:50:01.355145Z[0m [33m WARN[0m [2mweb_transport_quinn::session[0m[2m:[0m failed to read capsule [3me[0m[2m=[0mUnexpectedEnd
test-client-1  | [2m2026-09-24T00:50:01.355364Z[0m [33m WARN[0m [2mweb_transport_quinn::session[0m[2m:[0m failed to read capsule [3me[0m[2m=[0mUnexpectedEnd
test-client-1  | [2m2026-09-24T00:50:01.355461Z[0m [32m INFO[0m [2mmoq_native_ietf::quic[0m[2m:[0m UDP socket bound [3mbind[0m[2m=[0m[::]:0 [3mlocal[0m[2m=[0m[::]:54276 [3mdual_stack[0m[2m=[0mtrue
relay-1        | E0924 00:50:01.355028     8 MoQServer.h:194] proxygen::HTTPException: Got error=ApplicationError: 260, HTTP error on control stream
relay-1        | V0924 00:50:01.355177     8 MoQSession.cpp:7305] onSessionEnderr=4294967295 sess=0x7fa5ac0861e0
relay-1        | V0924 00:50:01.355224     8 MoQSession.cpp:2961] close sess=0x7fa5ac0861e0
relay-1        | V0924 00:50:01.355234     8 MoQSession.cpp:2639] requestCancellation from cleanup sess=0x7fa5ac0861e0
relay-1        | V0924 00:50:01.355245     8 MoQSession.cpp:2978] requestCancellation from close sess=0x7fa5ac0861e0
relay-1        | V0924 00:50:01.355465     8 MoQSession.cpp:3392] exit controlReadLoop sess=0x7fa5ac079310
relay-1        | V0924 00:50:01.355509     8 MoQSession.cpp:2987] exit controlWriteLoop sess=0x7fa5ac079310
relay-1        | V0924 00:50:01.355518     8 MoQSession.cpp:2577] ~MoQSession sess=0x7fa5ac079310
relay-1        | V0924 00:50:01.355534     8 MoQSession.cpp:2987] exit controlWriteLoop sess=0x7fa5ac0861e0
relay-1        | V0924 00:50:01.358078     8 MoQServer.cpp:331] MoQServer WebTransport: supported protocols: moqt-18, moqt-16, moqt-15, moq-00
relay-1        | V0924 00:50:01.358095     8 MoQServer.cpp:341] WebTransport: Negotiated protocol: moqt-18
relay-1        | V0924 00:50:01.358196     8 MoQSession.cpp:2685] start sess=0x7fa5ac08d480
relay-1        | V0924 00:50:01.358344     8 MoQSession.cpp:3029] sendSetup sess=0x7fa5ac08d480
relay-1        | V0924 00:50:01.358480     8 MoQSession.cpp:2985] controlWriteLoop sess=0x7fa5ac08d480
relay-1        | V0924 00:50:01.358542     8 MoQSession.cpp:6855] onNewUniStream sess=0x7fa5ac08d480
relay-1        | V0924 00:50:01.358651     8 MoQSession.cpp:3389] controlReadLoop sess=0x7fa5ac08d480
relay-1        | V0924 00:50:01.358686     8 MoQSession.cpp:3176] onClientSetup sess=0x7fa5ac08d480
relay-1        | V0924 00:50:01.358711     8 MoQServerBase.cpp:88] MoQServerBase::ClientSetup
relay-1        | V0924 00:50:01.358738     8 MoQServerBase.cpp:93] MoQServerBase::ClientSetup: Using ALPN-negotiated version: moqt-18
relay-1        | V0924 00:50:01.358761     8 MoQSession.cpp:3254] Negotiated Version=0xff000012 (draft-18)
relay-1        | V0924 00:50:01.359088     8 MoQSession.cpp:6885] onNewBidiStream sess=0x7fa5ac08d480
relay-1        | V0924 00:50:01.359127     8 MoQSession.cpp:3389] controlReadLoop sess=0x7fa5ac08d480
relay-1        | V0924 00:50:01.359143     8 MoQSession.cpp:4276] onSubscribeImpl ftn=moq-test-00/0/10/3/24/7/3/40/24/2/7/2/0/-1/-1/0/moq-test-7aca4f029466268e sess=0x7fa5ac08d480
relay-1        | V0924 00:50:01.365285     8 MoQSession.cpp:2577] ~MoQSession sess=0x7fa5ac0861e0
test-client-1  | [2m2026-09-24T00:50:01.560645Z[0m [32m INFO[0m [2mmoq_native_ietf::quic[0m[2m:[0m UDP socket bound [3mbind[0m[2m=[0m[::]:0 [3mlocal[0m[2m=[0m[::]:54998 [3mdual_stack[0m[2m=[0mtrue
relay-1        | V0924 00:50:01.562998     8 MoQServer.cpp:331] MoQServer WebTransport: supported protocols: moqt-18, moqt-16, moqt-15, moq-00
relay-1        | V0924 00:50:01.563028     8 MoQServer.cpp:341] WebTransport: Negotiated protocol: moqt-18
relay-1        | V0924 00:50:01.563147     8 MoQSession.cpp:2685] start sess=0x7fa5ac037ae0
relay-1        | V0924 00:50:01.563174     8 MoQSession.cpp:3029] sendSetup sess=0x7fa5ac037ae0
relay-1        | V0924 00:50:01.563276     8 MoQSession.cpp:2985] controlWriteLoop sess=0x7fa5ac037ae0
relay-1        | V0924 00:50:01.563383     8 MoQSession.cpp:6855] onNewUniStream sess=0x7fa5ac037ae0
relay-1        | V0924 00:50:01.563479     8 MoQSession.cpp:3389] controlReadLoop sess=0x7fa5ac037ae0
relay-1        | V0924 00:50:01.563527     8 MoQSession.cpp:3176] onClientSetup sess=0x7fa5ac037ae0
relay-1        | V0924 00:50:01.563534     8 MoQServerBase.cpp:88] MoQServerBase::ClientSetup
relay-1        | V0924 00:50:01.563539     8 MoQServerBase.cpp:93] MoQServerBase::ClientSetup: Using ALPN-negotiated version: moqt-18
relay-1        | V0924 00:50:01.563546     8 MoQSession.cpp:3254] Negotiated Version=0xff000012 (draft-18)
relay-1        | V0924 00:50:01.563608     8 MoQSession.cpp:6885] onNewBidiStream sess=0x7fa5ac037ae0
relay-1        | V0924 00:50:01.563641     8 MoQSession.cpp:3389] controlReadLoop sess=0x7fa5ac037ae0
relay-1        | V0924 00:50:01.563654     8 MoQSession.cpp:4960] onPublishImpl reqID=0 sess=0x7fa5ac037ae0
relay-1        | V0924 00:50:01.563671     8 MoQRelay.cpp:422] publish ftn=moq-test-00/0/10/3/24/7/3/40/24/2/7/2/0/-1/-1/0/moq-test-7aca4f029466268e
relay-1        | E0924 00:50:01.563684     8 MoQRelay.cpp:82] prefix not found in tree
relay-1        | V0924 00:50:01.563721     8 MoQSession.cpp:6076] publishOk reqID=0 sess=0x7fa5ac037ae0
relay-1        | V0924 00:50:01.563825     8 MoQLocation.h:24] m=AbsoluteStart g=0 o=0
relay-1        | V0924 00:50:01.563834     8 MoQLocation.h:59] g=0 o=0 g=4611686018427387903 o=4611686018427387903
relay-1        | I0924 00:50:01.563841     8 MoQRelay.cpp:1970] Updating forward for moq-test-00/0/10/3/24/7/3/40/24/2/7/2/0/-1/-1/0/moq-test-7aca4f029466268e numForwardingSubs=1
relay-1        | V0924 00:50:01.563854     8 MoQSession.cpp:6258] sendSubscribeOk sess=0x7fa5ac08d480
relay-1        | V0924 00:50:01.563951     8 MoQSession.cpp:6572] requestUpdate sess=0x7fa5ac037ae0
test-client-1  | [2m2026-09-24T00:50:01.564054Z[0m [32m INFO[0m [2mmoq_test_client::moqtest[0m[2m:[0m PUBLISH accepted and subscription bound; generating objects [3mobjects[0m[2m=[0m9 [3mstreams[0m[2m=[0m3
relay-1        | V0924 00:50:01.564223     8 MoQSession.cpp:5114] PublishDone id=0 code=2 reason=publish ended
relay-1        | V0924 00:50:01.564237     8 MoQSession.cpp:2212] processPublishDone trackReceiveState=0x7fa5ac00a040
relay-1        | V0924 00:50:01.564243     8 MoQRelay.cpp:383] onPublishDoneImpl ftn=moq-test-00/0/10/3/24/7/3/40/24/2/7/2/0/-1/-1/0/moq-test-7aca4f029466268e
relay-1        | V0924 00:50:01.564250     8 MoQRelay.cpp:303] Pruning empty subtree at: moq-test-00
relay-1        | V0924 00:50:01.564257     8 MoQForwarder.cpp:614] publishDone pubDone reason=publish ended
relay-1        | V0924 00:50:01.564262     8 MoQForwarder.cpp:310] drainSubscriber from publishDone session=0x7fa5ac08d480
relay-1        | V0924 00:50:01.564266     8 MoQSession.cpp:6371] sendPublishDone sess=0x7fa5ac08d480
relay-1        | V0924 00:50:01.564282     8 MoQSession.cpp:6542] publisherDrained id=0 sess=0x7fa5ac08d480
relay-1        | V0924 00:50:01.564291     8 MoQForwarder.cpp:376] Resetting open subgroups for subscriber=0x7fa5ac05c680
relay-1        | V0924 00:50:01.564296     8 MoQForwarder.cpp:395] subscribers_.size()=0
relay-1        | I0924 00:50:01.564304     8 MoQRelay.cpp:1933] Publisher terminated for moq-test-00/0/10/3/24/7/3/40/24/2/7/2/0/-1/-1/0/moq-test-7aca4f029466268e
relay-1        | V0924 00:50:01.564313     8 MoQSession.cpp:3505] Failing pending request id=1 peer FINed without terminal reply sess=0x7fa5ac037ae0
relay-1        | V0924 00:50:01.564320     8 MoQSession.cpp:3392] exit controlReadLoop sess=0x7fa5ac037ae0
relay-1        | E0924 00:50:01.564383     8 MoQRelay.cpp:36] requestUpdate failed: peer FINed without terminal reply
relay-1        | V0924 00:50:01.564649     8 MoQSession.cpp:3392] exit controlReadLoop sess=0x7fa5ac08d480
relay-1        | V0924 00:50:01.564669     8 MoQSession.cpp:3392] exit controlReadLoop sess=0x7fa5ac08d480
test-client-1  | not ok 17 - moq-test-increments
test-client-1  |   ---
test-client-1  |   duration_ms: 218
test-client-1  |   message: "failed to create subgroup: cancelled"
test-client-1  |   ...
test-client-1  | [2m2026-09-24T00:50:01.573488Z[0m [33m WARN[0m [2mweb_transport_quinn::session[0m[2m:[0m failed to read capsule [3me[0m[2m=[0mUnexpectedEnd
test-client-1  | [2m2026-09-24T00:50:01.573544Z[0m [33m WARN[0m [2mweb_transport_quinn::session[0m[2m:[0m failed to read capsule [3me[0m[2m=[0mUnexpectedEnd
relay-1        | E20260924 00:50:01.573141     8 HQControlCodec.h:58] Unexpected control stream EOF
relay-1        | E20260924 00:50:01.573208     8 HQSession.cpp:3160] Got error on control stream error=HTTP: Critical stream was closed streamID=2 sess=proto=h3, UA=, client CID=80576026909b66bc, server CID=40000019f27bec1c, downstream=[::ffff:172.18.0.3]:54998, [::]:4443=local, drain=none
relay-1        | E20260924 00:50:01.573262     8 HQControlCodec.h:58] Unexpected control stream EOF
relay-1        | E20260924 00:50:01.573278     8 HQSession.cpp:3160] Got error on control stream error=HTTP: Critical stream was closed streamID=2 sess=proto=h3, UA=, client CID=189d698118033790, server CID=40000007958130e6, downstream=[::ffff:172.18.0.3]:54276, [::]:4443=local, drain=none
relay-1        | E0924 00:50:01.573315     8 MoQServer.h:194] proxygen::HTTPException: Got error=ApplicationError: 260, HTTP error on control stream
relay-1        | V0924 00:50:01.573330     8 MoQSession.cpp:7305] onSessionEnderr=4294967295 sess=0x7fa5ac037ae0
relay-1        | V0924 00:50:01.573335     8 MoQSession.cpp:2961] close sess=0x7fa5ac037ae0
relay-1        | V0924 00:50:01.573344     8 MoQSession.cpp:2639] requestCancellation from cleanup sess=0x7fa5ac037ae0
relay-1        | V0924 00:50:01.573360     8 MoQSession.cpp:2978] requestCancellation from close sess=0x7fa5ac037ae0
relay-1        | E0924 00:50:01.573441     8 MoQServer.h:194] proxygen::HTTPException: Got error=ApplicationError: 260, HTTP error on control stream
relay-1        | V0924 00:50:01.573446     8 MoQSession.cpp:7305] onSessionEnderr=4294967295 sess=0x7fa5ac08d480
relay-1        | V0924 00:50:01.573449     8 MoQSession.cpp:2961] close sess=0x7fa5ac08d480
relay-1        | V0924 00:50:01.573453     8 MoQSession.cpp:2639] requestCancellation from cleanup sess=0x7fa5ac08d480
relay-1        | V0924 00:50:01.573460     8 MoQSession.cpp:2978] requestCancellation from close sess=0x7fa5ac08d480
relay-1        | V0924 00:50:01.573539     8 MoQSession.cpp:3392] exit controlReadLoop sess=0x7fa5ac037ae0
relay-1        | V0924 00:50:01.573576     8 MoQSession.cpp:2987] exit controlWriteLoop sess=0x7fa5ac037ae0
relay-1        | V0924 00:50:01.573586     8 MoQSession.cpp:2577] ~MoQSession sess=0x7fa5ac037ae0
relay-1        | V0924 00:50:01.573604     8 MoQSession.cpp:2987] exit controlWriteLoop sess=0x7fa5ac08d480
test-client-1  | [2m2026-09-24T00:50:01.574146Z[0m [32m INFO[0m [2mmoq_native_ietf::quic[0m[2m:[0m UDP socket bound [3mbind[0m[2m=[0m[::]:0 [3mlocal[0m[2m=[0m[::]:36418 [3mdual_stack[0m[2m=[0mtrue
relay-1        | V0924 00:50:01.576065     8 MoQServer.cpp:331] MoQServer WebTransport: supported protocols: moqt-18, moqt-16, moqt-15, moq-00
relay-1        | V0924 00:50:01.576083     8 MoQServer.cpp:341] WebTransport: Negotiated protocol: moqt-18
relay-1        | V0924 00:50:01.576182     8 MoQSession.cpp:2685] start sess=0x7fa5ac08f620
relay-1        | V0924 00:50:01.576208     8 MoQSession.cpp:3029] sendSetup sess=0x7fa5ac08f620
relay-1        | V0924 00:50:01.576271     8 MoQSession.cpp:2985] controlWriteLoop sess=0x7fa5ac08f620
relay-1        | V0924 00:50:01.576579     8 MoQSession.cpp:6855] onNewUniStream sess=0x7fa5ac08f620
relay-1        | V0924 00:50:01.576609     8 MoQSession.cpp:3389] controlReadLoop sess=0x7fa5ac08f620
relay-1        | V0924 00:50:01.576616     8 MoQSession.cpp:3176] onClientSetup sess=0x7fa5ac08f620
relay-1        | V0924 00:50:01.576623     8 MoQServerBase.cpp:88] MoQServerBase::ClientSetup
relay-1        | V0924 00:50:01.576627     8 MoQServerBase.cpp:93] MoQServerBase::ClientSetup: Using ALPN-negotiated version: moqt-18
relay-1        | V0924 00:50:01.576632     8 MoQSession.cpp:3254] Negotiated Version=0xff000012 (draft-18)
relay-1        | V0924 00:50:01.576749     8 MoQSession.cpp:6885] onNewBidiStream sess=0x7fa5ac08f620
relay-1        | V0924 00:50:01.576788     8 MoQSession.cpp:3389] controlReadLoop sess=0x7fa5ac08f620
relay-1        | V0924 00:50:01.576803     8 MoQSession.cpp:4276] onSubscribeImpl ftn=moq-test-00/0/0/0/1/2/3/64/32/2/1/1/0/-1/-1/0/moq-test-04d4d0ce4e061525 sess=0x7fa5ac08f620
relay-1        | V0924 00:50:01.592027     8 MoQSession.cpp:2577] ~MoQSession sess=0x7fa5ac08d480
test-client-1  | [2m2026-09-24T00:50:01.779339Z[0m [32m INFO[0m [2mmoq_native_ietf::quic[0m[2m:[0m UDP socket bound [3mbind[0m[2m=[0m[::]:0 [3mlocal[0m[2m=[0m[::]:51628 [3mdual_stack[0m[2m=[0mtrue
relay-1        | V0924 00:50:01.782079     8 MoQServer.cpp:331] MoQServer WebTransport: supported protocols: moqt-18, moqt-16, moqt-15, moq-00
relay-1        | V0924 00:50:01.782102     8 MoQServer.cpp:341] WebTransport: Negotiated protocol: moqt-18
relay-1        | V0924 00:50:01.782361     8 MoQSession.cpp:2685] start sess=0x7fa5ac0660c0
relay-1        | V0924 00:50:01.782388     8 MoQSession.cpp:3029] sendSetup sess=0x7fa5ac0660c0
relay-1        | V0924 00:50:01.782468     8 MoQSession.cpp:2985] controlWriteLoop sess=0x7fa5ac0660c0
relay-1        | V0924 00:50:01.782727     8 MoQSession.cpp:6855] onNewUniStream sess=0x7fa5ac0660c0
relay-1        | V0924 00:50:01.782780     8 MoQSession.cpp:3389] controlReadLoop sess=0x7fa5ac0660c0
relay-1        | V0924 00:50:01.782893     8 MoQSession.cpp:3176] onClientSetup sess=0x7fa5ac0660c0
relay-1        | V0924 00:50:01.782933     8 MoQServerBase.cpp:88] MoQServerBase::ClientSetup
relay-1        | V0924 00:50:01.782946     8 MoQServerBase.cpp:93] MoQServerBase::ClientSetup: Using ALPN-negotiated version: moqt-18
relay-1        | V0924 00:50:01.782952     8 MoQSession.cpp:3254] Negotiated Version=0xff000012 (draft-18)
relay-1        | V0924 00:50:01.783035     8 MoQSession.cpp:6885] onNewBidiStream sess=0x7fa5ac0660c0
relay-1        | V0924 00:50:01.783073     8 MoQSession.cpp:3389] controlReadLoop sess=0x7fa5ac0660c0
relay-1        | V0924 00:50:01.783089     8 MoQSession.cpp:4960] onPublishImpl reqID=0 sess=0x7fa5ac0660c0
relay-1        | V0924 00:50:01.783106     8 MoQRelay.cpp:422] publish ftn=moq-test-00/0/0/0/1/2/3/64/32/2/1/1/0/-1/-1/0/moq-test-04d4d0ce4e061525
relay-1        | E0924 00:50:01.783115     8 MoQRelay.cpp:82] prefix not found in tree
relay-1        | V0924 00:50:01.783134     8 MoQSession.cpp:6076] publishOk reqID=0 sess=0x7fa5ac0660c0
relay-1        | V0924 00:50:01.783245     8 MoQLocation.h:24] m=AbsoluteStart g=0 o=0
relay-1        | V0924 00:50:01.783261     8 MoQLocation.h:59] g=0 o=0 g=4611686018427387903 o=4611686018427387903
relay-1        | V0924 00:50:01.783279     8 MoQSession.cpp:6258] sendSubscribeOk sess=0x7fa5ac08f620
test-client-1  | [2m2026-09-24T00:50:01.783457Z[0m [32m INFO[0m [2mmoq_test_client::moqtest[0m[2m:[0m PUBLISH accepted and subscription bound; generating objects [3mobjects[0m[2m=[0m6 [3mstreams[0m[2m=[0m2
relay-1        | V0924 00:50:01.783639     8 MoQSession.cpp:5114] PublishDone id=0 code=2 reason=publish ended
relay-1        | V0924 00:50:01.783655     8 MoQSession.cpp:2212] processPublishDone trackReceiveState=0x7fa5ac08c250
relay-1        | V0924 00:50:01.783660     8 MoQRelay.cpp:383] onPublishDoneImpl ftn=moq-test-00/0/0/0/1/2/3/64/32/2/1/1/0/-1/-1/0/moq-test-04d4d0ce4e061525
relay-1        | V0924 00:50:01.783668     8 MoQRelay.cpp:303] Pruning empty subtree at: moq-test-00
relay-1        | V0924 00:50:01.783676     8 MoQForwarder.cpp:614] publishDone pubDone reason=publish ended
relay-1        | V0924 00:50:01.783681     8 MoQForwarder.cpp:310] drainSubscriber from publishDone session=0x7fa5ac08f620
relay-1        | V0924 00:50:01.783685     8 MoQSession.cpp:6371] sendPublishDone sess=0x7fa5ac08f620
relay-1        | V0924 00:50:01.783697     8 MoQSession.cpp:6542] publisherDrained id=0 sess=0x7fa5ac08f620
relay-1        | V0924 00:50:01.783706     8 MoQForwarder.cpp:376] Resetting open subgroups for subscriber=0x7fa5ac05d900
relay-1        | V0924 00:50:01.783711     8 MoQForwarder.cpp:395] subscribers_.size()=0
relay-1        | I0924 00:50:01.783718     8 MoQRelay.cpp:1933] Publisher terminated for moq-test-00/0/0/0/1/2/3/64/32/2/1/1/0/-1/-1/0/moq-test-04d4d0ce4e061525
relay-1        | V0924 00:50:01.783730     8 MoQSession.cpp:3392] exit controlReadLoop sess=0x7fa5ac0660c0
relay-1        | V0924 00:50:01.784039     8 MoQSession.cpp:3392] exit controlReadLoop sess=0x7fa5ac08f620
relay-1        | V0924 00:50:01.784054     8 MoQSession.cpp:3392] exit controlReadLoop sess=0x7fa5ac08f620
test-client-1  | not ok 18 - moq-test-forward-zero
test-client-1  |   ---
test-client-1  |   duration_ms: 220
test-client-1  |   message: "failed to create subgroup: cancelled"
test-client-1  |   ...
relay-1        | E20260924 00:50:01.793499     8 HQControlCodec.h:58] Unexpected control stream EOF
relay-1        | E20260924 00:50:01.793576     8 HQSession.cpp:3160] Got error on control stream error=HTTP: Critical stream was closed streamID=2 sess=proto=h3, UA=, client CID=bd6c86c11a30c3d5, server CID=40000009fecaaf30, downstream=[::ffff:172.18.0.3]:51628, [::]:4443=local, drain=none
relay-1        | E20260924 00:50:01.793632     8 HQControlCodec.h:58] Unexpected control stream EOF
relay-1        | E20260924 00:50:01.793656     8 HQSession.cpp:3160] Got error on control stream error=HTTP: Critical stream was closed streamID=2 sess=proto=h3, UA=, client CID=d195afd409d07c1a, server CID=40000016946a5ab6, downstream=[::ffff:172.18.0.3]:36418, [::]:4443=local, drain=none
relay-1        | E0924 00:50:01.793708     8 MoQServer.h:194] proxygen::HTTPException: Got error=ApplicationError: 260, HTTP error on control stream
relay-1        | V0924 00:50:01.793721     8 MoQSession.cpp:7305] onSessionEnderr=4294967295 sess=0x7fa5ac0660c0
relay-1        | V0924 00:50:01.793724     8 MoQSession.cpp:2961] close sess=0x7fa5ac0660c0
relay-1        | V0924 00:50:01.793733     8 MoQSession.cpp:2639] requestCancellation from cleanup sess=0x7fa5ac0660c0
relay-1        | V0924 00:50:01.793749     8 MoQSession.cpp:2978] requestCancellation from close sess=0x7fa5ac0660c0
relay-1        | E0924 00:50:01.793845     8 MoQServer.h:194] proxygen::HTTPException: Got error=ApplicationError: 260, HTTP error on control stream
relay-1        | V0924 00:50:01.793862     8 MoQSession.cpp:7305] onSessionEnderr=4294967295 sess=0x7fa5ac08f620
relay-1        | V0924 00:50:01.793866     8 MoQSession.cpp:2961] close sess=0x7fa5ac08f620
relay-1        | V0924 00:50:01.793873     8 MoQSession.cpp:2639] requestCancellation from cleanup sess=0x7fa5ac08f620
relay-1        | V0924 00:50:01.793906     8 MoQSession.cpp:2978] requestCancellation from close sess=0x7fa5ac08f620
relay-1        | V0924 00:50:01.793974     8 MoQSession.cpp:3392] exit controlReadLoop sess=0x7fa5ac0660c0
relay-1        | V0924 00:50:01.794007     8 MoQSession.cpp:2987] exit controlWriteLoop sess=0x7fa5ac0660c0
relay-1        | V0924 00:50:01.794016     8 MoQSession.cpp:2987] exit controlWriteLoop sess=0x7fa5ac08f620
relay-1        | V0924 00:50:01.794020     8 MoQSession.cpp:2577] ~MoQSession sess=0x7fa5ac08f620
relay-1        | V0924 00:50:01.810315     8 MoQSession.cpp:2577] ~MoQSession sess=0x7fa5ac0660c0
[Ktest-client-1 exited with code 1
Aborting on container exit...
 Container main-test-client-1  Stopping
 Container main-test-client-1  Stopped
 Container main-relay-1  Stopping
 Container main-relay-1  Stopped

make[1]: *** [Makefile:86: test] Error 1
make[1]: Leaving directory '/home/runner/work/moq-interop-runner/moq-interop-runner/main'
