make[1]: Entering directory '/home/runner/work/moq-interop-runner/moq-interop-runner/main'
rm -rf mlog/
mkdir -p mlog/relay mlog/client
Running interop tests...
  Relay:  moxygen-interop:latest
  Client: ghcr.io/englishm/moq-interop-runner-moq-test-client-draft-18:latest
  URL:    https://relay:4443
time="2026-10-08T00:52:51Z" level=warning msg="The \"PORT\" variable is not set. Defaulting to a blank string."
time="2026-10-08T00:52:51Z" level=warning msg="The \"PORT\" variable is not set. Defaulting to a blank string."
time="2026-10-08T00:52:51Z" level=warning msg="The \"PORT\" variable is not set. Defaulting to a blank string."
time="2026-10-08T00:52:51Z" level=warning msg="The \"HEX\" variable is not set. Defaulting to a blank string."
time="2026-10-08T00:52:51Z" level=warning msg="The \"HEX\" variable is not set. Defaulting to a blank string."
 Container main-relay-1  Recreate
 Container main-relay-1  Recreated
Attaching to relay-1, test-client-1
relay-1        | V1008 00:52:51.989493     7 MoQServer.cpp:121] MoQServer: Registering ALPN handlers: moqt-18, moqt-16, moqt-15, moq-00
relay-1        | W1008 00:52:51.990438     7 MoQServer.cpp:172] UDP send buffer for fd 15 is 425984 bytes (expected 2097152)
test-client-1  | TAP version 14
test-client-1  | # moq-test-client v0.1.12
test-client-1  | # Relay: https://relay:4443/
test-client-1  | 1..18
test-client-1  | [2m2026-10-08T00:52:57.582665Z[0m [32m INFO[0m [2mmoq_native_ietf::quic[0m[2m:[0m UDP socket bound [3mbind[0m[2m=[0m[::]:0 [3mlocal[0m[2m=[0m[::]:45449 [3mdual_stack[0m[2m=[0mtrue
relay-1        | V1008 00:52:57.586262     8 MoQServer.cpp:334] MoQServer WebTransport: supported protocols: moqt-18, moqt-16, moqt-15, moq-00
relay-1        | V1008 00:52:57.586291     8 MoQServer.cpp:344] WebTransport: Negotiated protocol: moqt-18
relay-1        | V1008 00:52:57.586479     8 MoQSession.cpp:2739] start sess=0x7f5aa8054c80
relay-1        | V1008 00:52:57.586505     8 MoQSession.cpp:3083] sendSetup sess=0x7f5aa8054c80
relay-1        | V1008 00:52:57.586624     8 MoQSession.cpp:3039] controlWriteLoop sess=0x7f5aa8054c80
relay-1        | V1008 00:52:57.586729     8 MoQSession.cpp:7053] onNewUniStream sess=0x7f5aa8054c80
test-client-1  | [2m2026-10-08T00:52:57.586762Z[0m [32m INFO[0m [2mmoq_test_client::scenarios[0m[2m:[0m SETUP exchange completed successfully
test-client-1  | ok 1 - setup-only
test-client-1  |   ---
test-client-1  |   duration_ms: 4
test-client-1  |   connection_id: ddb68c4a1679e81af00c9422c5862fcb
test-client-1  |   ...
relay-1        | E20261008 00:52:57.586959     8 HQControlCodec.h:58] Unexpected control stream EOF
relay-1        | E20261008 00:52:57.587131     8 HQSession.cpp:3175] Got error on control stream error=HTTP: Critical stream was closed streamID=2 sess=proto=h3, UA=, client CID=3d656ea0dec91e40, server CID=40000009337d3861, downstream=[::ffff:172.18.0.3]:45449, [::]:4443=local, drain=none
relay-1        | E1008 00:52:57.587223     8 MoQServer.h:234] proxygen::HTTPException: Got error=ApplicationError: 260, HTTP error on control stream
relay-1        | V1008 00:52:57.587236     8 MoQSession.cpp:7502] onSessionEnderr=4294967295 sess=0x7f5aa8054c80
relay-1        | V1008 00:52:57.587240     8 MoQSession.cpp:3015] close sess=0x7f5aa8054c80
relay-1        | V1008 00:52:57.587269     8 MoQSession.cpp:2659] requestCancellation from cleanup sess=0x7f5aa8054c80
relay-1        | V1008 00:52:57.587303     8 MoQSession.cpp:3032] requestCancellation from close sess=0x7f5aa8054c80
relay-1        | V1008 00:52:57.587382     8 MoQSession.cpp:3451] controlReadLoop sess=0x7f5aa8054c80
relay-1        | V1008 00:52:57.587464     8 MoQSession.cpp:3041] exit controlWriteLoop sess=0x7f5aa8054c80
relay-1        | V1008 00:52:57.587472     8 MoQSession.cpp:2604] ~MoQSession sess=0x7f5aa8054c80
test-client-1  | [2m2026-10-08T00:52:57.587608Z[0m [32m INFO[0m [2mmoq_native_ietf::quic[0m[2m:[0m UDP socket bound [3mbind[0m[2m=[0m[::]:0 [3mlocal[0m[2m=[0m[::]:52839 [3mdual_stack[0m[2m=[0mtrue
test-client-1  | [2m2026-10-08T00:52:57.587620Z[0m [33m WARN[0m [2mweb_transport_quinn::session[0m[2m:[0m failed to read capsule [3me[0m[2m=[0mUnexpectedEnd
relay-1        | V1008 00:52:57.589388     8 MoQServer.cpp:334] MoQServer WebTransport: supported protocols: moqt-18, moqt-16, moqt-15, moq-00
relay-1        | V1008 00:52:57.589406     8 MoQServer.cpp:344] WebTransport: Negotiated protocol: moqt-18
relay-1        | V1008 00:52:57.589493     8 MoQSession.cpp:2739] start sess=0x7f5aa8069d20
relay-1        | V1008 00:52:57.589509     8 MoQSession.cpp:3083] sendSetup sess=0x7f5aa8069d20
relay-1        | V1008 00:52:57.589529     8 MoQSession.cpp:3039] controlWriteLoop sess=0x7f5aa8069d20
test-client-1  | [2m2026-10-08T00:52:57.589784Z[0m [32m INFO[0m [2mmoq_test_client::scenarios[0m[2m:[0m Sending PUBLISH_NAMESPACE for: moq-test/interop
relay-1        | V1008 00:52:57.589791     8 MoQSession.cpp:7053] onNewUniStream sess=0x7f5aa8069d20
relay-1        | V1008 00:52:57.589815     8 MoQSession.cpp:3451] controlReadLoop sess=0x7f5aa8069d20
relay-1        | V1008 00:52:57.589854     8 MoQSession.cpp:3235] onClientSetup sess=0x7f5aa8069d20
relay-1        | V1008 00:52:57.589864     8 MoQServerBase.cpp:88] MoQServerBase::ClientSetup
relay-1        | V1008 00:52:57.589867     8 MoQServerBase.cpp:93] MoQServerBase::ClientSetup: Using ALPN-negotiated version: moqt-18
relay-1        | V1008 00:52:57.589872     8 MoQSession.cpp:3313] Negotiated Version=0xff000012 (draft-18)
relay-1        | V1008 00:52:57.589898     8 MoQSession.cpp:7083] onNewBidiStream sess=0x7f5aa8069d20
relay-1        | V1008 00:52:57.589919     8 MoQSession.cpp:3451] controlReadLoop sess=0x7f5aa8069d20
relay-1        | V1008 00:52:57.589935     8 MoQRelaySession.cpp:1183] onPublishNamespaceImpl ns=moq-test/interop sess=0x7f5aa8069d20
relay-1        | V1008 00:52:57.589955     8 MoQRelay.cpp:134] publishNamespace ns=moq-test/interop
relay-1        | V1008 00:52:57.589966     8 MoQRelaySession.cpp:1282] publishNamespaceOk reqID=0 sess=0x7f5aa8069d20
test-client-1  | [2m2026-10-08T00:52:59.591735Z[0m [32m INFO[0m [2mmoq_test_client::scenarios[0m[2m:[0m PUBLISH_NAMESPACE succeeded (REQUEST_OK received, waiting for subscribers)
test-client-1  | ok 2 - publish-namespace-only
test-client-1  |   ---
test-client-1  |   duration_ms: 2004
test-client-1  |   connection_id: 1d13d6f68aa1f28742720ebbc1c9759f
test-client-1  |   ...
test-client-1  | [2m2026-10-08T00:52:59.592271Z[0m [33m WARN[0m [2mweb_transport_quinn::session[0m[2m:[0m failed to read capsule [3me[0m[2m=[0mUnexpectedEnd
relay-1        | E20261008 00:52:59.591890     8 HQControlCodec.h:58] Unexpected control stream EOF
relay-1        | E20261008 00:52:59.591967     8 HQSession.cpp:3175] Got error on control stream error=HTTP: Critical stream was closed streamID=2 sess=proto=h3, UA=, client CID=86b71f8a3e494329, server CID=4000000e888bd931, downstream=[::ffff:172.18.0.3]:52839, [::]:4443=local, drain=none
relay-1        | E1008 00:52:59.592047     8 MoQServer.h:234] proxygen::HTTPException: Got error=ApplicationError: 260, HTTP error on control stream
relay-1        | V1008 00:52:59.592062     8 MoQSession.cpp:7502] onSessionEnderr=4294967295 sess=0x7f5aa8069d20
relay-1        | V1008 00:52:59.592066     8 MoQSession.cpp:3015] close sess=0x7f5aa8069d20
relay-1        | V1008 00:52:59.592076     8 MoQRelay.cpp:310] publishNamespaceDone ns=moq-test/interop
relay-1        | V1008 00:52:59.592083     8 MoQRelay.cpp:303] Pruning empty subtree at: moq-test
relay-1        | V1008 00:52:59.592091     8 MoQSession.cpp:2659] requestCancellation from cleanup sess=0x7f5aa8069d20
relay-1        | V1008 00:52:59.592111     8 BidiStreamControl.cpp:37] STOP_SENDING received on bidi stream id=4 code=386759528
relay-1        | V1008 00:52:59.592120     8 MoQSession.cpp:3032] requestCancellation from close sess=0x7f5aa8069d20
relay-1        | V1008 00:52:59.592253     8 MoQSession.cpp:3456] exit controlReadLoop sess=0x7f5aa8069d20
relay-1        | V1008 00:52:59.592264     8 MoQSession.cpp:3456] exit controlReadLoop sess=0x7f5aa8069d20
relay-1        | V1008 00:52:59.592299     8 MoQSession.cpp:3041] exit controlWriteLoop sess=0x7f5aa8069d20
test-client-1  | [2m2026-10-08T00:52:59.592685Z[0m [32m INFO[0m [2mmoq_native_ietf::quic[0m[2m:[0m UDP socket bound [3mbind[0m[2m=[0m[::]:0 [3mlocal[0m[2m=[0m[::]:57876 [3mdual_stack[0m[2m=[0mtrue
relay-1        | V1008 00:52:59.594661     8 MoQServer.cpp:334] MoQServer WebTransport: supported protocols: moqt-18, moqt-16, moqt-15, moq-00
relay-1        | V1008 00:52:59.594685     8 MoQServer.cpp:344] WebTransport: Negotiated protocol: moqt-18
relay-1        | V1008 00:52:59.594801     8 MoQSession.cpp:2739] start sess=0x7f5aa806ee70
relay-1        | V1008 00:52:59.594937     8 MoQSession.cpp:3083] sendSetup sess=0x7f5aa806ee70
relay-1        | V1008 00:52:59.595028     8 MoQSession.cpp:3039] controlWriteLoop sess=0x7f5aa806ee70
test-client-1  | [2m2026-10-08T00:52:59.595225Z[0m [32m INFO[0m [2mmoq_test_client::scenarios[0m[2m:[0m Subscribing to non-existent track: nonexistent/namespace/test-track
relay-1        | V1008 00:52:59.595316     8 MoQSession.cpp:7053] onNewUniStream sess=0x7f5aa806ee70
relay-1        | V1008 00:52:59.595377     8 MoQSession.cpp:3451] controlReadLoop sess=0x7f5aa806ee70
relay-1        | V1008 00:52:59.595384     8 MoQSession.cpp:3235] onClientSetup sess=0x7f5aa806ee70
relay-1        | V1008 00:52:59.595391     8 MoQServerBase.cpp:88] MoQServerBase::ClientSetup
relay-1        | V1008 00:52:59.595397     8 MoQServerBase.cpp:93] MoQServerBase::ClientSetup: Using ALPN-negotiated version: moqt-18
relay-1        | V1008 00:52:59.595403     8 MoQSession.cpp:3313] Negotiated Version=0xff000012 (draft-18)
relay-1        | V1008 00:52:59.595416     8 MoQSession.cpp:7083] onNewBidiStream sess=0x7f5aa806ee70
relay-1        | V1008 00:52:59.595439     8 MoQSession.cpp:3451] controlReadLoop sess=0x7f5aa806ee70
relay-1        | V1008 00:52:59.595450     8 MoQSession.cpp:4413] onSubscribeImpl ftn=nonexistent/namespace/test-track sess=0x7f5aa806ee70
relay-1        | V1008 00:52:59.595489     8 MoQSession.cpp:4556] Application subscribe error err=no such namespace or track
relay-1        | V1008 00:52:59.595493     8 MoQSession.cpp:6427] subscribeError sess=0x7f5aa806ee70
relay-1        | V1008 00:52:59.595507     8 MoQSession.cpp:6697] publisherDrained id=0 sess=0x7f5aa806ee70
test-client-1  | [2m2026-10-08T00:52:59.595695Z[0m [33m WARN[0m [2mmoq_transport::serve::error[0m[2m:[0m [31fa4b94-bb67-4e86-bc8e-e4f67993821a] Not found: no such namespace or track at moq-transport/src/session/subscriber.rs:1653
test-client-1  | ok 3 - subscribe-error
test-client-1  |   ---
test-client-1  |   duration_ms: 3
test-client-1  |   connection_id: cbaba51ca2298f9f0499fda0c011b11e
test-client-1  |   ...
test-client-1  | [2m2026-10-08T00:52:59.595759Z[0m [32m INFO[0m [2mmoq_test_client::scenarios[0m[2m:[0m Got expected 'not found' error: not found: Track not found [error:31fa4b94-bb67-4e86-bc8e-e4f67993821a]
relay-1        | E20261008 00:52:59.595890     8 HQControlCodec.h:58] Unexpected control stream EOF
relay-1        | E20261008 00:52:59.595935     8 HQSession.cpp:3175] Got error on control stream error=HTTP: Critical stream was closed streamID=2 sess=proto=h3, UA=, client CID=b8bc6f509a440dd0, server CID=40000003387dc0e5, downstream=[::ffff:172.18.0.3]:57876, [::]:4443=local, drain=none
relay-1        | E1008 00:52:59.595982     8 MoQServer.h:234] proxygen::HTTPException: Got error=ApplicationError: 260, HTTP error on control stream
relay-1        | V1008 00:52:59.595993     8 MoQSession.cpp:7502] onSessionEnderr=4294967295 sess=0x7f5aa806ee70
relay-1        | V1008 00:52:59.595996     8 MoQSession.cpp:3015] close sess=0x7f5aa806ee70
relay-1        | V1008 00:52:59.596003     8 MoQSession.cpp:2659] requestCancellation from cleanup sess=0x7f5aa806ee70
relay-1        | V1008 00:52:59.596015     8 MoQSession.cpp:3032] requestCancellation from close sess=0x7f5aa806ee70
relay-1        | V1008 00:52:59.596089     8 MoQSession.cpp:3456] exit controlReadLoop sess=0x7f5aa806ee70
relay-1        | V1008 00:52:59.596100     8 MoQSession.cpp:3456] exit controlReadLoop sess=0x7f5aa806ee70
relay-1        | V1008 00:52:59.596127     8 MoQSession.cpp:3041] exit controlWriteLoop sess=0x7f5aa806ee70
test-client-1  | [2m2026-10-08T00:52:59.596193Z[0m [33m WARN[0m [2mweb_transport_quinn::session[0m[2m:[0m failed to read capsule [3me[0m[2m=[0mUnexpectedEnd
test-client-1  | [2m2026-10-08T00:52:59.596591Z[0m [32m INFO[0m [2mmoq_native_ietf::quic[0m[2m:[0m UDP socket bound [3mbind[0m[2m=[0m[::]:0 [3mlocal[0m[2m=[0m[::]:54757 [3mdual_stack[0m[2m=[0mtrue
relay-1        | V1008 00:52:59.598121     8 MoQServer.cpp:334] MoQServer WebTransport: supported protocols: moqt-18, moqt-16, moqt-15, moq-00
relay-1        | V1008 00:52:59.598138     8 MoQServer.cpp:344] WebTransport: Negotiated protocol: moqt-18
relay-1        | V1008 00:52:59.598213     8 MoQSession.cpp:2739] start sess=0x7f5aa807b540
relay-1        | V1008 00:52:59.598230     8 MoQSession.cpp:3083] sendSetup sess=0x7f5aa807b540
relay-1        | V1008 00:52:59.598257     8 MoQSession.cpp:3039] controlWriteLoop sess=0x7f5aa807b540
relay-1        | V1008 00:52:59.598432     8 MoQSession.cpp:7053] onNewUniStream sess=0x7f5aa807b540
relay-1        | V1008 00:52:59.598450     8 MoQSession.cpp:3451] controlReadLoop sess=0x7f5aa807b540
relay-1        | V1008 00:52:59.598457     8 MoQSession.cpp:3235] onClientSetup sess=0x7f5aa807b540
relay-1        | V1008 00:52:59.598460     8 MoQServerBase.cpp:88] MoQServerBase::ClientSetup
relay-1        | V1008 00:52:59.598463     8 MoQServerBase.cpp:93] MoQServerBase::ClientSetup: Using ALPN-negotiated version: moqt-18
relay-1        | V1008 00:52:59.598467     8 MoQSession.cpp:3313] Negotiated Version=0xff000012 (draft-18)
test-client-1  | [2m2026-10-08T00:52:59.599110Z[0m [32m INFO[0m [2mmoq_native_ietf::quic[0m[2m:[0m UDP socket bound [3mbind[0m[2m=[0m[::]:0 [3mlocal[0m[2m=[0m[::]:54977 [3mdual_stack[0m[2m=[0mtrue
relay-1        | V1008 00:52:59.600604     8 MoQServer.cpp:334] MoQServer WebTransport: supported protocols: moqt-18, moqt-16, moqt-15, moq-00
relay-1        | V1008 00:52:59.600621     8 MoQServer.cpp:344] WebTransport: Negotiated protocol: moqt-18
relay-1        | V1008 00:52:59.600729     8 MoQSession.cpp:2739] start sess=0x7f5aa808e0b0
relay-1        | V1008 00:52:59.600746     8 MoQSession.cpp:3083] sendSetup sess=0x7f5aa808e0b0
relay-1        | V1008 00:52:59.600777     8 MoQSession.cpp:3039] controlWriteLoop sess=0x7f5aa808e0b0
test-client-1  | [2m2026-10-08T00:52:59.601036Z[0m [32m INFO[0m [2mmoq_test_client::scenarios[0m[2m:[0m Publisher sending PUBLISH_NAMESPACE: moq-test/interop
test-client-1  | [2m2026-10-08T00:52:59.601051Z[0m [32m INFO[0m [2mmoq_test_client::scenarios[0m[2m:[0m Subscriber subscribing to track: moq-test/interop/test-track
relay-1        | V1008 00:52:59.601089     8 MoQSession.cpp:7053] onNewUniStream sess=0x7f5aa808e0b0
relay-1        | V1008 00:52:59.601153     8 MoQSession.cpp:7083] onNewBidiStream sess=0x7f5aa807b540
relay-1        | V1008 00:52:59.601161     8 MoQSession.cpp:7083] onNewBidiStream sess=0x7f5aa808e0b0
relay-1        | V1008 00:52:59.601169     8 MoQSession.cpp:3451] controlReadLoop sess=0x7f5aa808e0b0
relay-1        | V1008 00:52:59.601173     8 MoQSession.cpp:3235] onClientSetup sess=0x7f5aa808e0b0
relay-1        | V1008 00:52:59.601176     8 MoQServerBase.cpp:88] MoQServerBase::ClientSetup
relay-1        | V1008 00:52:59.601178     8 MoQServerBase.cpp:93] MoQServerBase::ClientSetup: Using ALPN-negotiated version: moqt-18
relay-1        | V1008 00:52:59.601183     8 MoQSession.cpp:3313] Negotiated Version=0xff000012 (draft-18)
relay-1        | V1008 00:52:59.601200     8 MoQSession.cpp:3451] controlReadLoop sess=0x7f5aa807b540
relay-1        | V1008 00:52:59.601207     8 MoQRelaySession.cpp:1183] onPublishNamespaceImpl ns=moq-test/interop sess=0x7f5aa807b540
relay-1        | V1008 00:52:59.601235     8 MoQRelay.cpp:134] publishNamespace ns=moq-test/interop
relay-1        | V1008 00:52:59.601245     8 MoQRelaySession.cpp:1282] publishNamespaceOk reqID=0 sess=0x7f5aa807b540
relay-1        | V1008 00:52:59.601340     8 MoQSession.cpp:3451] controlReadLoop sess=0x7f5aa808e0b0
relay-1        | V1008 00:52:59.601352     8 MoQSession.cpp:4413] onSubscribeImpl ftn=moq-test/interop/test-track sess=0x7f5aa808e0b0
relay-1        | V1008 00:52:59.601387     8 MoQLocation.h:24] m=AbsoluteStart g=0 o=0
relay-1        | V1008 00:52:59.601397     8 MoQLocation.h:59] g=0 o=0 g=4611686018427387903 o=4611686018427387903
relay-1        | V1008 00:52:59.601421     8 MoQSession.cpp:6281] subscribe sess=0x7f5aa807b540
relay-1        | V1008 00:52:59.601495     8 MoQSession.cpp:3451] controlReadLoop sess=0x7f5aa807b540
relay-1        | V1008 00:52:59.601779     8 MoQSession.cpp:4898] onSubscribeOk id=1 sess=0x7f5aa807b540
relay-1        | V1008 00:52:59.601799     8 MoQSession.cpp:6389] Subscribe ready trackReceiveState=0x7f5aa8094d90 requestID=1
relay-1        | V1008 00:52:59.601813     8 MoQSession.cpp:6409] sendSubscribeOk sess=0x7f5aa808e0b0
relay-1        | V1008 00:52:59.603008     8 MoQSession.cpp:2604] ~MoQSession sess=0x7f5aa8069d20
relay-1        | V1008 00:52:59.613111     8 MoQSession.cpp:2604] ~MoQSession sess=0x7f5aa806ee70
test-client-1  | [2m2026-10-08T00:53:02.602167Z[0m [32m INFO[0m [2mmoq_test_client::scenarios[0m[2m:[0m Test timeout reached - subscription routing may still be in progress
test-client-1  | ok 4 - publish-namespace-subscribe
test-client-1  |   ---
test-client-1  |   duration_ms: 3006
test-client-1  |   publisher_connection_id: 7a16f3676bb2a2e617e9647e2cf80e66
test-client-1  |   subscriber_connection_id: df9b7252f9a6cc5230a5efb1722324bc
test-client-1  |   ...
relay-1        | E20261008 00:53:02.602339     8 HQControlCodec.h:58] Unexpected control stream EOF
relay-1        | E20261008 00:53:02.602409     8 HQSession.cpp:3175] Got error on control stream error=HTTP: Critical stream was closed streamID=2 sess=proto=h3, UA=, client CID=bee95d388bfcff81, server CID=400000118149b468, downstream=[::ffff:172.18.0.3]:54757, [::]:4443=local, drain=none
relay-1        | E20261008 00:53:02.602453     8 HQControlCodec.h:58] Unexpected control stream EOF
relay-1        | E20261008 00:53:02.602461     8 HQSession.cpp:3175] Got error on control stream error=HTTP: Critical stream was closed streamID=2 sess=proto=h3, UA=, client CID=b76810353b390b11, server CID=400000007954d9fb, downstream=[::ffff:172.18.0.3]:54977, [::]:4443=local, drain=none
relay-1        | E1008 00:53:02.602510     8 MoQServer.h:234] proxygen::HTTPException: Got error=ApplicationError: 260, HTTP error on control stream
relay-1        | V1008 00:53:02.602525     8 MoQSession.cpp:7502] onSessionEnderr=4294967295 sess=0x7f5aa807b540
relay-1        | V1008 00:53:02.602528     8 MoQSession.cpp:3015] close sess=0x7f5aa807b540
relay-1        | V1008 00:53:02.602538     8 MoQRelay.cpp:310] publishNamespaceDone ns=moq-test/interop
relay-1        | V1008 00:53:02.602546     8 MoQRelay.cpp:303] Pruning empty subtree at: moq-test
relay-1        | V1008 00:53:02.602657     8 MoQSession.cpp:2203] subscribeError trackReceiveState=0x7f5aa8094d90
relay-1        | V1008 00:53:02.602672     8 MoQSession.cpp:2232] processPublishDone trackReceiveState=0x7f5aa8094d90
relay-1        | V1008 00:53:02.602685     8 MoQRelay.cpp:383] onPublishDoneImpl ftn=moq-test/interop/test-track
relay-1        | V1008 00:53:02.602692     8 MoQForwarder.cpp:610] publishDone pubDone reason=closed locally
relay-1        | V1008 00:53:02.602701     8 MoQForwarder.cpp:308] drainSubscriber from publishDone session=15
relay-1        | V1008 00:53:02.602705     8 MoQSession.cpp:6522] sendPublishDone sess=0x7f5aa808e0b0
relay-1        | V1008 00:53:02.602732     8 MoQSession.cpp:6697] publisherDrained id=0 sess=0x7f5aa808e0b0
relay-1        | V1008 00:53:02.602750     8 MoQForwarder.cpp:372] Resetting open subgroups for subscriber=0x7f5aa8092a00
relay-1        | V1008 00:53:02.602762     8 MoQForwarder.cpp:391] subscribers_.size()=0
relay-1        | I1008 00:53:02.602774     8 MoQRelay.cpp:1938] Publisher terminated for moq-test/interop/test-track
relay-1        | V1008 00:53:02.602798     8 MoQCache.cpp:2284] Added track to LRU: moq-test/interop/test-track
test-client-1  | [2m2026-10-08T00:53:02.603026Z[0m [33m WARN[0m [2mweb_transport_quinn::session[0m[2m:[0m failed to read capsule [3me[0m[2m=[0mUnexpectedEnd
relay-1        | V1008 00:53:02.602809     8 MoQSession.cpp:2186] cancel alias=1 requestID=1
relay-1        | V1008 00:53:02.602814     8 MoQSession.cpp:2659] requestCancellation from cleanup sess=0x7f5aa807b540
relay-1        | V1008 00:53:02.602828     8 BidiStreamControl.cpp:37] STOP_SENDING received on bidi stream id=1 code=386759528
relay-1        | V1008 00:53:02.602834     8 BidiStreamControl.cpp:37] STOP_SENDING received on bidi stream id=4 code=386759528
relay-1        | V1008 00:53:02.602841     8 MoQSession.cpp:3032] requestCancellation from close sess=0x7f5aa807b540
relay-1        | E1008 00:53:02.602982     8 MoQServer.h:234] proxygen::HTTPException: Got error=ApplicationError: 260, HTTP error on control stream
relay-1        | V1008 00:53:02.603007     8 MoQSession.cpp:7502] onSessionEnderr=4294967295 sess=0x7f5aa808e0b0
relay-1        | V1008 00:53:02.603018     8 MoQSession.cpp:3015] close sess=0x7f5aa808e0b0
relay-1        | V1008 00:53:02.603030     8 MoQSession.cpp:2659] requestCancellation from cleanup sess=0x7f5aa808e0b0
relay-1        | V1008 00:53:02.603046     8 MoQSession.cpp:3032] requestCancellation from close sess=0x7f5aa808e0b0
relay-1        | V1008 00:53:02.603159     8 MoQSession.cpp:3456] exit controlReadLoop sess=0x7f5aa807b540
relay-1        | V1008 00:53:02.603194     8 MoQSession.cpp:3456] exit controlReadLoop sess=0x7f5aa807b540
relay-1        | V1008 00:53:02.603241     8 MoQSession.cpp:3456] exit controlReadLoop sess=0x7f5aa807b540
relay-1        | V1008 00:53:02.603255     8 MoQSession.cpp:3456] exit controlReadLoop sess=0x7f5aa808e0b0
test-client-1  | [2m2026-10-08T00:53:02.603149Z[0m [33m WARN[0m [2mweb_transport_quinn::session[0m[2m:[0m failed to read capsule [3me[0m[2m=[0mUnexpectedEnd
relay-1        | V1008 00:53:02.603261     8 MoQSession.cpp:3456] exit controlReadLoop sess=0x7f5aa808e0b0
relay-1        | V1008 00:53:02.603335     8 MoQSession.cpp:3041] exit controlWriteLoop sess=0x7f5aa807b540
relay-1        | V1008 00:53:02.603354     8 MoQSession.cpp:2604] ~MoQSession sess=0x7f5aa807b540
relay-1        | V1008 00:53:02.603393     8 MoQSession.cpp:3041] exit controlWriteLoop sess=0x7f5aa808e0b0
test-client-1  | [2m2026-10-08T00:53:02.603241Z[0m [32m INFO[0m [2mmoq_native_ietf::quic[0m[2m:[0m UDP socket bound [3mbind[0m[2m=[0m[::]:0 [3mlocal[0m[2m=[0m[::]:37225 [3mdual_stack[0m[2m=[0mtrue
relay-1        | V1008 00:53:02.605342     8 MoQServer.cpp:334] MoQServer WebTransport: supported protocols: moqt-18, moqt-16, moqt-15, moq-00
relay-1        | V1008 00:53:02.605367     8 MoQServer.cpp:344] WebTransport: Negotiated protocol: moqt-18
relay-1        | V1008 00:53:02.605456     8 MoQSession.cpp:2739] start sess=0x7f5aa8038160
relay-1        | V1008 00:53:02.605476     8 MoQSession.cpp:3083] sendSetup sess=0x7f5aa8038160
relay-1        | V1008 00:53:02.605507     8 MoQSession.cpp:3039] controlWriteLoop sess=0x7f5aa8038160
relay-1        | V1008 00:53:02.605716     8 MoQSession.cpp:7053] onNewUniStream sess=0x7f5aa8038160
test-client-1  | [2m2026-10-08T00:53:02.605727Z[0m [32m INFO[0m [2mmoq_test_client::scenarios[0m[2m:[0m Subscriber subscribing BEFORE PUBLISH_NAMESPACE: moq-test/interop/test-track
relay-1        | V1008 00:53:02.605743     8 MoQSession.cpp:3451] controlReadLoop sess=0x7f5aa8038160
relay-1        | V1008 00:53:02.605750     8 MoQSession.cpp:3235] onClientSetup sess=0x7f5aa8038160
relay-1        | V1008 00:53:02.605753     8 MoQServerBase.cpp:88] MoQServerBase::ClientSetup
relay-1        | V1008 00:53:02.605756     8 MoQServerBase.cpp:93] MoQServerBase::ClientSetup: Using ALPN-negotiated version: moqt-18
relay-1        | V1008 00:53:02.605761     8 MoQSession.cpp:3313] Negotiated Version=0xff000012 (draft-18)
relay-1        | V1008 00:53:02.606096     8 MoQSession.cpp:7083] onNewBidiStream sess=0x7f5aa8038160
relay-1        | V1008 00:53:02.606139     8 MoQSession.cpp:3451] controlReadLoop sess=0x7f5aa8038160
relay-1        | V1008 00:53:02.606157     8 MoQSession.cpp:4413] onSubscribeImpl ftn=moq-test/interop/test-track sess=0x7f5aa8038160
relay-1        | V1008 00:53:02.606182     8 MoQSession.cpp:4556] Application subscribe error err=no such namespace or track
relay-1        | V1008 00:53:02.606189     8 MoQSession.cpp:6427] subscribeError sess=0x7f5aa8038160
relay-1        | V1008 00:53:02.606200     8 MoQSession.cpp:6697] publisherDrained id=0 sess=0x7f5aa8038160
test-client-1  | [2m2026-10-08T00:53:02.606359Z[0m [33m WARN[0m [2mmoq_transport::serve::error[0m[2m:[0m [65565804-c5a5-40af-a8c3-1da153c315df] Not found: no such namespace or track at moq-transport/src/session/subscriber.rs:1653
relay-1        | E20261008 00:53:02.606535     8 HQControlCodec.h:58] Unexpected control stream EOF
relay-1        | E20261008 00:53:02.606598     8 HQSession.cpp:3175] Got error on control stream error=HTTP: Critical stream was closed streamID=2 sess=proto=h3, UA=, client CID=24965b1316dcb5ff, server CID=40000001072a10a7, downstream=[::ffff:172.18.0.3]:37225, [::]:4443=local, drain=none
relay-1        | E1008 00:53:02.606654     8 MoQServer.h:234] proxygen::HTTPException: Got error=ApplicationError: 260, HTTP error on control stream
relay-1        | V1008 00:53:02.606663     8 MoQSession.cpp:7502] onSessionEnderr=4294967295 sess=0x7f5aa8038160
relay-1        | V1008 00:53:02.606665     8 MoQSession.cpp:3015] close sess=0x7f5aa8038160
relay-1        | V1008 00:53:02.606670     8 MoQSession.cpp:2659] requestCancellation from cleanup sess=0x7f5aa8038160
relay-1        | V1008 00:53:02.606681     8 MoQSession.cpp:3032] requestCancellation from close sess=0x7f5aa8038160
relay-1        | V1008 00:53:02.606759     8 MoQSession.cpp:3456] exit controlReadLoop sess=0x7f5aa8038160
relay-1        | V1008 00:53:02.606771     8 MoQSession.cpp:3456] exit controlReadLoop sess=0x7f5aa8038160
test-client-1  | [2m2026-10-08T00:53:02.606790Z[0m [33m WARN[0m [2mweb_transport_quinn::session[0m[2m:[0m failed to read capsule [3me[0m[2m=[0mUnexpectedEnd
relay-1        | V1008 00:53:02.606798     8 MoQSession.cpp:3041] exit controlWriteLoop sess=0x7f5aa8038160
relay-1        | V1008 00:53:02.614068     8 MoQSession.cpp:2604] ~MoQSession sess=0x7f5aa808e0b0
relay-1        | V1008 00:53:02.624177     8 MoQSession.cpp:2604] ~MoQSession sess=0x7f5aa8038160
test-client-1  | [2m2026-10-08T00:53:03.108383Z[0m [32m INFO[0m [2mmoq_native_ietf::quic[0m[2m:[0m UDP socket bound [3mbind[0m[2m=[0m[::]:0 [3mlocal[0m[2m=[0m[::]:44299 [3mdual_stack[0m[2m=[0mtrue
test-client-1  | [2m2026-10-08T00:53:03.112516Z[0m [32m INFO[0m [2mmoq_test_client::scenarios[0m[2m:[0m Publisher sending PUBLISH_NAMESPACE (after subscriber): moq-test/interop
relay-1        | V1008 00:53:03.112179     8 MoQServer.cpp:334] MoQServer WebTransport: supported protocols: moqt-18, moqt-16, moqt-15, moq-00
relay-1        | V1008 00:53:03.112209     8 MoQServer.cpp:344] WebTransport: Negotiated protocol: moqt-18
relay-1        | V1008 00:53:03.112296     8 MoQSession.cpp:2739] start sess=0x7f5aa80082a0
relay-1        | V1008 00:53:03.112312     8 MoQSession.cpp:3083] sendSetup sess=0x7f5aa80082a0
relay-1        | V1008 00:53:03.112385     8 MoQSession.cpp:3039] controlWriteLoop sess=0x7f5aa80082a0
relay-1        | V1008 00:53:03.112470     8 MoQSession.cpp:7053] onNewUniStream sess=0x7f5aa80082a0
relay-1        | V1008 00:53:03.112508     8 MoQSession.cpp:3451] controlReadLoop sess=0x7f5aa80082a0
relay-1        | V1008 00:53:03.112514     8 MoQSession.cpp:3235] onClientSetup sess=0x7f5aa80082a0
relay-1        | V1008 00:53:03.112518     8 MoQServerBase.cpp:88] MoQServerBase::ClientSetup
relay-1        | V1008 00:53:03.112521     8 MoQServerBase.cpp:93] MoQServerBase::ClientSetup: Using ALPN-negotiated version: moqt-18
relay-1        | V1008 00:53:03.112525     8 MoQSession.cpp:3313] Negotiated Version=0xff000012 (draft-18)
relay-1        | V1008 00:53:03.112721     8 MoQSession.cpp:7083] onNewBidiStream sess=0x7f5aa80082a0
relay-1        | V1008 00:53:03.112823     8 MoQSession.cpp:3451] controlReadLoop sess=0x7f5aa80082a0
relay-1        | V1008 00:53:03.112882     8 MoQRelaySession.cpp:1183] onPublishNamespaceImpl ns=moq-test/interop sess=0x7f5aa80082a0
relay-1        | V1008 00:53:03.112967     8 MoQRelay.cpp:134] publishNamespace ns=moq-test/interop
relay-1        | V1008 00:53:03.113051     8 MoQRelaySession.cpp:1282] publishNamespaceOk reqID=0 sess=0x7f5aa80082a0
test-client-1  | [2m2026-10-08T00:53:06.113933Z[0m [32m INFO[0m [2mmoq_test_client::scenarios[0m[2m:[0m Publisher PUBLISH_NAMESPACE timeout (expected)
test-client-1  | [2m2026-10-08T00:53:06.113959Z[0m [32m INFO[0m [2mmoq_test_client::scenarios[0m[2m:[0m Subscriber got error: not found: Track not found [error:65565804-c5a5-40af-a8c3-1da153c315df] (may be expected)
test-client-1  | ok 5 - subscribe-before-publish-namespace
test-client-1  |   ---
test-client-1  |   duration_ms: 3511
test-client-1  |   subscriber_connection_id: 581ff305ce77760d38f78a647bd33c47
test-client-1  |   publisher_connection_id: 11ec8b722b7a42f4a5502fd34db5bfe6
test-client-1  |   ...
test-client-1  | [2m2026-10-08T00:53:06.114428Z[0m [33m WARN[0m [2mweb_transport_quinn::session[0m[2m:[0m failed to read capsule [3me[0m[2m=[0mUnexpectedEnd
relay-1        | E20261008 00:53:06.114066     8 HQControlCodec.h:58] Unexpected control stream EOF
relay-1        | E20261008 00:53:06.114138     8 HQSession.cpp:3175] Got error on control stream error=HTTP: Critical stream was closed streamID=2 sess=proto=h3, UA=, client CID=4d4bb5d2bc75a186, server CID=400000117b9ab442, downstream=[::ffff:172.18.0.3]:44299, [::]:4443=local, drain=none
relay-1        | E1008 00:53:06.114215     8 MoQServer.h:234] proxygen::HTTPException: Got error=ApplicationError: 260, HTTP error on control stream
relay-1        | V1008 00:53:06.114229     8 MoQSession.cpp:7502] onSessionEnderr=4294967295 sess=0x7f5aa80082a0
relay-1        | V1008 00:53:06.114232     8 MoQSession.cpp:3015] close sess=0x7f5aa80082a0
relay-1        | V1008 00:53:06.114241     8 MoQRelay.cpp:310] publishNamespaceDone ns=moq-test/interop
relay-1        | V1008 00:53:06.114248     8 MoQRelay.cpp:303] Pruning empty subtree at: moq-test
relay-1        | V1008 00:53:06.114257     8 MoQSession.cpp:2659] requestCancellation from cleanup sess=0x7f5aa80082a0
relay-1        | V1008 00:53:06.114271     8 BidiStreamControl.cpp:37] STOP_SENDING received on bidi stream id=4 code=386759528
relay-1        | V1008 00:53:06.114280     8 MoQSession.cpp:3032] requestCancellation from close sess=0x7f5aa80082a0
relay-1        | V1008 00:53:06.114403     8 MoQSession.cpp:3456] exit controlReadLoop sess=0x7f5aa80082a0
relay-1        | V1008 00:53:06.114416     8 MoQSession.cpp:3456] exit controlReadLoop sess=0x7f5aa80082a0
relay-1        | V1008 00:53:06.114448     8 MoQSession.cpp:3041] exit controlWriteLoop sess=0x7f5aa80082a0
test-client-1  | [2m2026-10-08T00:53:06.114799Z[0m [32m INFO[0m [2mmoq_native_ietf::quic[0m[2m:[0m UDP socket bound [3mbind[0m[2m=[0m[::]:0 [3mlocal[0m[2m=[0m[::]:56780 [3mdual_stack[0m[2m=[0mtrue
relay-1        | V1008 00:53:06.117407     8 MoQServer.cpp:334] MoQServer WebTransport: supported protocols: moqt-18, moqt-16, moqt-15, moq-00
relay-1        | V1008 00:53:06.117443     8 MoQServer.cpp:344] WebTransport: Negotiated protocol: moqt-18
relay-1        | V1008 00:53:06.117529     8 MoQSession.cpp:2739] start sess=0x7f5aa8084fb0
relay-1        | V1008 00:53:06.117598     8 MoQSession.cpp:3083] sendSetup sess=0x7f5aa8084fb0
relay-1        | V1008 00:53:06.117757     8 MoQSession.cpp:3039] controlWriteLoop sess=0x7f5aa8084fb0
relay-1        | V1008 00:53:06.117784     8 MoQSession.cpp:7053] onNewUniStream sess=0x7f5aa8084fb0
relay-1        | V1008 00:53:06.117856     8 MoQSession.cpp:3451] controlReadLoop sess=0x7f5aa8084fb0
relay-1        | V1008 00:53:06.117891     8 MoQSession.cpp:3235] onClientSetup sess=0x7f5aa8084fb0
relay-1        | V1008 00:53:06.117908     8 MoQServerBase.cpp:88] MoQServerBase::ClientSetup
relay-1        | V1008 00:53:06.117920     8 MoQServerBase.cpp:93] MoQServerBase::ClientSetup: Using ALPN-negotiated version: moqt-18
relay-1        | V1008 00:53:06.117935     8 MoQSession.cpp:3313] Negotiated Version=0xff000012 (draft-18)
relay-1        | V1008 00:53:06.118102     8 MoQSession.cpp:7083] onNewBidiStream sess=0x7f5aa8084fb0
test-client-1  | [2m2026-10-08T00:53:06.117964Z[0m [32m INFO[0m [2mmoq_test_client::scenarios[0m[2m:[0m Sending PUBLISH_NAMESPACE: moq-test/interop
relay-1        | V1008 00:53:06.118138     8 MoQSession.cpp:3451] controlReadLoop sess=0x7f5aa8084fb0
relay-1        | V1008 00:53:06.118155     8 MoQRelaySession.cpp:1183] onPublishNamespaceImpl ns=moq-test/interop sess=0x7f5aa8084fb0
relay-1        | V1008 00:53:06.118168     8 MoQRelay.cpp:134] publishNamespace ns=moq-test/interop
relay-1        | V1008 00:53:06.118178     8 MoQRelaySession.cpp:1282] publishNamespaceOk reqID=0 sess=0x7f5aa8084fb0
relay-1        | V1008 00:53:06.134429     8 MoQSession.cpp:2604] ~MoQSession sess=0x7f5aa80082a0
test-client-1  | [2m2026-10-08T00:53:08.119234Z[0m [32m INFO[0m [2mmoq_test_client::scenarios[0m[2m:[0m PUBLISH_NAMESPACE active; sending PUBLISH_NAMESPACE_DONE
relay-1        | V1008 00:53:08.119354     8 MoQSession.cpp:3456] exit controlReadLoop sess=0x7f5aa8084fb0
relay-1        | V1008 00:53:08.119390     8 MoQSession.cpp:3456] exit controlReadLoop sess=0x7f5aa8084fb0
test-client-1  | ok 6 - publish-namespace-done
test-client-1  |   ---
test-client-1  |   duration_ms: 2106
test-client-1  |   connection_id: 37ddd44c01c23572d461f6dd36bd1eb8
test-client-1  |   ...
test-client-1  | [2m2026-10-08T00:53:08.220146Z[0m [32m INFO[0m [2mmoq_test_client::scenarios[0m[2m:[0m PUBLISH_NAMESPACE_DONE sent successfully
relay-1        | E20261008 00:53:08.220664     8 HQControlCodec.h:58] Unexpected control stream EOF
relay-1        | E20261008 00:53:08.220729     8 HQSession.cpp:3175] Got error on control stream error=HTTP: Critical stream was closed streamID=2 sess=proto=h3, UA=, client CID=c34bf1b5e8dcc379, server CID=4000000e81fa8590, downstream=[::ffff:172.18.0.3]:56780, [::]:4443=local, drain=none
relay-1        | E1008 00:53:08.220806     8 MoQServer.h:234] proxygen::HTTPException: Got error=ApplicationError: 260, HTTP error on control stream
relay-1        | V1008 00:53:08.220832     8 MoQSession.cpp:7502] onSessionEnderr=4294967295 sess=0x7f5aa8084fb0
test-client-1  | [2m2026-10-08T00:53:08.221067Z[0m [33m WARN[0m [2mweb_transport_quinn::session[0m[2m:[0m failed to read capsule [3me[0m[2m=[0mUnexpectedEnd
relay-1        | V1008 00:53:08.220836     8 MoQSession.cpp:3015] close sess=0x7f5aa8084fb0
relay-1        | V1008 00:53:08.220845     8 MoQRelay.cpp:310] publishNamespaceDone ns=moq-test/interop
relay-1        | V1008 00:53:08.220852     8 MoQRelay.cpp:303] Pruning empty subtree at: moq-test
relay-1        | V1008 00:53:08.220869     8 MoQSession.cpp:2659] requestCancellation from cleanup sess=0x7f5aa8084fb0
relay-1        | V1008 00:53:08.220886     8 MoQSession.cpp:3032] requestCancellation from close sess=0x7f5aa8084fb0
relay-1        | V1008 00:53:08.221011     8 MoQSession.cpp:3041] exit controlWriteLoop sess=0x7f5aa8084fb0
test-client-1  | [2m2026-10-08T00:53:08.221082Z[0m [32m INFO[0m [2mmoq_native_ietf::quic[0m[2m:[0m UDP socket bound [3mbind[0m[2m=[0m[::]:0 [3mlocal[0m[2m=[0m[::]:44256 [3mdual_stack[0m[2m=[0mtrue
relay-1        | V1008 00:53:08.223391     8 MoQServer.cpp:334] MoQServer WebTransport: supported protocols: moqt-18, moqt-16, moqt-15, moq-00
relay-1        | V1008 00:53:08.223411     8 MoQServer.cpp:344] WebTransport: Negotiated protocol: moqt-18
relay-1        | V1008 00:53:08.223519     8 MoQSession.cpp:2739] start sess=0x7f5aa8077170
relay-1        | V1008 00:53:08.223540     8 MoQSession.cpp:3083] sendSetup sess=0x7f5aa8077170
relay-1        | V1008 00:53:08.223586     8 MoQSession.cpp:3039] controlWriteLoop sess=0x7f5aa8077170
relay-1        | V1008 00:53:08.223859     8 MoQSession.cpp:7053] onNewUniStream sess=0x7f5aa8077170
test-client-1  | [2m2026-10-08T00:53:08.223858Z[0m [32m INFO[0m [2mmoq_test_client::scenarios[0m[2m:[0m Publisher sending direct PUBLISH [3mnamespace[0m[2m=[0m/moq-test/publish [3mtrack[0m[2m=[0m"published-track"
relay-1        | V1008 00:53:08.223885     8 MoQSession.cpp:3451] controlReadLoop sess=0x7f5aa8077170
relay-1        | V1008 00:53:08.223892     8 MoQSession.cpp:3235] onClientSetup sess=0x7f5aa8077170
relay-1        | V1008 00:53:08.223895     8 MoQServerBase.cpp:88] MoQServerBase::ClientSetup
relay-1        | V1008 00:53:08.223899     8 MoQServerBase.cpp:93] MoQServerBase::ClientSetup: Using ALPN-negotiated version: moqt-18
relay-1        | V1008 00:53:08.223914     8 MoQSession.cpp:3313] Negotiated Version=0xff000012 (draft-18)
relay-1        | V1008 00:53:08.224072     8 MoQSession.cpp:7083] onNewBidiStream sess=0x7f5aa8077170
relay-1        | V1008 00:53:08.224135     8 MoQSession.cpp:3451] controlReadLoop sess=0x7f5aa8077170
relay-1        | V1008 00:53:08.224155     8 MoQSession.cpp:5094] onPublishImpl reqID=0 sess=0x7f5aa8077170
relay-1        | V1008 00:53:08.224171     8 MoQRelay.cpp:422] publish ftn=moq-test/publish/published-track
relay-1        | E1008 00:53:08.224176     8 MoQRelay.cpp:82] prefix not found in tree
relay-1        | V1008 00:53:08.224195     8 MoQSession.cpp:6221] publishOk reqID=0 sess=0x7f5aa8077170
test-client-1  | [2m2026-10-08T00:53:08.224360Z[0m [32m INFO[0m [2mmoq_test_client::scenarios[0m[2m:[0m PUBLISH accepted [3mnamespace[0m[2m=[0m/moq-test/publish [3mtrack[0m[2m=[0m"published-track"
test-client-1  | [2m2026-10-08T00:53:08.224474Z[0m [32m INFO[0m [2mmoq_test_client::scenarios[0m[2m:[0m PUBLISH completed [3mnamespace[0m[2m=[0m/moq-test/publish [3mtrack[0m[2m=[0m"published-track"
relay-1        | V1008 00:53:08.224532     8 MoQSession.cpp:5250] PublishDone id=0 code=2 reason=publish ended
test-client-1  | ok 7 - publish-track-only
test-client-1  |   ---
test-client-1  |   duration_ms: 4
test-client-1  |   connection_id: 2262ba4d6d78034bc9e66290aae27a0b
test-client-1  |   ...
relay-1        | V1008 00:53:08.224601     8 MoQSession.cpp:2232] processPublishDone trackReceiveState=0x7f5aa8094830
relay-1        | V1008 00:53:08.224618     8 MoQRelay.cpp:383] onPublishDoneImpl ftn=moq-test/publish/published-track
relay-1        | V1008 00:53:08.224632     8 MoQRelay.cpp:303] Pruning empty subtree at: moq-test
relay-1        | V1008 00:53:08.224644     8 MoQRelay.cpp:412] Publisher terminated with no subscribers, cleaning up moq-test/publish/published-track
relay-1        | V1008 00:53:08.224657     8 MoQForwarder.cpp:610] publishDone pubDone reason=publish ended
relay-1        | V1008 00:53:08.224672     8 MoQSession.cpp:3456] exit controlReadLoop sess=0x7f5aa8077170
relay-1        | E20261008 00:53:08.224726     8 HQControlCodec.h:58] Unexpected control stream EOF
relay-1        | E20261008 00:53:08.224784     8 HQSession.cpp:3175] Got error on control stream error=HTTP: Critical stream was closed streamID=2 sess=proto=h3, UA=, client CID=8195012d8a34bf87, server CID=40000012a3c30f6b, downstream=[::ffff:172.18.0.3]:44256, [::]:4443=local, drain=none
relay-1        | E1008 00:53:08.224835     8 MoQServer.h:234] proxygen::HTTPException: Got error=ApplicationError: 260, HTTP error on control stream
relay-1        | V1008 00:53:08.224848     8 MoQSession.cpp:7502] onSessionEnderr=4294967295 sess=0x7f5aa8077170
relay-1        | V1008 00:53:08.224858     8 MoQSession.cpp:3015] close sess=0x7f5aa8077170
relay-1        | V1008 00:53:08.224865     8 MoQSession.cpp:2659] requestCancellation from cleanup sess=0x7f5aa8077170
relay-1        | V1008 00:53:08.224876     8 MoQSession.cpp:3032] requestCancellation from close sess=0x7f5aa8077170
relay-1        | V1008 00:53:08.224941     8 MoQSession.cpp:3456] exit controlReadLoop sess=0x7f5aa8077170
relay-1        | V1008 00:53:08.224969     8 MoQSession.cpp:3041] exit controlWriteLoop sess=0x7f5aa8077170
test-client-1  | [2m2026-10-08T00:53:08.225082Z[0m [33m WARN[0m [2mweb_transport_quinn::session[0m[2m:[0m failed to read capsule [3me[0m[2m=[0mUnexpectedEnd
test-client-1  | [2m2026-10-08T00:53:08.225382Z[0m [32m INFO[0m [2mmoq_native_ietf::quic[0m[2m:[0m UDP socket bound [3mbind[0m[2m=[0m[::]:0 [3mlocal[0m[2m=[0m[::]:42390 [3mdual_stack[0m[2m=[0mtrue
relay-1        | V1008 00:53:08.227090     8 MoQServer.cpp:334] MoQServer WebTransport: supported protocols: moqt-18, moqt-16, moqt-15, moq-00
relay-1        | V1008 00:53:08.227109     8 MoQServer.cpp:344] WebTransport: Negotiated protocol: moqt-18
relay-1        | V1008 00:53:08.227187     8 MoQSession.cpp:2739] start sess=0x7f5aa805f900
relay-1        | V1008 00:53:08.227202     8 MoQSession.cpp:3083] sendSetup sess=0x7f5aa805f900
relay-1        | V1008 00:53:08.227227     8 MoQSession.cpp:3039] controlWriteLoop sess=0x7f5aa805f900
relay-1        | V1008 00:53:08.227494     8 MoQSession.cpp:7053] onNewUniStream sess=0x7f5aa805f900
relay-1        | V1008 00:53:08.227529     8 MoQSession.cpp:3451] controlReadLoop sess=0x7f5aa805f900
relay-1        | V1008 00:53:08.227533     8 MoQSession.cpp:3235] onClientSetup sess=0x7f5aa805f900
relay-1        | V1008 00:53:08.227536     8 MoQServerBase.cpp:88] MoQServerBase::ClientSetup
relay-1        | V1008 00:53:08.227539     8 MoQServerBase.cpp:93] MoQServerBase::ClientSetup: Using ALPN-negotiated version: moqt-18
relay-1        | V1008 00:53:08.227543     8 MoQSession.cpp:3313] Negotiated Version=0xff000012 (draft-18)
test-client-1  | [2m2026-10-08T00:53:08.228171Z[0m [32m INFO[0m [2mmoq_native_ietf::quic[0m[2m:[0m UDP socket bound [3mbind[0m[2m=[0m[::]:0 [3mlocal[0m[2m=[0m[::]:37901 [3mdual_stack[0m[2m=[0mtrue
relay-1        | V1008 00:53:08.229666     8 MoQServer.cpp:334] MoQServer WebTransport: supported protocols: moqt-18, moqt-16, moqt-15, moq-00
relay-1        | V1008 00:53:08.229685     8 MoQServer.cpp:344] WebTransport: Negotiated protocol: moqt-18
relay-1        | V1008 00:53:08.229772     8 MoQSession.cpp:2739] start sess=0x7f5aa8072000
relay-1        | V1008 00:53:08.229788     8 MoQSession.cpp:3083] sendSetup sess=0x7f5aa8072000
relay-1        | V1008 00:53:08.229814     8 MoQSession.cpp:3039] controlWriteLoop sess=0x7f5aa8072000
test-client-1  | [2m2026-10-08T00:53:08.229987Z[0m [32m INFO[0m [2mmoq_test_client::scenarios[0m[2m:[0m Publisher sending direct PUBLISH before subscriber subscribes [3mnamespace[0m[2m=[0m/moq-test/publish [3mtrack[0m[2m=[0m"published-track"
relay-1        | V1008 00:53:08.230020     8 MoQSession.cpp:7053] onNewUniStream sess=0x7f5aa8072000
relay-1        | V1008 00:53:08.230040     8 MoQSession.cpp:3451] controlReadLoop sess=0x7f5aa8072000
relay-1        | V1008 00:53:08.230044     8 MoQSession.cpp:3235] onClientSetup sess=0x7f5aa8072000
relay-1        | V1008 00:53:08.230046     8 MoQServerBase.cpp:88] MoQServerBase::ClientSetup
relay-1        | V1008 00:53:08.230048     8 MoQServerBase.cpp:93] MoQServerBase::ClientSetup: Using ALPN-negotiated version: moqt-18
relay-1        | V1008 00:53:08.230052     8 MoQSession.cpp:3313] Negotiated Version=0xff000012 (draft-18)
relay-1        | V1008 00:53:08.230185     8 MoQSession.cpp:7083] onNewBidiStream sess=0x7f5aa805f900
relay-1        | V1008 00:53:08.230233     8 MoQSession.cpp:3451] controlReadLoop sess=0x7f5aa805f900
relay-1        | V1008 00:53:08.230240     8 MoQSession.cpp:5094] onPublishImpl reqID=0 sess=0x7f5aa805f900
relay-1        | V1008 00:53:08.230252     8 MoQRelay.cpp:422] publish ftn=moq-test/publish/published-track
relay-1        | E1008 00:53:08.230256     8 MoQRelay.cpp:82] prefix not found in tree
relay-1        | V1008 00:53:08.230270     8 MoQSession.cpp:6221] publishOk reqID=0 sess=0x7f5aa805f900
test-client-1  | [2m2026-10-08T00:53:08.230414Z[0m [32m INFO[0m [2mmoq_test_client::scenarios[0m[2m:[0m PUBLISH accepted; starting subscriber [3mnamespace[0m[2m=[0m/moq-test/publish [3mtrack[0m[2m=[0m"published-track"
relay-1        | V1008 00:53:08.230536     8 MoQSession.cpp:7083] onNewBidiStream sess=0x7f5aa8072000
relay-1        | V1008 00:53:08.230608     8 MoQSession.cpp:3451] controlReadLoop sess=0x7f5aa8072000
relay-1        | V1008 00:53:08.230621     8 MoQSession.cpp:4413] onSubscribeImpl ftn=moq-test/publish/published-track sess=0x7f5aa8072000
relay-1        | V1008 00:53:08.230651     8 MoQLocation.h:24] m=AbsoluteStart g=0 o=0
relay-1        | V1008 00:53:08.230658     8 MoQLocation.h:59] g=0 o=0 g=4611686018427387903 o=4611686018427387903
relay-1        | I1008 00:53:08.230664     8 MoQRelay.cpp:1975] Updating forward for moq-test/publish/published-track numForwardingSubs=1
relay-1        | V1008 00:53:08.230671     8 MoQSession.cpp:6409] sendSubscribeOk sess=0x7f5aa8072000
relay-1        | V1008 00:53:08.230741     8 MoQSession.cpp:6727] requestUpdate sess=0x7f5aa805f900
test-client-1  | [2m2026-10-08T00:53:08.230827Z[0m [33m WARN[0m [2mmoq_transport::session[0m[2m:[0m unexpected bidi response message type [3mmsg_type[0m[2m=[0m2
test-client-1  | [2m2026-10-08T00:53:08.230842Z[0m [33m WARN[0m [2mmoq_transport::serve::error[0m[2m:[0m [43b9f765-0ffc-4665-b5a3-81c48674b88c] Not implemented: bidi response type 0x2 at moq-transport/src/session/error.rs:89
relay-1        | V1008 00:53:08.230926     8 MoQSession.cpp:3616] Failing pending request id=1 peer FINed without terminal reply sess=0x7f5aa805f900
relay-1        | V1008 00:53:08.230964     8 MoQSession.cpp:3456] exit controlReadLoop sess=0x7f5aa805f900
relay-1        | E1008 00:53:08.230972     8 MoQRelay.cpp:36] requestUpdate failed: peer FINed without terminal reply
relay-1        | V1008 00:53:08.232078     8 MoQSession.cpp:2604] ~MoQSession sess=0x7f5aa8084fb0
relay-1        | V1008 00:53:08.242188     8 MoQSession.cpp:2604] ~MoQSession sess=0x7f5aa8077170
test-client-1  | not ok 8 - publish-track-subscribe
test-client-1  |   ---
test-client-1  |   duration_ms: 106
test-client-1  |   message: "failed serving PUBLISH track: serve error: cancelled: cancelled"
test-client-1  |   ...
relay-1        | E20261008 00:53:08.331518     8 HQControlCodec.h:58] Unexpected control stream EOF
relay-1        | E20261008 00:53:08.331610     8 HQSession.cpp:3175] Got error on control stream error=HTTP: Critical stream was closed streamID=2 sess=proto=h3, UA=, client CID=369869af1f4c5db0, server CID=4000000342f8c01f, downstream=[::ffff:172.18.0.3]:42390, [::]:4443=local, drain=none
relay-1        | E20261008 00:53:08.331657     8 HQControlCodec.h:58] Unexpected control stream EOF
relay-1        | E20261008 00:53:08.331670     8 HQSession.cpp:3175] Got error on control stream error=HTTP: Critical stream was closed streamID=2 sess=proto=h3, UA=, client CID=b71641b7f9587b8d, server CID=400000169a1623b1, downstream=[::ffff:172.18.0.3]:37901, [::]:4443=local, drain=none
relay-1        | E1008 00:53:08.331743     8 MoQServer.h:234] proxygen::HTTPException: Got error=ApplicationError: 260, HTTP error on control stream
relay-1        | V1008 00:53:08.331762     8 MoQSession.cpp:7502] onSessionEnderr=4294967295 sess=0x7f5aa805f900
relay-1        | V1008 00:53:08.331767     8 MoQSession.cpp:3015] close sess=0x7f5aa805f900
relay-1        | V1008 00:53:08.331776     8 MoQSession.cpp:2203] subscribeError trackReceiveState=0x7f5aa8094d90
relay-1        | V1008 00:53:08.331794     8 MoQSession.cpp:2232] processPublishDone trackReceiveState=0x7f5aa8094d90
relay-1        | V1008 00:53:08.331799     8 MoQRelay.cpp:383] onPublishDoneImpl ftn=moq-test/publish/published-track
relay-1        | V1008 00:53:08.331806     8 MoQRelay.cpp:303] Pruning empty subtree at: moq-test
relay-1        | V1008 00:53:08.331815     8 MoQForwarder.cpp:610] publishDone pubDone reason=closed locally
relay-1        | V1008 00:53:08.331822     8 MoQForwarder.cpp:308] drainSubscriber from publishDone session=45
relay-1        | V1008 00:53:08.331826     8 MoQSession.cpp:6522] sendPublishDone sess=0x7f5aa8072000
relay-1        | V1008 00:53:08.331844     8 MoQSession.cpp:6697] publisherDrained id=0 sess=0x7f5aa8072000
relay-1        | V1008 00:53:08.331851     8 MoQForwarder.cpp:372] Resetting open subgroups for subscriber=0x7f5aa8071a70
relay-1        | V1008 00:53:08.331854     8 MoQForwarder.cpp:391] subscribers_.size()=0
relay-1        | I1008 00:53:08.331861     8 MoQRelay.cpp:1938] Publisher terminated for moq-test/publish/published-track
relay-1        | V1008 00:53:08.331871     8 MoQSession.cpp:2186] cancel alias=0 requestID=0
relay-1        | V1008 00:53:08.331876     8 MoQSession.cpp:2659] requestCancellation from cleanup sess=0x7f5aa805f900
relay-1        | V1008 00:53:08.331892     8 MoQSession.cpp:3032] requestCancellation from close sess=0x7f5aa805f900
relay-1        | E1008 00:53:08.332007     8 MoQServer.h:234] proxygen::HTTPException: Got error=ApplicationError: 260, HTTP error on control stream
relay-1        | V1008 00:53:08.332013     8 MoQSession.cpp:7502] onSessionEnderr=4294967295 sess=0x7f5aa8072000
relay-1        | V1008 00:53:08.332016     8 MoQSession.cpp:3015] close sess=0x7f5aa8072000
relay-1        | V1008 00:53:08.332019     8 MoQSession.cpp:2659] requestCancellation from cleanup sess=0x7f5aa8072000
relay-1        | V1008 00:53:08.332026     8 MoQSession.cpp:3032] requestCancellation from close sess=0x7f5aa8072000
test-client-1  | [2m2026-10-08T00:53:08.332230Z[0m [33m WARN[0m [2mweb_transport_quinn::session[0m[2m:[0m failed to read capsule [3me[0m[2m=[0mUnexpectedEnd
test-client-1  | [2m2026-10-08T00:53:08.332271Z[0m [33m WARN[0m [2mweb_transport_quinn::session[0m[2m:[0m failed to read capsule [3me[0m[2m=[0mUnexpectedEnd
test-client-1  | [2m2026-10-08T00:53:08.332341Z[0m [32m INFO[0m [2mmoq_native_ietf::quic[0m[2m:[0m UDP socket bound [3mbind[0m[2m=[0m[::]:0 [3mlocal[0m[2m=[0m[::]:37329 [3mdual_stack[0m[2m=[0mtrue
relay-1        | V1008 00:53:08.332063     8 MoQSession.cpp:3456] exit controlReadLoop sess=0x7f5aa805f900
relay-1        | V1008 00:53:08.332077     8 MoQSession.cpp:3456] exit controlReadLoop sess=0x7f5aa8072000
relay-1        | V1008 00:53:08.332084     8 MoQSession.cpp:3456] exit controlReadLoop sess=0x7f5aa8072000
relay-1        | V1008 00:53:08.332118     8 MoQSession.cpp:3041] exit controlWriteLoop sess=0x7f5aa805f900
relay-1        | V1008 00:53:08.332125     8 MoQSession.cpp:2604] ~MoQSession sess=0x7f5aa805f900
relay-1        | V1008 00:53:08.332138     8 MoQSession.cpp:3041] exit controlWriteLoop sess=0x7f5aa8072000
relay-1        | V1008 00:53:08.334529     8 MoQServer.cpp:334] MoQServer WebTransport: supported protocols: moqt-18, moqt-16, moqt-15, moq-00
relay-1        | V1008 00:53:08.334568     8 MoQServer.cpp:344] WebTransport: Negotiated protocol: moqt-18
relay-1        | V1008 00:53:08.334673     8 MoQSession.cpp:2739] start sess=0x7f5aa80082a0
relay-1        | V1008 00:53:08.334693     8 MoQSession.cpp:3083] sendSetup sess=0x7f5aa80082a0
relay-1        | V1008 00:53:08.334724     8 MoQSession.cpp:3039] controlWriteLoop sess=0x7f5aa80082a0
test-client-1  | [2m2026-10-08T00:53:08.334977Z[0m [32m INFO[0m [2mmoq_test_client::scenarios[0m[2m:[0m Subscribing with RENDEZVOUS_TIMEOUT to a track with no publisher [3mtimeout_ms[0m[2m=[0m500
relay-1        | V1008 00:53:08.334942     8 MoQSession.cpp:7053] onNewUniStream sess=0x7f5aa80082a0
relay-1        | V1008 00:53:08.334974     8 MoQSession.cpp:3451] controlReadLoop sess=0x7f5aa80082a0
relay-1        | V1008 00:53:08.334979     8 MoQSession.cpp:3235] onClientSetup sess=0x7f5aa80082a0
relay-1        | V1008 00:53:08.334981     8 MoQServerBase.cpp:88] MoQServerBase::ClientSetup
relay-1        | V1008 00:53:08.334983     8 MoQServerBase.cpp:93] MoQServerBase::ClientSetup: Using ALPN-negotiated version: moqt-18
relay-1        | V1008 00:53:08.334986     8 MoQSession.cpp:3313] Negotiated Version=0xff000012 (draft-18)
relay-1        | V1008 00:53:08.335164     8 MoQSession.cpp:7083] onNewBidiStream sess=0x7f5aa80082a0
relay-1        | V1008 00:53:08.335207     8 MoQSession.cpp:3451] controlReadLoop sess=0x7f5aa80082a0
relay-1        | V1008 00:53:08.335225     8 MoQSession.cpp:4413] onSubscribeImpl ftn=nonexistent/rendezvous/test-track sess=0x7f5aa80082a0
relay-1        | V1008 00:53:08.342624     8 MoQSession.cpp:2604] ~MoQSession sess=0x7f5aa8072000
relay-1        | V1008 00:53:08.835936     8 MoQSession.cpp:4556] Application subscribe error err=rendezvous timeout expired
relay-1        | V1008 00:53:08.835962     8 MoQSession.cpp:6427] subscribeError sess=0x7f5aa80082a0
relay-1        | V1008 00:53:08.835992     8 MoQSession.cpp:6697] publisherDrained id=0 sess=0x7f5aa80082a0
relay-1        | V1008 00:53:08.836522     8 MoQSession.cpp:3456] exit controlReadLoop sess=0x7f5aa80082a0
relay-1        | V1008 00:53:08.836561     8 MoQSession.cpp:3456] exit controlReadLoop sess=0x7f5aa80082a0
test-client-1  | ok 9 - rendezvous-timeout
test-client-1  |   ---
test-client-1  |   duration_ms: 505
test-client-1  |   connection_id: d15d2e1cac56fd745b0244d5c8122ad8
test-client-1  |   ...
test-client-1  | [2m2026-10-08T00:53:08.836485Z[0m [32m INFO[0m [2mmoq_test_client::scenarios[0m[2m:[0m Received expected REQUEST_ERROR TIMEOUT
relay-1        | E20261008 00:53:08.836668     8 HQControlCodec.h:58] Unexpected control stream EOF
relay-1        | E20261008 00:53:08.836736     8 HQSession.cpp:3175] Got error on control stream error=HTTP: Critical stream was closed streamID=2 sess=proto=h3, UA=, client CID=8e2fa961dbc26321, server CID=400000126abbed0e, downstream=[::ffff:172.18.0.3]:37329, [::]:4443=local, drain=none
relay-1        | E1008 00:53:08.836821     8 MoQServer.h:234] proxygen::HTTPException: Got error=ApplicationError: 260, HTTP error on control stream
relay-1        | V1008 00:53:08.836830     8 MoQSession.cpp:7502] onSessionEnderr=4294967295 sess=0x7f5aa80082a0
relay-1        | V1008 00:53:08.836833     8 MoQSession.cpp:3015] close sess=0x7f5aa80082a0
relay-1        | V1008 00:53:08.836844     8 MoQSession.cpp:2659] requestCancellation from cleanup sess=0x7f5aa80082a0
relay-1        | V1008 00:53:08.836859     8 MoQSession.cpp:3032] requestCancellation from close sess=0x7f5aa80082a0
test-client-1  | [2m2026-10-08T00:53:08.836988Z[0m [33m WARN[0m [2mweb_transport_quinn::session[0m[2m:[0m failed to read capsule [3me[0m[2m=[0mUnexpectedEnd
relay-1        | V1008 00:53:08.837128     8 MoQSession.cpp:3041] exit controlWriteLoop sess=0x7f5aa80082a0
test-client-1  | [2m2026-10-08T00:53:08.837454Z[0m [32m INFO[0m [2mmoq_native_ietf::quic[0m[2m:[0m UDP socket bound [3mbind[0m[2m=[0m[::]:0 [3mlocal[0m[2m=[0m[::]:33914 [3mdual_stack[0m[2m=[0mtrue
relay-1        | V1008 00:53:08.839471     8 MoQServer.cpp:334] MoQServer WebTransport: supported protocols: moqt-18, moqt-16, moqt-15, moq-00
relay-1        | V1008 00:53:08.839489     8 MoQServer.cpp:344] WebTransport: Negotiated protocol: moqt-18
relay-1        | V1008 00:53:08.839621     8 MoQSession.cpp:2739] start sess=0x7f5aa8065760
relay-1        | V1008 00:53:08.839641     8 MoQSession.cpp:3083] sendSetup sess=0x7f5aa8065760
relay-1        | V1008 00:53:08.839670     8 MoQSession.cpp:3039] controlWriteLoop sess=0x7f5aa8065760
relay-1        | V1008 00:53:08.839932     8 MoQSession.cpp:7053] onNewUniStream sess=0x7f5aa8065760
relay-1        | V1008 00:53:08.839958     8 MoQSession.cpp:3451] controlReadLoop sess=0x7f5aa8065760
relay-1        | V1008 00:53:08.839964     8 MoQSession.cpp:3235] onClientSetup sess=0x7f5aa8065760
relay-1        | V1008 00:53:08.839968     8 MoQServerBase.cpp:88] MoQServerBase::ClientSetup
relay-1        | V1008 00:53:08.839971     8 MoQServerBase.cpp:93] MoQServerBase::ClientSetup: Using ALPN-negotiated version: moqt-18
relay-1        | V1008 00:53:08.839976     8 MoQSession.cpp:3313] Negotiated Version=0xff000012 (draft-18)
relay-1        | V1008 00:53:08.840047     8 MoQSession.cpp:7083] onNewBidiStream sess=0x7f5aa8065760
relay-1        | V1008 00:53:08.840070     8 MoQSession.cpp:3451] controlReadLoop sess=0x7f5aa8065760
relay-1        | V1008 00:53:08.840112     8 MoQSession.cpp:4413] onSubscribeImpl ftn=moq-test-00/0/0/0/2/4/5/64/32/2/1/1/0/-1/-1/0/moq-test-34eb77a905e97139 sess=0x7f5aa8065760
relay-1        | V1008 00:53:08.917587     8 MoQSession.cpp:2604] ~MoQSession sess=0x7f5aa80082a0
test-client-1  | [2m2026-10-08T00:53:09.041705Z[0m [32m INFO[0m [2mmoq_native_ietf::quic[0m[2m:[0m UDP socket bound [3mbind[0m[2m=[0m[::]:0 [3mlocal[0m[2m=[0m[::]:42438 [3mdual_stack[0m[2m=[0mtrue
relay-1        | V1008 00:53:09.044105     8 MoQServer.cpp:334] MoQServer WebTransport: supported protocols: moqt-18, moqt-16, moqt-15, moq-00
relay-1        | V1008 00:53:09.044132     8 MoQServer.cpp:344] WebTransport: Negotiated protocol: moqt-18
relay-1        | V1008 00:53:09.044238     8 MoQSession.cpp:2739] start sess=0x7f5aa80826b0
relay-1        | V1008 00:53:09.044259     8 MoQSession.cpp:3083] sendSetup sess=0x7f5aa80826b0
relay-1        | V1008 00:53:09.044290     8 MoQSession.cpp:3039] controlWriteLoop sess=0x7f5aa80826b0
relay-1        | V1008 00:53:09.044668     8 MoQSession.cpp:7053] onNewUniStream sess=0x7f5aa80826b0
relay-1        | V1008 00:53:09.044699     8 MoQSession.cpp:3451] controlReadLoop sess=0x7f5aa80826b0
relay-1        | V1008 00:53:09.044709     8 MoQSession.cpp:3235] onClientSetup sess=0x7f5aa80826b0
relay-1        | V1008 00:53:09.044713     8 MoQServerBase.cpp:88] MoQServerBase::ClientSetup
relay-1        | V1008 00:53:09.044729     8 MoQServerBase.cpp:93] MoQServerBase::ClientSetup: Using ALPN-negotiated version: moqt-18
relay-1        | V1008 00:53:09.044735     8 MoQSession.cpp:3313] Negotiated Version=0xff000012 (draft-18)
relay-1        | V1008 00:53:09.044915     8 MoQSession.cpp:7083] onNewBidiStream sess=0x7f5aa80826b0
relay-1        | V1008 00:53:09.044947     8 MoQSession.cpp:3451] controlReadLoop sess=0x7f5aa80826b0
relay-1        | V1008 00:53:09.044961     8 MoQSession.cpp:5094] onPublishImpl reqID=0 sess=0x7f5aa80826b0
relay-1        | V1008 00:53:09.044983     8 MoQRelay.cpp:422] publish ftn=moq-test-00/0/0/0/2/4/5/64/32/2/1/1/0/-1/-1/0/moq-test-34eb77a905e97139
relay-1        | E1008 00:53:09.044995     8 MoQRelay.cpp:82] prefix not found in tree
relay-1        | V1008 00:53:09.045028     8 MoQSession.cpp:6221] publishOk reqID=0 sess=0x7f5aa80826b0
relay-1        | V1008 00:53:09.045156     8 MoQLocation.h:24] m=AbsoluteStart g=0 o=0
relay-1        | V1008 00:53:09.045164     8 MoQLocation.h:59] g=0 o=0 g=4611686018427387903 o=4611686018427387903
relay-1        | I1008 00:53:09.045170     8 MoQRelay.cpp:1975] Updating forward for moq-test-00/0/0/0/2/4/5/64/32/2/1/1/0/-1/-1/0/moq-test-34eb77a905e97139 numForwardingSubs=1
relay-1        | V1008 00:53:09.045181     8 MoQSession.cpp:6409] sendSubscribeOk sess=0x7f5aa8065760
relay-1        | V1008 00:53:09.045236     8 MoQSession.cpp:6727] requestUpdate sess=0x7f5aa80826b0
relay-1        | V1008 00:53:09.045461     8 MoQSession.cpp:5250] PublishDone id=0 code=2 reason=publish ended
relay-1        | V1008 00:53:09.045471     8 MoQSession.cpp:2232] processPublishDone trackReceiveState=0x7f5aa808b520
relay-1        | V1008 00:53:09.045475     8 MoQRelay.cpp:383] onPublishDoneImpl ftn=moq-test-00/0/0/0/2/4/5/64/32/2/1/1/0/-1/-1/0/moq-test-34eb77a905e97139
relay-1        | V1008 00:53:09.045481     8 MoQRelay.cpp:303] Pruning empty subtree at: moq-test-00
relay-1        | V1008 00:53:09.045490     8 MoQForwarder.cpp:610] publishDone pubDone reason=publish ended
relay-1        | V1008 00:53:09.045497     8 MoQForwarder.cpp:308] drainSubscriber from publishDone session=59
test-client-1  | [2m2026-10-08T00:53:09.045300Z[0m [32m INFO[0m [2mmoq_test_client::moqtest[0m[2m:[0m PUBLISH accepted and subscription bound; generating objects [3mobjects[0m[2m=[0m15 [3mstreams[0m[2m=[0m3
relay-1        | V1008 00:53:09.045500     8 MoQSession.cpp:6522] sendPublishDone sess=0x7f5aa8065760
relay-1        | V1008 00:53:09.045511     8 MoQSession.cpp:6697] publisherDrained id=0 sess=0x7f5aa8065760
relay-1        | V1008 00:53:09.045515     8 MoQForwarder.cpp:372] Resetting open subgroups for subscriber=0x7f5aa8070d40
relay-1        | V1008 00:53:09.045518     8 MoQForwarder.cpp:391] subscribers_.size()=0
relay-1        | I1008 00:53:09.045524     8 MoQRelay.cpp:1938] Publisher terminated for moq-test-00/0/0/0/2/4/5/64/32/2/1/1/0/-1/-1/0/moq-test-34eb77a905e97139
relay-1        | V1008 00:53:09.045535     8 MoQSession.cpp:3616] Failing pending request id=1 peer FINed without terminal reply sess=0x7f5aa80826b0
relay-1        | V1008 00:53:09.045561     8 MoQSession.cpp:3456] exit controlReadLoop sess=0x7f5aa80826b0
relay-1        | E1008 00:53:09.045648     8 MoQRelay.cpp:36] requestUpdate failed: peer FINed without terminal reply
relay-1        | V1008 00:53:09.045855     8 MoQSession.cpp:3456] exit controlReadLoop sess=0x7f5aa8065760
relay-1        | V1008 00:53:09.045870     8 MoQSession.cpp:3456] exit controlReadLoop sess=0x7f5aa8065760
test-client-1  | not ok 10 - moq-test-subgroup-per-group
relay-1        | V1008 00:53:09.060339     8 MoQSession.cpp:3456] exit controlReadLoop sess=0x7f5aa80826b0
test-client-1  |   ---
test-client-1  |   duration_ms: 223
test-client-1  |   message: "failed to create subgroup: cancelled"
test-client-1  |   ...
relay-1        | E20261008 00:53:09.060396     8 HQControlCodec.h:58] Unexpected control stream EOF
relay-1        | E20261008 00:53:09.060479     8 HQSession.cpp:3175] Got error on control stream error=HTTP: Critical stream was closed streamID=2 sess=proto=h3, UA=, client CID=9282a574c2310092, server CID=4000000953ed0e68, downstream=[::ffff:172.18.0.3]:42438, [::]:4443=local, drain=none
relay-1        | E20261008 00:53:09.060510     8 HQControlCodec.h:58] Unexpected control stream EOF
relay-1        | E20261008 00:53:09.060518     8 HQSession.cpp:3175] Got error on control stream error=HTTP: Critical stream was closed streamID=2 sess=proto=h3, UA=, client CID=aeb4ace5782fa9af, server CID=400000183e9c330e, downstream=[::ffff:172.18.0.3]:33914, [::]:4443=local, drain=none
relay-1        | E1008 00:53:09.060581     8 MoQServer.h:234] proxygen::HTTPException: Got error=ApplicationError: 260, HTTP error on control stream
relay-1        | V1008 00:53:09.060603     8 MoQSession.cpp:7502] onSessionEnderr=4294967295 sess=0x7f5aa80826b0
relay-1        | V1008 00:53:09.060609     8 MoQSession.cpp:3015] close sess=0x7f5aa80826b0
relay-1        | V1008 00:53:09.060618     8 MoQSession.cpp:2659] requestCancellation from cleanup sess=0x7f5aa80826b0
relay-1        | V1008 00:53:09.060632     8 MoQSession.cpp:3032] requestCancellation from close sess=0x7f5aa80826b0
relay-1        | E1008 00:53:09.060772     8 MoQServer.h:234] proxygen::HTTPException: Got error=ApplicationError: 260, HTTP error on control stream
relay-1        | V1008 00:53:09.060784     8 MoQSession.cpp:7502] onSessionEnderr=4294967295 sess=0x7f5aa8065760
test-client-1  | [2m2026-10-08T00:53:09.060742Z[0m [33m WARN[0m [2mweb_transport_quinn::session[0m[2m:[0m failed to read capsule [3me[0m[2m=[0mUnexpectedEnd
relay-1        | V1008 00:53:09.060786     8 MoQSession.cpp:3015] close sess=0x7f5aa8065760
relay-1        | V1008 00:53:09.060792     8 MoQSession.cpp:2659] requestCancellation from cleanup sess=0x7f5aa8065760
relay-1        | V1008 00:53:09.060801     8 MoQSession.cpp:3032] requestCancellation from close sess=0x7f5aa8065760
relay-1        | V1008 00:53:09.060919     8 MoQSession.cpp:3041] exit controlWriteLoop sess=0x7f5aa80826b0
relay-1        | V1008 00:53:09.060927     8 MoQSession.cpp:2604] ~MoQSession sess=0x7f5aa80826b0
relay-1        | V1008 00:53:09.060940     8 MoQSession.cpp:3041] exit controlWriteLoop sess=0x7f5aa8065760
test-client-1  | [2m2026-10-08T00:53:09.060877Z[0m [33m WARN[0m [2mweb_transport_quinn::session[0m[2m:[0m failed to read capsule [3me[0m[2m=[0mUnexpectedEnd
test-client-1  | [2m2026-10-08T00:53:09.061229Z[0m [32m INFO[0m [2mmoq_native_ietf::quic[0m[2m:[0m UDP socket bound [3mbind[0m[2m=[0m[::]:0 [3mlocal[0m[2m=[0m[::]:49334 [3mdual_stack[0m[2m=[0mtrue
relay-1        | V1008 00:53:09.063112     8 MoQServer.cpp:334] MoQServer WebTransport: supported protocols: moqt-18, moqt-16, moqt-15, moq-00
relay-1        | V1008 00:53:09.063132     8 MoQServer.cpp:344] WebTransport: Negotiated protocol: moqt-18
relay-1        | V1008 00:53:09.063219     8 MoQSession.cpp:2739] start sess=0x7f5aa80826b0
relay-1        | V1008 00:53:09.063237     8 MoQSession.cpp:3083] sendSetup sess=0x7f5aa80826b0
relay-1        | V1008 00:53:09.063264     8 MoQSession.cpp:3039] controlWriteLoop sess=0x7f5aa80826b0
relay-1        | V1008 00:53:09.063501     8 MoQSession.cpp:7053] onNewUniStream sess=0x7f5aa80826b0
relay-1        | V1008 00:53:09.063523     8 MoQSession.cpp:3451] controlReadLoop sess=0x7f5aa80826b0
relay-1        | V1008 00:53:09.063530     8 MoQSession.cpp:3235] onClientSetup sess=0x7f5aa80826b0
relay-1        | V1008 00:53:09.063534     8 MoQServerBase.cpp:88] MoQServerBase::ClientSetup
relay-1        | V1008 00:53:09.063537     8 MoQServerBase.cpp:93] MoQServerBase::ClientSetup: Using ALPN-negotiated version: moqt-18
relay-1        | V1008 00:53:09.063541     8 MoQSession.cpp:3313] Negotiated Version=0xff000012 (draft-18)
relay-1        | V1008 00:53:09.063579     8 MoQSession.cpp:7083] onNewBidiStream sess=0x7f5aa80826b0
relay-1        | V1008 00:53:09.063600     8 MoQSession.cpp:3451] controlReadLoop sess=0x7f5aa80826b0
relay-1        | V1008 00:53:09.063615     8 MoQSession.cpp:4413] onSubscribeImpl ftn=moq-test-00/0/0/0/2/5/5/64/32/2/1/1/1/-1/-1/0/moq-test-68fb41d410ba02f0 sess=0x7f5aa80826b0
relay-1        | V1008 00:53:09.073755     8 MoQSession.cpp:2604] ~MoQSession sess=0x7f5aa8065760
test-client-1  | [2m2026-10-08T00:53:09.265425Z[0m [32m INFO[0m [2mmoq_native_ietf::quic[0m[2m:[0m UDP socket bound [3mbind[0m[2m=[0m[::]:0 [3mlocal[0m[2m=[0m[::]:33176 [3mdual_stack[0m[2m=[0mtrue
relay-1        | V1008 00:53:09.267925     8 MoQServer.cpp:334] MoQServer WebTransport: supported protocols: moqt-18, moqt-16, moqt-15, moq-00
relay-1        | V1008 00:53:09.267953     8 MoQServer.cpp:344] WebTransport: Negotiated protocol: moqt-18
relay-1        | V1008 00:53:09.268046     8 MoQSession.cpp:2739] start sess=0x7f5aa8033180
relay-1        | V1008 00:53:09.268067     8 MoQSession.cpp:3083] sendSetup sess=0x7f5aa8033180
relay-1        | V1008 00:53:09.268100     8 MoQSession.cpp:3039] controlWriteLoop sess=0x7f5aa8033180
relay-1        | V1008 00:53:09.268398     8 MoQSession.cpp:7053] onNewUniStream sess=0x7f5aa8033180
relay-1        | V1008 00:53:09.268462     8 MoQSession.cpp:7083] onNewBidiStream sess=0x7f5aa8033180
relay-1        | V1008 00:53:09.268479     8 MoQSession.cpp:3451] controlReadLoop sess=0x7f5aa8033180
relay-1        | V1008 00:53:09.268486     8 MoQSession.cpp:3235] onClientSetup sess=0x7f5aa8033180
relay-1        | V1008 00:53:09.268490     8 MoQServerBase.cpp:88] MoQServerBase::ClientSetup
relay-1        | V1008 00:53:09.268493     8 MoQServerBase.cpp:93] MoQServerBase::ClientSetup: Using ALPN-negotiated version: moqt-18
relay-1        | V1008 00:53:09.268499     8 MoQSession.cpp:3313] Negotiated Version=0xff000012 (draft-18)
relay-1        | V1008 00:53:09.268525     8 MoQSession.cpp:3451] controlReadLoop sess=0x7f5aa8033180
relay-1        | V1008 00:53:09.268539     8 MoQSession.cpp:5094] onPublishImpl reqID=0 sess=0x7f5aa8033180
relay-1        | V1008 00:53:09.268567     8 MoQRelay.cpp:422] publish ftn=moq-test-00/0/0/0/2/5/5/64/32/2/1/1/1/-1/-1/0/moq-test-68fb41d410ba02f0
relay-1        | E1008 00:53:09.268586     8 MoQRelay.cpp:82] prefix not found in tree
relay-1        | V1008 00:53:09.268617     8 MoQSession.cpp:6221] publishOk reqID=0 sess=0x7f5aa8033180
relay-1        | V1008 00:53:09.268722     8 MoQLocation.h:24] m=AbsoluteStart g=0 o=0
relay-1        | V1008 00:53:09.268736     8 MoQLocation.h:59] g=0 o=0 g=4611686018427387903 o=4611686018427387903
relay-1        | I1008 00:53:09.268745     8 MoQRelay.cpp:1975] Updating forward for moq-test-00/0/0/0/2/5/5/64/32/2/1/1/1/-1/-1/0/moq-test-68fb41d410ba02f0 numForwardingSubs=1
relay-1        | V1008 00:53:09.268756     8 MoQSession.cpp:6409] sendSubscribeOk sess=0x7f5aa80826b0
relay-1        | V1008 00:53:09.268809     8 MoQSession.cpp:6727] requestUpdate sess=0x7f5aa8033180
test-client-1  | [2m2026-10-08T00:53:09.268922Z[0m [32m INFO[0m [2mmoq_test_client::moqtest[0m[2m:[0m PUBLISH accepted and subscription bound; generating objects [3mobjects[0m[2m=[0m15 [3mstreams[0m[2m=[0m3
relay-1        | V1008 00:53:09.269122     8 MoQSession.cpp:5250] PublishDone id=0 code=2 reason=publish ended
relay-1        | V1008 00:53:09.269144     8 MoQSession.cpp:2232] processPublishDone trackReceiveState=0x7f5aa8083a70
relay-1        | V1008 00:53:09.269148     8 MoQRelay.cpp:383] onPublishDoneImpl ftn=moq-test-00/0/0/0/2/5/5/64/32/2/1/1/1/-1/-1/0/moq-test-68fb41d410ba02f0
relay-1        | V1008 00:53:09.269160     8 MoQRelay.cpp:303] Pruning empty subtree at: moq-test-00
relay-1        | V1008 00:53:09.269168     8 MoQForwarder.cpp:610] publishDone pubDone reason=publish ended
relay-1        | V1008 00:53:09.269191     8 MoQForwarder.cpp:308] drainSubscriber from publishDone session=69
relay-1        | V1008 00:53:09.269195     8 MoQSession.cpp:6522] sendPublishDone sess=0x7f5aa80826b0
relay-1        | V1008 00:53:09.269209     8 MoQSession.cpp:6697] publisherDrained id=0 sess=0x7f5aa80826b0
relay-1        | V1008 00:53:09.269214     8 MoQForwarder.cpp:372] Resetting open subgroups for subscriber=0x7f5aa8063960
relay-1        | V1008 00:53:09.269217     8 MoQForwarder.cpp:391] subscribers_.size()=0
relay-1        | I1008 00:53:09.269223     8 MoQRelay.cpp:1938] Publisher terminated for moq-test-00/0/0/0/2/5/5/64/32/2/1/1/1/-1/-1/0/moq-test-68fb41d410ba02f0
relay-1        | V1008 00:53:09.269233     8 MoQSession.cpp:3616] Failing pending request id=1 peer FINed without terminal reply sess=0x7f5aa8033180
relay-1        | V1008 00:53:09.269244     8 MoQSession.cpp:3456] exit controlReadLoop sess=0x7f5aa8033180
relay-1        | E1008 00:53:09.269306     8 MoQRelay.cpp:36] requestUpdate failed: peer FINed without terminal reply
relay-1        | V1008 00:53:09.269587     8 MoQSession.cpp:3456] exit controlReadLoop sess=0x7f5aa80826b0
relay-1        | V1008 00:53:09.269605     8 MoQSession.cpp:3456] exit controlReadLoop sess=0x7f5aa80826b0
test-client-1  | not ok 11 - moq-test-subgroup-per-group-eog
test-client-1  |   ---
test-client-1  |   duration_ms: 226
test-client-1  |   message: "failed to create subgroup: cancelled"
test-client-1  |   ...
test-client-1  | [2m2026-10-08T00:53:09.287288Z[0m [33m WARN[0m [2mweb_transport_quinn::session[0m[2m:[0m failed to read capsule [3me[0m[2m=[0mUnexpectedEnd
test-client-1  | [2m2026-10-08T00:53:09.287329Z[0m [33m WARN[0m [2mweb_transport_quinn::session[0m[2m:[0m failed to read capsule [3me[0m[2m=[0mUnexpectedEnd
relay-1        | V1008 00:53:09.286969     8 MoQSession.cpp:3456] exit controlReadLoop sess=0x7f5aa8033180
relay-1        | E20261008 00:53:09.287021     8 HQControlCodec.h:58] Unexpected control stream EOF
relay-1        | E20261008 00:53:09.287074     8 HQSession.cpp:3175] Got error on control stream error=HTTP: Critical stream was closed streamID=2 sess=proto=h3, UA=, client CID=29cce7c4af914fb6, server CID=4000001351bc8217, downstream=[::ffff:172.18.0.3]:33176, [::]:4443=local, drain=none
relay-1        | E20261008 00:53:09.287102     8 HQControlCodec.h:58] Unexpected control stream EOF
relay-1        | E20261008 00:53:09.287110     8 HQSession.cpp:3175] Got error on control stream error=HTTP: Critical stream was closed streamID=2 sess=proto=h3, UA=, client CID=2664ff65752dbbbc, server CID=40000014c04053a3, downstream=[::ffff:172.18.0.3]:49334, [::]:4443=local, drain=none
relay-1        | E1008 00:53:09.287148     8 MoQServer.h:234] proxygen::HTTPException: Got error=ApplicationError: 260, HTTP error on control stream
relay-1        | V1008 00:53:09.287154     8 MoQSession.cpp:7502] onSessionEnderr=4294967295 sess=0x7f5aa8033180
relay-1        | V1008 00:53:09.287157     8 MoQSession.cpp:3015] close sess=0x7f5aa8033180
relay-1        | V1008 00:53:09.287165     8 MoQSession.cpp:2659] requestCancellation from cleanup sess=0x7f5aa8033180
relay-1        | V1008 00:53:09.287182     8 MoQSession.cpp:3032] requestCancellation from close sess=0x7f5aa8033180
relay-1        | E1008 00:53:09.287270     8 MoQServer.h:234] proxygen::HTTPException: Got error=ApplicationError: 260, HTTP error on control stream
relay-1        | V1008 00:53:09.287274     8 MoQSession.cpp:7502] onSessionEnderr=4294967295 sess=0x7f5aa80826b0
relay-1        | V1008 00:53:09.287276     8 MoQSession.cpp:3015] close sess=0x7f5aa80826b0
relay-1        | V1008 00:53:09.287280     8 MoQSession.cpp:2659] requestCancellation from cleanup sess=0x7f5aa80826b0
relay-1        | V1008 00:53:09.287287     8 MoQSession.cpp:3032] requestCancellation from close sess=0x7f5aa80826b0
relay-1        | V1008 00:53:09.287374     8 MoQSession.cpp:3041] exit controlWriteLoop sess=0x7f5aa8033180
relay-1        | V1008 00:53:09.287382     8 MoQSession.cpp:2604] ~MoQSession sess=0x7f5aa8033180
relay-1        | V1008 00:53:09.287395     8 MoQSession.cpp:3041] exit controlWriteLoop sess=0x7f5aa80826b0
test-client-1  | [2m2026-10-08T00:53:09.287857Z[0m [32m INFO[0m [2mmoq_native_ietf::quic[0m[2m:[0m UDP socket bound [3mbind[0m[2m=[0m[::]:0 [3mlocal[0m[2m=[0m[::]:59852 [3mdual_stack[0m[2m=[0mtrue
relay-1        | V1008 00:53:09.290186     8 MoQServer.cpp:334] MoQServer WebTransport: supported protocols: moqt-18, moqt-16, moqt-15, moq-00
relay-1        | V1008 00:53:09.290204     8 MoQServer.cpp:344] WebTransport: Negotiated protocol: moqt-18
relay-1        | V1008 00:53:09.290277     8 MoQSession.cpp:2739] start sess=0x7f5aa80976b0
relay-1        | V1008 00:53:09.290321     8 MoQSession.cpp:3083] sendSetup sess=0x7f5aa80976b0
relay-1        | V1008 00:53:09.290365     8 MoQSession.cpp:3039] controlWriteLoop sess=0x7f5aa80976b0
relay-1        | V1008 00:53:09.290588     8 MoQSession.cpp:7053] onNewUniStream sess=0x7f5aa80976b0
relay-1        | V1008 00:53:09.290609     8 MoQSession.cpp:3451] controlReadLoop sess=0x7f5aa80976b0
relay-1        | V1008 00:53:09.290614     8 MoQSession.cpp:3235] onClientSetup sess=0x7f5aa80976b0
relay-1        | V1008 00:53:09.290618     8 MoQServerBase.cpp:88] MoQServerBase::ClientSetup
relay-1        | V1008 00:53:09.290621     8 MoQServerBase.cpp:93] MoQServerBase::ClientSetup: Using ALPN-negotiated version: moqt-18
relay-1        | V1008 00:53:09.290638     8 MoQSession.cpp:3313] Negotiated Version=0xff000012 (draft-18)
relay-1        | V1008 00:53:09.290662     8 MoQSession.cpp:7083] onNewBidiStream sess=0x7f5aa80976b0
relay-1        | V1008 00:53:09.290677     8 MoQSession.cpp:3451] controlReadLoop sess=0x7f5aa80976b0
relay-1        | V1008 00:53:09.290691     8 MoQSession.cpp:4413] onSubscribeImpl ftn=moq-test-00/1/0/0/1/3/4/64/32/2/1/1/0/-1/-1/0/moq-test-25bd78633b7a86c7 sess=0x7f5aa80976b0
relay-1        | V1008 00:53:09.297831     8 MoQSession.cpp:2604] ~MoQSession sess=0x7f5aa80826b0
test-client-1  | [2m2026-10-08T00:53:09.492442Z[0m [32m INFO[0m [2mmoq_native_ietf::quic[0m[2m:[0m UDP socket bound [3mbind[0m[2m=[0m[::]:0 [3mlocal[0m[2m=[0m[::]:49200 [3mdual_stack[0m[2m=[0mtrue
relay-1        | V1008 00:53:09.494790     8 MoQServer.cpp:334] MoQServer WebTransport: supported protocols: moqt-18, moqt-16, moqt-15, moq-00
relay-1        | V1008 00:53:09.494816     8 MoQServer.cpp:344] WebTransport: Negotiated protocol: moqt-18
relay-1        | V1008 00:53:09.494900     8 MoQSession.cpp:2739] start sess=0x7f5aa80826b0
relay-1        | V1008 00:53:09.494924     8 MoQSession.cpp:3083] sendSetup sess=0x7f5aa80826b0
relay-1        | V1008 00:53:09.494955     8 MoQSession.cpp:3039] controlWriteLoop sess=0x7f5aa80826b0
relay-1        | V1008 00:53:09.495236     8 MoQSession.cpp:7053] onNewUniStream sess=0x7f5aa80826b0
relay-1        | V1008 00:53:09.495307     8 MoQSession.cpp:3451] controlReadLoop sess=0x7f5aa80826b0
relay-1        | V1008 00:53:09.495332     8 MoQSession.cpp:3235] onClientSetup sess=0x7f5aa80826b0
relay-1        | V1008 00:53:09.495336     8 MoQServerBase.cpp:88] MoQServerBase::ClientSetup
relay-1        | V1008 00:53:09.495340     8 MoQServerBase.cpp:93] MoQServerBase::ClientSetup: Using ALPN-negotiated version: moqt-18
relay-1        | V1008 00:53:09.495345     8 MoQSession.cpp:3313] Negotiated Version=0xff000012 (draft-18)
relay-1        | V1008 00:53:09.495355     8 MoQSession.cpp:7083] onNewBidiStream sess=0x7f5aa80826b0
relay-1        | V1008 00:53:09.495374     8 MoQSession.cpp:3451] controlReadLoop sess=0x7f5aa80826b0
relay-1        | V1008 00:53:09.495393     8 MoQSession.cpp:5094] onPublishImpl reqID=0 sess=0x7f5aa80826b0
relay-1        | V1008 00:53:09.495414     8 MoQRelay.cpp:422] publish ftn=moq-test-00/1/0/0/1/3/4/64/32/2/1/1/0/-1/-1/0/moq-test-25bd78633b7a86c7
relay-1        | E1008 00:53:09.495435     8 MoQRelay.cpp:82] prefix not found in tree
relay-1        | V1008 00:53:09.495483     8 MoQSession.cpp:6221] publishOk reqID=0 sess=0x7f5aa80826b0
relay-1        | V1008 00:53:09.495640     8 MoQLocation.h:24] m=AbsoluteStart g=0 o=0
relay-1        | V1008 00:53:09.495676     8 MoQLocation.h:59] g=0 o=0 g=4611686018427387903 o=4611686018427387903
relay-1        | I1008 00:53:09.495685     8 MoQRelay.cpp:1975] Updating forward for moq-test-00/1/0/0/1/3/4/64/32/2/1/1/0/-1/-1/0/moq-test-25bd78633b7a86c7 numForwardingSubs=1
relay-1        | V1008 00:53:09.495695     8 MoQSession.cpp:6409] sendSubscribeOk sess=0x7f5aa80976b0
relay-1        | V1008 00:53:09.495757     8 MoQSession.cpp:6727] requestUpdate sess=0x7f5aa80826b0
test-client-1  | [2m2026-10-08T00:53:09.495845Z[0m [32m INFO[0m [2mmoq_test_client::moqtest[0m[2m:[0m PUBLISH accepted and subscription bound; generating objects [3mobjects[0m[2m=[0m8 [3mstreams[0m[2m=[0m8
relay-1        | V1008 00:53:09.496117     8 MoQSession.cpp:5250] PublishDone id=0 code=2 reason=publish ended
relay-1        | V1008 00:53:09.496128     8 MoQSession.cpp:2232] processPublishDone trackReceiveState=0x7f5aa80748f0
relay-1        | V1008 00:53:09.496133     8 MoQRelay.cpp:383] onPublishDoneImpl ftn=moq-test-00/1/0/0/1/3/4/64/32/2/1/1/0/-1/-1/0/moq-test-25bd78633b7a86c7
relay-1        | V1008 00:53:09.496143     8 MoQRelay.cpp:303] Pruning empty subtree at: moq-test-00
relay-1        | V1008 00:53:09.496149     8 MoQForwarder.cpp:610] publishDone pubDone reason=publish ended
relay-1        | V1008 00:53:09.496152     8 MoQForwarder.cpp:308] drainSubscriber from publishDone session=79
relay-1        | V1008 00:53:09.496157     8 MoQSession.cpp:6522] sendPublishDone sess=0x7f5aa80976b0
relay-1        | V1008 00:53:09.496168     8 MoQSession.cpp:6697] publisherDrained id=0 sess=0x7f5aa80976b0
relay-1        | V1008 00:53:09.496171     8 MoQForwarder.cpp:372] Resetting open subgroups for subscriber=0x7f5aa8064a10
relay-1        | V1008 00:53:09.496174     8 MoQForwarder.cpp:391] subscribers_.size()=0
relay-1        | I1008 00:53:09.496181     8 MoQRelay.cpp:1938] Publisher terminated for moq-test-00/1/0/0/1/3/4/64/32/2/1/1/0/-1/-1/0/moq-test-25bd78633b7a86c7
relay-1        | V1008 00:53:09.496194     8 MoQSession.cpp:3616] Failing pending request id=1 peer FINed without terminal reply sess=0x7f5aa80826b0
relay-1        | V1008 00:53:09.496199     8 MoQSession.cpp:3456] exit controlReadLoop sess=0x7f5aa80826b0
relay-1        | E1008 00:53:09.496249     8 MoQRelay.cpp:36] requestUpdate failed: peer FINed without terminal reply
relay-1        | V1008 00:53:09.496514     8 MoQSession.cpp:3456] exit controlReadLoop sess=0x7f5aa80976b0
relay-1        | V1008 00:53:09.496535     8 MoQSession.cpp:3456] exit controlReadLoop sess=0x7f5aa80976b0
test-client-1  | not ok 12 - moq-test-subgroup-per-object
test-client-1  |   ---
test-client-1  |   duration_ms: 212
test-client-1  |   message: "failed to create subgroup: cancelled"
test-client-1  |   ...
relay-1        | V1008 00:53:09.499678     8 MoQSession.cpp:3456] exit controlReadLoop sess=0x7f5aa80826b0
relay-1        | E20261008 00:53:09.499697     8 HQControlCodec.h:58] Unexpected control stream EOF
test-client-1  | [2m2026-10-08T00:53:09.499977Z[0m [33m WARN[0m [2mweb_transport_quinn::session[0m[2m:[0m failed to read capsule [3me[0m[2m=[0mUnexpectedEnd
test-client-1  | [2m2026-10-08T00:53:09.500056Z[0m [33m WARN[0m [2mweb_transport_quinn::session[0m[2m:[0m failed to read capsule [3me[0m[2m=[0mUnexpectedEnd
relay-1        | E20261008 00:53:09.499749     8 HQSession.cpp:3175] Got error on control stream error=HTTP: Critical stream was closed streamID=2 sess=proto=h3, UA=, client CID=5420bc99ef3bfb9b, server CID=40000014d4b08ec2, downstream=[::ffff:172.18.0.3]:49200, [::]:4443=local, drain=none
relay-1        | E20261008 00:53:09.499783     8 HQControlCodec.h:58] Unexpected control stream EOF
relay-1        | E20261008 00:53:09.499790     8 HQSession.cpp:3175] Got error on control stream error=HTTP: Critical stream was closed streamID=2 sess=proto=h3, UA=, client CID=04ddf0f1ee3d92c2, server CID=40000002686bb7dc, downstream=[::ffff:172.18.0.3]:59852, [::]:4443=local, drain=none
relay-1        | E1008 00:53:09.499876     8 MoQServer.h:234] proxygen::HTTPException: Got error=ApplicationError: 260, HTTP error on control stream
relay-1        | V1008 00:53:09.499881     8 MoQSession.cpp:7502] onSessionEnderr=4294967295 sess=0x7f5aa80826b0
relay-1        | V1008 00:53:09.499884     8 MoQSession.cpp:3015] close sess=0x7f5aa80826b0
relay-1        | V1008 00:53:09.499892     8 MoQSession.cpp:2659] requestCancellation from cleanup sess=0x7f5aa80826b0
relay-1        | V1008 00:53:09.499906     8 MoQSession.cpp:3032] requestCancellation from close sess=0x7f5aa80826b0
relay-1        | E1008 00:53:09.499972     8 MoQServer.h:234] proxygen::HTTPException: Got error=ApplicationError: 260, HTTP error on control stream
relay-1        | V1008 00:53:09.499975     8 MoQSession.cpp:7502] onSessionEnderr=4294967295 sess=0x7f5aa80976b0
relay-1        | V1008 00:53:09.499977     8 MoQSession.cpp:3015] close sess=0x7f5aa80976b0
relay-1        | V1008 00:53:09.499980     8 MoQSession.cpp:2659] requestCancellation from cleanup sess=0x7f5aa80976b0
relay-1        | V1008 00:53:09.499987     8 MoQSession.cpp:3032] requestCancellation from close sess=0x7f5aa80976b0
relay-1        | V1008 00:53:09.500063     8 MoQSession.cpp:3041] exit controlWriteLoop sess=0x7f5aa80826b0
relay-1        | V1008 00:53:09.500070     8 MoQSession.cpp:2604] ~MoQSession sess=0x7f5aa80826b0
relay-1        | V1008 00:53:09.500083     8 MoQSession.cpp:3041] exit controlWriteLoop sess=0x7f5aa80976b0
test-client-1  | [2m2026-10-08T00:53:09.500510Z[0m [32m INFO[0m [2mmoq_native_ietf::quic[0m[2m:[0m UDP socket bound [3mbind[0m[2m=[0m[::]:0 [3mlocal[0m[2m=[0m[::]:56930 [3mdual_stack[0m[2m=[0mtrue
relay-1        | V1008 00:53:09.503273     8 MoQServer.cpp:334] MoQServer WebTransport: supported protocols: moqt-18, moqt-16, moqt-15, moq-00
relay-1        | V1008 00:53:09.503288     8 MoQServer.cpp:344] WebTransport: Negotiated protocol: moqt-18
relay-1        | V1008 00:53:09.503346     8 MoQSession.cpp:2739] start sess=0x7f5aa8084000
relay-1        | V1008 00:53:09.503361     8 MoQSession.cpp:3083] sendSetup sess=0x7f5aa8084000
relay-1        | V1008 00:53:09.503385     8 MoQSession.cpp:3039] controlWriteLoop sess=0x7f5aa8084000
relay-1        | V1008 00:53:09.503599     8 MoQSession.cpp:7053] onNewUniStream sess=0x7f5aa8084000
relay-1        | V1008 00:53:09.503648     8 MoQSession.cpp:3451] controlReadLoop sess=0x7f5aa8084000
relay-1        | V1008 00:53:09.503658     8 MoQSession.cpp:3235] onClientSetup sess=0x7f5aa8084000
relay-1        | V1008 00:53:09.503661     8 MoQServerBase.cpp:88] MoQServerBase::ClientSetup
relay-1        | V1008 00:53:09.503664     8 MoQServerBase.cpp:93] MoQServerBase::ClientSetup: Using ALPN-negotiated version: moqt-18
relay-1        | V1008 00:53:09.503668     8 MoQSession.cpp:3313] Negotiated Version=0xff000012 (draft-18)
relay-1        | V1008 00:53:09.503677     8 MoQSession.cpp:7083] onNewBidiStream sess=0x7f5aa8084000
relay-1        | V1008 00:53:09.503693     8 MoQSession.cpp:3451] controlReadLoop sess=0x7f5aa8084000
relay-1        | V1008 00:53:09.503708     8 MoQSession.cpp:4413] onSubscribeImpl ftn=moq-test-00/2/0/0/2/6/6/64/32/2/1/1/1/-1/-1/0/moq-test-ac6d284ed6e68af1 sess=0x7f5aa8084000
relay-1        | V1008 00:53:09.509859     8 MoQSession.cpp:2604] ~MoQSession sess=0x7f5aa80976b0
test-client-1  | [2m2026-10-08T00:53:09.704617Z[0m [32m INFO[0m [2mmoq_native_ietf::quic[0m[2m:[0m UDP socket bound [3mbind[0m[2m=[0m[::]:0 [3mlocal[0m[2m=[0m[::]:42341 [3mdual_stack[0m[2m=[0mtrue
relay-1        | V1008 00:53:09.707013     8 MoQServer.cpp:334] MoQServer WebTransport: supported protocols: moqt-18, moqt-16, moqt-15, moq-00
relay-1        | V1008 00:53:09.707040     8 MoQServer.cpp:344] WebTransport: Negotiated protocol: moqt-18
relay-1        | V1008 00:53:09.707131     8 MoQSession.cpp:2739] start sess=0x7f5aa8072000
relay-1        | V1008 00:53:09.707154     8 MoQSession.cpp:3083] sendSetup sess=0x7f5aa8072000
relay-1        | V1008 00:53:09.707233     8 MoQSession.cpp:3039] controlWriteLoop sess=0x7f5aa8072000
relay-1        | V1008 00:53:09.707367     8 MoQSession.cpp:7053] onNewUniStream sess=0x7f5aa8072000
relay-1        | V1008 00:53:09.707409     8 MoQSession.cpp:3451] controlReadLoop sess=0x7f5aa8072000
relay-1        | V1008 00:53:09.707420     8 MoQSession.cpp:3235] onClientSetup sess=0x7f5aa8072000
relay-1        | V1008 00:53:09.707423     8 MoQServerBase.cpp:88] MoQServerBase::ClientSetup
relay-1        | V1008 00:53:09.707427     8 MoQServerBase.cpp:93] MoQServerBase::ClientSetup: Using ALPN-negotiated version: moqt-18
relay-1        | V1008 00:53:09.707432     8 MoQSession.cpp:3313] Negotiated Version=0xff000012 (draft-18)
relay-1        | V1008 00:53:09.707578     8 MoQSession.cpp:7083] onNewBidiStream sess=0x7f5aa8072000
relay-1        | V1008 00:53:09.707609     8 MoQSession.cpp:3451] controlReadLoop sess=0x7f5aa8072000
relay-1        | V1008 00:53:09.707625     8 MoQSession.cpp:5094] onPublishImpl reqID=0 sess=0x7f5aa8072000
relay-1        | V1008 00:53:09.707644     8 MoQRelay.cpp:422] publish ftn=moq-test-00/2/0/0/2/6/6/64/32/2/1/1/1/-1/-1/0/moq-test-ac6d284ed6e68af1
relay-1        | E1008 00:53:09.707661     8 MoQRelay.cpp:82] prefix not found in tree
relay-1        | V1008 00:53:09.707697     8 MoQSession.cpp:6221] publishOk reqID=0 sess=0x7f5aa8072000
relay-1        | V1008 00:53:09.707855     8 MoQLocation.h:24] m=AbsoluteStart g=0 o=0
relay-1        | V1008 00:53:09.707866     8 MoQLocation.h:59] g=0 o=0 g=4611686018427387903 o=4611686018427387903
relay-1        | I1008 00:53:09.707873     8 MoQRelay.cpp:1975] Updating forward for moq-test-00/2/0/0/2/6/6/64/32/2/1/1/1/-1/-1/0/moq-test-ac6d284ed6e68af1 numForwardingSubs=1
relay-1        | V1008 00:53:09.707891     8 MoQSession.cpp:6409] sendSubscribeOk sess=0x7f5aa8084000
relay-1        | V1008 00:53:09.707956     8 MoQSession.cpp:6727] requestUpdate sess=0x7f5aa8072000
test-client-1  | [2m2026-10-08T00:53:09.708070Z[0m [32m INFO[0m [2mmoq_test_client::moqtest[0m[2m:[0m PUBLISH accepted and subscription bound; generating objects [3mobjects[0m[2m=[0m18 [3mstreams[0m[2m=[0m6
relay-1        | V1008 00:53:09.708272     8 MoQSession.cpp:5250] PublishDone id=0 code=2 reason=publish ended
relay-1        | V1008 00:53:09.708282     8 MoQSession.cpp:2232] processPublishDone trackReceiveState=0x7f5aa8083a70
relay-1        | V1008 00:53:09.708285     8 MoQRelay.cpp:383] onPublishDoneImpl ftn=moq-test-00/2/0/0/2/6/6/64/32/2/1/1/1/-1/-1/0/moq-test-ac6d284ed6e68af1
relay-1        | V1008 00:53:09.708292     8 MoQRelay.cpp:303] Pruning empty subtree at: moq-test-00
relay-1        | V1008 00:53:09.708298     8 MoQForwarder.cpp:610] publishDone pubDone reason=publish ended
relay-1        | V1008 00:53:09.708301     8 MoQForwarder.cpp:308] drainSubscriber from publishDone session=89
relay-1        | V1008 00:53:09.708307     8 MoQSession.cpp:6522] sendPublishDone sess=0x7f5aa8084000
relay-1        | V1008 00:53:09.708318     8 MoQSession.cpp:6697] publisherDrained id=0 sess=0x7f5aa8084000
relay-1        | V1008 00:53:09.708321     8 MoQForwarder.cpp:372] Resetting open subgroups for subscriber=0x7f5aa806a290
relay-1        | V1008 00:53:09.708324     8 MoQForwarder.cpp:391] subscribers_.size()=0
relay-1        | I1008 00:53:09.708331     8 MoQRelay.cpp:1938] Publisher terminated for moq-test-00/2/0/0/2/6/6/64/32/2/1/1/1/-1/-1/0/moq-test-ac6d284ed6e68af1
relay-1        | V1008 00:53:09.708341     8 MoQSession.cpp:3616] Failing pending request id=1 peer FINed without terminal reply sess=0x7f5aa8072000
relay-1        | V1008 00:53:09.708346     8 MoQSession.cpp:3456] exit controlReadLoop sess=0x7f5aa8072000
relay-1        | E1008 00:53:09.708392     8 MoQRelay.cpp:36] requestUpdate failed: peer FINed without terminal reply
relay-1        | V1008 00:53:09.708589     8 MoQSession.cpp:3456] exit controlReadLoop sess=0x7f5aa8084000
relay-1        | V1008 00:53:09.708616     8 MoQSession.cpp:3456] exit controlReadLoop sess=0x7f5aa8084000
test-client-1  | not ok 13 - moq-test-two-subgroups-eog
test-client-1  |   ---
test-client-1  |   duration_ms: 230
test-client-1  |   message: "failed to create subgroup 0: cancelled"
test-client-1  |   ...
test-client-1  | [2m2026-10-08T00:53:09.730347Z[0m [33m WARN[0m [2mweb_transport_quinn::session[0m[2m:[0m failed to read capsule [3me[0m[2m=[0mUnexpectedEnd
test-client-1  | [2m2026-10-08T00:53:09.730387Z[0m [33m WARN[0m [2mweb_transport_quinn::session[0m[2m:[0m failed to read capsule [3me[0m[2m=[0mUnexpectedEnd
relay-1        | V1008 00:53:09.730059     8 MoQSession.cpp:3456] exit controlReadLoop sess=0x7f5aa8072000
relay-1        | E20261008 00:53:09.730080     8 HQControlCodec.h:58] Unexpected control stream EOF
relay-1        | E20261008 00:53:09.730132     8 HQSession.cpp:3175] Got error on control stream error=HTTP: Critical stream was closed streamID=2 sess=proto=h3, UA=, client CID=bca8091323d65c77, server CID=40000001f4f18e84, downstream=[::ffff:172.18.0.3]:42341, [::]:4443=local, drain=none
relay-1        | E20261008 00:53:09.730161     8 HQControlCodec.h:58] Unexpected control stream EOF
relay-1        | E20261008 00:53:09.730168     8 HQSession.cpp:3175] Got error on control stream error=HTTP: Critical stream was closed streamID=2 sess=proto=h3, UA=, client CID=eadf12ddc9ea6b57, server CID=400000021f663b03, downstream=[::ffff:172.18.0.3]:56930, [::]:4443=local, drain=none
relay-1        | E1008 00:53:09.730205     8 MoQServer.h:234] proxygen::HTTPException: Got error=ApplicationError: 260, HTTP error on control stream
relay-1        | V1008 00:53:09.730210     8 MoQSession.cpp:7502] onSessionEnderr=4294967295 sess=0x7f5aa8072000
relay-1        | V1008 00:53:09.730212     8 MoQSession.cpp:3015] close sess=0x7f5aa8072000
relay-1        | V1008 00:53:09.730221     8 MoQSession.cpp:2659] requestCancellation from cleanup sess=0x7f5aa8072000
relay-1        | V1008 00:53:09.730235     8 MoQSession.cpp:3032] requestCancellation from close sess=0x7f5aa8072000
relay-1        | E1008 00:53:09.730314     8 MoQServer.h:234] proxygen::HTTPException: Got error=ApplicationError: 260, HTTP error on control stream
relay-1        | V1008 00:53:09.730317     8 MoQSession.cpp:7502] onSessionEnderr=4294967295 sess=0x7f5aa8084000
relay-1        | V1008 00:53:09.730319     8 MoQSession.cpp:3015] close sess=0x7f5aa8084000
relay-1        | V1008 00:53:09.730322     8 MoQSession.cpp:2659] requestCancellation from cleanup sess=0x7f5aa8084000
relay-1        | V1008 00:53:09.730329     8 MoQSession.cpp:3032] requestCancellation from close sess=0x7f5aa8084000
relay-1        | V1008 00:53:09.730413     8 MoQSession.cpp:3041] exit controlWriteLoop sess=0x7f5aa8072000
relay-1        | V1008 00:53:09.730421     8 MoQSession.cpp:2604] ~MoQSession sess=0x7f5aa8072000
relay-1        | V1008 00:53:09.730435     8 MoQSession.cpp:3041] exit controlWriteLoop sess=0x7f5aa8084000
test-client-1  | [2m2026-10-08T00:53:09.730929Z[0m [32m INFO[0m [2mmoq_native_ietf::quic[0m[2m:[0m UDP socket bound [3mbind[0m[2m=[0m[::]:0 [3mlocal[0m[2m=[0m[::]:60102 [3mdual_stack[0m[2m=[0mtrue
relay-1        | V1008 00:53:09.733022     8 MoQServer.cpp:334] MoQServer WebTransport: supported protocols: moqt-18, moqt-16, moqt-15, moq-00
relay-1        | V1008 00:53:09.733043     8 MoQServer.cpp:344] WebTransport: Negotiated protocol: moqt-18
relay-1        | V1008 00:53:09.733110     8 MoQSession.cpp:2739] start sess=0x7f5aa8033180
relay-1        | V1008 00:53:09.733127     8 MoQSession.cpp:3083] sendSetup sess=0x7f5aa8033180
relay-1        | V1008 00:53:09.733202     8 MoQSession.cpp:3039] controlWriteLoop sess=0x7f5aa8033180
relay-1        | V1008 00:53:09.733401     8 MoQSession.cpp:7053] onNewUniStream sess=0x7f5aa8033180
relay-1        | V1008 00:53:09.733427     8 MoQSession.cpp:3451] controlReadLoop sess=0x7f5aa8033180
relay-1        | V1008 00:53:09.733435     8 MoQSession.cpp:3235] onClientSetup sess=0x7f5aa8033180
relay-1        | V1008 00:53:09.733438     8 MoQServerBase.cpp:88] MoQServerBase::ClientSetup
relay-1        | V1008 00:53:09.733441     8 MoQServerBase.cpp:93] MoQServerBase::ClientSetup: Using ALPN-negotiated version: moqt-18
relay-1        | V1008 00:53:09.733446     8 MoQSession.cpp:3313] Negotiated Version=0xff000012 (draft-18)
relay-1        | V1008 00:53:09.733620     8 MoQSession.cpp:7083] onNewBidiStream sess=0x7f5aa8033180
relay-1        | V1008 00:53:09.733682     8 MoQSession.cpp:3451] controlReadLoop sess=0x7f5aa8033180
relay-1        | V1008 00:53:09.733703     8 MoQSession.cpp:4413] onSubscribeImpl ftn=moq-test-00/3/0/0/2/4/5/64/32/20/1/1/0/-1/-1/0/moq-test-1d2a7dc3f2e6e9fd sess=0x7f5aa8033180
relay-1        | V1008 00:53:09.740921     8 MoQSession.cpp:2604] ~MoQSession sess=0x7f5aa8084000
test-client-1  | [2m2026-10-08T00:53:09.934879Z[0m [32m INFO[0m [2mmoq_native_ietf::quic[0m[2m:[0m UDP socket bound [3mbind[0m[2m=[0m[::]:0 [3mlocal[0m[2m=[0m[::]:53022 [3mdual_stack[0m[2m=[0mtrue
relay-1        | V1008 00:53:09.937189     8 MoQServer.cpp:334] MoQServer WebTransport: supported protocols: moqt-18, moqt-16, moqt-15, moq-00
relay-1        | V1008 00:53:09.937220     8 MoQServer.cpp:344] WebTransport: Negotiated protocol: moqt-18
relay-1        | V1008 00:53:09.937310     8 MoQSession.cpp:2739] start sess=0x7f5aa8065760
relay-1        | V1008 00:53:09.937330     8 MoQSession.cpp:3083] sendSetup sess=0x7f5aa8065760
relay-1        | V1008 00:53:09.937361     8 MoQSession.cpp:3039] controlWriteLoop sess=0x7f5aa8065760
relay-1        | V1008 00:53:09.937706     8 MoQSession.cpp:7053] onNewUniStream sess=0x7f5aa8065760
relay-1        | V1008 00:53:09.937761     8 MoQSession.cpp:7083] onNewBidiStream sess=0x7f5aa8065760
relay-1        | V1008 00:53:09.937774     8 MoQSession.cpp:3451] controlReadLoop sess=0x7f5aa8065760
relay-1        | V1008 00:53:09.937785     8 MoQSession.cpp:3235] onClientSetup sess=0x7f5aa8065760
relay-1        | V1008 00:53:09.937789     8 MoQServerBase.cpp:88] MoQServerBase::ClientSetup
relay-1        | V1008 00:53:09.937795     8 MoQServerBase.cpp:93] MoQServerBase::ClientSetup: Using ALPN-negotiated version: moqt-18
relay-1        | V1008 00:53:09.937801     8 MoQSession.cpp:3313] Negotiated Version=0xff000012 (draft-18)
relay-1        | V1008 00:53:09.937863     8 MoQSession.cpp:3451] controlReadLoop sess=0x7f5aa8065760
relay-1        | V1008 00:53:09.937890     8 MoQSession.cpp:5094] onPublishImpl reqID=0 sess=0x7f5aa8065760
relay-1        | V1008 00:53:09.937907     8 MoQRelay.cpp:422] publish ftn=moq-test-00/3/0/0/2/4/5/64/32/20/1/1/0/-1/-1/0/moq-test-1d2a7dc3f2e6e9fd
relay-1        | E1008 00:53:09.937930     8 MoQRelay.cpp:82] prefix not found in tree
relay-1        | V1008 00:53:09.937977     8 MoQSession.cpp:6221] publishOk reqID=0 sess=0x7f5aa8065760
relay-1        | V1008 00:53:09.938097     8 MoQLocation.h:24] m=AbsoluteStart g=0 o=0
relay-1        | V1008 00:53:09.938105     8 MoQLocation.h:59] g=0 o=0 g=4611686018427387903 o=4611686018427387903
relay-1        | I1008 00:53:09.938112     8 MoQRelay.cpp:1975] Updating forward for moq-test-00/3/0/0/2/4/5/64/32/20/1/1/0/-1/-1/0/moq-test-1d2a7dc3f2e6e9fd numForwardingSubs=1
relay-1        | V1008 00:53:09.938123     8 MoQSession.cpp:6409] sendSubscribeOk sess=0x7f5aa8033180
relay-1        | V1008 00:53:09.938187     8 MoQSession.cpp:6727] requestUpdate sess=0x7f5aa8065760
test-client-1  | [2m2026-10-08T00:53:09.938331Z[0m [33m WARN[0m [2mmoq_transport::session[0m[2m:[0m unexpected bidi response message type [3mmsg_type[0m[2m=[0m2
test-client-1  | [2m2026-10-08T00:53:09.938362Z[0m [33m WARN[0m [2mmoq_transport::serve::error[0m[2m:[0m [32ac3684-6ce5-4120-9a4e-1058566ff16b] Not implemented: bidi response type 0x2 at moq-transport/src/session/error.rs:89
test-client-1  | [2m2026-10-08T00:53:09.938482Z[0m [32m INFO[0m [2mmoq_test_client::moqtest[0m[2m:[0m PUBLISH accepted and subscription bound; generating objects [3mobjects[0m[2m=[0m15 [3mstreams[0m[2m=[0m0
relay-1        | V1008 00:53:09.938455     8 MoQSession.cpp:3616] Failing pending request id=1 peer FINed without terminal reply sess=0x7f5aa8065760
relay-1        | V1008 00:53:09.938470     8 MoQSession.cpp:3456] exit controlReadLoop sess=0x7f5aa8065760
relay-1        | E1008 00:53:09.938481     8 MoQRelay.cpp:36] requestUpdate failed: peer FINed without terminal reply
relay-1        | V1008 00:53:09.958917     8 MoQSession.cpp:3456] exit controlReadLoop sess=0x7f5aa8065760
relay-1        | E20261008 00:53:09.958964     8 HQControlCodec.h:58] Unexpected control stream EOF
relay-1        | E20261008 00:53:09.959023     8 HQSession.cpp:3175] Got error on control stream error=HTTP: Critical stream was closed streamID=2 sess=proto=h3, UA=, client CID=7bd9bfc0e394774b, server CID=40000000642dee0a, downstream=[::ffff:172.18.0.3]:53022, [::]:4443=local, drain=none
relay-1        | E1008 00:53:09.959075     8 MoQServer.h:234] proxygen::HTTPException: Got error=ApplicationError: 260, HTTP error on control stream
relay-1        | V1008 00:53:09.959081     8 MoQSession.cpp:7502] onSessionEnderr=4294967295 sess=0x7f5aa8065760
relay-1        | V1008 00:53:09.959084     8 MoQSession.cpp:3015] close sess=0x7f5aa8065760
relay-1        | V1008 00:53:09.959092     8 MoQSession.cpp:2203] subscribeError trackReceiveState=0x7f5aa80718b0
relay-1        | V1008 00:53:09.959094     8 MoQSession.cpp:2232] processPublishDone trackReceiveState=0x7f5aa80718b0
relay-1        | V1008 00:53:09.959099     8 MoQRelay.cpp:383] onPublishDoneImpl ftn=moq-test-00/3/0/0/2/4/5/64/32/20/1/1/0/-1/-1/0/moq-test-1d2a7dc3f2e6e9fd
relay-1        | V1008 00:53:09.959109     8 MoQRelay.cpp:303] Pruning empty subtree at: moq-test-00
relay-1        | V1008 00:53:09.959119     8 MoQForwarder.cpp:610] publishDone pubDone reason=closed locally
relay-1        | V1008 00:53:09.959137     8 MoQForwarder.cpp:308] drainSubscriber from publishDone session=99
relay-1        | V1008 00:53:09.959150     8 MoQSession.cpp:6522] sendPublishDone sess=0x7f5aa8033180
relay-1        | V1008 00:53:09.959171     8 MoQSession.cpp:6697] publisherDrained id=0 sess=0x7f5aa8033180
relay-1        | V1008 00:53:09.959182     8 MoQForwarder.cpp:372] Resetting open subgroups for subscriber=0x7f5aa807d260
test-client-1  | not ok 14 - moq-test-datagram
relay-1        | V1008 00:53:09.959192     8 MoQForwarder.cpp:391] subscribers_.size()=0
relay-1        | I1008 00:53:09.959204     8 MoQRelay.cpp:1938] Publisher terminated for moq-test-00/3/0/0/2/4/5/64/32/20/1/1/0/-1/-1/0/moq-test-1d2a7dc3f2e6e9fd
relay-1        | V1008 00:53:09.959211     8 MoQSession.cpp:2186] cancel alias=0 requestID=0
relay-1        | V1008 00:53:09.959215     8 MoQSession.cpp:2659] requestCancellation from cleanup sess=0x7f5aa8065760
relay-1        | V1008 00:53:09.959229     8 MoQSession.cpp:3032] requestCancellation from close sess=0x7f5aa8065760
relay-1        | V1008 00:53:09.959404     8 MoQSession.cpp:3041] exit controlWriteLoop sess=0x7f5aa8065760
relay-1        | E20261008 00:53:09.959417     8 HQControlCodec.h:58] Unexpected control stream EOF
test-client-1  |   ---
relay-1        | E20261008 00:53:09.959438     8 HQSession.cpp:3175] Got error on control stream error=HTTP: Critical stream was closed streamID=2 sess=proto=h3, UA=, client CID=0dc59e32b8dd44e6, server CID=400000142b606731, downstream=[::ffff:172.18.0.3]:60102, [::]:4443=local, drain=none
relay-1        | E1008 00:53:09.959481     8 MoQServer.h:234] proxygen::HTTPException: Got error=ApplicationError: 260, HTTP error on control stream
relay-1        | V1008 00:53:09.959485     8 MoQSession.cpp:7502] onSessionEnderr=4294967295 sess=0x7f5aa8033180
relay-1        | V1008 00:53:09.959487     8 MoQSession.cpp:3015] close sess=0x7f5aa8033180
relay-1        | V1008 00:53:09.959492     8 MoQSession.cpp:2659] requestCancellation from cleanup sess=0x7f5aa8033180
relay-1        | V1008 00:53:09.959501     8 MoQSession.cpp:3032] requestCancellation from close sess=0x7f5aa8033180
relay-1        | V1008 00:53:09.959564     8 MoQSession.cpp:3456] exit controlReadLoop sess=0x7f5aa8033180
test-client-1  |   duration_ms: 228
test-client-1  |   message: "failed to write datagram: cancelled"
test-client-1  |   ...
relay-1        | V1008 00:53:09.959582     8 MoQSession.cpp:3456] exit controlReadLoop sess=0x7f5aa8033180
relay-1        | V1008 00:53:09.959621     8 MoQSession.cpp:3041] exit controlWriteLoop sess=0x7f5aa8033180
test-client-1  | [2m2026-10-08T00:53:09.959710Z[0m [33m WARN[0m [2mweb_transport_quinn::session[0m[2m:[0m failed to read capsule [3me[0m[2m=[0mUnexpectedEnd
test-client-1  | [2m2026-10-08T00:53:09.959745Z[0m [33m WARN[0m [2mweb_transport_quinn::session[0m[2m:[0m failed to read capsule [3me[0m[2m=[0mUnexpectedEnd
test-client-1  | [2m2026-10-08T00:53:09.959974Z[0m [32m INFO[0m [2mmoq_native_ietf::quic[0m[2m:[0m UDP socket bound [3mbind[0m[2m=[0m[::]:0 [3mlocal[0m[2m=[0m[::]:40461 [3mdual_stack[0m[2m=[0mtrue
relay-1        | V1008 00:53:09.961775     8 MoQServer.cpp:334] MoQServer WebTransport: supported protocols: moqt-18, moqt-16, moqt-15, moq-00
relay-1        | V1008 00:53:09.961792     8 MoQServer.cpp:344] WebTransport: Negotiated protocol: moqt-18
relay-1        | V1008 00:53:09.961875     8 MoQSession.cpp:2739] start sess=0x7f5aa808a610
relay-1        | V1008 00:53:09.961893     8 MoQSession.cpp:3083] sendSetup sess=0x7f5aa808a610
relay-1        | V1008 00:53:09.961917     8 MoQSession.cpp:3039] controlWriteLoop sess=0x7f5aa808a610
relay-1        | V1008 00:53:09.962162     8 MoQSession.cpp:7053] onNewUniStream sess=0x7f5aa808a610
relay-1        | V1008 00:53:09.962185     8 MoQSession.cpp:3451] controlReadLoop sess=0x7f5aa808a610
relay-1        | V1008 00:53:09.962190     8 MoQSession.cpp:3235] onClientSetup sess=0x7f5aa808a610
relay-1        | V1008 00:53:09.962193     8 MoQServerBase.cpp:88] MoQServerBase::ClientSetup
relay-1        | V1008 00:53:09.962195     8 MoQServerBase.cpp:93] MoQServerBase::ClientSetup: Using ALPN-negotiated version: moqt-18
relay-1        | V1008 00:53:09.962200     8 MoQSession.cpp:3313] Negotiated Version=0xff000012 (draft-18)
relay-1        | V1008 00:53:09.962273     8 MoQSession.cpp:7083] onNewBidiStream sess=0x7f5aa808a610
relay-1        | V1008 00:53:09.962339     8 MoQSession.cpp:3451] controlReadLoop sess=0x7f5aa808a610
relay-1        | V1008 00:53:09.962357     8 MoQSession.cpp:4413] onSubscribeImpl ftn=moq-test-00/3/0/0/2/5/5/64/32/20/1/1/1/-1/-1/0/moq-test-13b56ca723d7c0c4 sess=0x7f5aa808a610
relay-1        | V1008 00:53:09.970498     8 MoQSession.cpp:2604] ~MoQSession sess=0x7f5aa8033180
relay-1        | V1008 00:53:09.970542     8 MoQSession.cpp:2604] ~MoQSession sess=0x7f5aa8065760
test-client-1  | [2m2026-10-08T00:53:10.164531Z[0m [32m INFO[0m [2mmoq_native_ietf::quic[0m[2m:[0m UDP socket bound [3mbind[0m[2m=[0m[::]:0 [3mlocal[0m[2m=[0m[::]:42390 [3mdual_stack[0m[2m=[0mtrue
relay-1        | V1008 00:53:10.167401     8 MoQServer.cpp:334] MoQServer WebTransport: supported protocols: moqt-18, moqt-16, moqt-15, moq-00
relay-1        | V1008 00:53:10.167427     8 MoQServer.cpp:344] WebTransport: Negotiated protocol: moqt-18
relay-1        | V1008 00:53:10.167527     8 MoQSession.cpp:2739] start sess=0x7f5aa8033180
relay-1        | V1008 00:53:10.167562     8 MoQSession.cpp:3083] sendSetup sess=0x7f5aa8033180
relay-1        | V1008 00:53:10.167635     8 MoQSession.cpp:3039] controlWriteLoop sess=0x7f5aa8033180
relay-1        | V1008 00:53:10.167706     8 MoQSession.cpp:7053] onNewUniStream sess=0x7f5aa8033180
relay-1        | V1008 00:53:10.167741     8 MoQSession.cpp:3451] controlReadLoop sess=0x7f5aa8033180
relay-1        | V1008 00:53:10.167747     8 MoQSession.cpp:3235] onClientSetup sess=0x7f5aa8033180
relay-1        | V1008 00:53:10.167751     8 MoQServerBase.cpp:88] MoQServerBase::ClientSetup
relay-1        | V1008 00:53:10.167754     8 MoQServerBase.cpp:93] MoQServerBase::ClientSetup: Using ALPN-negotiated version: moqt-18
relay-1        | V1008 00:53:10.167758     8 MoQSession.cpp:3313] Negotiated Version=0xff000012 (draft-18)
relay-1        | V1008 00:53:10.168009     8 MoQSession.cpp:7083] onNewBidiStream sess=0x7f5aa8033180
relay-1        | V1008 00:53:10.168063     8 MoQSession.cpp:3451] controlReadLoop sess=0x7f5aa8033180
relay-1        | V1008 00:53:10.168079     8 MoQSession.cpp:5094] onPublishImpl reqID=0 sess=0x7f5aa8033180
relay-1        | V1008 00:53:10.168097     8 MoQRelay.cpp:422] publish ftn=moq-test-00/3/0/0/2/5/5/64/32/20/1/1/1/-1/-1/0/moq-test-13b56ca723d7c0c4
relay-1        | E1008 00:53:10.168121     8 MoQRelay.cpp:82] prefix not found in tree
relay-1        | V1008 00:53:10.168153     8 MoQSession.cpp:6221] publishOk reqID=0 sess=0x7f5aa8033180
relay-1        | V1008 00:53:10.168288     8 MoQLocation.h:24] m=AbsoluteStart g=0 o=0
relay-1        | V1008 00:53:10.168298     8 MoQLocation.h:59] g=0 o=0 g=4611686018427387903 o=4611686018427387903
relay-1        | I1008 00:53:10.168304     8 MoQRelay.cpp:1975] Updating forward for moq-test-00/3/0/0/2/5/5/64/32/20/1/1/1/-1/-1/0/moq-test-13b56ca723d7c0c4 numForwardingSubs=1
relay-1        | V1008 00:53:10.168316     8 MoQSession.cpp:6409] sendSubscribeOk sess=0x7f5aa808a610
relay-1        | V1008 00:53:10.168364     8 MoQSession.cpp:6727] requestUpdate sess=0x7f5aa8033180
test-client-1  | [2m2026-10-08T00:53:10.168545Z[0m [33m WARN[0m [2mmoq_transport::session[0m[2m:[0m unexpected bidi response message type [3mmsg_type[0m[2m=[0m2
test-client-1  | [2m2026-10-08T00:53:10.168570Z[0m [33m WARN[0m [2mmoq_transport::serve::error[0m[2m:[0m [7ec69214-fc13-4cd2-84e4-383c1c2a6350] Not implemented: bidi response type 0x2 at moq-transport/src/session/error.rs:89
relay-1        | V1008 00:53:10.168682     8 MoQSession.cpp:3616] Failing pending request id=1 peer FINed without terminal reply sess=0x7f5aa8033180
relay-1        | V1008 00:53:10.168697     8 MoQSession.cpp:3456] exit controlReadLoop sess=0x7f5aa8033180
relay-1        | E1008 00:53:10.168738     8 MoQRelay.cpp:36] requestUpdate failed: peer FINed without terminal reply
test-client-1  | not ok 15 - moq-test-datagram-eog
test-client-1  |   ---
test-client-1  |   duration_ms: 209
test-client-1  |   message: "PUBLISH was rejected: cancelled"
test-client-1  |   ...
relay-1        | V1008 00:53:10.168758     8 MoQSession.cpp:3456] exit controlReadLoop sess=0x7f5aa8033180
relay-1        | E20261008 00:53:10.168946     8 HQControlCodec.h:58] Unexpected control stream EOF
relay-1        | E20261008 00:53:10.169020     8 HQSession.cpp:3175] Got error on control stream error=HTTP: Critical stream was closed streamID=2 sess=proto=h3, UA=, client CID=992bc53c6578da34, server CID=40000009524c0d56, downstream=[::ffff:172.18.0.3]:42390, [::]:4443=local, drain=none
relay-1        | E20261008 00:53:10.169078     8 HQControlCodec.h:58] Unexpected control stream EOF
relay-1        | E20261008 00:53:10.169090     8 HQSession.cpp:3175] Got error on control stream error=HTTP: Critical stream was closed streamID=2 sess=proto=h3, UA=, client CID=4c3cfeea70bf47f0, server CID=4000001f765ebe2e, downstream=[::ffff:172.18.0.3]:40461, [::]:4443=local, drain=none
relay-1        | E1008 00:53:10.169140     8 MoQServer.h:234] proxygen::HTTPException: Got error=ApplicationError: 260, HTTP error on control stream
relay-1        | V1008 00:53:10.169152     8 MoQSession.cpp:7502] onSessionEnderr=4294967295 sess=0x7f5aa8033180
relay-1        | V1008 00:53:10.169155     8 MoQSession.cpp:3015] close sess=0x7f5aa8033180
relay-1        | V1008 00:53:10.169163     8 MoQSession.cpp:2203] subscribeError trackReceiveState=0x7f5aa80748f0
relay-1        | V1008 00:53:10.169166     8 MoQSession.cpp:2232] processPublishDone trackReceiveState=0x7f5aa80748f0
relay-1        | V1008 00:53:10.169171     8 MoQRelay.cpp:383] onPublishDoneImpl ftn=moq-test-00/3/0/0/2/5/5/64/32/20/1/1/1/-1/-1/0/moq-test-13b56ca723d7c0c4
relay-1        | V1008 00:53:10.169181     8 MoQRelay.cpp:303] Pruning empty subtree at: moq-test-00
relay-1        | V1008 00:53:10.169194     8 MoQForwarder.cpp:610] publishDone pubDone reason=closed locally
relay-1        | V1008 00:53:10.169199     8 MoQForwarder.cpp:308] drainSubscriber from publishDone session=109
relay-1        | V1008 00:53:10.169202     8 MoQSession.cpp:6522] sendPublishDone sess=0x7f5aa808a610
relay-1        | V1008 00:53:10.169215     8 MoQSession.cpp:6697] publisherDrained id=0 sess=0x7f5aa808a610
relay-1        | V1008 00:53:10.169225     8 MoQForwarder.cpp:372] Resetting open subgroups for subscriber=0x7f5aa8082be0
relay-1        | V1008 00:53:10.169228     8 MoQForwarder.cpp:391] subscribers_.size()=0
relay-1        | I1008 00:53:10.169235     8 MoQRelay.cpp:1938] Publisher terminated for moq-test-00/3/0/0/2/5/5/64/32/20/1/1/1/-1/-1/0/moq-test-13b56ca723d7c0c4
relay-1        | V1008 00:53:10.169246     8 MoQSession.cpp:2186] cancel alias=0 requestID=0
relay-1        | V1008 00:53:10.169250     8 MoQSession.cpp:2659] requestCancellation from cleanup sess=0x7f5aa8033180
relay-1        | V1008 00:53:10.169264     8 MoQSession.cpp:3032] requestCancellation from close sess=0x7f5aa8033180
test-client-1  | [2m2026-10-08T00:53:10.169406Z[0m [33m WARN[0m [2mweb_transport_quinn::session[0m[2m:[0m failed to read capsule [3me[0m[2m=[0mUnexpectedEnd
test-client-1  | [2m2026-10-08T00:53:10.169454Z[0m [33m WARN[0m [2mweb_transport_quinn::session[0m[2m:[0m failed to read capsule [3me[0m[2m=[0mUnexpectedEnd
relay-1        | E1008 00:53:10.169353     8 MoQServer.h:234] proxygen::HTTPException: Got error=ApplicationError: 260, HTTP error on control stream
relay-1        | V1008 00:53:10.169361     8 MoQSession.cpp:7502] onSessionEnderr=4294967295 sess=0x7f5aa808a610
relay-1        | V1008 00:53:10.169363     8 MoQSession.cpp:3015] close sess=0x7f5aa808a610
relay-1        | V1008 00:53:10.169367     8 MoQSession.cpp:2659] requestCancellation from cleanup sess=0x7f5aa808a610
relay-1        | V1008 00:53:10.169374     8 MoQSession.cpp:3032] requestCancellation from close sess=0x7f5aa808a610
relay-1        | V1008 00:53:10.169442     8 MoQSession.cpp:3456] exit controlReadLoop sess=0x7f5aa808a610
relay-1        | V1008 00:53:10.169451     8 MoQSession.cpp:3456] exit controlReadLoop sess=0x7f5aa808a610
relay-1        | V1008 00:53:10.169502     8 MoQSession.cpp:3041] exit controlWriteLoop sess=0x7f5aa8033180
relay-1        | V1008 00:53:10.169526     8 MoQSession.cpp:2604] ~MoQSession sess=0x7f5aa8033180
relay-1        | V1008 00:53:10.169540     8 MoQSession.cpp:3041] exit controlWriteLoop sess=0x7f5aa808a610
test-client-1  | [2m2026-10-08T00:53:10.169782Z[0m [32m INFO[0m [2mmoq_native_ietf::quic[0m[2m:[0m UDP socket bound [3mbind[0m[2m=[0m[::]:0 [3mlocal[0m[2m=[0m[::]:42590 [3mdual_stack[0m[2m=[0mtrue
relay-1        | V1008 00:53:10.171532     8 MoQServer.cpp:334] MoQServer WebTransport: supported protocols: moqt-18, moqt-16, moqt-15, moq-00
relay-1        | V1008 00:53:10.171566     8 MoQServer.cpp:344] WebTransport: Negotiated protocol: moqt-18
relay-1        | V1008 00:53:10.171644     8 MoQSession.cpp:2739] start sess=0x7f5aa8072000
relay-1        | V1008 00:53:10.171659     8 MoQSession.cpp:3083] sendSetup sess=0x7f5aa8072000
relay-1        | V1008 00:53:10.171683     8 MoQSession.cpp:3039] controlWriteLoop sess=0x7f5aa8072000
relay-1        | V1008 00:53:10.171885     8 MoQSession.cpp:7053] onNewUniStream sess=0x7f5aa8072000
relay-1        | V1008 00:53:10.171914     8 MoQSession.cpp:3451] controlReadLoop sess=0x7f5aa8072000
relay-1        | V1008 00:53:10.171918     8 MoQSession.cpp:3235] onClientSetup sess=0x7f5aa8072000
relay-1        | V1008 00:53:10.171921     8 MoQServerBase.cpp:88] MoQServerBase::ClientSetup
relay-1        | V1008 00:53:10.171924     8 MoQServerBase.cpp:93] MoQServerBase::ClientSetup: Using ALPN-negotiated version: moqt-18
relay-1        | V1008 00:53:10.171929     8 MoQSession.cpp:3313] Negotiated Version=0xff000012 (draft-18)
relay-1        | V1008 00:53:10.172007     8 MoQSession.cpp:7083] onNewBidiStream sess=0x7f5aa8072000
relay-1        | V1008 00:53:10.172075     8 MoQSession.cpp:3451] controlReadLoop sess=0x7f5aa8072000
relay-1        | V1008 00:53:10.172088     8 MoQSession.cpp:4413] onSubscribeImpl ftn=moq-test-00/0/0/0/2/5/5/64/32/2/1/1/1/1/2/0/moq-test-f8b18ce0eaf6e876 sess=0x7f5aa8072000
relay-1        | V1008 00:53:10.180316     8 MoQSession.cpp:2604] ~MoQSession sess=0x7f5aa808a610
test-client-1  | [2m2026-10-08T00:53:10.374032Z[0m [32m INFO[0m [2mmoq_native_ietf::quic[0m[2m:[0m UDP socket bound [3mbind[0m[2m=[0m[::]:0 [3mlocal[0m[2m=[0m[::]:52449 [3mdual_stack[0m[2m=[0mtrue
relay-1        | V1008 00:53:10.376312     8 MoQServer.cpp:334] MoQServer WebTransport: supported protocols: moqt-18, moqt-16, moqt-15, moq-00
relay-1        | V1008 00:53:10.376340     8 MoQServer.cpp:344] WebTransport: Negotiated protocol: moqt-18
relay-1        | V1008 00:53:10.376427     8 MoQSession.cpp:2739] start sess=0x7f5aa807b110
relay-1        | V1008 00:53:10.376465     8 MoQSession.cpp:3083] sendSetup sess=0x7f5aa807b110
relay-1        | V1008 00:53:10.376569     8 MoQSession.cpp:3039] controlWriteLoop sess=0x7f5aa807b110
relay-1        | V1008 00:53:10.376841     8 MoQSession.cpp:7053] onNewUniStream sess=0x7f5aa807b110
relay-1        | V1008 00:53:10.376870     8 MoQSession.cpp:3451] controlReadLoop sess=0x7f5aa807b110
relay-1        | V1008 00:53:10.376877     8 MoQSession.cpp:3235] onClientSetup sess=0x7f5aa807b110
relay-1        | V1008 00:53:10.376896     8 MoQServerBase.cpp:88] MoQServerBase::ClientSetup
relay-1        | V1008 00:53:10.376900     8 MoQServerBase.cpp:93] MoQServerBase::ClientSetup: Using ALPN-negotiated version: moqt-18
relay-1        | V1008 00:53:10.376905     8 MoQSession.cpp:3313] Negotiated Version=0xff000012 (draft-18)
relay-1        | V1008 00:53:10.376940     8 MoQSession.cpp:7083] onNewBidiStream sess=0x7f5aa807b110
relay-1        | V1008 00:53:10.376957     8 MoQSession.cpp:3451] controlReadLoop sess=0x7f5aa807b110
relay-1        | V1008 00:53:10.376968     8 MoQSession.cpp:5094] onPublishImpl reqID=0 sess=0x7f5aa807b110
relay-1        | V1008 00:53:10.376981     8 MoQRelay.cpp:422] publish ftn=moq-test-00/0/0/0/2/5/5/64/32/2/1/1/1/1/2/0/moq-test-f8b18ce0eaf6e876
relay-1        | E1008 00:53:10.376992     8 MoQRelay.cpp:82] prefix not found in tree
relay-1        | V1008 00:53:10.377017     8 MoQSession.cpp:6221] publishOk reqID=0 sess=0x7f5aa807b110
relay-1        | V1008 00:53:10.377087     8 MoQLocation.h:24] m=AbsoluteStart g=0 o=0
relay-1        | V1008 00:53:10.377091     8 MoQLocation.h:59] g=0 o=0 g=4611686018427387903 o=4611686018427387903
relay-1        | I1008 00:53:10.377097     8 MoQRelay.cpp:1975] Updating forward for moq-test-00/0/0/0/2/5/5/64/32/2/1/1/1/1/2/0/moq-test-f8b18ce0eaf6e876 numForwardingSubs=1
relay-1        | V1008 00:53:10.377118     8 MoQSession.cpp:6409] sendSubscribeOk sess=0x7f5aa8072000
relay-1        | V1008 00:53:10.377158     8 MoQSession.cpp:6727] requestUpdate sess=0x7f5aa807b110
test-client-1  | [2m2026-10-08T00:53:10.377228Z[0m [32m INFO[0m [2mmoq_test_client::moqtest[0m[2m:[0m PUBLISH accepted and subscription bound; generating objects [3mobjects[0m[2m=[0m15 [3mstreams[0m[2m=[0m3
relay-1        | V1008 00:53:10.377439     8 MoQSession.cpp:5250] PublishDone id=0 code=2 reason=publish ended
relay-1        | V1008 00:53:10.377464     8 MoQSession.cpp:2232] processPublishDone trackReceiveState=0x7f5aa808b520
relay-1        | V1008 00:53:10.377469     8 MoQRelay.cpp:383] onPublishDoneImpl ftn=moq-test-00/0/0/0/2/5/5/64/32/2/1/1/1/1/2/0/moq-test-f8b18ce0eaf6e876
relay-1        | V1008 00:53:10.377478     8 MoQRelay.cpp:303] Pruning empty subtree at: moq-test-00
relay-1        | V1008 00:53:10.377485     8 MoQForwarder.cpp:610] publishDone pubDone reason=publish ended
relay-1        | V1008 00:53:10.377490     8 MoQForwarder.cpp:308] drainSubscriber from publishDone session=119
relay-1        | V1008 00:53:10.377494     8 MoQSession.cpp:6522] sendPublishDone sess=0x7f5aa8072000
relay-1        | V1008 00:53:10.377505     8 MoQSession.cpp:6697] publisherDrained id=0 sess=0x7f5aa8072000
relay-1        | V1008 00:53:10.377508     8 MoQForwarder.cpp:372] Resetting open subgroups for subscriber=0x7f5aa8061d00
relay-1        | V1008 00:53:10.377510     8 MoQForwarder.cpp:391] subscribers_.size()=0
relay-1        | I1008 00:53:10.377518     8 MoQRelay.cpp:1938] Publisher terminated for moq-test-00/0/0/0/2/5/5/64/32/2/1/1/1/1/2/0/moq-test-f8b18ce0eaf6e876
relay-1        | V1008 00:53:10.377528     8 MoQSession.cpp:3616] Failing pending request id=1 peer FINed without terminal reply sess=0x7f5aa807b110
relay-1        | V1008 00:53:10.377537     8 MoQSession.cpp:3456] exit controlReadLoop sess=0x7f5aa807b110
relay-1        | E1008 00:53:10.377599     8 MoQRelay.cpp:36] requestUpdate failed: peer FINed without terminal reply
relay-1        | V1008 00:53:10.377903     8 MoQSession.cpp:3456] exit controlReadLoop sess=0x7f5aa8072000
relay-1        | V1008 00:53:10.377932     8 MoQSession.cpp:3456] exit controlReadLoop sess=0x7f5aa8072000
test-client-1  | not ok 16 - moq-test-extensions
test-client-1  |   ---
test-client-1  |   duration_ms: 226
test-client-1  |   message: "failed to create subgroup: cancelled"
test-client-1  |   ...
test-client-1  | [2m2026-10-08T00:53:10.395801Z[0m [33m WARN[0m [2mweb_transport_quinn::session[0m[2m:[0m failed to read capsule [3me[0m[2m=[0mUnexpectedEnd
relay-1        | E20261008 00:53:10.395514     8 HQControlCodec.h:58] Unexpected control stream EOF
relay-1        | E20261008 00:53:10.395583     8 HQSession.cpp:3175] Got error on control stream error=HTTP: Critical stream was closed streamID=2 sess=proto=h3, UA=, client CID=3fff930ed055d887, server CID=40000008862f14cf, downstream=[::ffff:172.18.0.3]:52449, [::]:4443=local, drain=none
relay-1        | E20261008 00:53:10.395622     8 HQControlCodec.h:58] Unexpected control stream EOF
relay-1        | E20261008 00:53:10.395629     8 HQSession.cpp:3175] Got error on control stream error=HTTP: Critical stream was closed streamID=2 sess=proto=h3, UA=, client CID=174851ff9073c798, server CID=400000144f8be8c4, downstream=[::ffff:172.18.0.3]:42590, [::]:4443=local, drain=none
relay-1        | E1008 00:53:10.395667     8 MoQServer.h:234] proxygen::HTTPException: Got error=ApplicationError: 260, HTTP error on control stream
relay-1        | V1008 00:53:10.395676     8 MoQSession.cpp:7502] onSessionEnderr=4294967295 sess=0x7f5aa807b110
relay-1        | V1008 00:53:10.395679     8 MoQSession.cpp:3015] close sess=0x7f5aa807b110
relay-1        | V1008 00:53:10.395687     8 MoQSession.cpp:2659] requestCancellation from cleanup sess=0x7f5aa807b110
relay-1        | V1008 00:53:10.395702     8 MoQSession.cpp:3032] requestCancellation from close sess=0x7f5aa807b110
relay-1        | E1008 00:53:10.395790     8 MoQServer.h:234] proxygen::HTTPException: Got error=ApplicationError: 260, HTTP error on control stream
test-client-1  | [2m2026-10-08T00:53:10.395913Z[0m [33m WARN[0m [2mweb_transport_quinn::session[0m[2m:[0m failed to read capsule [3me[0m[2m=[0mUnexpectedEnd
relay-1        | V1008 00:53:10.395793     8 MoQSession.cpp:7502] onSessionEnderr=4294967295 sess=0x7f5aa8072000
relay-1        | V1008 00:53:10.395795     8 MoQSession.cpp:3015] close sess=0x7f5aa8072000
relay-1        | V1008 00:53:10.395798     8 MoQSession.cpp:2659] requestCancellation from cleanup sess=0x7f5aa8072000
relay-1        | V1008 00:53:10.395805     8 MoQSession.cpp:3032] requestCancellation from close sess=0x7f5aa8072000
relay-1        | V1008 00:53:10.395990     8 MoQSession.cpp:3456] exit controlReadLoop sess=0x7f5aa807b110
relay-1        | V1008 00:53:10.396032     8 MoQSession.cpp:3041] exit controlWriteLoop sess=0x7f5aa807b110
relay-1        | V1008 00:53:10.396039     8 MoQSession.cpp:2604] ~MoQSession sess=0x7f5aa807b110
relay-1        | V1008 00:53:10.396052     8 MoQSession.cpp:3041] exit controlWriteLoop sess=0x7f5aa8072000
test-client-1  | [2m2026-10-08T00:53:10.396382Z[0m [32m INFO[0m [2mmoq_native_ietf::quic[0m[2m:[0m UDP socket bound [3mbind[0m[2m=[0m[::]:0 [3mlocal[0m[2m=[0m[::]:40516 [3mdual_stack[0m[2m=[0mtrue
relay-1        | V1008 00:53:10.398288     8 MoQServer.cpp:334] MoQServer WebTransport: supported protocols: moqt-18, moqt-16, moqt-15, moq-00
relay-1        | V1008 00:53:10.398305     8 MoQServer.cpp:344] WebTransport: Negotiated protocol: moqt-18
relay-1        | V1008 00:53:10.398369     8 MoQSession.cpp:2739] start sess=0x7f5aa807eb00
relay-1        | V1008 00:53:10.398385     8 MoQSession.cpp:3083] sendSetup sess=0x7f5aa807eb00
relay-1        | V1008 00:53:10.398451     8 MoQSession.cpp:3039] controlWriteLoop sess=0x7f5aa807eb00
relay-1        | V1008 00:53:10.398708     8 MoQSession.cpp:7053] onNewUniStream sess=0x7f5aa807eb00
relay-1        | V1008 00:53:10.398742     8 MoQSession.cpp:3451] controlReadLoop sess=0x7f5aa807eb00
relay-1        | V1008 00:53:10.398748     8 MoQSession.cpp:3235] onClientSetup sess=0x7f5aa807eb00
relay-1        | V1008 00:53:10.398757     8 MoQServerBase.cpp:88] MoQServerBase::ClientSetup
relay-1        | V1008 00:53:10.398760     8 MoQServerBase.cpp:93] MoQServerBase::ClientSetup: Using ALPN-negotiated version: moqt-18
relay-1        | V1008 00:53:10.398764     8 MoQSession.cpp:3313] Negotiated Version=0xff000012 (draft-18)
relay-1        | V1008 00:53:10.398831     8 MoQSession.cpp:7083] onNewBidiStream sess=0x7f5aa807eb00
relay-1        | V1008 00:53:10.398854     8 MoQSession.cpp:3451] controlReadLoop sess=0x7f5aa807eb00
relay-1        | V1008 00:53:10.398867     8 MoQSession.cpp:4413] onSubscribeImpl ftn=moq-test-00/0/10/3/24/7/3/40/24/2/7/2/0/-1/-1/0/moq-test-3302646e060dc9cd sess=0x7f5aa807eb00
relay-1        | V1008 00:53:10.414084     8 MoQSession.cpp:2604] ~MoQSession sess=0x7f5aa8072000
test-client-1  | [2m2026-10-08T00:53:10.600215Z[0m [32m INFO[0m [2mmoq_native_ietf::quic[0m[2m:[0m UDP socket bound [3mbind[0m[2m=[0m[::]:0 [3mlocal[0m[2m=[0m[::]:51651 [3mdual_stack[0m[2m=[0mtrue
relay-1        | V1008 00:53:10.603004     8 MoQServer.cpp:334] MoQServer WebTransport: supported protocols: moqt-18, moqt-16, moqt-15, moq-00
relay-1        | V1008 00:53:10.603032     8 MoQServer.cpp:344] WebTransport: Negotiated protocol: moqt-18
relay-1        | V1008 00:53:10.603122     8 MoQSession.cpp:2739] start sess=0x7f5aa8077c40
relay-1        | V1008 00:53:10.603143     8 MoQSession.cpp:3083] sendSetup sess=0x7f5aa8077c40
relay-1        | V1008 00:53:10.603218     8 MoQSession.cpp:3039] controlWriteLoop sess=0x7f5aa8077c40
relay-1        | V1008 00:53:10.603299     8 MoQSession.cpp:7053] onNewUniStream sess=0x7f5aa8077c40
relay-1        | V1008 00:53:10.603323     8 MoQSession.cpp:3451] controlReadLoop sess=0x7f5aa8077c40
relay-1        | V1008 00:53:10.603331     8 MoQSession.cpp:3235] onClientSetup sess=0x7f5aa8077c40
relay-1        | V1008 00:53:10.603338     8 MoQServerBase.cpp:88] MoQServerBase::ClientSetup
relay-1        | V1008 00:53:10.603341     8 MoQServerBase.cpp:93] MoQServerBase::ClientSetup: Using ALPN-negotiated version: moqt-18
relay-1        | V1008 00:53:10.603346     8 MoQSession.cpp:3313] Negotiated Version=0xff000012 (draft-18)
relay-1        | V1008 00:53:10.603519     8 MoQSession.cpp:7083] onNewBidiStream sess=0x7f5aa8077c40
relay-1        | V1008 00:53:10.603560     8 MoQSession.cpp:3451] controlReadLoop sess=0x7f5aa8077c40
relay-1        | V1008 00:53:10.603577     8 MoQSession.cpp:5094] onPublishImpl reqID=0 sess=0x7f5aa8077c40
relay-1        | V1008 00:53:10.603595     8 MoQRelay.cpp:422] publish ftn=moq-test-00/0/10/3/24/7/3/40/24/2/7/2/0/-1/-1/0/moq-test-3302646e060dc9cd
relay-1        | E1008 00:53:10.603616     8 MoQRelay.cpp:82] prefix not found in tree
relay-1        | V1008 00:53:10.603650     8 MoQSession.cpp:6221] publishOk reqID=0 sess=0x7f5aa8077c40
relay-1        | V1008 00:53:10.603764     8 MoQLocation.h:24] m=AbsoluteStart g=0 o=0
relay-1        | V1008 00:53:10.603774     8 MoQLocation.h:59] g=0 o=0 g=4611686018427387903 o=4611686018427387903
relay-1        | I1008 00:53:10.603781     8 MoQRelay.cpp:1975] Updating forward for moq-test-00/0/10/3/24/7/3/40/24/2/7/2/0/-1/-1/0/moq-test-3302646e060dc9cd numForwardingSubs=1
relay-1        | V1008 00:53:10.603792     8 MoQSession.cpp:6409] sendSubscribeOk sess=0x7f5aa807eb00
relay-1        | V1008 00:53:10.603840     8 MoQSession.cpp:6727] requestUpdate sess=0x7f5aa8077c40
test-client-1  | [2m2026-10-08T00:53:10.604077Z[0m [33m WARN[0m [2mmoq_transport::session[0m[2m:[0m unexpected bidi response message type [3mmsg_type[0m[2m=[0m2
test-client-1  | [2m2026-10-08T00:53:10.604091Z[0m [33m WARN[0m [2mmoq_transport::serve::error[0m[2m:[0m [cbd88faf-9d9a-4170-850a-ffa1c1653f0c] Not implemented: bidi response type 0x2 at moq-transport/src/session/error.rs:89
test-client-1  | not ok 17 - moq-test-increments
relay-1        | V1008 00:53:10.604236     8 MoQSession.cpp:3616] Failing pending request id=1 peer FINed without terminal reply sess=0x7f5aa8077c40
relay-1        | V1008 00:53:10.604254     8 MoQSession.cpp:3456] exit controlReadLoop sess=0x7f5aa8077c40
relay-1        | V1008 00:53:10.604263     8 MoQSession.cpp:3456] exit controlReadLoop sess=0x7f5aa8077c40
relay-1        | E20261008 00:53:10.604274     8 HQControlCodec.h:58] Unexpected control stream EOF
relay-1        | E20261008 00:53:10.604346     8 HQSession.cpp:3175] Got error on control stream error=HTTP: Critical stream was closed streamID=2 sess=proto=h3, UA=, client CID=966e41e2ca4d2505, server CID=400000161641db47, downstream=[::ffff:172.18.0.3]:51651, [::]:4443=local, drain=none
relay-1        | E1008 00:53:10.604403     8 MoQServer.h:234] proxygen::HTTPException: Got error=ApplicationError: 260, HTTP error on control stream
relay-1        | V1008 00:53:10.604413     8 MoQSession.cpp:7502] onSessionEnderr=4294967295 sess=0x7f5aa8077c40
relay-1        | V1008 00:53:10.604416     8 MoQSession.cpp:3015] close sess=0x7f5aa8077c40
relay-1        | V1008 00:53:10.604423     8 MoQSession.cpp:2203] subscribeError trackReceiveState=0x7f5aa80748f0
relay-1        | V1008 00:53:10.604426     8 MoQSession.cpp:2232] processPublishDone trackReceiveState=0x7f5aa80748f0
relay-1        | V1008 00:53:10.604430     8 MoQRelay.cpp:383] onPublishDoneImpl ftn=moq-test-00/0/10/3/24/7/3/40/24/2/7/2/0/-1/-1/0/moq-test-3302646e060dc9cd
relay-1        | V1008 00:53:10.604440     8 MoQRelay.cpp:303] Pruning empty subtree at: moq-test-00
relay-1        | V1008 00:53:10.604452     8 MoQForwarder.cpp:610] publishDone pubDone reason=closed locally
relay-1        | V1008 00:53:10.604456     8 MoQForwarder.cpp:308] drainSubscriber from publishDone session=129
relay-1        | V1008 00:53:10.604459     8 MoQSession.cpp:6522] sendPublishDone sess=0x7f5aa807eb00
relay-1        | V1008 00:53:10.604473     8 MoQSession.cpp:6697] publisherDrained id=0 sess=0x7f5aa807eb00
relay-1        | V1008 00:53:10.604478     8 MoQForwarder.cpp:372] Resetting open subgroups for subscriber=0x7f5aa8064710
relay-1        | V1008 00:53:10.604481     8 MoQForwarder.cpp:391] subscribers_.size()=0
relay-1        | I1008 00:53:10.604488     8 MoQRelay.cpp:1938] Publisher terminated for moq-test-00/0/10/3/24/7/3/40/24/2/7/2/0/-1/-1/0/moq-test-3302646e060dc9cd
relay-1        | V1008 00:53:10.604493     8 MoQSession.cpp:2186] cancel alias=0 requestID=0
relay-1        | V1008 00:53:10.604496     8 MoQSession.cpp:2659] requestCancellation from cleanup sess=0x7f5aa8077c40
relay-1        | V1008 00:53:10.604505     8 BidiStreamControl.cpp:37] STOP_SENDING received on bidi stream id=4 code=386759528
relay-1        | V1008 00:53:10.604510     8 MoQSession.cpp:3032] requestCancellation from close sess=0x7f5aa8077c40
relay-1        | E1008 00:53:10.604667     8 MoQRelay.cpp:36] requestUpdate failed: peer FINed without terminal reply
relay-1        | V1008 00:53:10.604728     8 MoQSession.cpp:3041] exit controlWriteLoop sess=0x7f5aa8077c40
relay-1        | E20261008 00:53:10.604748     8 HQControlCodec.h:58] Unexpected control stream EOF
relay-1        | E20261008 00:53:10.604800     8 HQSession.cpp:3175] Got error on control stream error=HTTP: Critical stream was closed streamID=2 sess=proto=h3, UA=, client CID=b197dacec5708d1d, server CID=4000001f7cab1986, downstream=[::ffff:172.18.0.3]:40516, [::]:4443=local, drain=none
test-client-1  |   ---
test-client-1  |   duration_ms: 208
test-client-1  |   message: "PUBLISH was rejected: cancelled"
test-client-1  |   ...
relay-1        | E1008 00:53:10.604923     8 MoQServer.h:234] proxygen::HTTPException: Got error=ApplicationError: 260, HTTP error on control stream
relay-1        | V1008 00:53:10.604941     8 MoQSession.cpp:7502] onSessionEnderr=4294967295 sess=0x7f5aa807eb00
relay-1        | V1008 00:53:10.604944     8 MoQSession.cpp:3015] close sess=0x7f5aa807eb00
relay-1        | V1008 00:53:10.604949     8 MoQSession.cpp:2659] requestCancellation from cleanup sess=0x7f5aa807eb00
relay-1        | V1008 00:53:10.604963     8 MoQSession.cpp:3032] requestCancellation from close sess=0x7f5aa807eb00
test-client-1  | [2m2026-10-08T00:53:10.604739Z[0m [33m WARN[0m [2mweb_transport_quinn::session[0m[2m:[0m failed to read capsule [3me[0m[2m=[0mUnexpectedEnd
test-client-1  | [2m2026-10-08T00:53:10.605064Z[0m [33m WARN[0m [2mweb_transport_quinn::session[0m[2m:[0m failed to read capsule [3me[0m[2m=[0mUnexpectedEnd
test-client-1  | [2m2026-10-08T00:53:10.605213Z[0m [32m INFO[0m [2mmoq_native_ietf::quic[0m[2m:[0m UDP socket bound [3mbind[0m[2m=[0m[::]:0 [3mlocal[0m[2m=[0m[::]:54713 [3mdual_stack[0m[2m=[0mtrue
relay-1        | V1008 00:53:10.605262     8 MoQSession.cpp:3456] exit controlReadLoop sess=0x7f5aa807eb00
relay-1        | V1008 00:53:10.605290     8 MoQSession.cpp:3456] exit controlReadLoop sess=0x7f5aa807eb00
relay-1        | V1008 00:53:10.605339     8 MoQSession.cpp:3041] exit controlWriteLoop sess=0x7f5aa807eb00
relay-1        | V1008 00:53:10.607029     8 MoQServer.cpp:334] MoQServer WebTransport: supported protocols: moqt-18, moqt-16, moqt-15, moq-00
relay-1        | V1008 00:53:10.607046     8 MoQServer.cpp:344] WebTransport: Negotiated protocol: moqt-18
relay-1        | V1008 00:53:10.607107     8 MoQSession.cpp:2739] start sess=0x7f5aa808a610
relay-1        | V1008 00:53:10.607122     8 MoQSession.cpp:3083] sendSetup sess=0x7f5aa808a610
relay-1        | V1008 00:53:10.607179     8 MoQSession.cpp:3039] controlWriteLoop sess=0x7f5aa808a610
relay-1        | V1008 00:53:10.607229     8 MoQSession.cpp:7053] onNewUniStream sess=0x7f5aa808a610
relay-1        | V1008 00:53:10.607260     8 MoQSession.cpp:3451] controlReadLoop sess=0x7f5aa808a610
relay-1        | V1008 00:53:10.607264     8 MoQSession.cpp:3235] onClientSetup sess=0x7f5aa808a610
relay-1        | V1008 00:53:10.607266     8 MoQServerBase.cpp:88] MoQServerBase::ClientSetup
relay-1        | V1008 00:53:10.607269     8 MoQServerBase.cpp:93] MoQServerBase::ClientSetup: Using ALPN-negotiated version: moqt-18
relay-1        | V1008 00:53:10.607273     8 MoQSession.cpp:3313] Negotiated Version=0xff000012 (draft-18)
relay-1        | V1008 00:53:10.607498     8 MoQSession.cpp:7083] onNewBidiStream sess=0x7f5aa808a610
relay-1        | V1008 00:53:10.607542     8 MoQSession.cpp:3451] controlReadLoop sess=0x7f5aa808a610
relay-1        | V1008 00:53:10.607575     8 MoQSession.cpp:4413] onSubscribeImpl ftn=moq-test-00/0/0/0/1/2/3/64/32/2/1/1/0/-1/-1/0/moq-test-3f0ca777ab9a2d9e sess=0x7f5aa808a610
relay-1        | V1008 00:53:10.621742     8 MoQSession.cpp:2604] ~MoQSession sess=0x7f5aa807eb00
relay-1        | V1008 00:53:10.621787     8 MoQSession.cpp:2604] ~MoQSession sess=0x7f5aa8077c40
test-client-1  | [2m2026-10-08T00:53:10.808781Z[0m [32m INFO[0m [2mmoq_native_ietf::quic[0m[2m:[0m UDP socket bound [3mbind[0m[2m=[0m[::]:0 [3mlocal[0m[2m=[0m[::]:50283 [3mdual_stack[0m[2m=[0mtrue
relay-1        | V1008 00:53:10.810934     8 MoQServer.cpp:334] MoQServer WebTransport: supported protocols: moqt-18, moqt-16, moqt-15, moq-00
relay-1        | V1008 00:53:10.810963     8 MoQServer.cpp:344] WebTransport: Negotiated protocol: moqt-18
relay-1        | V1008 00:53:10.811061     8 MoQSession.cpp:2739] start sess=0x7f5aa808ec70
relay-1        | V1008 00:53:10.811081     8 MoQSession.cpp:3083] sendSetup sess=0x7f5aa808ec70
relay-1        | V1008 00:53:10.811110     8 MoQSession.cpp:3039] controlWriteLoop sess=0x7f5aa808ec70
relay-1        | V1008 00:53:10.811376     8 MoQSession.cpp:7053] onNewUniStream sess=0x7f5aa808ec70
relay-1        | V1008 00:53:10.811409     8 MoQSession.cpp:3451] controlReadLoop sess=0x7f5aa808ec70
relay-1        | V1008 00:53:10.811416     8 MoQSession.cpp:3235] onClientSetup sess=0x7f5aa808ec70
relay-1        | V1008 00:53:10.811419     8 MoQServerBase.cpp:88] MoQServerBase::ClientSetup
relay-1        | V1008 00:53:10.811423     8 MoQServerBase.cpp:93] MoQServerBase::ClientSetup: Using ALPN-negotiated version: moqt-18
relay-1        | V1008 00:53:10.811428     8 MoQSession.cpp:3313] Negotiated Version=0xff000012 (draft-18)
relay-1        | V1008 00:53:10.811545     8 MoQSession.cpp:7083] onNewBidiStream sess=0x7f5aa808ec70
relay-1        | V1008 00:53:10.811590     8 MoQSession.cpp:3451] controlReadLoop sess=0x7f5aa808ec70
relay-1        | V1008 00:53:10.811605     8 MoQSession.cpp:5094] onPublishImpl reqID=0 sess=0x7f5aa808ec70
relay-1        | V1008 00:53:10.811622     8 MoQRelay.cpp:422] publish ftn=moq-test-00/0/0/0/1/2/3/64/32/2/1/1/0/-1/-1/0/moq-test-3f0ca777ab9a2d9e
relay-1        | E1008 00:53:10.811636     8 MoQRelay.cpp:82] prefix not found in tree
relay-1        | V1008 00:53:10.811666     8 MoQSession.cpp:6221] publishOk reqID=0 sess=0x7f5aa808ec70
relay-1        | V1008 00:53:10.811763     8 MoQLocation.h:24] m=AbsoluteStart g=0 o=0
relay-1        | V1008 00:53:10.811771     8 MoQLocation.h:59] g=0 o=0 g=4611686018427387903 o=4611686018427387903
relay-1        | V1008 00:53:10.811783     8 MoQSession.cpp:6409] sendSubscribeOk sess=0x7f5aa808a610
test-client-1  | [2m2026-10-08T00:53:10.811886Z[0m [32m INFO[0m [2mmoq_test_client::moqtest[0m[2m:[0m PUBLISH accepted and subscription bound; generating objects [3mobjects[0m[2m=[0m6 [3mstreams[0m[2m=[0m2
relay-1        | V1008 00:53:10.812082     8 MoQSession.cpp:5250] PublishDone id=0 code=2 reason=publish ended
relay-1        | V1008 00:53:10.812091     8 MoQSession.cpp:2232] processPublishDone trackReceiveState=0x7f5aa8083a70
relay-1        | V1008 00:53:10.812094     8 MoQRelay.cpp:383] onPublishDoneImpl ftn=moq-test-00/0/0/0/1/2/3/64/32/2/1/1/0/-1/-1/0/moq-test-3f0ca777ab9a2d9e
relay-1        | V1008 00:53:10.812102     8 MoQRelay.cpp:303] Pruning empty subtree at: moq-test-00
relay-1        | V1008 00:53:10.812111     8 MoQForwarder.cpp:610] publishDone pubDone reason=publish ended
relay-1        | V1008 00:53:10.812116     8 MoQForwarder.cpp:308] drainSubscriber from publishDone session=139
relay-1        | V1008 00:53:10.812119     8 MoQSession.cpp:6522] sendPublishDone sess=0x7f5aa808a610
relay-1        | V1008 00:53:10.812130     8 MoQSession.cpp:6697] publisherDrained id=0 sess=0x7f5aa808a610
relay-1        | V1008 00:53:10.812136     8 MoQForwarder.cpp:372] Resetting open subgroups for subscriber=0x7f5aa800aad0
relay-1        | V1008 00:53:10.812139     8 MoQForwarder.cpp:391] subscribers_.size()=0
relay-1        | I1008 00:53:10.812145     8 MoQRelay.cpp:1938] Publisher terminated for moq-test-00/0/0/0/1/2/3/64/32/2/1/1/0/-1/-1/0/moq-test-3f0ca777ab9a2d9e
relay-1        | V1008 00:53:10.812154     8 MoQSession.cpp:3456] exit controlReadLoop sess=0x7f5aa808ec70
relay-1        | V1008 00:53:10.812427     8 MoQSession.cpp:3456] exit controlReadLoop sess=0x7f5aa808a610
relay-1        | V1008 00:53:10.812452     8 MoQSession.cpp:3456] exit controlReadLoop sess=0x7f5aa808a610
test-client-1  | not ok 18 - moq-test-forward-zero
test-client-1  |   ---
relay-1        | E20261008 00:53:10.821763     8 HQControlCodec.h:58] Unexpected control stream EOF
relay-1        | E20261008 00:53:10.821856     8 HQSession.cpp:3175] Got error on control stream error=HTTP: Critical stream was closed streamID=2 sess=proto=h3, UA=, client CID=e230481bf8c111dc, server CID=40000016d7a100e1, downstream=[::ffff:172.18.0.3]:50283, [::]:4443=local, drain=none
relay-1        | E20261008 00:53:10.821899     8 HQControlCodec.h:58] Unexpected control stream EOF
relay-1        | E20261008 00:53:10.821911     8 HQSession.cpp:3175] Got error on control stream error=HTTP: Critical stream was closed streamID=2 sess=proto=h3, UA=, client CID=67b9910d25fa6635, server CID=4000001b84c2e0f3, downstream=[::ffff:172.18.0.3]:54713, [::]:4443=local, drain=none
relay-1        | E1008 00:53:10.821948     8 MoQServer.h:234] proxygen::HTTPException: Got error=ApplicationError: 260, HTTP error on control stream
relay-1        | V1008 00:53:10.821969     8 MoQSession.cpp:7502] onSessionEnderr=4294967295 sess=0x7f5aa808ec70
relay-1        | V1008 00:53:10.821972     8 MoQSession.cpp:3015] close sess=0x7f5aa808ec70
relay-1        | V1008 00:53:10.821981     8 MoQSession.cpp:2659] requestCancellation from cleanup sess=0x7f5aa808ec70
relay-1        | V1008 00:53:10.822001     8 MoQSession.cpp:3032] requestCancellation from close sess=0x7f5aa808ec70
test-client-1  |   duration_ms: 217
test-client-1  |   message: "failed to create subgroup: cancelled"
test-client-1  |   ...
relay-1        | E1008 00:53:10.822099     8 MoQServer.h:234] proxygen::HTTPException: Got error=ApplicationError: 260, HTTP error on control stream
relay-1        | V1008 00:53:10.822136     8 MoQSession.cpp:7502] onSessionEnderr=4294967295 sess=0x7f5aa808a610
relay-1        | V1008 00:53:10.822160     8 MoQSession.cpp:3015] close sess=0x7f5aa808a610
relay-1        | V1008 00:53:10.822169     8 MoQSession.cpp:2659] requestCancellation from cleanup sess=0x7f5aa808a610
relay-1        | V1008 00:53:10.822177     8 MoQSession.cpp:3032] requestCancellation from close sess=0x7f5aa808a610
relay-1        | V1008 00:53:10.822248     8 MoQSession.cpp:3456] exit controlReadLoop sess=0x7f5aa808ec70
relay-1        | V1008 00:53:10.822294     8 MoQSession.cpp:3041] exit controlWriteLoop sess=0x7f5aa808ec70
relay-1        | V1008 00:53:10.822305     8 MoQSession.cpp:3041] exit controlWriteLoop sess=0x7f5aa808a610
relay-1        | V1008 00:53:10.822310     8 MoQSession.cpp:2604] ~MoQSession sess=0x7f5aa808a610
relay-1        | V1008 00:53:10.831649     8 MoQSession.cpp:2604] ~MoQSession sess=0x7f5aa808ec70
[Ktest-client-1 exited with code 1
Aborting on container exit...
 Container main-test-client-1  Stopping
 Container main-test-client-1  Stopped
 Container main-relay-1  Stopping
 Container main-relay-1  Stopped

make[1]: *** [Makefile:86: test] Error 1
make[1]: Leaving directory '/home/runner/work/moq-interop-runner/moq-interop-runner/main'
