make[1]: Entering directory '/home/runner/work/moq-interop-runner/moq-interop-runner/main'
rm -rf mlog/
mkdir -p mlog/relay mlog/client
Running interop tests...
  Relay:  moxygen-interop:latest
  Client: ghcr.io/englishm/moq-interop-runner-moq-test-client-draft-18:latest
  URL:    https://relay:4443
time="2026-09-13T00:56:39Z" level=warning msg="The \"PORT\" variable is not set. Defaulting to a blank string."
time="2026-09-13T00:56:39Z" level=warning msg="The \"PORT\" variable is not set. Defaulting to a blank string."
time="2026-09-13T00:56:39Z" level=warning msg="The \"PORT\" variable is not set. Defaulting to a blank string."
time="2026-09-13T00:56:39Z" level=warning msg="The \"HEX\" variable is not set. Defaulting to a blank string."
time="2026-09-13T00:56:39Z" level=warning msg="The \"HEX\" variable is not set. Defaulting to a blank string."
 Container main-relay-1  Recreate
 Container main-relay-1  Recreated
Attaching to relay-1, test-client-1
relay-1        | V0913 00:56:39.229801     7 MoQServer.cpp:121] MoQServer: Registering ALPN handlers: moqt-18, moqt-16, moqt-15, moq-00
relay-1        | W0913 00:56:39.231019     7 MoQServer.cpp:166] UDP send buffer for fd 15 is 425984 bytes (expected 2097152)
test-client-1  | TAP version 14
test-client-1  | # moq-test-client v0.1.12
test-client-1  | # Relay: https://relay:4443/
test-client-1  | 1..18
test-client-1  | [2m2026-09-13T00:56:44.843017Z[0m [32m INFO[0m [2mmoq_native_ietf::quic[0m[2m:[0m UDP socket bound [3mbind[0m[2m=[0m[::]:0 [3mlocal[0m[2m=[0m[::]:54986 [3mdual_stack[0m[2m=[0mtrue
relay-1        | V0913 00:56:44.846412     8 MoQServer.cpp:325] MoQServer WebTransport: supported protocols: moqt-18, moqt-16, moqt-15, moq-00
relay-1        | V0913 00:56:44.846441     8 MoQServer.cpp:335] WebTransport: Negotiated protocol: moqt-18
relay-1        | V0913 00:56:44.846645     8 MoQSession.cpp:2648] start sess=0x7f15c8051b70
relay-1        | V0913 00:56:44.846682     8 MoQSession.cpp:2991] sendSetup sess=0x7f15c8051b70
relay-1        | V0913 00:56:44.846756     8 MoQSession.cpp:2947] controlWriteLoop sess=0x7f15c8051b70
test-client-1  | [2m2026-09-13T00:56:44.846951Z[0m [32m INFO[0m [2mmoq_test_client::scenarios[0m[2m:[0m SETUP exchange completed successfully
test-client-1  | ok 1 - setup-only
test-client-1  |   ---
test-client-1  |   duration_ms: 4
test-client-1  |   connection_id: cfb13fee9f79d945454432e532ecd87c
test-client-1  |   ...
relay-1        | V0913 00:56:44.847099     8 MoQSession.cpp:6787] onNewUniStream sess=0x7f15c8051b70
relay-1        | E20260913 00:56:44.847194     8 HQControlCodec.h:58] Unexpected control stream EOF
relay-1        | E20260913 00:56:44.847496     8 HQSession.cpp:3158] Got error on control stream error=HTTP: Critical stream was closed streamID=2 sess=proto=h3, UA=, client CID=3cad4865237a5f57, server CID=4000000c3bf9c0b2, downstream=[::ffff:172.18.0.3]:54986, [::]:4443=local, drain=none
relay-1        | E0913 00:56:44.847708     8 MoQServer.h:192] proxygen::HTTPException: Got error=ApplicationError: 260, HTTP error on control stream
relay-1        | V0913 00:56:44.847721     8 MoQSession.cpp:7213] onSessionEnderr=4294967295 sess=0x7f15c8051b70
relay-1        | V0913 00:56:44.847726     8 MoQSession.cpp:2923] close sess=0x7f15c8051b70
relay-1        | V0913 00:56:44.847854     8 MoQSession.cpp:2602] requestCancellation from cleanup sess=0x7f15c8051b70
relay-1        | V0913 00:56:44.847988     8 MoQSession.cpp:2940] requestCancellation from close sess=0x7f15c8051b70
relay-1        | V0913 00:56:44.848208     8 MoQSession.cpp:3346] controlReadLoop sess=0x7f15c8051b70
test-client-1  | [2m2026-09-13T00:56:44.848445Z[0m [33m WARN[0m [2mweb_transport_quinn::session[0m[2m:[0m failed to read capsule [3me[0m[2m=[0mUnexpectedEnd
test-client-1  | [2m2026-09-13T00:56:44.848475Z[0m [32m INFO[0m [2mmoq_native_ietf::quic[0m[2m:[0m UDP socket bound [3mbind[0m[2m=[0m[::]:0 [3mlocal[0m[2m=[0m[::]:36181 [3mdual_stack[0m[2m=[0mtrue
relay-1        | V0913 00:56:44.848563     8 MoQSession.cpp:3348] exit controlReadLoop sess=0x7f15c8051b70
relay-1        | V0913 00:56:44.848874     8 MoQSession.cpp:2949] exit controlWriteLoop sess=0x7f15c8051b70
relay-1        | V0913 00:56:44.848891     8 MoQSession.cpp:2540] ~MoQSession sess=0x7f15c8051b70
relay-1        | V0913 00:56:44.850383     8 MoQServer.cpp:325] MoQServer WebTransport: supported protocols: moqt-18, moqt-16, moqt-15, moq-00
relay-1        | V0913 00:56:44.850400     8 MoQServer.cpp:335] WebTransport: Negotiated protocol: moqt-18
relay-1        | V0913 00:56:44.850508     8 MoQSession.cpp:2648] start sess=0x7f15c806a980
relay-1        | V0913 00:56:44.850541     8 MoQSession.cpp:2991] sendSetup sess=0x7f15c806a980
relay-1        | V0913 00:56:44.850660     8 MoQSession.cpp:2947] controlWriteLoop sess=0x7f15c806a980
test-client-1  | [2m2026-09-13T00:56:44.850857Z[0m [32m INFO[0m [2mmoq_test_client::scenarios[0m[2m:[0m Sending PUBLISH_NAMESPACE for: moq-test/interop
relay-1        | V0913 00:56:44.850884     8 MoQSession.cpp:6787] onNewUniStream sess=0x7f15c806a980
relay-1        | V0913 00:56:44.850975     8 MoQSession.cpp:6815] onNewBidiStream sess=0x7f15c806a980
relay-1        | V0913 00:56:44.851014     8 MoQSession.cpp:3346] controlReadLoop sess=0x7f15c806a980
relay-1        | V0913 00:56:44.851065     8 MoQSession.cpp:3135] onClientSetup sess=0x7f15c806a980
relay-1        | V0913 00:56:44.851079     8 MoQServerBase.cpp:88] MoQServerBase::ClientSetup
relay-1        | V0913 00:56:44.851084     8 MoQServerBase.cpp:93] MoQServerBase::ClientSetup: Using ALPN-negotiated version: moqt-18
relay-1        | V0913 00:56:44.851089     8 MoQSession.cpp:3211] Negotiated Version=0xff000012 (draft-18)
relay-1        | V0913 00:56:44.851115     8 MoQSession.cpp:3346] controlReadLoop sess=0x7f15c806a980
relay-1        | V0913 00:56:44.851152     8 MoQRelaySession.cpp:1142] onPublishNamespaceImpl ns=moq-test/interop sess=0x7f15c806a980
relay-1        | V0913 00:56:44.851174     8 MoQRelay.cpp:134] publishNamespace ns=moq-test/interop
relay-1        | V0913 00:56:44.851185     8 MoQRelaySession.cpp:1234] publishNamespaceOk reqID=0 sess=0x7f15c806a980
test-client-1  | [2m2026-09-13T00:56:46.851703Z[0m [32m INFO[0m [2mmoq_test_client::scenarios[0m[2m:[0m PUBLISH_NAMESPACE succeeded (REQUEST_OK received, waiting for subscribers)
test-client-1  | ok 2 - publish-namespace-only
test-client-1  |   ---
test-client-1  |   duration_ms: 2004
test-client-1  |   connection_id: 2ce077cdfe8574ed50b4181f7a0ba724
test-client-1  |   ...
relay-1        | E20260913 00:56:46.851828     8 HQControlCodec.h:58] Unexpected control stream EOF
relay-1        | E20260913 00:56:46.851941     8 HQSession.cpp:3158] Got error on control stream error=HTTP: Critical stream was closed streamID=2 sess=proto=h3, UA=, client CID=f5803f5203579679, server CID=400000128edcdf09, downstream=[::ffff:172.18.0.3]:36181, [::]:4443=local, drain=none
relay-1        | E0913 00:56:46.852037     8 MoQServer.h:192] proxygen::HTTPException: Got error=ApplicationError: 260, HTTP error on control stream
relay-1        | V0913 00:56:46.852052     8 MoQSession.cpp:7213] onSessionEnderr=4294967295 sess=0x7f15c806a980
relay-1        | V0913 00:56:46.852058     8 MoQSession.cpp:2923] close sess=0x7f15c806a980
relay-1        | V0913 00:56:46.852068     8 MoQRelay.cpp:310] publishNamespaceDone ns=moq-test/interop
relay-1        | V0913 00:56:46.852081     8 MoQRelay.cpp:303] Pruning empty subtree at: moq-test
relay-1        | V0913 00:56:46.852090     8 MoQSession.cpp:2602] requestCancellation from cleanup sess=0x7f15c806a980
relay-1        | V0913 00:56:46.852109     8 BidiStreamControl.cpp:37] STOP_SENDING received on bidi stream id=4 code=386759528
relay-1        | V0913 00:56:46.852124     8 MoQSession.cpp:2940] requestCancellation from close sess=0x7f15c806a980
relay-1        | V0913 00:56:46.852241     8 MoQSession.cpp:3348] exit controlReadLoop sess=0x7f15c806a980
relay-1        | V0913 00:56:46.852264     8 MoQSession.cpp:3348] exit controlReadLoop sess=0x7f15c806a980
test-client-1  | [2m2026-09-13T00:56:46.852430Z[0m [33m WARN[0m [2mweb_transport_quinn::session[0m[2m:[0m failed to read capsule [3me[0m[2m=[0mUnexpectedEnd
relay-1        | V0913 00:56:46.852331     8 MoQSession.cpp:2949] exit controlWriteLoop sess=0x7f15c806a980
test-client-1  | [2m2026-09-13T00:56:46.852998Z[0m [32m INFO[0m [2mmoq_native_ietf::quic[0m[2m:[0m UDP socket bound [3mbind[0m[2m=[0m[::]:0 [3mlocal[0m[2m=[0m[::]:54011 [3mdual_stack[0m[2m=[0mtrue
relay-1        | V0913 00:56:46.854947     8 MoQServer.cpp:325] MoQServer WebTransport: supported protocols: moqt-18, moqt-16, moqt-15, moq-00
relay-1        | V0913 00:56:46.854963     8 MoQServer.cpp:335] WebTransport: Negotiated protocol: moqt-18
relay-1        | V0913 00:56:46.855094     8 MoQSession.cpp:2648] start sess=0x7f15c806e500
relay-1        | V0913 00:56:46.855146     8 MoQSession.cpp:2991] sendSetup sess=0x7f15c806e500
relay-1        | V0913 00:56:46.855314     8 MoQSession.cpp:2947] controlWriteLoop sess=0x7f15c806e500
relay-1        | V0913 00:56:46.855567     8 MoQSession.cpp:6787] onNewUniStream sess=0x7f15c806e500
relay-1        | V0913 00:56:46.855597     8 MoQSession.cpp:3346] controlReadLoop sess=0x7f15c806e500
relay-1        | V0913 00:56:46.855606     8 MoQSession.cpp:3135] onClientSetup sess=0x7f15c806e500
relay-1        | V0913 00:56:46.855610     8 MoQServerBase.cpp:88] MoQServerBase::ClientSetup
test-client-1  | [2m2026-09-13T00:56:46.855553Z[0m [32m INFO[0m [2mmoq_test_client::scenarios[0m[2m:[0m Subscribing to non-existent track: nonexistent/namespace/test-track
relay-1        | V0913 00:56:46.855614     8 MoQServerBase.cpp:93] MoQServerBase::ClientSetup: Using ALPN-negotiated version: moqt-18
relay-1        | V0913 00:56:46.855619     8 MoQSession.cpp:3211] Negotiated Version=0xff000012 (draft-18)
relay-1        | V0913 00:56:46.855729     8 MoQSession.cpp:6815] onNewBidiStream sess=0x7f15c806e500
relay-1        | V0913 00:56:46.855800     8 MoQSession.cpp:3346] controlReadLoop sess=0x7f15c806e500
relay-1        | V0913 00:56:46.855817     8 MoQSession.cpp:4242] onSubscribeImpl ftn=nonexistent/namespace/test-track sess=0x7f15c806e500
relay-1        | V0913 00:56:46.855835     8 MoQSession.cpp:4379] Application subscribe error err=no such namespace or track
relay-1        | V0913 00:56:46.855842     8 MoQSession.cpp:6209] subscribeError sess=0x7f15c806e500
relay-1        | V0913 00:56:46.855855     8 MoQSession.cpp:6474] publisherDrained id=0 sess=0x7f15c806e500
test-client-1  | [2m2026-09-13T00:56:46.855999Z[0m [33m WARN[0m [2mmoq_transport::serve::error[0m[2m:[0m [65c4820b-3d44-4b6d-8036-061dbbf011aa] Not found: no such namespace or track at moq-transport/src/session/subscriber.rs:1653
test-client-1  | [2m2026-09-13T00:56:46.856039Z[0m [32m INFO[0m [2mmoq_test_client::scenarios[0m[2m:[0m Got expected 'not found' error: not found: Track not found [error:65c4820b-3d44-4b6d-8036-061dbbf011aa]
test-client-1  | ok 3 - subscribe-error
relay-1        | V0913 00:56:46.856124     8 MoQSession.cpp:3348] exit controlReadLoop sess=0x7f15c806e500
relay-1        | V0913 00:56:46.856139     8 MoQSession.cpp:3348] exit controlReadLoop sess=0x7f15c806e500
test-client-1  | [2m2026-09-13T00:56:46.856382Z[0m [33m WARN[0m [2mweb_transport_quinn::session[0m[2m:[0m failed to read capsule [3me[0m[2m=[0mUnexpectedEnd
relay-1        | E20260913 00:56:46.856172     8 HQControlCodec.h:58] Unexpected control stream EOF
relay-1        | E20260913 00:56:46.856208     8 HQSession.cpp:3158] Got error on control stream error=HTTP: Critical stream was closed streamID=2 sess=proto=h3, UA=, client CID=8825b5ef79c3be8f, server CID=4000001188ed1624, downstream=[::ffff:172.18.0.3]:54011, [::]:4443=local, drain=none
relay-1        | E0913 00:56:46.856244     8 MoQServer.h:192] proxygen::HTTPException: Got error=ApplicationError: 260, HTTP error on control stream
relay-1        | V0913 00:56:46.856251     8 MoQSession.cpp:7213] onSessionEnderr=4294967295 sess=0x7f15c806e500
relay-1        | V0913 00:56:46.856254     8 MoQSession.cpp:2923] close sess=0x7f15c806e500
relay-1        | V0913 00:56:46.856259     8 MoQSession.cpp:2602] requestCancellation from cleanup sess=0x7f15c806e500
relay-1        | V0913 00:56:46.856268     8 MoQSession.cpp:2940] requestCancellation from close sess=0x7f15c806e500
relay-1        | V0913 00:56:46.856368     8 MoQSession.cpp:2949] exit controlWriteLoop sess=0x7f15c806e500
test-client-1  |   ---
test-client-1  |   duration_ms: 4
test-client-1  |   connection_id: bd74f73d1cb0882bd1de70c0689847ea
test-client-1  |   ...
test-client-1  | [2m2026-09-13T00:56:46.857111Z[0m [32m INFO[0m [2mmoq_native_ietf::quic[0m[2m:[0m UDP socket bound [3mbind[0m[2m=[0m[::]:0 [3mlocal[0m[2m=[0m[::]:32787 [3mdual_stack[0m[2m=[0mtrue
relay-1        | V0913 00:56:46.858769     8 MoQServer.cpp:325] MoQServer WebTransport: supported protocols: moqt-18, moqt-16, moqt-15, moq-00
relay-1        | V0913 00:56:46.858790     8 MoQServer.cpp:335] WebTransport: Negotiated protocol: moqt-18
relay-1        | V0913 00:56:46.858900     8 MoQSession.cpp:2648] start sess=0x7f15c807b160
relay-1        | V0913 00:56:46.858922     8 MoQSession.cpp:2991] sendSetup sess=0x7f15c807b160
relay-1        | V0913 00:56:46.858975     8 MoQSession.cpp:2947] controlWriteLoop sess=0x7f15c807b160
test-client-1  | [2m2026-09-13T00:56:46.859866Z[0m [32m INFO[0m [2mmoq_native_ietf::quic[0m[2m:[0m UDP socket bound [3mbind[0m[2m=[0m[::]:0 [3mlocal[0m[2m=[0m[::]:43663 [3mdual_stack[0m[2m=[0mtrue
relay-1        | V0913 00:56:46.860093     8 MoQSession.cpp:6787] onNewUniStream sess=0x7f15c807b160
relay-1        | V0913 00:56:46.860172     8 MoQSession.cpp:3346] controlReadLoop sess=0x7f15c807b160
relay-1        | V0913 00:56:46.860204     8 MoQSession.cpp:3135] onClientSetup sess=0x7f15c807b160
relay-1        | V0913 00:56:46.860215     8 MoQServerBase.cpp:88] MoQServerBase::ClientSetup
relay-1        | V0913 00:56:46.860219     8 MoQServerBase.cpp:93] MoQServerBase::ClientSetup: Using ALPN-negotiated version: moqt-18
relay-1        | V0913 00:56:46.860224     8 MoQSession.cpp:3211] Negotiated Version=0xff000012 (draft-18)
relay-1        | V0913 00:56:46.861505     8 MoQSession.cpp:2540] ~MoQSession sess=0x7f15c806a980
relay-1        | V0913 00:56:46.861657     8 MoQServer.cpp:325] MoQServer WebTransport: supported protocols: moqt-18, moqt-16, moqt-15, moq-00
relay-1        | V0913 00:56:46.861675     8 MoQServer.cpp:335] WebTransport: Negotiated protocol: moqt-18
relay-1        | V0913 00:56:46.861765     8 MoQSession.cpp:2648] start sess=0x7f15c8051b70
relay-1        | V0913 00:56:46.861816     8 MoQSession.cpp:2991] sendSetup sess=0x7f15c8051b70
relay-1        | V0913 00:56:46.861945     8 MoQSession.cpp:2947] controlWriteLoop sess=0x7f15c8051b70
test-client-1  | [2m2026-09-13T00:56:46.862100Z[0m [32m INFO[0m [2mmoq_test_client::scenarios[0m[2m:[0m Publisher sending PUBLISH_NAMESPACE: moq-test/interop
test-client-1  | [2m2026-09-13T00:56:46.862115Z[0m [32m INFO[0m [2mmoq_test_client::scenarios[0m[2m:[0m Subscriber subscribing to track: moq-test/interop/test-track
relay-1        | V0913 00:56:46.862057     8 MoQSession.cpp:6787] onNewUniStream sess=0x7f15c8051b70
relay-1        | V0913 00:56:46.862152     8 MoQSession.cpp:3346] controlReadLoop sess=0x7f15c8051b70
relay-1        | V0913 00:56:46.862167     8 MoQSession.cpp:3135] onClientSetup sess=0x7f15c8051b70
relay-1        | V0913 00:56:46.862171     8 MoQServerBase.cpp:88] MoQServerBase::ClientSetup
relay-1        | V0913 00:56:46.862175     8 MoQServerBase.cpp:93] MoQServerBase::ClientSetup: Using ALPN-negotiated version: moqt-18
relay-1        | V0913 00:56:46.862180     8 MoQSession.cpp:3211] Negotiated Version=0xff000012 (draft-18)
relay-1        | V0913 00:56:46.862330     8 MoQSession.cpp:6815] onNewBidiStream sess=0x7f15c8051b70
relay-1        | V0913 00:56:46.862349     8 MoQSession.cpp:6815] onNewBidiStream sess=0x7f15c807b160
relay-1        | V0913 00:56:46.862378     8 MoQSession.cpp:3346] controlReadLoop sess=0x7f15c8051b70
relay-1        | V0913 00:56:46.862387     8 MoQSession.cpp:4242] onSubscribeImpl ftn=moq-test/interop/test-track sess=0x7f15c8051b70
relay-1        | V0913 00:56:46.862395     8 MoQSession.cpp:3346] controlReadLoop sess=0x7f15c807b160
relay-1        | V0913 00:56:46.862401     8 MoQRelaySession.cpp:1142] onPublishNamespaceImpl ns=moq-test/interop sess=0x7f15c807b160
relay-1        | V0913 00:56:46.862418     8 MoQSession.cpp:4379] Application subscribe error err=no such namespace or track
relay-1        | V0913 00:56:46.862422     8 MoQSession.cpp:6209] subscribeError sess=0x7f15c8051b70
relay-1        | V0913 00:56:46.862433     8 MoQSession.cpp:6474] publisherDrained id=0 sess=0x7f15c8051b70
relay-1        | V0913 00:56:46.862441     8 MoQRelay.cpp:134] publishNamespace ns=moq-test/interop
relay-1        | V0913 00:56:46.862450     8 MoQRelaySession.cpp:1234] publishNamespaceOk reqID=0 sess=0x7f15c807b160
test-client-1  | [2m2026-09-13T00:56:46.862645Z[0m [33m WARN[0m [2mmoq_transport::serve::error[0m[2m:[0m [46b23e3e-bc4e-422c-806d-39da08e6902e] Not found: no such namespace or track at moq-transport/src/session/subscriber.rs:1653
test-client-1  | [2m2026-09-13T00:56:46.862737Z[0m [32m INFO[0m [2mmoq_test_client::scenarios[0m[2m:[0m Subscriber got error: not found: Track not found [error:46b23e3e-bc4e-422c-806d-39da08e6902e] - subscription was processed
test-client-1  | ok 4 - publish-namespace-subscribe
relay-1        | V0913 00:56:46.862819     8 MoQSession.cpp:3348] exit controlReadLoop sess=0x7f15c8051b70
relay-1        | V0913 00:56:46.862909     8 MoQSession.cpp:3348] exit controlReadLoop sess=0x7f15c8051b70
relay-1        | V0913 00:56:46.862940     8 MoQRelaySession.cpp:1300] onPublishNamespaceDone requestID=0 sess=0x7f15c807b160
relay-1        | V0913 00:56:46.862962     8 MoQRelay.cpp:310] publishNamespaceDone ns=moq-test/interop
relay-1        | V0913 00:56:46.863014     8 MoQRelay.cpp:303] Pruning empty subtree at: moq-test
relay-1        | V0913 00:56:46.863044     8 MoQSession.cpp:3348] exit controlReadLoop sess=0x7f15c807b160
relay-1        | V0913 00:56:46.863070     8 MoQSession.cpp:3348] exit controlReadLoop sess=0x7f15c807b160
relay-1        | E20260913 00:56:46.863178     8 HQControlCodec.h:58] Unexpected control stream EOF
test-client-1  |   ---
test-client-1  |   duration_ms: 6
test-client-1  |   publisher_connection_id: 0e6d6b1d7d4c56db81a220611661fa45
test-client-1  |   subscriber_connection_id: 43539c7f8dfb4975c4ca9cafeadb8692
test-client-1  |   ...
relay-1        | E20260913 00:56:46.863265     8 HQSession.cpp:3158] Got error on control stream error=HTTP: Critical stream was closed streamID=2 sess=proto=h3, UA=, client CID=73bbeed7e9f818ab, server CID=400000004d335afe, downstream=[::ffff:172.18.0.3]:43663, [::]:4443=local, drain=none
relay-1        | E20260913 00:56:46.863317     8 HQControlCodec.h:58] Unexpected control stream EOF
relay-1        | E20260913 00:56:46.863423     8 HQSession.cpp:3158] Got error on control stream error=HTTP: Critical stream was closed streamID=2 sess=proto=h3, UA=, client CID=e91397a43a33c3de, server CID=400000166afd2f51, downstream=[::ffff:172.18.0.3]:32787, [::]:4443=local, drain=none
relay-1        | E0913 00:56:46.863501     8 MoQServer.h:192] proxygen::HTTPException: Got error=ApplicationError: 260, HTTP error on control stream
relay-1        | V0913 00:56:46.863509     8 MoQSession.cpp:7213] onSessionEnderr=4294967295 sess=0x7f15c8051b70
relay-1        | V0913 00:56:46.863512     8 MoQSession.cpp:2923] close sess=0x7f15c8051b70
relay-1        | V0913 00:56:46.863517     8 MoQSession.cpp:2602] requestCancellation from cleanup sess=0x7f15c8051b70
relay-1        | V0913 00:56:46.863526     8 MoQSession.cpp:2940] requestCancellation from close sess=0x7f15c8051b70
relay-1        | E0913 00:56:46.863619     8 MoQServer.h:192] proxygen::HTTPException: Got error=ApplicationError: 260, HTTP error on control stream
relay-1        | V0913 00:56:46.863650     8 MoQSession.cpp:7213] onSessionEnderr=4294967295 sess=0x7f15c807b160
test-client-1  | [2m2026-09-13T00:56:46.863630Z[0m [33m WARN[0m [2mweb_transport_quinn::session[0m[2m:[0m failed to read capsule [3me[0m[2m=[0mUnexpectedEnd
relay-1        | V0913 00:56:46.863671     8 MoQSession.cpp:2923] close sess=0x7f15c807b160
test-client-1  | [2m2026-09-13T00:56:46.863797Z[0m [33m WARN[0m [2mweb_transport_quinn::session[0m[2m:[0m failed to read capsule [3me[0m[2m=[0mUnexpectedEnd
relay-1        | V0913 00:56:46.863697     8 MoQSession.cpp:2602] requestCancellation from cleanup sess=0x7f15c807b160
relay-1        | V0913 00:56:46.863710     8 MoQSession.cpp:2940] requestCancellation from close sess=0x7f15c807b160
relay-1        | V0913 00:56:46.863808     8 MoQSession.cpp:2949] exit controlWriteLoop sess=0x7f15c8051b70
relay-1        | V0913 00:56:46.863824     8 MoQSession.cpp:2949] exit controlWriteLoop sess=0x7f15c807b160
test-client-1  | [2m2026-09-13T00:56:46.864062Z[0m [32m INFO[0m [2mmoq_native_ietf::quic[0m[2m:[0m UDP socket bound [3mbind[0m[2m=[0m[::]:0 [3mlocal[0m[2m=[0m[::]:46095 [3mdual_stack[0m[2m=[0mtrue
relay-1        | V0913 00:56:46.865510     8 MoQServer.cpp:325] MoQServer WebTransport: supported protocols: moqt-18, moqt-16, moqt-15, moq-00
relay-1        | V0913 00:56:46.865526     8 MoQServer.cpp:335] WebTransport: Negotiated protocol: moqt-18
relay-1        | V0913 00:56:46.865626     8 MoQSession.cpp:2648] start sess=0x7f15c8079a00
relay-1        | V0913 00:56:46.865650     8 MoQSession.cpp:2991] sendSetup sess=0x7f15c8079a00
relay-1        | V0913 00:56:46.865702     8 MoQSession.cpp:2947] controlWriteLoop sess=0x7f15c8079a00
test-client-1  | [2m2026-09-13T00:56:46.865965Z[0m [32m INFO[0m [2mmoq_test_client::scenarios[0m[2m:[0m Subscriber subscribing BEFORE PUBLISH_NAMESPACE: moq-test/interop/test-track
relay-1        | V0913 00:56:46.865948     8 MoQSession.cpp:6787] onNewUniStream sess=0x7f15c8079a00
relay-1        | V0913 00:56:46.865977     8 MoQSession.cpp:3346] controlReadLoop sess=0x7f15c8079a00
relay-1        | V0913 00:56:46.865983     8 MoQSession.cpp:3135] onClientSetup sess=0x7f15c8079a00
relay-1        | V0913 00:56:46.865987     8 MoQServerBase.cpp:88] MoQServerBase::ClientSetup
relay-1        | V0913 00:56:46.865990     8 MoQServerBase.cpp:93] MoQServerBase::ClientSetup: Using ALPN-negotiated version: moqt-18
relay-1        | V0913 00:56:46.865995     8 MoQSession.cpp:3211] Negotiated Version=0xff000012 (draft-18)
relay-1        | V0913 00:56:46.866168     8 MoQSession.cpp:6815] onNewBidiStream sess=0x7f15c8079a00
relay-1        | V0913 00:56:46.866202     8 MoQSession.cpp:3346] controlReadLoop sess=0x7f15c8079a00
relay-1        | V0913 00:56:46.866211     8 MoQSession.cpp:4242] onSubscribeImpl ftn=moq-test/interop/test-track sess=0x7f15c8079a00
relay-1        | V0913 00:56:46.866224     8 MoQSession.cpp:4379] Application subscribe error err=no such namespace or track
relay-1        | V0913 00:56:46.866229     8 MoQSession.cpp:6209] subscribeError sess=0x7f15c8079a00
relay-1        | V0913 00:56:46.866239     8 MoQSession.cpp:6474] publisherDrained id=0 sess=0x7f15c8079a00
test-client-1  | [2m2026-09-13T00:56:46.866437Z[0m [33m WARN[0m [2mmoq_transport::serve::error[0m[2m:[0m [fe605f92-dc73-42fe-bc52-010c2f34a45e] Not found: no such namespace or track at moq-transport/src/session/subscriber.rs:1653
relay-1        | E20260913 00:56:46.866575     8 HQControlCodec.h:58] Unexpected control stream EOF
relay-1        | E20260913 00:56:46.866614     8 HQSession.cpp:3158] Got error on control stream error=HTTP: Critical stream was closed streamID=2 sess=proto=h3, UA=, client CID=5fcda616ade42df8, server CID=4000000170884daa, downstream=[::ffff:172.18.0.3]:46095, [::]:4443=local, drain=none
relay-1        | E0913 00:56:46.866669     8 MoQServer.h:192] proxygen::HTTPException: Got error=ApplicationError: 260, HTTP error on control stream
relay-1        | V0913 00:56:46.866683     8 MoQSession.cpp:7213] onSessionEnderr=4294967295 sess=0x7f15c8079a00
relay-1        | V0913 00:56:46.866687     8 MoQSession.cpp:2923] close sess=0x7f15c8079a00
relay-1        | V0913 00:56:46.866692     8 MoQSession.cpp:2602] requestCancellation from cleanup sess=0x7f15c8079a00
relay-1        | V0913 00:56:46.866702     8 MoQSession.cpp:2940] requestCancellation from close sess=0x7f15c8079a00
relay-1        | V0913 00:56:46.866773     8 MoQSession.cpp:3348] exit controlReadLoop sess=0x7f15c8079a00
relay-1        | V0913 00:56:46.866787     8 MoQSession.cpp:3348] exit controlReadLoop sess=0x7f15c8079a00
test-client-1  | [2m2026-09-13T00:56:46.866823Z[0m [33m WARN[0m [2mweb_transport_quinn::session[0m[2m:[0m failed to read capsule [3me[0m[2m=[0mUnexpectedEnd
relay-1        | V0913 00:56:46.866807     8 MoQSession.cpp:2949] exit controlWriteLoop sess=0x7f15c8079a00
relay-1        | V0913 00:56:46.871962     8 MoQSession.cpp:2540] ~MoQSession sess=0x7f15c806e500
relay-1        | V0913 00:56:46.871997     8 MoQSession.cpp:2540] ~MoQSession sess=0x7f15c8051b70
relay-1        | V0913 00:56:46.872019     8 MoQSession.cpp:2540] ~MoQSession sess=0x7f15c807b160
relay-1        | V0913 00:56:46.882132     8 MoQSession.cpp:2540] ~MoQSession sess=0x7f15c8079a00
test-client-1  | [2m2026-09-13T00:56:47.367119Z[0m [32m INFO[0m [2mmoq_native_ietf::quic[0m[2m:[0m UDP socket bound [3mbind[0m[2m=[0m[::]:0 [3mlocal[0m[2m=[0m[::]:54882 [3mdual_stack[0m[2m=[0mtrue
relay-1        | V0913 00:56:47.370757     8 MoQServer.cpp:325] MoQServer WebTransport: supported protocols: moqt-18, moqt-16, moqt-15, moq-00
relay-1        | V0913 00:56:47.370788     8 MoQServer.cpp:335] WebTransport: Negotiated protocol: moqt-18
relay-1        | V0913 00:56:47.370906     8 MoQSession.cpp:2648] start sess=0x7f15c8085760
relay-1        | V0913 00:56:47.370931     8 MoQSession.cpp:2991] sendSetup sess=0x7f15c8085760
relay-1        | V0913 00:56:47.370989     8 MoQSession.cpp:2947] controlWriteLoop sess=0x7f15c8085760
relay-1        | V0913 00:56:47.371360     8 MoQSession.cpp:6787] onNewUniStream sess=0x7f15c8085760
relay-1        | V0913 00:56:47.371392     8 MoQSession.cpp:3346] controlReadLoop sess=0x7f15c8085760
relay-1        | V0913 00:56:47.371400     8 MoQSession.cpp:3135] onClientSetup sess=0x7f15c8085760
relay-1        | V0913 00:56:47.371404     8 MoQServerBase.cpp:88] MoQServerBase::ClientSetup
relay-1        | V0913 00:56:47.371408     8 MoQServerBase.cpp:93] MoQServerBase::ClientSetup: Using ALPN-negotiated version: moqt-18
relay-1        | V0913 00:56:47.371414     8 MoQSession.cpp:3211] Negotiated Version=0xff000012 (draft-18)
test-client-1  | [2m2026-09-13T00:56:47.371376Z[0m [32m INFO[0m [2mmoq_test_client::scenarios[0m[2m:[0m Publisher sending PUBLISH_NAMESPACE (after subscriber): moq-test/interop
relay-1        | V0913 00:56:47.371538     8 MoQSession.cpp:6815] onNewBidiStream sess=0x7f15c8085760
relay-1        | V0913 00:56:47.371604     8 MoQSession.cpp:3346] controlReadLoop sess=0x7f15c8085760
relay-1        | V0913 00:56:47.371622     8 MoQRelaySession.cpp:1142] onPublishNamespaceImpl ns=moq-test/interop sess=0x7f15c8085760
relay-1        | V0913 00:56:47.371640     8 MoQRelay.cpp:134] publishNamespace ns=moq-test/interop
relay-1        | V0913 00:56:47.371655     8 MoQRelaySession.cpp:1234] publishNamespaceOk reqID=0 sess=0x7f15c8085760
test-client-1  | [2m2026-09-13T00:56:50.373089Z[0m [32m INFO[0m [2mmoq_test_client::scenarios[0m[2m:[0m Publisher PUBLISH_NAMESPACE timeout (expected)
test-client-1  | [2m2026-09-13T00:56:50.373109Z[0m [32m INFO[0m [2mmoq_test_client::scenarios[0m[2m:[0m Subscriber got error: not found: Track not found [error:fe605f92-dc73-42fe-bc52-010c2f34a45e] (may be expected)
test-client-1  | ok 5 - subscribe-before-publish-namespace
test-client-1  |   ---
test-client-1  |   duration_ms: 3510
test-client-1  |   subscriber_connection_id: 1cc8dc75c0f0e342c09be0ed48767d82
test-client-1  |   publisher_connection_id: 059daf4f4fb76c7ba76dcd9db9c57971
test-client-1  |   ...
test-client-1  | [2m2026-09-13T00:56:50.373545Z[0m [33m WARN[0m [2mweb_transport_quinn::session[0m[2m:[0m failed to read capsule [3me[0m[2m=[0mUnexpectedEnd
relay-1        | E20260913 00:56:50.373193     8 HQControlCodec.h:58] Unexpected control stream EOF
relay-1        | E20260913 00:56:50.373250     8 HQSession.cpp:3158] Got error on control stream error=HTTP: Critical stream was closed streamID=2 sess=proto=h3, UA=, client CID=c3bba66c3069ca0d, server CID=400000005b583134, downstream=[::ffff:172.18.0.3]:54882, [::]:4443=local, drain=none
relay-1        | E0913 00:56:50.373360     8 MoQServer.h:192] proxygen::HTTPException: Got error=ApplicationError: 260, HTTP error on control stream
relay-1        | V0913 00:56:50.373372     8 MoQSession.cpp:7213] onSessionEnderr=4294967295 sess=0x7f15c8085760
relay-1        | V0913 00:56:50.373375     8 MoQSession.cpp:2923] close sess=0x7f15c8085760
relay-1        | V0913 00:56:50.373382     8 MoQRelay.cpp:310] publishNamespaceDone ns=moq-test/interop
relay-1        | V0913 00:56:50.373387     8 MoQRelay.cpp:303] Pruning empty subtree at: moq-test
relay-1        | V0913 00:56:50.373392     8 MoQSession.cpp:2602] requestCancellation from cleanup sess=0x7f15c8085760
relay-1        | V0913 00:56:50.373403     8 BidiStreamControl.cpp:37] STOP_SENDING received on bidi stream id=4 code=386759528
relay-1        | V0913 00:56:50.373409     8 MoQSession.cpp:2940] requestCancellation from close sess=0x7f15c8085760
relay-1        | V0913 00:56:50.373507     8 MoQSession.cpp:3348] exit controlReadLoop sess=0x7f15c8085760
relay-1        | V0913 00:56:50.373518     8 MoQSession.cpp:3348] exit controlReadLoop sess=0x7f15c8085760
relay-1        | V0913 00:56:50.373542     8 MoQSession.cpp:2949] exit controlWriteLoop sess=0x7f15c8085760
test-client-1  | [2m2026-09-13T00:56:50.374118Z[0m [32m INFO[0m [2mmoq_native_ietf::quic[0m[2m:[0m UDP socket bound [3mbind[0m[2m=[0m[::]:0 [3mlocal[0m[2m=[0m[::]:36180 [3mdual_stack[0m[2m=[0mtrue
relay-1        | V0913 00:56:50.376542     8 MoQServer.cpp:325] MoQServer WebTransport: supported protocols: moqt-18, moqt-16, moqt-15, moq-00
relay-1        | V0913 00:56:50.376561     8 MoQServer.cpp:335] WebTransport: Negotiated protocol: moqt-18
relay-1        | V0913 00:56:50.376688     8 MoQSession.cpp:2648] start sess=0x7f15c8082440
relay-1        | V0913 00:56:50.376713     8 MoQSession.cpp:2991] sendSetup sess=0x7f15c8082440
relay-1        | V0913 00:56:50.376771     8 MoQSession.cpp:2947] controlWriteLoop sess=0x7f15c8082440
test-client-1  | [2m2026-09-13T00:56:50.377034Z[0m [32m INFO[0m [2mmoq_test_client::scenarios[0m[2m:[0m Sending PUBLISH_NAMESPACE: moq-test/interop
relay-1        | V0913 00:56:50.377188     8 MoQSession.cpp:6815] onNewBidiStream sess=0x7f15c8082440
relay-1        | V0913 00:56:50.377202     8 MoQSession.cpp:6787] onNewUniStream sess=0x7f15c8082440
relay-1        | V0913 00:56:50.377222     8 MoQSession.cpp:3346] controlReadLoop sess=0x7f15c8082440
relay-1        | V0913 00:56:50.377234     8 MoQSession.cpp:3135] onClientSetup sess=0x7f15c8082440
relay-1        | V0913 00:56:50.377238     8 MoQServerBase.cpp:88] MoQServerBase::ClientSetup
relay-1        | V0913 00:56:50.377244     8 MoQServerBase.cpp:93] MoQServerBase::ClientSetup: Using ALPN-negotiated version: moqt-18
relay-1        | V0913 00:56:50.377250     8 MoQSession.cpp:3211] Negotiated Version=0xff000012 (draft-18)
relay-1        | V0913 00:56:50.377265     8 MoQSession.cpp:3346] controlReadLoop sess=0x7f15c8082440
relay-1        | V0913 00:56:50.377298     8 MoQRelaySession.cpp:1142] onPublishNamespaceImpl ns=moq-test/interop sess=0x7f15c8082440
relay-1        | V0913 00:56:50.377311     8 MoQRelay.cpp:134] publishNamespace ns=moq-test/interop
relay-1        | V0913 00:56:50.377321     8 MoQRelaySession.cpp:1234] publishNamespaceOk reqID=0 sess=0x7f15c8082440
relay-1        | V0913 00:56:50.383628     8 MoQSession.cpp:2540] ~MoQSession sess=0x7f15c8085760
test-client-1  | [2m2026-09-13T00:56:52.378985Z[0m [32m INFO[0m [2mmoq_test_client::scenarios[0m[2m:[0m PUBLISH_NAMESPACE active; sending PUBLISH_NAMESPACE_DONE
relay-1        | V0913 00:56:52.379340     8 MoQRelaySession.cpp:1300] onPublishNamespaceDone requestID=0 sess=0x7f15c8082440
relay-1        | V0913 00:56:52.379367     8 MoQRelay.cpp:310] publishNamespaceDone ns=moq-test/interop
relay-1        | V0913 00:56:52.379376     8 MoQRelay.cpp:303] Pruning empty subtree at: moq-test
relay-1        | V0913 00:56:52.379385     8 MoQSession.cpp:3348] exit controlReadLoop sess=0x7f15c8082440
relay-1        | V0913 00:56:52.379396     8 MoQSession.cpp:3348] exit controlReadLoop sess=0x7f15c8082440
test-client-1  | ok 6 - publish-namespace-done
test-client-1  |   ---
test-client-1  |   duration_ms: 2107
test-client-1  |   connection_id: 3cb7f4b3dc66c66953efb0147e99e5d7
test-client-1  |   ...
test-client-1  | [2m2026-09-13T00:56:52.480999Z[0m [32m INFO[0m [2mmoq_test_client::scenarios[0m[2m:[0m PUBLISH_NAMESPACE_DONE sent successfully
relay-1        | E20260913 00:56:52.481243     8 HQControlCodec.h:58] Unexpected control stream EOF
relay-1        | E20260913 00:56:52.481340     8 HQSession.cpp:3158] Got error on control stream error=HTTP: Critical stream was closed streamID=2 sess=proto=h3, UA=, client CID=d8fa19fea0a58964, server CID=40000007a5e91e2f, downstream=[::ffff:172.18.0.3]:36180, [::]:4443=local, drain=none
relay-1        | E0913 00:56:52.481411     8 MoQServer.h:192] proxygen::HTTPException: Got error=ApplicationError: 260, HTTP error on control stream
relay-1        | V0913 00:56:52.481431     8 MoQSession.cpp:7213] onSessionEnderr=4294967295 sess=0x7f15c8082440
relay-1        | V0913 00:56:52.481436     8 MoQSession.cpp:2923] close sess=0x7f15c8082440
relay-1        | V0913 00:56:52.481445     8 MoQSession.cpp:2602] requestCancellation from cleanup sess=0x7f15c8082440
relay-1        | V0913 00:56:52.481464     8 MoQSession.cpp:2940] requestCancellation from close sess=0x7f15c8082440
relay-1        | V0913 00:56:52.481595     8 MoQSession.cpp:2949] exit controlWriteLoop sess=0x7f15c8082440
test-client-1  | [2m2026-09-13T00:56:52.481716Z[0m [33m WARN[0m [2mweb_transport_quinn::session[0m[2m:[0m failed to read capsule [3me[0m[2m=[0mUnexpectedEnd
test-client-1  | [2m2026-09-13T00:56:52.482364Z[0m [32m INFO[0m [2mmoq_native_ietf::quic[0m[2m:[0m UDP socket bound [3mbind[0m[2m=[0m[::]:0 [3mlocal[0m[2m=[0m[::]:58812 [3mdual_stack[0m[2m=[0mtrue
relay-1        | V0913 00:56:52.484320     8 MoQServer.cpp:325] MoQServer WebTransport: supported protocols: moqt-18, moqt-16, moqt-15, moq-00
relay-1        | V0913 00:56:52.484336     8 MoQServer.cpp:335] WebTransport: Negotiated protocol: moqt-18
relay-1        | V0913 00:56:52.484444     8 MoQSession.cpp:2648] start sess=0x7f15c8074760
relay-1        | V0913 00:56:52.484469     8 MoQSession.cpp:2991] sendSetup sess=0x7f15c8074760
relay-1        | V0913 00:56:52.484525     8 MoQSession.cpp:2947] controlWriteLoop sess=0x7f15c8074760
relay-1        | V0913 00:56:52.484734     8 MoQSession.cpp:6787] onNewUniStream sess=0x7f15c8074760
relay-1        | V0913 00:56:52.484787     8 MoQSession.cpp:3346] controlReadLoop sess=0x7f15c8074760
relay-1        | V0913 00:56:52.484812     8 MoQSession.cpp:3135] onClientSetup sess=0x7f15c8074760
relay-1        | V0913 00:56:52.484844     8 MoQServerBase.cpp:88] MoQServerBase::ClientSetup
relay-1        | V0913 00:56:52.484865     8 MoQServerBase.cpp:93] MoQServerBase::ClientSetup: Using ALPN-negotiated version: moqt-18
relay-1        | V0913 00:56:52.484890     8 MoQSession.cpp:3211] Negotiated Version=0xff000012 (draft-18)
test-client-1  | [2m2026-09-13T00:56:52.484753Z[0m [32m INFO[0m [2mmoq_test_client::scenarios[0m[2m:[0m Publisher sending direct PUBLISH [3mnamespace[0m[2m=[0m/moq-test/publish [3mtrack[0m[2m=[0m"published-track"
relay-1        | V0913 00:56:52.484968     8 MoQSession.cpp:6815] onNewBidiStream sess=0x7f15c8074760
relay-1        | V0913 00:56:52.485018     8 MoQSession.cpp:3346] controlReadLoop sess=0x7f15c8074760
relay-1        | V0913 00:56:52.485039     8 MoQSession.cpp:4921] onPublishImpl reqID=0 sess=0x7f15c8074760
relay-1        | V0913 00:56:52.485054     8 MoQRelay.cpp:422] publish ftn=moq-test/publish/published-track
relay-1        | E0913 00:56:52.485064     8 MoQRelay.cpp:82] prefix not found in tree
relay-1        | V0913 00:56:52.485082     8 MoQSession.cpp:6014] publishOk reqID=0 sess=0x7f15c8074760
test-client-1  | [2m2026-09-13T00:56:52.485283Z[0m [32m INFO[0m [2mmoq_test_client::scenarios[0m[2m:[0m PUBLISH accepted [3mnamespace[0m[2m=[0m/moq-test/publish [3mtrack[0m[2m=[0m"published-track"
test-client-1  | [2m2026-09-13T00:56:52.485358Z[0m [32m INFO[0m [2mmoq_test_client::scenarios[0m[2m:[0m PUBLISH completed [3mnamespace[0m[2m=[0m/moq-test/publish [3mtrack[0m[2m=[0m"published-track"
test-client-1  | ok 7 - publish-track-only
relay-1        | V0913 00:56:52.485439     8 MoQSession.cpp:5054] PublishDone id=0 code=2 reason=publish ended
test-client-1  |   ---
test-client-1  |   duration_ms: 4
test-client-1  |   connection_id: 698fbea33bbc36032bd2fe7f352d62e7
test-client-1  |   ...
relay-1        | V0913 00:56:52.485575     8 MoQSession.cpp:2186] processPublishDone trackReceiveState=0x7f15c8061fc0
test-client-1  | [2m2026-09-13T00:56:52.485920Z[0m [33m WARN[0m [2mweb_transport_quinn::session[0m[2m:[0m failed to read capsule [3me[0m[2m=[0mUnexpectedEnd
relay-1        | V0913 00:56:52.485604     8 MoQRelay.cpp:383] onPublishDoneImpl ftn=moq-test/publish/published-track
relay-1        | V0913 00:56:52.485613     8 MoQRelay.cpp:303] Pruning empty subtree at: moq-test
relay-1        | V0913 00:56:52.485619     8 MoQRelay.cpp:412] Publisher terminated with no subscribers, cleaning up moq-test/publish/published-track
relay-1        | V0913 00:56:52.485627     8 MoQForwarder.cpp:609] publishDone pubDone reason=publish ended
relay-1        | V0913 00:56:52.485635     8 MoQSession.cpp:3348] exit controlReadLoop sess=0x7f15c8074760
relay-1        | E20260913 00:56:52.485705     8 HQControlCodec.h:58] Unexpected control stream EOF
relay-1        | E20260913 00:56:52.485742     8 HQSession.cpp:3158] Got error on control stream error=HTTP: Critical stream was closed streamID=2 sess=proto=h3, UA=, client CID=e2588c229d515a79, server CID=4000001eff70e0ee, downstream=[::ffff:172.18.0.3]:58812, [::]:4443=local, drain=none
relay-1        | E0913 00:56:52.485792     8 MoQServer.h:192] proxygen::HTTPException: Got error=ApplicationError: 260, HTTP error on control stream
relay-1        | V0913 00:56:52.485797     8 MoQSession.cpp:7213] onSessionEnderr=4294967295 sess=0x7f15c8074760
relay-1        | V0913 00:56:52.485800     8 MoQSession.cpp:2923] close sess=0x7f15c8074760
relay-1        | V0913 00:56:52.485803     8 MoQSession.cpp:2602] requestCancellation from cleanup sess=0x7f15c8074760
relay-1        | V0913 00:56:52.485811     8 MoQSession.cpp:2940] requestCancellation from close sess=0x7f15c8074760
relay-1        | V0913 00:56:52.485881     8 MoQSession.cpp:3348] exit controlReadLoop sess=0x7f15c8074760
relay-1        | V0913 00:56:52.485907     8 MoQSession.cpp:2949] exit controlWriteLoop sess=0x7f15c8074760
test-client-1  | [2m2026-09-13T00:56:52.486465Z[0m [32m INFO[0m [2mmoq_native_ietf::quic[0m[2m:[0m UDP socket bound [3mbind[0m[2m=[0m[::]:0 [3mlocal[0m[2m=[0m[::]:56890 [3mdual_stack[0m[2m=[0mtrue
relay-1        | V0913 00:56:52.489178     8 MoQServer.cpp:325] MoQServer WebTransport: supported protocols: moqt-18, moqt-16, moqt-15, moq-00
relay-1        | V0913 00:56:52.489193     8 MoQServer.cpp:335] WebTransport: Negotiated protocol: moqt-18
relay-1        | V0913 00:56:52.489297     8 MoQSession.cpp:2648] start sess=0x7f15c8069290
relay-1        | V0913 00:56:52.489321     8 MoQSession.cpp:2991] sendSetup sess=0x7f15c8069290
relay-1        | V0913 00:56:52.489375     8 MoQSession.cpp:2947] controlWriteLoop sess=0x7f15c8069290
relay-1        | V0913 00:56:52.489580     8 MoQSession.cpp:6787] onNewUniStream sess=0x7f15c8069290
relay-1        | V0913 00:56:52.489607     8 MoQSession.cpp:3346] controlReadLoop sess=0x7f15c8069290
relay-1        | V0913 00:56:52.489613     8 MoQSession.cpp:3135] onClientSetup sess=0x7f15c8069290
relay-1        | V0913 00:56:52.489617     8 MoQServerBase.cpp:88] MoQServerBase::ClientSetup
relay-1        | V0913 00:56:52.489620     8 MoQServerBase.cpp:93] MoQServerBase::ClientSetup: Using ALPN-negotiated version: moqt-18
relay-1        | V0913 00:56:52.489625     8 MoQSession.cpp:3211] Negotiated Version=0xff000012 (draft-18)
test-client-1  | [2m2026-09-13T00:56:52.490317Z[0m [32m INFO[0m [2mmoq_native_ietf::quic[0m[2m:[0m UDP socket bound [3mbind[0m[2m=[0m[::]:0 [3mlocal[0m[2m=[0m[::]:43768 [3mdual_stack[0m[2m=[0mtrue
relay-1        | V0913 00:56:52.491396     8 MoQSession.cpp:2540] ~MoQSession sess=0x7f15c8082440
relay-1        | V0913 00:56:52.491979     8 MoQServer.cpp:325] MoQServer WebTransport: supported protocols: moqt-18, moqt-16, moqt-15, moq-00
relay-1        | V0913 00:56:52.491996     8 MoQServer.cpp:335] WebTransport: Negotiated protocol: moqt-18
relay-1        | V0913 00:56:52.492082     8 MoQSession.cpp:2648] start sess=0x7f15c80898c0
relay-1        | V0913 00:56:52.492103     8 MoQSession.cpp:2991] sendSetup sess=0x7f15c80898c0
relay-1        | V0913 00:56:52.492155     8 MoQSession.cpp:2947] controlWriteLoop sess=0x7f15c80898c0
test-client-1  | [2m2026-09-13T00:56:52.492302Z[0m [32m INFO[0m [2mmoq_test_client::scenarios[0m[2m:[0m Publisher sending direct PUBLISH before subscriber subscribes [3mnamespace[0m[2m=[0m/moq-test/publish [3mtrack[0m[2m=[0m"published-track"
relay-1        | V0913 00:56:52.492397     8 MoQSession.cpp:6787] onNewUniStream sess=0x7f15c80898c0
relay-1        | V0913 00:56:52.492447     8 MoQSession.cpp:3346] controlReadLoop sess=0x7f15c80898c0
relay-1        | V0913 00:56:52.492456     8 MoQSession.cpp:3135] onClientSetup sess=0x7f15c80898c0
relay-1        | V0913 00:56:52.492460     8 MoQServerBase.cpp:88] MoQServerBase::ClientSetup
relay-1        | V0913 00:56:52.492463     8 MoQServerBase.cpp:93] MoQServerBase::ClientSetup: Using ALPN-negotiated version: moqt-18
relay-1        | V0913 00:56:52.492469     8 MoQSession.cpp:3211] Negotiated Version=0xff000012 (draft-18)
relay-1        | V0913 00:56:52.492671     8 MoQSession.cpp:6815] onNewBidiStream sess=0x7f15c8069290
relay-1        | V0913 00:56:52.492705     8 MoQSession.cpp:3346] controlReadLoop sess=0x7f15c8069290
relay-1        | V0913 00:56:52.492714     8 MoQSession.cpp:4921] onPublishImpl reqID=0 sess=0x7f15c8069290
relay-1        | V0913 00:56:52.492724     8 MoQRelay.cpp:422] publish ftn=moq-test/publish/published-track
relay-1        | E0913 00:56:52.492732     8 MoQRelay.cpp:82] prefix not found in tree
relay-1        | V0913 00:56:52.492741     8 MoQSession.cpp:6014] publishOk reqID=0 sess=0x7f15c8069290
test-client-1  | [2m2026-09-13T00:56:52.492974Z[0m [32m INFO[0m [2mmoq_test_client::scenarios[0m[2m:[0m PUBLISH accepted; starting subscriber [3mnamespace[0m[2m=[0m/moq-test/publish [3mtrack[0m[2m=[0m"published-track"
relay-1        | V0913 00:56:52.493094     8 MoQSession.cpp:6815] onNewBidiStream sess=0x7f15c80898c0
relay-1        | V0913 00:56:52.493128     8 MoQSession.cpp:3346] controlReadLoop sess=0x7f15c80898c0
relay-1        | V0913 00:56:52.493137     8 MoQSession.cpp:4242] onSubscribeImpl ftn=moq-test/publish/published-track sess=0x7f15c80898c0
relay-1        | V0913 00:56:52.493159     8 MoQLocation.h:24] m=AbsoluteStart g=0 o=0
relay-1        | V0913 00:56:52.493168     8 MoQLocation.h:59] g=0 o=0 g=4611686018427387903 o=4611686018427387903
relay-1        | I0913 00:56:52.493174     8 MoQRelay.cpp:1982] Updating forward for moq-test/publish/published-track numForwardingSubs=1
relay-1        | V0913 00:56:52.493183     8 MoQSession.cpp:6191] sendSubscribeOk sess=0x7f15c80898c0
relay-1        | V0913 00:56:52.493260     8 MoQSession.cpp:6504] requestUpdate sess=0x7f15c8069290
test-client-1  | [2m2026-09-13T00:56:52.493468Z[0m [33m WARN[0m [2mmoq_transport::session[0m[2m:[0m unexpected bidi response message type [3mmsg_type[0m[2m=[0m2
test-client-1  | [2m2026-09-13T00:56:52.493481Z[0m [33m WARN[0m [2mmoq_transport::serve::error[0m[2m:[0m [f44e6851-f40b-4962-993f-fd963816bb0e] Not implemented: bidi response type 0x2 at moq-transport/src/session/error.rs:89
relay-1        | V0913 00:56:52.493597     8 MoQSession.cpp:3459] Failing pending request id=1 peer FINed without terminal reply sess=0x7f15c8069290
relay-1        | V0913 00:56:52.493615     8 MoQSession.cpp:3348] exit controlReadLoop sess=0x7f15c8069290
relay-1        | E0913 00:56:52.493625     8 MoQRelay.cpp:36] requestUpdate failed: peer FINed without terminal reply
relay-1        | V0913 00:56:52.501718     8 MoQSession.cpp:2540] ~MoQSession sess=0x7f15c8074760
test-client-1  | not ok 8 - publish-track-subscribe
test-client-1  |   ---
test-client-1  |   duration_ms: 109
test-client-1  |   message: "failed serving PUBLISH track: serve error: cancelled: cancelled"
test-client-1  |   ...
relay-1        | E20260913 00:56:52.594852     8 HQControlCodec.h:58] Unexpected control stream EOF
relay-1        | E20260913 00:56:52.594930     8 HQSession.cpp:3158] Got error on control stream error=HTTP: Critical stream was closed streamID=2 sess=proto=h3, UA=, client CID=9b78947c416aad72, server CID=4000001efc99b19c, downstream=[::ffff:172.18.0.3]:56890, [::]:4443=local, drain=none
relay-1        | E20260913 00:56:52.594998     8 HQControlCodec.h:58] Unexpected control stream EOF
relay-1        | E20260913 00:56:52.595021     8 HQSession.cpp:3158] Got error on control stream error=HTTP: Critical stream was closed streamID=2 sess=proto=h3, UA=, client CID=9257ab0f68342858, server CID=4000000ff173b192, downstream=[::ffff:172.18.0.3]:43768, [::]:4443=local, drain=none
relay-1        | E0913 00:56:52.595111     8 MoQServer.h:192] proxygen::HTTPException: Got error=ApplicationError: 260, HTTP error on control stream
relay-1        | V0913 00:56:52.595150     8 MoQSession.cpp:7213] onSessionEnderr=4294967295 sess=0x7f15c8069290
relay-1        | V0913 00:56:52.595175     8 MoQSession.cpp:2923] close sess=0x7f15c8069290
relay-1        | V0913 00:56:52.595190     8 MoQSession.cpp:2157] subscribeError trackReceiveState=0x7f15c8061fc0
relay-1        | V0913 00:56:52.595194     8 MoQSession.cpp:2186] processPublishDone trackReceiveState=0x7f15c8061fc0
relay-1        | V0913 00:56:52.595199     8 MoQRelay.cpp:383] onPublishDoneImpl ftn=moq-test/publish/published-track
relay-1        | V0913 00:56:52.595205     8 MoQRelay.cpp:303] Pruning empty subtree at: moq-test
relay-1        | V0913 00:56:52.595212     8 MoQForwarder.cpp:609] publishDone pubDone reason=closed locally
relay-1        | V0913 00:56:52.595220     8 MoQForwarder.cpp:318] drainSubscriber from publishDone session=0x7f15c80898c0
relay-1        | V0913 00:56:52.595225     8 MoQSession.cpp:6304] sendPublishDone sess=0x7f15c80898c0
relay-1        | V0913 00:56:52.595243     8 MoQSession.cpp:6474] publisherDrained id=0 sess=0x7f15c80898c0
relay-1        | V0913 00:56:52.595247     8 MoQForwarder.cpp:384] Resetting open subgroups for subscriber=0x7f15c8082c10
relay-1        | V0913 00:56:52.595251     8 MoQForwarder.cpp:406] subscribers_.size()=0
relay-1        | I0913 00:56:52.595258     8 MoQRelay.cpp:1945] Publisher terminated for moq-test/publish/published-track
relay-1        | V0913 00:56:52.595264     8 MoQSession.cpp:2141] cancel alias=0 requestID=0
relay-1        | V0913 00:56:52.595269     8 MoQSession.cpp:2602] requestCancellation from cleanup sess=0x7f15c8069290
relay-1        | V0913 00:56:52.595318     8 MoQSession.cpp:2940] requestCancellation from close sess=0x7f15c8069290
relay-1        | E0913 00:56:52.595429     8 MoQServer.h:192] proxygen::HTTPException: Got error=ApplicationError: 260, HTTP error on control stream
relay-1        | V0913 00:56:52.595464     8 MoQSession.cpp:7213] onSessionEnderr=4294967295 sess=0x7f15c80898c0
relay-1        | V0913 00:56:52.595485     8 MoQSession.cpp:2923] close sess=0x7f15c80898c0
relay-1        | V0913 00:56:52.595509     8 MoQSession.cpp:2602] requestCancellation from cleanup sess=0x7f15c80898c0
relay-1        | V0913 00:56:52.595535     8 MoQSession.cpp:2940] requestCancellation from close sess=0x7f15c80898c0
test-client-1  | [2m2026-09-13T00:56:52.595509Z[0m [33m WARN[0m [2mweb_transport_quinn::session[0m[2m:[0m failed to read capsule [3me[0m[2m=[0mUnexpectedEnd
relay-1        | V0913 00:56:52.595639     8 MoQSession.cpp:3348] exit controlReadLoop sess=0x7f15c8069290
relay-1        | V0913 00:56:52.595677     8 MoQSession.cpp:3348] exit controlReadLoop sess=0x7f15c80898c0
test-client-1  | [2m2026-09-13T00:56:52.595644Z[0m [33m WARN[0m [2mweb_transport_quinn::session[0m[2m:[0m failed to read capsule [3me[0m[2m=[0mUnexpectedEnd
relay-1        | V0913 00:56:52.595701     8 MoQSession.cpp:3348] exit controlReadLoop sess=0x7f15c80898c0
relay-1        | V0913 00:56:52.595747     8 MoQSession.cpp:2949] exit controlWriteLoop sess=0x7f15c8069290
relay-1        | V0913 00:56:52.595779     8 MoQSession.cpp:2540] ~MoQSession sess=0x7f15c8069290
relay-1        | V0913 00:56:52.595815     8 MoQSession.cpp:2949] exit controlWriteLoop sess=0x7f15c80898c0
test-client-1  | [2m2026-09-13T00:56:52.596010Z[0m [32m INFO[0m [2mmoq_native_ietf::quic[0m[2m:[0m UDP socket bound [3mbind[0m[2m=[0m[::]:0 [3mlocal[0m[2m=[0m[::]:50427 [3mdual_stack[0m[2m=[0mtrue
relay-1        | V0913 00:56:52.598056     8 MoQServer.cpp:325] MoQServer WebTransport: supported protocols: moqt-18, moqt-16, moqt-15, moq-00
relay-1        | V0913 00:56:52.598073     8 MoQServer.cpp:335] WebTransport: Negotiated protocol: moqt-18
relay-1        | V0913 00:56:52.598170     8 MoQSession.cpp:2648] start sess=0x7f15c8051b70
relay-1        | V0913 00:56:52.598192     8 MoQSession.cpp:2991] sendSetup sess=0x7f15c8051b70
relay-1        | V0913 00:56:52.598310     8 MoQSession.cpp:2947] controlWriteLoop sess=0x7f15c8051b70
relay-1        | V0913 00:56:52.598412     8 MoQSession.cpp:6787] onNewUniStream sess=0x7f15c8051b70
relay-1        | V0913 00:56:52.598466     8 MoQSession.cpp:3346] controlReadLoop sess=0x7f15c8051b70
test-client-1  | [2m2026-09-13T00:56:52.598478Z[0m [32m INFO[0m [2mmoq_test_client::scenarios[0m[2m:[0m Subscribing with RENDEZVOUS_TIMEOUT to a track with no publisher [3mtimeout_ms[0m[2m=[0m500
relay-1        | V0913 00:56:52.598476     8 MoQSession.cpp:3135] onClientSetup sess=0x7f15c8051b70
relay-1        | V0913 00:56:52.598480     8 MoQServerBase.cpp:88] MoQServerBase::ClientSetup
relay-1        | V0913 00:56:52.598484     8 MoQServerBase.cpp:93] MoQServerBase::ClientSetup: Using ALPN-negotiated version: moqt-18
relay-1        | V0913 00:56:52.598490     8 MoQSession.cpp:3211] Negotiated Version=0xff000012 (draft-18)
relay-1        | V0913 00:56:52.598658     8 MoQSession.cpp:6815] onNewBidiStream sess=0x7f15c8051b70
relay-1        | V0913 00:56:52.598692     8 MoQSession.cpp:3346] controlReadLoop sess=0x7f15c8051b70
relay-1        | V0913 00:56:52.598720     8 MoQSession.cpp:4242] onSubscribeImpl ftn=nonexistent/rendezvous/test-track sess=0x7f15c8051b70
relay-1        | V0913 00:56:52.606082     8 MoQSession.cpp:2540] ~MoQSession sess=0x7f15c80898c0
relay-1        | V0913 00:56:53.099236     8 MoQSession.cpp:4379] Application subscribe error err=rendezvous timeout expired
relay-1        | V0913 00:56:53.099261     8 MoQSession.cpp:6209] subscribeError sess=0x7f15c8051b70
relay-1        | V0913 00:56:53.099287     8 MoQSession.cpp:6474] publisherDrained id=0 sess=0x7f15c8051b70
test-client-1  | [2m2026-09-13T00:56:53.099771Z[0m [32m INFO[0m [2mmoq_test_client::scenarios[0m[2m:[0m Received expected REQUEST_ERROR TIMEOUT
test-client-1  | ok 9 - rendezvous-timeout
relay-1        | V0913 00:56:53.099848     8 MoQSession.cpp:3348] exit controlReadLoop sess=0x7f15c8051b70
relay-1        | V0913 00:56:53.099979     8 MoQSession.cpp:3348] exit controlReadLoop sess=0x7f15c8051b70
test-client-1  |   ---
test-client-1  |   duration_ms: 505
test-client-1  |   connection_id: 3d336283a273a54f5e706ada4539332d
test-client-1  |   ...
relay-1        | E20260913 00:56:53.100014     8 HQControlCodec.h:58] Unexpected control stream EOF
relay-1        | E20260913 00:56:53.100077     8 HQSession.cpp:3158] Got error on control stream error=HTTP: Critical stream was closed streamID=2 sess=proto=h3, UA=, client CID=e646b4d28bfc9b24, server CID=4000001f673ceb01, downstream=[::ffff:172.18.0.3]:50427, [::]:4443=local, drain=none
relay-1        | E0913 00:56:53.100170     8 MoQServer.h:192] proxygen::HTTPException: Got error=ApplicationError: 260, HTTP error on control stream
test-client-1  | [2m2026-09-13T00:56:53.100419Z[0m [33m WARN[0m [2mweb_transport_quinn::session[0m[2m:[0m failed to read capsule [3me[0m[2m=[0mUnexpectedEnd
relay-1        | V0913 00:56:53.100183     8 MoQSession.cpp:7213] onSessionEnderr=4294967295 sess=0x7f15c8051b70
relay-1        | V0913 00:56:53.100187     8 MoQSession.cpp:2923] close sess=0x7f15c8051b70
relay-1        | V0913 00:56:53.100196     8 MoQSession.cpp:2602] requestCancellation from cleanup sess=0x7f15c8051b70
relay-1        | V0913 00:56:53.100209     8 MoQSession.cpp:2940] requestCancellation from close sess=0x7f15c8051b70
relay-1        | V0913 00:56:53.100340     8 MoQSession.cpp:2949] exit controlWriteLoop sess=0x7f15c8051b70
test-client-1  | [2m2026-09-13T00:56:53.100973Z[0m [32m INFO[0m [2mmoq_native_ietf::quic[0m[2m:[0m UDP socket bound [3mbind[0m[2m=[0m[::]:0 [3mlocal[0m[2m=[0m[::]:55242 [3mdual_stack[0m[2m=[0mtrue
relay-1        | V0913 00:56:53.102984     8 MoQServer.cpp:325] MoQServer WebTransport: supported protocols: moqt-18, moqt-16, moqt-15, moq-00
relay-1        | V0913 00:56:53.103001     8 MoQServer.cpp:335] WebTransport: Negotiated protocol: moqt-18
relay-1        | V0913 00:56:53.103099     8 MoQSession.cpp:2648] start sess=0x7f15c8046ab0
relay-1        | V0913 00:56:53.103123     8 MoQSession.cpp:2991] sendSetup sess=0x7f15c8046ab0
relay-1        | V0913 00:56:53.103228     8 MoQSession.cpp:2947] controlWriteLoop sess=0x7f15c8046ab0
relay-1        | V0913 00:56:53.103367     8 MoQSession.cpp:6787] onNewUniStream sess=0x7f15c8046ab0
relay-1        | V0913 00:56:53.103478     8 MoQSession.cpp:3346] controlReadLoop sess=0x7f15c8046ab0
relay-1        | V0913 00:56:53.103486     8 MoQSession.cpp:3135] onClientSetup sess=0x7f15c8046ab0
relay-1        | V0913 00:56:53.103489     8 MoQServerBase.cpp:88] MoQServerBase::ClientSetup
relay-1        | V0913 00:56:53.103491     8 MoQServerBase.cpp:93] MoQServerBase::ClientSetup: Using ALPN-negotiated version: moqt-18
relay-1        | V0913 00:56:53.103495     8 MoQSession.cpp:3211] Negotiated Version=0xff000012 (draft-18)
relay-1        | V0913 00:56:53.103613     8 MoQSession.cpp:6815] onNewBidiStream sess=0x7f15c8046ab0
relay-1        | V0913 00:56:53.103649     8 MoQSession.cpp:3346] controlReadLoop sess=0x7f15c8046ab0
relay-1        | V0913 00:56:53.103664     8 MoQSession.cpp:4242] onSubscribeImpl ftn=moq-test-00/0/0/0/2/4/5/64/32/2/1/1/0/-1/-1/0/moq-test-20671e4e9299d4c1 sess=0x7f15c8046ab0
relay-1        | V0913 00:56:53.109817     8 MoQSession.cpp:2540] ~MoQSession sess=0x7f15c8051b70
test-client-1  | [2m2026-09-13T00:56:53.305825Z[0m [32m INFO[0m [2mmoq_native_ietf::quic[0m[2m:[0m UDP socket bound [3mbind[0m[2m=[0m[::]:0 [3mlocal[0m[2m=[0m[::]:46162 [3mdual_stack[0m[2m=[0mtrue
relay-1        | V0913 00:56:53.307882     8 MoQServer.cpp:325] MoQServer WebTransport: supported protocols: moqt-18, moqt-16, moqt-15, moq-00
relay-1        | V0913 00:56:53.307906     8 MoQServer.cpp:335] WebTransport: Negotiated protocol: moqt-18
relay-1        | V0913 00:56:53.308014     8 MoQSession.cpp:2648] start sess=0x7f15c8067c00
relay-1        | V0913 00:56:53.308040     8 MoQSession.cpp:2991] sendSetup sess=0x7f15c8067c00
relay-1        | V0913 00:56:53.308100     8 MoQSession.cpp:2947] controlWriteLoop sess=0x7f15c8067c00
relay-1        | V0913 00:56:53.308420     8 MoQSession.cpp:6787] onNewUniStream sess=0x7f15c8067c00
relay-1        | V0913 00:56:53.308453     8 MoQSession.cpp:3346] controlReadLoop sess=0x7f15c8067c00
relay-1        | V0913 00:56:53.308462     8 MoQSession.cpp:3135] onClientSetup sess=0x7f15c8067c00
relay-1        | V0913 00:56:53.308465     8 MoQServerBase.cpp:88] MoQServerBase::ClientSetup
relay-1        | V0913 00:56:53.308470     8 MoQServerBase.cpp:93] MoQServerBase::ClientSetup: Using ALPN-negotiated version: moqt-18
relay-1        | V0913 00:56:53.308475     8 MoQSession.cpp:3211] Negotiated Version=0xff000012 (draft-18)
relay-1        | V0913 00:56:53.308515     8 MoQSession.cpp:6815] onNewBidiStream sess=0x7f15c8067c00
relay-1        | V0913 00:56:53.308550     8 MoQSession.cpp:3346] controlReadLoop sess=0x7f15c8067c00
relay-1        | V0913 00:56:53.308565     8 MoQSession.cpp:4921] onPublishImpl reqID=0 sess=0x7f15c8067c00
relay-1        | V0913 00:56:53.308579     8 MoQRelay.cpp:422] publish ftn=moq-test-00/0/0/0/2/4/5/64/32/2/1/1/0/-1/-1/0/moq-test-20671e4e9299d4c1
relay-1        | E0913 00:56:53.308589     8 MoQRelay.cpp:82] prefix not found in tree
relay-1        | V0913 00:56:53.308614     8 MoQSession.cpp:6014] publishOk reqID=0 sess=0x7f15c8067c00
relay-1        | V0913 00:56:53.308707     8 MoQLocation.h:24] m=AbsoluteStart g=0 o=0
relay-1        | V0913 00:56:53.308715     8 MoQLocation.h:59] g=0 o=0 g=4611686018427387903 o=4611686018427387903
relay-1        | I0913 00:56:53.308723     8 MoQRelay.cpp:1982] Updating forward for moq-test-00/0/0/0/2/4/5/64/32/2/1/1/0/-1/-1/0/moq-test-20671e4e9299d4c1 numForwardingSubs=1
relay-1        | V0913 00:56:53.308734     8 MoQSession.cpp:6191] sendSubscribeOk sess=0x7f15c8046ab0
relay-1        | V0913 00:56:53.308810     8 MoQSession.cpp:6504] requestUpdate sess=0x7f15c8067c00
test-client-1  | [2m2026-09-13T00:56:53.308877Z[0m [32m INFO[0m [2mmoq_test_client::moqtest[0m[2m:[0m PUBLISH accepted and subscription bound; generating objects [3mobjects[0m[2m=[0m15 [3mstreams[0m[2m=[0m3
relay-1        | V0913 00:56:53.309151     8 MoQSession.cpp:5054] PublishDone id=0 code=2 reason=publish ended
relay-1        | V0913 00:56:53.309167     8 MoQSession.cpp:2186] processPublishDone trackReceiveState=0x7f15c8065260
relay-1        | V0913 00:56:53.309172     8 MoQRelay.cpp:383] onPublishDoneImpl ftn=moq-test-00/0/0/0/2/4/5/64/32/2/1/1/0/-1/-1/0/moq-test-20671e4e9299d4c1
relay-1        | V0913 00:56:53.309180     8 MoQRelay.cpp:303] Pruning empty subtree at: moq-test-00
relay-1        | V0913 00:56:53.309187     8 MoQForwarder.cpp:609] publishDone pubDone reason=publish ended
relay-1        | V0913 00:56:53.309192     8 MoQForwarder.cpp:318] drainSubscriber from publishDone session=0x7f15c8046ab0
relay-1        | V0913 00:56:53.309196     8 MoQSession.cpp:6304] sendPublishDone sess=0x7f15c8046ab0
relay-1        | V0913 00:56:53.309207     8 MoQSession.cpp:6474] publisherDrained id=0 sess=0x7f15c8046ab0
relay-1        | V0913 00:56:53.309215     8 MoQForwarder.cpp:384] Resetting open subgroups for subscriber=0x7f15c8082c10
relay-1        | V0913 00:56:53.309218     8 MoQForwarder.cpp:406] subscribers_.size()=0
relay-1        | I0913 00:56:53.309225     8 MoQRelay.cpp:1945] Publisher terminated for moq-test-00/0/0/0/2/4/5/64/32/2/1/1/0/-1/-1/0/moq-test-20671e4e9299d4c1
relay-1        | V0913 00:56:53.309238     8 MoQSession.cpp:3459] Failing pending request id=1 peer FINed without terminal reply sess=0x7f15c8067c00
relay-1        | V0913 00:56:53.309244     8 MoQSession.cpp:3348] exit controlReadLoop sess=0x7f15c8067c00
relay-1        | E0913 00:56:53.309330     8 MoQRelay.cpp:36] requestUpdate failed: peer FINed without terminal reply
relay-1        | V0913 00:56:53.309528     8 MoQSession.cpp:3348] exit controlReadLoop sess=0x7f15c8046ab0
relay-1        | V0913 00:56:53.309541     8 MoQSession.cpp:3348] exit controlReadLoop sess=0x7f15c8046ab0
test-client-1  | not ok 10 - moq-test-subgroup-per-group
test-client-1  |   ---
relay-1        | E20260913 00:56:53.324188     8 HQControlCodec.h:58] Unexpected control stream EOF
test-client-1  |   duration_ms: 224
test-client-1  |   message: "failed to create subgroup: cancelled"
test-client-1  |   ...
relay-1        | E20260913 00:56:53.324246     8 HQSession.cpp:3158] Got error on control stream error=HTTP: Critical stream was closed streamID=2 sess=proto=h3, UA=, client CID=7d987e460774b67a, server CID=40000002f422082a, downstream=[::ffff:172.18.0.3]:46162, [::]:4443=local, drain=none
relay-1        | E20260913 00:56:53.324328     8 HQControlCodec.h:58] Unexpected control stream EOF
relay-1        | E20260913 00:56:53.324362     8 HQSession.cpp:3158] Got error on control stream error=HTTP: Critical stream was closed streamID=2 sess=proto=h3, UA=, client CID=84802792f6696ede, server CID=40000004a1aebb5f, downstream=[::ffff:172.18.0.3]:55242, [::]:4443=local, drain=none
relay-1        | E0913 00:56:53.324415     8 MoQServer.h:192] proxygen::HTTPException: Got error=ApplicationError: 260, HTTP error on control stream
relay-1        | V0913 00:56:53.324467     8 MoQSession.cpp:7213] onSessionEnderr=4294967295 sess=0x7f15c8067c00
relay-1        | V0913 00:56:53.324478     8 MoQSession.cpp:2923] close sess=0x7f15c8067c00
relay-1        | V0913 00:56:53.324487     8 MoQSession.cpp:2602] requestCancellation from cleanup sess=0x7f15c8067c00
relay-1        | V0913 00:56:53.324502     8 MoQSession.cpp:2940] requestCancellation from close sess=0x7f15c8067c00
relay-1        | E0913 00:56:53.324603     8 MoQServer.h:192] proxygen::HTTPException: Got error=ApplicationError: 260, HTTP error on control stream
relay-1        | V0913 00:56:53.324636     8 MoQSession.cpp:7213] onSessionEnderr=4294967295 sess=0x7f15c8046ab0
relay-1        | V0913 00:56:53.324657     8 MoQSession.cpp:2923] close sess=0x7f15c8046ab0
relay-1        | V0913 00:56:53.324679     8 MoQSession.cpp:2602] requestCancellation from cleanup sess=0x7f15c8046ab0
relay-1        | V0913 00:56:53.324704     8 MoQSession.cpp:2940] requestCancellation from close sess=0x7f15c8046ab0
test-client-1  | [2m2026-09-13T00:56:53.324662Z[0m [33m WARN[0m [2mweb_transport_quinn::session[0m[2m:[0m failed to read capsule [3me[0m[2m=[0mUnexpectedEnd
test-client-1  | [2m2026-09-13T00:56:53.324808Z[0m [33m WARN[0m [2mweb_transport_quinn::session[0m[2m:[0m failed to read capsule [3me[0m[2m=[0mUnexpectedEnd
relay-1        | V0913 00:56:53.324892     8 MoQSession.cpp:3348] exit controlReadLoop sess=0x7f15c8067c00
relay-1        | V0913 00:56:53.324931     8 MoQSession.cpp:2949] exit controlWriteLoop sess=0x7f15c8067c00
relay-1        | V0913 00:56:53.324939     8 MoQSession.cpp:2540] ~MoQSession sess=0x7f15c8067c00
relay-1        | V0913 00:56:53.324954     8 MoQSession.cpp:2949] exit controlWriteLoop sess=0x7f15c8046ab0
test-client-1  | [2m2026-09-13T00:56:53.325352Z[0m [32m INFO[0m [2mmoq_native_ietf::quic[0m[2m:[0m UDP socket bound [3mbind[0m[2m=[0m[::]:0 [3mlocal[0m[2m=[0m[::]:56744 [3mdual_stack[0m[2m=[0mtrue
relay-1        | V0913 00:56:53.326882     8 MoQServer.cpp:325] MoQServer WebTransport: supported protocols: moqt-18, moqt-16, moqt-15, moq-00
relay-1        | V0913 00:56:53.326896     8 MoQServer.cpp:335] WebTransport: Negotiated protocol: moqt-18
relay-1        | V0913 00:56:53.326977     8 MoQSession.cpp:2648] start sess=0x7f15c804c440
relay-1        | V0913 00:56:53.326997     8 MoQSession.cpp:2991] sendSetup sess=0x7f15c804c440
relay-1        | V0913 00:56:53.327056     8 MoQSession.cpp:2947] controlWriteLoop sess=0x7f15c804c440
relay-1        | V0913 00:56:53.327405     8 MoQSession.cpp:6787] onNewUniStream sess=0x7f15c804c440
relay-1        | V0913 00:56:53.327461     8 MoQSession.cpp:3346] controlReadLoop sess=0x7f15c804c440
relay-1        | V0913 00:56:53.327479     8 MoQSession.cpp:3135] onClientSetup sess=0x7f15c804c440
relay-1        | V0913 00:56:53.327483     8 MoQServerBase.cpp:88] MoQServerBase::ClientSetup
relay-1        | V0913 00:56:53.327487     8 MoQServerBase.cpp:93] MoQServerBase::ClientSetup: Using ALPN-negotiated version: moqt-18
relay-1        | V0913 00:56:53.327493     8 MoQSession.cpp:3211] Negotiated Version=0xff000012 (draft-18)
relay-1        | V0913 00:56:53.327504     8 MoQSession.cpp:6815] onNewBidiStream sess=0x7f15c804c440
relay-1        | V0913 00:56:53.327525     8 MoQSession.cpp:3346] controlReadLoop sess=0x7f15c804c440
relay-1        | V0913 00:56:53.327537     8 MoQSession.cpp:4242] onSubscribeImpl ftn=moq-test-00/0/0/0/2/5/5/64/32/2/1/1/1/-1/-1/0/moq-test-bf520f40798762ce sess=0x7f15c804c440
relay-1        | V0913 00:56:53.336668     8 MoQSession.cpp:2540] ~MoQSession sess=0x7f15c8046ab0
test-client-1  | [2m2026-09-13T00:56:53.529511Z[0m [32m INFO[0m [2mmoq_native_ietf::quic[0m[2m:[0m UDP socket bound [3mbind[0m[2m=[0m[::]:0 [3mlocal[0m[2m=[0m[::]:38979 [3mdual_stack[0m[2m=[0mtrue
relay-1        | V0913 00:56:53.531644     8 MoQServer.cpp:325] MoQServer WebTransport: supported protocols: moqt-18, moqt-16, moqt-15, moq-00
relay-1        | V0913 00:56:53.531673     8 MoQServer.cpp:335] WebTransport: Negotiated protocol: moqt-18
relay-1        | V0913 00:56:53.531787     8 MoQSession.cpp:2648] start sess=0x7f15c806c020
relay-1        | V0913 00:56:53.531811     8 MoQSession.cpp:2991] sendSetup sess=0x7f15c806c020
relay-1        | V0913 00:56:53.531870     8 MoQSession.cpp:2947] controlWriteLoop sess=0x7f15c806c020
relay-1        | V0913 00:56:53.532175     8 MoQSession.cpp:6787] onNewUniStream sess=0x7f15c806c020
relay-1        | V0913 00:56:53.532207     8 MoQSession.cpp:3346] controlReadLoop sess=0x7f15c806c020
relay-1        | V0913 00:56:53.532216     8 MoQSession.cpp:3135] onClientSetup sess=0x7f15c806c020
relay-1        | V0913 00:56:53.532221     8 MoQServerBase.cpp:88] MoQServerBase::ClientSetup
relay-1        | V0913 00:56:53.532225     8 MoQServerBase.cpp:93] MoQServerBase::ClientSetup: Using ALPN-negotiated version: moqt-18
relay-1        | V0913 00:56:53.532230     8 MoQSession.cpp:3211] Negotiated Version=0xff000012 (draft-18)
relay-1        | V0913 00:56:53.532288     8 MoQSession.cpp:6815] onNewBidiStream sess=0x7f15c806c020
relay-1        | V0913 00:56:53.532315     8 MoQSession.cpp:3346] controlReadLoop sess=0x7f15c806c020
relay-1        | V0913 00:56:53.532330     8 MoQSession.cpp:4921] onPublishImpl reqID=0 sess=0x7f15c806c020
relay-1        | V0913 00:56:53.532347     8 MoQRelay.cpp:422] publish ftn=moq-test-00/0/0/0/2/5/5/64/32/2/1/1/1/-1/-1/0/moq-test-bf520f40798762ce
relay-1        | E0913 00:56:53.532396     8 MoQRelay.cpp:82] prefix not found in tree
relay-1        | V0913 00:56:53.532427     8 MoQSession.cpp:6014] publishOk reqID=0 sess=0x7f15c806c020
relay-1        | V0913 00:56:53.532541     8 MoQLocation.h:24] m=AbsoluteStart g=0 o=0
relay-1        | V0913 00:56:53.532554     8 MoQLocation.h:59] g=0 o=0 g=4611686018427387903 o=4611686018427387903
relay-1        | I0913 00:56:53.532562     8 MoQRelay.cpp:1982] Updating forward for moq-test-00/0/0/0/2/5/5/64/32/2/1/1/1/-1/-1/0/moq-test-bf520f40798762ce numForwardingSubs=1
relay-1        | V0913 00:56:53.532574     8 MoQSession.cpp:6191] sendSubscribeOk sess=0x7f15c804c440
relay-1        | V0913 00:56:53.532646     8 MoQSession.cpp:6504] requestUpdate sess=0x7f15c806c020
test-client-1  | [2m2026-09-13T00:56:53.532775Z[0m [32m INFO[0m [2mmoq_test_client::moqtest[0m[2m:[0m PUBLISH accepted and subscription bound; generating objects [3mobjects[0m[2m=[0m15 [3mstreams[0m[2m=[0m3
relay-1        | V0913 00:56:53.532971     8 MoQSession.cpp:5054] PublishDone id=0 code=2 reason=publish ended
relay-1        | V0913 00:56:53.532984     8 MoQSession.cpp:2186] processPublishDone trackReceiveState=0x7f15c8061fc0
relay-1        | V0913 00:56:53.532993     8 MoQRelay.cpp:383] onPublishDoneImpl ftn=moq-test-00/0/0/0/2/5/5/64/32/2/1/1/1/-1/-1/0/moq-test-bf520f40798762ce
relay-1        | V0913 00:56:53.533003     8 MoQRelay.cpp:303] Pruning empty subtree at: moq-test-00
relay-1        | V0913 00:56:53.533014     8 MoQForwarder.cpp:609] publishDone pubDone reason=publish ended
relay-1        | V0913 00:56:53.533019     8 MoQForwarder.cpp:318] drainSubscriber from publishDone session=0x7f15c804c440
relay-1        | V0913 00:56:53.533023     8 MoQSession.cpp:6304] sendPublishDone sess=0x7f15c804c440
relay-1        | V0913 00:56:53.533035     8 MoQSession.cpp:6474] publisherDrained id=0 sess=0x7f15c804c440
relay-1        | V0913 00:56:53.533045     8 MoQForwarder.cpp:384] Resetting open subgroups for subscriber=0x7f15c8082c10
relay-1        | V0913 00:56:53.533050     8 MoQForwarder.cpp:406] subscribers_.size()=0
relay-1        | I0913 00:56:53.533058     8 MoQRelay.cpp:1945] Publisher terminated for moq-test-00/0/0/0/2/5/5/64/32/2/1/1/1/-1/-1/0/moq-test-bf520f40798762ce
relay-1        | V0913 00:56:53.533069     8 MoQSession.cpp:3459] Failing pending request id=1 peer FINed without terminal reply sess=0x7f15c806c020
relay-1        | V0913 00:56:53.533083     8 MoQSession.cpp:3348] exit controlReadLoop sess=0x7f15c806c020
relay-1        | E0913 00:56:53.533387     8 MoQRelay.cpp:36] requestUpdate failed: peer FINed without terminal reply
relay-1        | V0913 00:56:53.533412     8 MoQSession.cpp:3348] exit controlReadLoop sess=0x7f15c804c440
relay-1        | V0913 00:56:53.533423     8 MoQSession.cpp:3348] exit controlReadLoop sess=0x7f15c804c440
test-client-1  | not ok 11 - moq-test-subgroup-per-group-eog
test-client-1  |   ---
test-client-1  |   duration_ms: 226
test-client-1  |   message: "failed to create subgroup: cancelled"
relay-1        | V0913 00:56:53.550725     8 MoQSession.cpp:3348] exit controlReadLoop sess=0x7f15c806c020
test-client-1  |   ...
relay-1        | E20260913 00:56:53.550824     8 HQControlCodec.h:58] Unexpected control stream EOF
relay-1        | E20260913 00:56:53.550885     8 HQSession.cpp:3158] Got error on control stream error=HTTP: Critical stream was closed streamID=2 sess=proto=h3, UA=, client CID=0c03e1411b72c83a, server CID=4000000fee4f2415, downstream=[::ffff:172.18.0.3]:38979, [::]:4443=local, drain=none
relay-1        | E20260913 00:56:53.550931     8 HQControlCodec.h:58] Unexpected control stream EOF
relay-1        | E20260913 00:56:53.550968     8 HQSession.cpp:3158] Got error on control stream error=HTTP: Critical stream was closed streamID=2 sess=proto=h3, UA=, client CID=d96930dbf0c226c4, server CID=40000014baab90b4, downstream=[::ffff:172.18.0.3]:56744, [::]:4443=local, drain=none
relay-1        | E0913 00:56:53.551017     8 MoQServer.h:192] proxygen::HTTPException: Got error=ApplicationError: 260, HTTP error on control stream
relay-1        | V0913 00:56:53.551025     8 MoQSession.cpp:7213] onSessionEnderr=4294967295 sess=0x7f15c806c020
relay-1        | V0913 00:56:53.551029     8 MoQSession.cpp:2923] close sess=0x7f15c806c020
relay-1        | V0913 00:56:53.551036     8 MoQSession.cpp:2602] requestCancellation from cleanup sess=0x7f15c806c020
relay-1        | V0913 00:56:53.551049     8 MoQSession.cpp:2940] requestCancellation from close sess=0x7f15c806c020
relay-1        | E0913 00:56:53.551139     8 MoQServer.h:192] proxygen::HTTPException: Got error=ApplicationError: 260, HTTP error on control stream
relay-1        | V0913 00:56:53.551154     8 MoQSession.cpp:7213] onSessionEnderr=4294967295 sess=0x7f15c804c440
relay-1        | V0913 00:56:53.551158     8 MoQSession.cpp:2923] close sess=0x7f15c804c440
relay-1        | V0913 00:56:53.551164     8 MoQSession.cpp:2602] requestCancellation from cleanup sess=0x7f15c804c440
relay-1        | V0913 00:56:53.551173     8 MoQSession.cpp:2940] requestCancellation from close sess=0x7f15c804c440
relay-1        | V0913 00:56:53.551260     8 MoQSession.cpp:2949] exit controlWriteLoop sess=0x7f15c806c020
relay-1        | V0913 00:56:53.551296     8 MoQSession.cpp:2540] ~MoQSession sess=0x7f15c806c020
relay-1        | V0913 00:56:53.551318     8 MoQSession.cpp:2949] exit controlWriteLoop sess=0x7f15c804c440
test-client-1  | [2m2026-09-13T00:56:53.551390Z[0m [33m WARN[0m [2mweb_transport_quinn::session[0m[2m:[0m failed to read capsule [3me[0m[2m=[0mUnexpectedEnd
test-client-1  | [2m2026-09-13T00:56:53.551445Z[0m [33m WARN[0m [2mweb_transport_quinn::session[0m[2m:[0m failed to read capsule [3me[0m[2m=[0mUnexpectedEnd
test-client-1  | [2m2026-09-13T00:56:53.551924Z[0m [32m INFO[0m [2mmoq_native_ietf::quic[0m[2m:[0m UDP socket bound [3mbind[0m[2m=[0m[::]:0 [3mlocal[0m[2m=[0m[::]:47091 [3mdual_stack[0m[2m=[0mtrue
relay-1        | V0913 00:56:53.553695     8 MoQServer.cpp:325] MoQServer WebTransport: supported protocols: moqt-18, moqt-16, moqt-15, moq-00
relay-1        | V0913 00:56:53.553709     8 MoQServer.cpp:335] WebTransport: Negotiated protocol: moqt-18
relay-1        | V0913 00:56:53.553796     8 MoQSession.cpp:2648] start sess=0x7f15c80794c0
relay-1        | V0913 00:56:53.553817     8 MoQSession.cpp:2991] sendSetup sess=0x7f15c80794c0
relay-1        | V0913 00:56:53.553917     8 MoQSession.cpp:2947] controlWriteLoop sess=0x7f15c80794c0
relay-1        | V0913 00:56:53.554161     8 MoQSession.cpp:6787] onNewUniStream sess=0x7f15c80794c0
relay-1        | V0913 00:56:53.554192     8 MoQSession.cpp:3346] controlReadLoop sess=0x7f15c80794c0
relay-1        | V0913 00:56:53.554198     8 MoQSession.cpp:3135] onClientSetup sess=0x7f15c80794c0
relay-1        | V0913 00:56:53.554203     8 MoQServerBase.cpp:88] MoQServerBase::ClientSetup
relay-1        | V0913 00:56:53.554206     8 MoQServerBase.cpp:93] MoQServerBase::ClientSetup: Using ALPN-negotiated version: moqt-18
relay-1        | V0913 00:56:53.554212     8 MoQSession.cpp:3211] Negotiated Version=0xff000012 (draft-18)
relay-1        | V0913 00:56:53.554364     8 MoQSession.cpp:6815] onNewBidiStream sess=0x7f15c80794c0
relay-1        | V0913 00:56:53.554427     8 MoQSession.cpp:3346] controlReadLoop sess=0x7f15c80794c0
relay-1        | V0913 00:56:53.554450     8 MoQSession.cpp:4242] onSubscribeImpl ftn=moq-test-00/1/0/0/1/3/4/64/32/2/1/1/0/-1/-1/0/moq-test-73efb98a33289c54 sess=0x7f15c80794c0
relay-1        | V0913 00:56:53.560575     8 MoQSession.cpp:2540] ~MoQSession sess=0x7f15c804c440
test-client-1  | [2m2026-09-13T00:56:53.756609Z[0m [32m INFO[0m [2mmoq_native_ietf::quic[0m[2m:[0m UDP socket bound [3mbind[0m[2m=[0m[::]:0 [3mlocal[0m[2m=[0m[::]:39858 [3mdual_stack[0m[2m=[0mtrue
relay-1        | V0913 00:56:53.758782     8 MoQServer.cpp:325] MoQServer WebTransport: supported protocols: moqt-18, moqt-16, moqt-15, moq-00
relay-1        | V0913 00:56:53.758811     8 MoQServer.cpp:335] WebTransport: Negotiated protocol: moqt-18
relay-1        | V0913 00:56:53.758917     8 MoQSession.cpp:2648] start sess=0x7f15c804c440
relay-1        | V0913 00:56:53.758945     8 MoQSession.cpp:2991] sendSetup sess=0x7f15c804c440
relay-1        | V0913 00:56:53.759050     8 MoQSession.cpp:2947] controlWriteLoop sess=0x7f15c804c440
relay-1        | V0913 00:56:53.759153     8 MoQSession.cpp:6787] onNewUniStream sess=0x7f15c804c440
relay-1        | V0913 00:56:53.759208     8 MoQSession.cpp:3346] controlReadLoop sess=0x7f15c804c440
relay-1        | V0913 00:56:53.759217     8 MoQSession.cpp:3135] onClientSetup sess=0x7f15c804c440
relay-1        | V0913 00:56:53.759220     8 MoQServerBase.cpp:88] MoQServerBase::ClientSetup
relay-1        | V0913 00:56:53.759222     8 MoQServerBase.cpp:93] MoQServerBase::ClientSetup: Using ALPN-negotiated version: moqt-18
relay-1        | V0913 00:56:53.759226     8 MoQSession.cpp:3211] Negotiated Version=0xff000012 (draft-18)
relay-1        | V0913 00:56:53.759464     8 MoQSession.cpp:6815] onNewBidiStream sess=0x7f15c804c440
relay-1        | V0913 00:56:53.759502     8 MoQSession.cpp:3346] controlReadLoop sess=0x7f15c804c440
relay-1        | V0913 00:56:53.759527     8 MoQSession.cpp:4921] onPublishImpl reqID=0 sess=0x7f15c804c440
relay-1        | V0913 00:56:53.759548     8 MoQRelay.cpp:422] publish ftn=moq-test-00/1/0/0/1/3/4/64/32/2/1/1/0/-1/-1/0/moq-test-73efb98a33289c54
relay-1        | E0913 00:56:53.759559     8 MoQRelay.cpp:82] prefix not found in tree
relay-1        | V0913 00:56:53.759593     8 MoQSession.cpp:6014] publishOk reqID=0 sess=0x7f15c804c440
relay-1        | V0913 00:56:53.759697     8 MoQLocation.h:24] m=AbsoluteStart g=0 o=0
relay-1        | V0913 00:56:53.759711     8 MoQLocation.h:59] g=0 o=0 g=4611686018427387903 o=4611686018427387903
relay-1        | I0913 00:56:53.759721     8 MoQRelay.cpp:1982] Updating forward for moq-test-00/1/0/0/1/3/4/64/32/2/1/1/0/-1/-1/0/moq-test-73efb98a33289c54 numForwardingSubs=1
relay-1        | V0913 00:56:53.759737     8 MoQSession.cpp:6191] sendSubscribeOk sess=0x7f15c80794c0
relay-1        | V0913 00:56:53.759808     8 MoQSession.cpp:6504] requestUpdate sess=0x7f15c804c440
test-client-1  | [2m2026-09-13T00:56:53.759947Z[0m [33m WARN[0m [2mmoq_transport::session[0m[2m:[0m unexpected bidi response message type [3mmsg_type[0m[2m=[0m2
test-client-1  | [2m2026-09-13T00:56:53.759966Z[0m [33m WARN[0m [2mmoq_transport::serve::error[0m[2m:[0m [1143225d-a789-4efa-8433-386db7f9a057] Not implemented: bidi response type 0x2 at moq-transport/src/session/error.rs:89
relay-1        | V0913 00:56:53.760102     8 MoQSession.cpp:3459] Failing pending request id=1 peer FINed without terminal reply sess=0x7f15c804c440
test-client-1  | [2m2026-09-13T00:56:53.760039Z[0m [32m INFO[0m [2mmoq_test_client::moqtest[0m[2m:[0m PUBLISH accepted and subscription bound; generating objects [3mobjects[0m[2m=[0m8 [3mstreams[0m[2m=[0m8
relay-1        | V0913 00:56:53.760146     8 MoQSession.cpp:3348] exit controlReadLoop sess=0x7f15c804c440
relay-1        | E0913 00:56:53.760180     8 MoQRelay.cpp:36] requestUpdate failed: peer FINed without terminal reply
test-client-1  | not ok 12 - moq-test-subgroup-per-object
test-client-1  |   ---
relay-1        | V0913 00:56:53.763304     8 MoQSession.cpp:3348] exit controlReadLoop sess=0x7f15c804c440
relay-1        | E20260913 00:56:53.763406     8 HQControlCodec.h:58] Unexpected control stream EOF
test-client-1  |   duration_ms: 212
test-client-1  |   message: "failed to create subgroup: cancelled"
test-client-1  |   ...
relay-1        | E20260913 00:56:53.763484     8 HQSession.cpp:3158] Got error on control stream error=HTTP: Critical stream was closed streamID=2 sess=proto=h3, UA=, client CID=7b224014e906dc52, server CID=40000014692230ee, downstream=[::ffff:172.18.0.3]:39858, [::]:4443=local, drain=none
relay-1        | E0913 00:56:53.763545     8 MoQServer.h:192] proxygen::HTTPException: Got error=ApplicationError: 260, HTTP error on control stream
relay-1        | V0913 00:56:53.763555     8 MoQSession.cpp:7213] onSessionEnderr=4294967295 sess=0x7f15c804c440
relay-1        | V0913 00:56:53.763559     8 MoQSession.cpp:2923] close sess=0x7f15c804c440
relay-1        | V0913 00:56:53.763565     8 MoQSession.cpp:2157] subscribeError trackReceiveState=0x7f15c8053de0
relay-1        | V0913 00:56:53.763569     8 MoQSession.cpp:2186] processPublishDone trackReceiveState=0x7f15c8053de0
relay-1        | V0913 00:56:53.763574     8 MoQRelay.cpp:383] onPublishDoneImpl ftn=moq-test-00/1/0/0/1/3/4/64/32/2/1/1/0/-1/-1/0/moq-test-73efb98a33289c54
relay-1        | V0913 00:56:53.763580     8 MoQRelay.cpp:303] Pruning empty subtree at: moq-test-00
relay-1        | V0913 00:56:53.763588     8 MoQForwarder.cpp:609] publishDone pubDone reason=closed locally
relay-1        | V0913 00:56:53.763592     8 MoQForwarder.cpp:318] drainSubscriber from publishDone session=0x7f15c80794c0
relay-1        | V0913 00:56:53.763596     8 MoQSession.cpp:6304] sendPublishDone sess=0x7f15c80794c0
relay-1        | V0913 00:56:53.763606     8 MoQSession.cpp:6474] publisherDrained id=0 sess=0x7f15c80794c0
relay-1        | V0913 00:56:53.763613     8 MoQForwarder.cpp:384] Resetting open subgroups for subscriber=0x7f15c8082c10
relay-1        | V0913 00:56:53.763617     8 MoQForwarder.cpp:406] subscribers_.size()=0
relay-1        | I0913 00:56:53.763623     8 MoQRelay.cpp:1945] Publisher terminated for moq-test-00/1/0/0/1/3/4/64/32/2/1/1/0/-1/-1/0/moq-test-73efb98a33289c54
relay-1        | V0913 00:56:53.763629     8 MoQSession.cpp:2141] cancel alias=0 requestID=0
relay-1        | V0913 00:56:53.763633     8 MoQSession.cpp:2602] requestCancellation from cleanup sess=0x7f15c804c440
relay-1        | V0913 00:56:53.763646     8 MoQSession.cpp:2940] requestCancellation from close sess=0x7f15c804c440
relay-1        | V0913 00:56:53.763804     8 MoQSession.cpp:2949] exit controlWriteLoop sess=0x7f15c804c440
relay-1        | E20260913 00:56:53.763826     8 HQControlCodec.h:58] Unexpected control stream EOF
relay-1        | E20260913 00:56:53.763854     8 HQSession.cpp:3158] Got error on control stream error=HTTP: Critical stream was closed streamID=2 sess=proto=h3, UA=, client CID=63d0b72b8d125f9b, server CID=40000018ae9f3e50, downstream=[::ffff:172.18.0.3]:47091, [::]:4443=local, drain=none
relay-1        | E0913 00:56:53.763897     8 MoQServer.h:192] proxygen::HTTPException: Got error=ApplicationError: 260, HTTP error on control stream
test-client-1  | [2m2026-09-13T00:56:53.764066Z[0m [33m WARN[0m [2mweb_transport_quinn::session[0m[2m:[0m failed to read capsule [3me[0m[2m=[0mUnexpectedEnd
test-client-1  | [2m2026-09-13T00:56:53.764109Z[0m [33m WARN[0m [2mweb_transport_quinn::session[0m[2m:[0m failed to read capsule [3me[0m[2m=[0mUnexpectedEnd
relay-1        | V0913 00:56:53.763903     8 MoQSession.cpp:7213] onSessionEnderr=4294967295 sess=0x7f15c80794c0
relay-1        | V0913 00:56:53.763906     8 MoQSession.cpp:2923] close sess=0x7f15c80794c0
relay-1        | V0913 00:56:53.763911     8 MoQSession.cpp:2602] requestCancellation from cleanup sess=0x7f15c80794c0
relay-1        | V0913 00:56:53.763919     8 MoQSession.cpp:2940] requestCancellation from close sess=0x7f15c80794c0
relay-1        | V0913 00:56:53.763971     8 MoQSession.cpp:3348] exit controlReadLoop sess=0x7f15c80794c0
relay-1        | V0913 00:56:53.763984     8 MoQSession.cpp:3348] exit controlReadLoop sess=0x7f15c80794c0
relay-1        | V0913 00:56:53.763998     8 MoQSession.cpp:2949] exit controlWriteLoop sess=0x7f15c80794c0
test-client-1  | [2m2026-09-13T00:56:53.764427Z[0m [32m INFO[0m [2mmoq_native_ietf::quic[0m[2m:[0m UDP socket bound [3mbind[0m[2m=[0m[::]:0 [3mlocal[0m[2m=[0m[::]:56990 [3mdual_stack[0m[2m=[0mtrue
relay-1        | V0913 00:56:53.767213     8 MoQServer.cpp:325] MoQServer WebTransport: supported protocols: moqt-18, moqt-16, moqt-15, moq-00
relay-1        | V0913 00:56:53.767227     8 MoQServer.cpp:335] WebTransport: Negotiated protocol: moqt-18
relay-1        | V0913 00:56:53.767330     8 MoQSession.cpp:2648] start sess=0x7f15c80673c0
relay-1        | V0913 00:56:53.767398     8 MoQSession.cpp:2991] sendSetup sess=0x7f15c80673c0
relay-1        | V0913 00:56:53.767555     8 MoQSession.cpp:2947] controlWriteLoop sess=0x7f15c80673c0
relay-1        | V0913 00:56:53.767576     8 MoQSession.cpp:6787] onNewUniStream sess=0x7f15c80673c0
relay-1        | V0913 00:56:53.767630     8 MoQSession.cpp:3346] controlReadLoop sess=0x7f15c80673c0
relay-1        | V0913 00:56:53.767642     8 MoQSession.cpp:3135] onClientSetup sess=0x7f15c80673c0
relay-1        | V0913 00:56:53.767646     8 MoQServerBase.cpp:88] MoQServerBase::ClientSetup
relay-1        | V0913 00:56:53.767650     8 MoQServerBase.cpp:93] MoQServerBase::ClientSetup: Using ALPN-negotiated version: moqt-18
relay-1        | V0913 00:56:53.767656     8 MoQSession.cpp:3211] Negotiated Version=0xff000012 (draft-18)
relay-1        | V0913 00:56:53.767855     8 MoQSession.cpp:6815] onNewBidiStream sess=0x7f15c80673c0
relay-1        | V0913 00:56:53.767885     8 MoQSession.cpp:3346] controlReadLoop sess=0x7f15c80673c0
relay-1        | V0913 00:56:53.767899     8 MoQSession.cpp:4242] onSubscribeImpl ftn=moq-test-00/2/0/0/2/6/6/64/32/2/1/1/1/-1/-1/0/moq-test-e000154b1243c643 sess=0x7f15c80673c0
relay-1        | V0913 00:56:53.774034     8 MoQSession.cpp:2540] ~MoQSession sess=0x7f15c80794c0
relay-1        | V0913 00:56:53.774064     8 MoQSession.cpp:2540] ~MoQSession sess=0x7f15c804c440
test-client-1  | [2m2026-09-13T00:56:53.969984Z[0m [32m INFO[0m [2mmoq_native_ietf::quic[0m[2m:[0m UDP socket bound [3mbind[0m[2m=[0m[::]:0 [3mlocal[0m[2m=[0m[::]:56324 [3mdual_stack[0m[2m=[0mtrue
relay-1        | V0913 00:56:53.971942     8 MoQServer.cpp:325] MoQServer WebTransport: supported protocols: moqt-18, moqt-16, moqt-15, moq-00
relay-1        | V0913 00:56:53.971963     8 MoQServer.cpp:335] WebTransport: Negotiated protocol: moqt-18
relay-1        | V0913 00:56:53.972053     8 MoQSession.cpp:2648] start sess=0x7f15c804ab30
relay-1        | V0913 00:56:53.972077     8 MoQSession.cpp:2991] sendSetup sess=0x7f15c804ab30
relay-1        | V0913 00:56:53.972178     8 MoQSession.cpp:2947] controlWriteLoop sess=0x7f15c804ab30
relay-1        | V0913 00:56:53.972332     8 MoQSession.cpp:6787] onNewUniStream sess=0x7f15c804ab30
relay-1        | V0913 00:56:53.972362     8 MoQSession.cpp:3346] controlReadLoop sess=0x7f15c804ab30
relay-1        | V0913 00:56:53.972376     8 MoQSession.cpp:3135] onClientSetup sess=0x7f15c804ab30
relay-1        | V0913 00:56:53.972380     8 MoQServerBase.cpp:88] MoQServerBase::ClientSetup
relay-1        | V0913 00:56:53.972389     8 MoQServerBase.cpp:93] MoQServerBase::ClientSetup: Using ALPN-negotiated version: moqt-18
relay-1        | V0913 00:56:53.972394     8 MoQSession.cpp:3211] Negotiated Version=0xff000012 (draft-18)
relay-1        | V0913 00:56:53.972502     8 MoQSession.cpp:6815] onNewBidiStream sess=0x7f15c804ab30
relay-1        | V0913 00:56:53.972571     8 MoQSession.cpp:3346] controlReadLoop sess=0x7f15c804ab30
relay-1        | V0913 00:56:53.972591     8 MoQSession.cpp:4921] onPublishImpl reqID=0 sess=0x7f15c804ab30
relay-1        | V0913 00:56:53.972609     8 MoQRelay.cpp:422] publish ftn=moq-test-00/2/0/0/2/6/6/64/32/2/1/1/1/-1/-1/0/moq-test-e000154b1243c643
relay-1        | E0913 00:56:53.972623     8 MoQRelay.cpp:82] prefix not found in tree
relay-1        | V0913 00:56:53.972642     8 MoQSession.cpp:6014] publishOk reqID=0 sess=0x7f15c804ab30
relay-1        | V0913 00:56:53.972762     8 MoQLocation.h:24] m=AbsoluteStart g=0 o=0
relay-1        | V0913 00:56:53.972777     8 MoQLocation.h:59] g=0 o=0 g=4611686018427387903 o=4611686018427387903
relay-1        | I0913 00:56:53.972859     8 MoQRelay.cpp:1982] Updating forward for moq-test-00/2/0/0/2/6/6/64/32/2/1/1/1/-1/-1/0/moq-test-e000154b1243c643 numForwardingSubs=1
relay-1        | V0913 00:56:53.972879     8 MoQSession.cpp:6191] sendSubscribeOk sess=0x7f15c80673c0
relay-1        | V0913 00:56:53.973031     8 MoQSession.cpp:6504] requestUpdate sess=0x7f15c804ab30
test-client-1  | [2m2026-09-13T00:56:53.973007Z[0m [32m INFO[0m [2mmoq_test_client::moqtest[0m[2m:[0m PUBLISH accepted and subscription bound; generating objects [3mobjects[0m[2m=[0m18 [3mstreams[0m[2m=[0m6
relay-1        | V0913 00:56:53.973262     8 MoQSession.cpp:5054] PublishDone id=0 code=2 reason=publish ended
relay-1        | V0913 00:56:53.973276     8 MoQSession.cpp:2186] processPublishDone trackReceiveState=0x7f15c8062250
relay-1        | V0913 00:56:53.973282     8 MoQRelay.cpp:383] onPublishDoneImpl ftn=moq-test-00/2/0/0/2/6/6/64/32/2/1/1/1/-1/-1/0/moq-test-e000154b1243c643
relay-1        | V0913 00:56:53.973289     8 MoQRelay.cpp:303] Pruning empty subtree at: moq-test-00
relay-1        | V0913 00:56:53.973296     8 MoQForwarder.cpp:609] publishDone pubDone reason=publish ended
relay-1        | V0913 00:56:53.973301     8 MoQForwarder.cpp:318] drainSubscriber from publishDone session=0x7f15c80673c0
relay-1        | V0913 00:56:53.973308     8 MoQSession.cpp:6304] sendPublishDone sess=0x7f15c80673c0
relay-1        | V0913 00:56:53.973319     8 MoQSession.cpp:6474] publisherDrained id=0 sess=0x7f15c80673c0
relay-1        | V0913 00:56:53.973328     8 MoQForwarder.cpp:384] Resetting open subgroups for subscriber=0x7f15c8082c10
relay-1        | V0913 00:56:53.973332     8 MoQForwarder.cpp:406] subscribers_.size()=0
relay-1        | I0913 00:56:53.973361     8 MoQRelay.cpp:1945] Publisher terminated for moq-test-00/2/0/0/2/6/6/64/32/2/1/1/1/-1/-1/0/moq-test-e000154b1243c643
relay-1        | V0913 00:56:53.973375     8 MoQSession.cpp:3459] Failing pending request id=1 peer FINed without terminal reply sess=0x7f15c804ab30
relay-1        | V0913 00:56:53.973384     8 MoQSession.cpp:3348] exit controlReadLoop sess=0x7f15c804ab30
relay-1        | E0913 00:56:53.973484     8 MoQRelay.cpp:36] requestUpdate failed: peer FINed without terminal reply
relay-1        | V0913 00:56:53.973697     8 MoQSession.cpp:3348] exit controlReadLoop sess=0x7f15c80673c0
relay-1        | V0913 00:56:53.973712     8 MoQSession.cpp:3348] exit controlReadLoop sess=0x7f15c80673c0
test-client-1  | not ok 13 - moq-test-two-subgroups-eog
test-client-1  |   ---
test-client-1  |   duration_ms: 232
test-client-1  |   message: "failed to create subgroup 0: cancelled"
test-client-1  |   ...
relay-1        | E20260913 00:56:53.996304     8 HQControlCodec.h:58] Unexpected control stream EOF
relay-1        | E20260913 00:56:53.996402     8 HQSession.cpp:3158] Got error on control stream error=HTTP: Critical stream was closed streamID=2 sess=proto=h3, UA=, client CID=fccd98b740039fbf, server CID=40000018327f55e8, downstream=[::ffff:172.18.0.3]:56324, [::]:4443=local, drain=none
relay-1        | E20260913 00:56:53.996464     8 HQControlCodec.h:58] Unexpected control stream EOF
relay-1        | E20260913 00:56:53.996490     8 HQSession.cpp:3158] Got error on control stream error=HTTP: Critical stream was closed streamID=2 sess=proto=h3, UA=, client CID=bd2b568c76e2dc0b, server CID=4000001325242732, downstream=[::ffff:172.18.0.3]:56990, [::]:4443=local, drain=none
relay-1        | E0913 00:56:53.996579     8 MoQServer.h:192] proxygen::HTTPException: Got error=ApplicationError: 260, HTTP error on control stream
relay-1        | V0913 00:56:53.996615     8 MoQSession.cpp:7213] onSessionEnderr=4294967295 sess=0x7f15c804ab30
relay-1        | V0913 00:56:53.996638     8 MoQSession.cpp:2923] close sess=0x7f15c804ab30
relay-1        | V0913 00:56:53.996649     8 MoQSession.cpp:2602] requestCancellation from cleanup sess=0x7f15c804ab30
relay-1        | V0913 00:56:53.996667     8 MoQSession.cpp:2940] requestCancellation from close sess=0x7f15c804ab30
relay-1        | E0913 00:56:53.996817     8 MoQServer.h:192] proxygen::HTTPException: Got error=ApplicationError: 260, HTTP error on control stream
test-client-1  | [2m2026-09-13T00:56:53.996906Z[0m [33m WARN[0m [2mweb_transport_quinn::session[0m[2m:[0m failed to read capsule [3me[0m[2m=[0mUnexpectedEnd
relay-1        | V0913 00:56:53.996935     8 MoQSession.cpp:7213] onSessionEnderr=4294967295 sess=0x7f15c80673c0
relay-1        | V0913 00:56:53.996945     8 MoQSession.cpp:2923] close sess=0x7f15c80673c0
relay-1        | V0913 00:56:53.996951     8 MoQSession.cpp:2602] requestCancellation from cleanup sess=0x7f15c80673c0
relay-1        | V0913 00:56:53.996961     8 MoQSession.cpp:2940] requestCancellation from close sess=0x7f15c80673c0
relay-1        | V0913 00:56:53.997047     8 MoQSession.cpp:3348] exit controlReadLoop sess=0x7f15c804ab30
relay-1        | V0913 00:56:53.997079     8 MoQSession.cpp:2949] exit controlWriteLoop sess=0x7f15c804ab30
relay-1        | V0913 00:56:53.997087     8 MoQSession.cpp:2540] ~MoQSession sess=0x7f15c804ab30
relay-1        | V0913 00:56:53.997102     8 MoQSession.cpp:2949] exit controlWriteLoop sess=0x7f15c80673c0
test-client-1  | [2m2026-09-13T00:56:53.997197Z[0m [33m WARN[0m [2mweb_transport_quinn::session[0m[2m:[0m failed to read capsule [3me[0m[2m=[0mUnexpectedEnd
test-client-1  | [2m2026-09-13T00:56:53.997468Z[0m [32m INFO[0m [2mmoq_native_ietf::quic[0m[2m:[0m UDP socket bound [3mbind[0m[2m=[0m[::]:0 [3mlocal[0m[2m=[0m[::]:33279 [3mdual_stack[0m[2m=[0mtrue
relay-1        | V0913 00:56:53.999045     8 MoQServer.cpp:325] MoQServer WebTransport: supported protocols: moqt-18, moqt-16, moqt-15, moq-00
relay-1        | V0913 00:56:53.999058     8 MoQServer.cpp:335] WebTransport: Negotiated protocol: moqt-18
relay-1        | V0913 00:56:53.999144     8 MoQSession.cpp:2648] start sess=0x7f15c80070f0
relay-1        | V0913 00:56:53.999160     8 MoQSession.cpp:2991] sendSetup sess=0x7f15c80070f0
relay-1        | V0913 00:56:53.999254     8 MoQSession.cpp:2947] controlWriteLoop sess=0x7f15c80070f0
relay-1        | V0913 00:56:53.999417     8 MoQSession.cpp:6787] onNewUniStream sess=0x7f15c80070f0
relay-1        | V0913 00:56:53.999510     8 MoQSession.cpp:3346] controlReadLoop sess=0x7f15c80070f0
relay-1        | V0913 00:56:53.999519     8 MoQSession.cpp:3135] onClientSetup sess=0x7f15c80070f0
relay-1        | V0913 00:56:53.999523     8 MoQServerBase.cpp:88] MoQServerBase::ClientSetup
relay-1        | V0913 00:56:53.999526     8 MoQServerBase.cpp:93] MoQServerBase::ClientSetup: Using ALPN-negotiated version: moqt-18
relay-1        | V0913 00:56:53.999532     8 MoQSession.cpp:3211] Negotiated Version=0xff000012 (draft-18)
relay-1        | V0913 00:56:53.999636     8 MoQSession.cpp:6815] onNewBidiStream sess=0x7f15c80070f0
relay-1        | V0913 00:56:53.999715     8 MoQSession.cpp:3346] controlReadLoop sess=0x7f15c80070f0
relay-1        | V0913 00:56:53.999734     8 MoQSession.cpp:4242] onSubscribeImpl ftn=moq-test-00/3/0/0/2/4/5/64/32/20/1/1/0/-1/-1/0/moq-test-0c7689a912624b7c sess=0x7f15c80070f0
relay-1        | V0913 00:56:54.006870     8 MoQSession.cpp:2540] ~MoQSession sess=0x7f15c80673c0
test-client-1  | [2m2026-09-13T00:56:54.201593Z[0m [32m INFO[0m [2mmoq_native_ietf::quic[0m[2m:[0m UDP socket bound [3mbind[0m[2m=[0m[::]:0 [3mlocal[0m[2m=[0m[::]:56422 [3mdual_stack[0m[2m=[0mtrue
relay-1        | V0913 00:56:54.203552     8 MoQServer.cpp:325] MoQServer WebTransport: supported protocols: moqt-18, moqt-16, moqt-15, moq-00
relay-1        | V0913 00:56:54.203574     8 MoQServer.cpp:335] WebTransport: Negotiated protocol: moqt-18
relay-1        | V0913 00:56:54.203679     8 MoQSession.cpp:2648] start sess=0x7f15c805bea0
relay-1        | V0913 00:56:54.203703     8 MoQSession.cpp:2991] sendSetup sess=0x7f15c805bea0
relay-1        | V0913 00:56:54.203813     8 MoQSession.cpp:2947] controlWriteLoop sess=0x7f15c805bea0
relay-1        | V0913 00:56:54.203896     8 MoQSession.cpp:6787] onNewUniStream sess=0x7f15c805bea0
relay-1        | V0913 00:56:54.203929     8 MoQSession.cpp:3346] controlReadLoop sess=0x7f15c805bea0
relay-1        | V0913 00:56:54.203935     8 MoQSession.cpp:3135] onClientSetup sess=0x7f15c805bea0
relay-1        | V0913 00:56:54.203938     8 MoQServerBase.cpp:88] MoQServerBase::ClientSetup
relay-1        | V0913 00:56:54.203940     8 MoQServerBase.cpp:93] MoQServerBase::ClientSetup: Using ALPN-negotiated version: moqt-18
relay-1        | V0913 00:56:54.203944     8 MoQSession.cpp:3211] Negotiated Version=0xff000012 (draft-18)
relay-1        | V0913 00:56:54.204041     8 MoQSession.cpp:6815] onNewBidiStream sess=0x7f15c805bea0
relay-1        | V0913 00:56:54.204093     8 MoQSession.cpp:3346] controlReadLoop sess=0x7f15c805bea0
relay-1        | V0913 00:56:54.204139     8 MoQSession.cpp:4921] onPublishImpl reqID=0 sess=0x7f15c805bea0
relay-1        | V0913 00:56:54.204181     8 MoQRelay.cpp:422] publish ftn=moq-test-00/3/0/0/2/4/5/64/32/20/1/1/0/-1/-1/0/moq-test-0c7689a912624b7c
relay-1        | E0913 00:56:54.204217     8 MoQRelay.cpp:82] prefix not found in tree
relay-1        | V0913 00:56:54.204290     8 MoQSession.cpp:6014] publishOk reqID=0 sess=0x7f15c805bea0
relay-1        | V0913 00:56:54.204391     8 MoQLocation.h:24] m=AbsoluteStart g=0 o=0
relay-1        | V0913 00:56:54.204399     8 MoQLocation.h:59] g=0 o=0 g=4611686018427387903 o=4611686018427387903
relay-1        | I0913 00:56:54.204407     8 MoQRelay.cpp:1982] Updating forward for moq-test-00/3/0/0/2/4/5/64/32/20/1/1/0/-1/-1/0/moq-test-0c7689a912624b7c numForwardingSubs=1
relay-1        | V0913 00:56:54.204418     8 MoQSession.cpp:6191] sendSubscribeOk sess=0x7f15c80070f0
relay-1        | V0913 00:56:54.204492     8 MoQSession.cpp:6504] requestUpdate sess=0x7f15c805bea0
test-client-1  | [2m2026-09-13T00:56:54.204608Z[0m [32m INFO[0m [2mmoq_test_client::moqtest[0m[2m:[0m PUBLISH accepted and subscription bound; generating objects [3mobjects[0m[2m=[0m15 [3mstreams[0m[2m=[0m0
test-client-1  | [2m2026-09-13T00:56:54.204723Z[0m [33m WARN[0m [2mmoq_transport::session[0m[2m:[0m unexpected bidi response message type [3mmsg_type[0m[2m=[0m2
test-client-1  | [2m2026-09-13T00:56:54.204738Z[0m [33m WARN[0m [2mmoq_transport::serve::error[0m[2m:[0m [3e75ba91-036a-4173-bdd3-a0624289b408] Not implemented: bidi response type 0x2 at moq-transport/src/session/error.rs:89
relay-1        | V0913 00:56:54.204905     8 MoQSession.cpp:3459] Failing pending request id=1 peer FINed without terminal reply sess=0x7f15c805bea0
relay-1        | V0913 00:56:54.204920     8 MoQSession.cpp:3348] exit controlReadLoop sess=0x7f15c805bea0
relay-1        | E0913 00:56:54.204931     8 MoQRelay.cpp:36] requestUpdate failed: peer FINed without terminal reply
test-client-1  | not ok 14 - moq-test-datagram
test-client-1  |   ---
relay-1        | E20260913 00:56:54.226157     8 HQControlCodec.h:58] Unexpected control stream EOF
relay-1        | E20260913 00:56:54.226225     8 HQSession.cpp:3158] Got error on control stream error=HTTP: Critical stream was closed streamID=2 sess=proto=h3, UA=, client CID=1eff17da3d15f97e, server CID=40000017a72c2ae3, downstream=[::ffff:172.18.0.3]:56422, [::]:4443=local, drain=none
relay-1        | E0913 00:56:54.226329     8 MoQServer.h:192] proxygen::HTTPException: Got error=ApplicationError: 260, HTTP error on control stream
relay-1        | V0913 00:56:54.226349     8 MoQSession.cpp:7213] onSessionEnderr=4294967295 sess=0x7f15c805bea0
relay-1        | V0913 00:56:54.226355     8 MoQSession.cpp:2923] close sess=0x7f15c805bea0
relay-1        | V0913 00:56:54.226363     8 MoQSession.cpp:2157] subscribeError trackReceiveState=0x7f15c8047fa0
relay-1        | V0913 00:56:54.226368     8 MoQSession.cpp:2186] processPublishDone trackReceiveState=0x7f15c8047fa0
relay-1        | V0913 00:56:54.226373     8 MoQRelay.cpp:383] onPublishDoneImpl ftn=moq-test-00/3/0/0/2/4/5/64/32/20/1/1/0/-1/-1/0/moq-test-0c7689a912624b7c
relay-1        | V0913 00:56:54.226382     8 MoQRelay.cpp:303] Pruning empty subtree at: moq-test-00
relay-1        | V0913 00:56:54.226392     8 MoQForwarder.cpp:609] publishDone pubDone reason=closed locally
relay-1        | V0913 00:56:54.226404     8 MoQForwarder.cpp:318] drainSubscriber from publishDone session=0x7f15c80070f0
relay-1        | V0913 00:56:54.226409     8 MoQSession.cpp:6304] sendPublishDone sess=0x7f15c80070f0
relay-1        | V0913 00:56:54.226425     8 MoQSession.cpp:6474] publisherDrained id=0 sess=0x7f15c80070f0
test-client-1  |   duration_ms: 229
relay-1        | V0913 00:56:54.226435     8 MoQForwarder.cpp:384] Resetting open subgroups for subscriber=0x7f15c8082c10
relay-1        | V0913 00:56:54.226440     8 MoQForwarder.cpp:406] subscribers_.size()=0
relay-1        | I0913 00:56:54.226450     8 MoQRelay.cpp:1945] Publisher terminated for moq-test-00/3/0/0/2/4/5/64/32/20/1/1/0/-1/-1/0/moq-test-0c7689a912624b7c
relay-1        | V0913 00:56:54.226459     8 MoQSession.cpp:2141] cancel alias=0 requestID=0
relay-1        | V0913 00:56:54.226465     8 MoQSession.cpp:2602] requestCancellation from cleanup sess=0x7f15c805bea0
relay-1        | V0913 00:56:54.226480     8 MoQSession.cpp:2940] requestCancellation from close sess=0x7f15c805bea0
test-client-1  |   message: "failed to write datagram: cancelled"
test-client-1  |   ...
test-client-1  | [2m2026-09-13T00:56:54.226662Z[0m [33m WARN[0m [2mweb_transport_quinn::session[0m[2m:[0m failed to read capsule [3me[0m[2m=[0mUnexpectedEnd
test-client-1  | [2m2026-09-13T00:56:54.227037Z[0m [33m WARN[0m [2mweb_transport_quinn::session[0m[2m:[0m failed to read capsule [3me[0m[2m=[0mUnexpectedEnd
relay-1        | V0913 00:56:54.226697     8 MoQSession.cpp:3348] exit controlReadLoop sess=0x7f15c805bea0
relay-1        | V0913 00:56:54.226742     8 MoQSession.cpp:2949] exit controlWriteLoop sess=0x7f15c805bea0
relay-1        | E20260913 00:56:54.226758     8 HQControlCodec.h:58] Unexpected control stream EOF
relay-1        | E20260913 00:56:54.226791     8 HQSession.cpp:3158] Got error on control stream error=HTTP: Critical stream was closed streamID=2 sess=proto=h3, UA=, client CID=b4de398cc28b780d, server CID=40000011e654ce72, downstream=[::ffff:172.18.0.3]:33279, [::]:4443=local, drain=none
relay-1        | E0913 00:56:54.226853     8 MoQServer.h:192] proxygen::HTTPException: Got error=ApplicationError: 260, HTTP error on control stream
relay-1        | V0913 00:56:54.226862     8 MoQSession.cpp:7213] onSessionEnderr=4294967295 sess=0x7f15c80070f0
relay-1        | V0913 00:56:54.226867     8 MoQSession.cpp:2923] close sess=0x7f15c80070f0
relay-1        | V0913 00:56:54.226874     8 MoQSession.cpp:2602] requestCancellation from cleanup sess=0x7f15c80070f0
relay-1        | V0913 00:56:54.226886     8 MoQSession.cpp:2940] requestCancellation from close sess=0x7f15c80070f0
relay-1        | V0913 00:56:54.227030     8 MoQSession.cpp:3348] exit controlReadLoop sess=0x7f15c80070f0
relay-1        | V0913 00:56:54.227044     8 MoQSession.cpp:3348] exit controlReadLoop sess=0x7f15c80070f0
relay-1        | V0913 00:56:54.227066     8 MoQSession.cpp:2949] exit controlWriteLoop sess=0x7f15c80070f0
test-client-1  | [2m2026-09-13T00:56:54.227516Z[0m [32m INFO[0m [2mmoq_native_ietf::quic[0m[2m:[0m UDP socket bound [3mbind[0m[2m=[0m[::]:0 [3mlocal[0m[2m=[0m[::]:58342 [3mdual_stack[0m[2m=[0mtrue
relay-1        | V0913 00:56:54.229169     8 MoQServer.cpp:325] MoQServer WebTransport: supported protocols: moqt-18, moqt-16, moqt-15, moq-00
relay-1        | V0913 00:56:54.229188     8 MoQServer.cpp:335] WebTransport: Negotiated protocol: moqt-18
relay-1        | V0913 00:56:54.229296     8 MoQSession.cpp:2648] start sess=0x7f15c805a380
relay-1        | V0913 00:56:54.229328     8 MoQSession.cpp:2991] sendSetup sess=0x7f15c805a380
relay-1        | V0913 00:56:54.229382     8 MoQSession.cpp:2947] controlWriteLoop sess=0x7f15c805a380
relay-1        | V0913 00:56:54.229630     8 MoQSession.cpp:6787] onNewUniStream sess=0x7f15c805a380
relay-1        | V0913 00:56:54.229686     8 MoQSession.cpp:3346] controlReadLoop sess=0x7f15c805a380
relay-1        | V0913 00:56:54.229692     8 MoQSession.cpp:3135] onClientSetup sess=0x7f15c805a380
relay-1        | V0913 00:56:54.229694     8 MoQServerBase.cpp:88] MoQServerBase::ClientSetup
relay-1        | V0913 00:56:54.229696     8 MoQServerBase.cpp:93] MoQServerBase::ClientSetup: Using ALPN-negotiated version: moqt-18
relay-1        | V0913 00:56:54.229700     8 MoQSession.cpp:3211] Negotiated Version=0xff000012 (draft-18)
relay-1        | V0913 00:56:54.229707     8 MoQSession.cpp:6815] onNewBidiStream sess=0x7f15c805a380
relay-1        | V0913 00:56:54.229720     8 MoQSession.cpp:3346] controlReadLoop sess=0x7f15c805a380
relay-1        | V0913 00:56:54.229727     8 MoQSession.cpp:4242] onSubscribeImpl ftn=moq-test-00/3/0/0/2/5/5/64/32/20/1/1/1/-1/-1/0/moq-test-ed4c564469ce53b7 sess=0x7f15c805a380
relay-1        | V0913 00:56:54.242922     8 MoQSession.cpp:2540] ~MoQSession sess=0x7f15c80070f0
relay-1        | V0913 00:56:54.242952     8 MoQSession.cpp:2540] ~MoQSession sess=0x7f15c805bea0
test-client-1  | [2m2026-09-13T00:56:54.431441Z[0m [32m INFO[0m [2mmoq_native_ietf::quic[0m[2m:[0m UDP socket bound [3mbind[0m[2m=[0m[::]:0 [3mlocal[0m[2m=[0m[::]:34434 [3mdual_stack[0m[2m=[0mtrue
relay-1        | V0913 00:56:54.433808     8 MoQServer.cpp:325] MoQServer WebTransport: supported protocols: moqt-18, moqt-16, moqt-15, moq-00
relay-1        | V0913 00:56:54.433829     8 MoQServer.cpp:335] WebTransport: Negotiated protocol: moqt-18
relay-1        | V0913 00:56:54.433943     8 MoQSession.cpp:2648] start sess=0x7f15c804ab30
relay-1        | V0913 00:56:54.433999     8 MoQSession.cpp:2991] sendSetup sess=0x7f15c804ab30
relay-1        | V0913 00:56:54.434163     8 MoQSession.cpp:2947] controlWriteLoop sess=0x7f15c804ab30
relay-1        | V0913 00:56:54.434190     8 MoQSession.cpp:6787] onNewUniStream sess=0x7f15c804ab30
relay-1        | V0913 00:56:54.434264     8 MoQSession.cpp:3346] controlReadLoop sess=0x7f15c804ab30
relay-1        | V0913 00:56:54.434307     8 MoQSession.cpp:3135] onClientSetup sess=0x7f15c804ab30
relay-1        | V0913 00:56:54.434313     8 MoQServerBase.cpp:88] MoQServerBase::ClientSetup
relay-1        | V0913 00:56:54.434317     8 MoQServerBase.cpp:93] MoQServerBase::ClientSetup: Using ALPN-negotiated version: moqt-18
relay-1        | V0913 00:56:54.434324     8 MoQSession.cpp:3211] Negotiated Version=0xff000012 (draft-18)
relay-1        | V0913 00:56:54.434580     8 MoQSession.cpp:6815] onNewBidiStream sess=0x7f15c804ab30
relay-1        | V0913 00:56:54.434608     8 MoQSession.cpp:3346] controlReadLoop sess=0x7f15c804ab30
relay-1        | V0913 00:56:54.434618     8 MoQSession.cpp:4921] onPublishImpl reqID=0 sess=0x7f15c804ab30
relay-1        | V0913 00:56:54.434627     8 MoQRelay.cpp:422] publish ftn=moq-test-00/3/0/0/2/5/5/64/32/20/1/1/1/-1/-1/0/moq-test-ed4c564469ce53b7
relay-1        | E0913 00:56:54.434634     8 MoQRelay.cpp:82] prefix not found in tree
relay-1        | V0913 00:56:54.434651     8 MoQSession.cpp:6014] publishOk reqID=0 sess=0x7f15c804ab30
relay-1        | V0913 00:56:54.434736     8 MoQLocation.h:24] m=AbsoluteStart g=0 o=0
relay-1        | V0913 00:56:54.434746     8 MoQLocation.h:59] g=0 o=0 g=4611686018427387903 o=4611686018427387903
relay-1        | I0913 00:56:54.434754     8 MoQRelay.cpp:1982] Updating forward for moq-test-00/3/0/0/2/5/5/64/32/20/1/1/1/-1/-1/0/moq-test-ed4c564469ce53b7 numForwardingSubs=1
relay-1        | V0913 00:56:54.434767     8 MoQSession.cpp:6191] sendSubscribeOk sess=0x7f15c805a380
relay-1        | V0913 00:56:54.434831     8 MoQSession.cpp:6504] requestUpdate sess=0x7f15c804ab30
relay-1        | E20260913 00:56:54.435385     8 HQControlCodec.h:58] Unexpected control stream EOF
test-client-1  | not ok 15 - moq-test-datagram-eog
test-client-1  |   ---
test-client-1  |   duration_ms: 209
test-client-1  |   message: "PUBLISH was rejected: cancelled"
test-client-1  |   ...
test-client-1  | [2m2026-09-13T00:56:54.435022Z[0m [33m WARN[0m [2mmoq_transport::session[0m[2m:[0m unexpected bidi response message type [3mmsg_type[0m[2m=[0m2
test-client-1  | [2m2026-09-13T00:56:54.435035Z[0m [33m WARN[0m [2mmoq_transport::serve::error[0m[2m:[0m [cc3f66e6-0a0e-4068-b319-827ec4689197] Not implemented: bidi response type 0x2 at moq-transport/src/session/error.rs:89
relay-1        | E20260913 00:56:54.435446     8 HQSession.cpp:3158] Got error on control stream error=HTTP: Critical stream was closed streamID=2 sess=proto=h3, UA=, client CID=22b00bc55b8f8268, server CID=4000001269a36fa7, downstream=[::ffff:172.18.0.3]:34434, [::]:4443=local, drain=none
relay-1        | E0913 00:56:54.435520     8 MoQServer.h:192] proxygen::HTTPException: Got error=ApplicationError: 260, HTTP error on control stream
relay-1        | V0913 00:56:54.435658     8 MoQSession.cpp:7213] onSessionEnderr=4294967295 sess=0x7f15c804ab30
relay-1        | V0913 00:56:54.435676     8 MoQSession.cpp:2923] close sess=0x7f15c804ab30
relay-1        | V0913 00:56:54.435682     8 MoQSession.cpp:2157] subscribeError trackReceiveState=0x7f15c808cef0
relay-1        | V0913 00:56:54.435685     8 MoQSession.cpp:2186] processPublishDone trackReceiveState=0x7f15c808cef0
relay-1        | V0913 00:56:54.435690     8 MoQRelay.cpp:383] onPublishDoneImpl ftn=moq-test-00/3/0/0/2/5/5/64/32/20/1/1/1/-1/-1/0/moq-test-ed4c564469ce53b7
relay-1        | V0913 00:56:54.435697     8 MoQRelay.cpp:303] Pruning empty subtree at: moq-test-00
relay-1        | V0913 00:56:54.435704     8 MoQForwarder.cpp:609] publishDone pubDone reason=closed locally
relay-1        | V0913 00:56:54.435708     8 MoQForwarder.cpp:318] drainSubscriber from publishDone session=0x7f15c805a380
relay-1        | V0913 00:56:54.435711     8 MoQSession.cpp:6304] sendPublishDone sess=0x7f15c805a380
relay-1        | V0913 00:56:54.435723     8 MoQSession.cpp:6474] publisherDrained id=0 sess=0x7f15c805a380
relay-1        | V0913 00:56:54.435729     8 MoQForwarder.cpp:384] Resetting open subgroups for subscriber=0x7f15c8082c10
relay-1        | V0913 00:56:54.435732     8 MoQForwarder.cpp:406] subscribers_.size()=0
relay-1        | I0913 00:56:54.435739     8 MoQRelay.cpp:1945] Publisher terminated for moq-test-00/3/0/0/2/5/5/64/32/20/1/1/1/-1/-1/0/moq-test-ed4c564469ce53b7
relay-1        | V0913 00:56:54.435745     8 MoQSession.cpp:2141] cancel alias=0 requestID=0
relay-1        | V0913 00:56:54.435751     8 MoQSession.cpp:2602] requestCancellation from cleanup sess=0x7f15c804ab30
relay-1        | V0913 00:56:54.435758     8 BidiStreamControl.cpp:37] STOP_SENDING received on bidi stream id=4 code=386759528
relay-1        | V0913 00:56:54.435765     8 MoQSession.cpp:2940] requestCancellation from close sess=0x7f15c804ab30
relay-1        | V0913 00:56:54.435909     8 MoQSession.cpp:3348] exit controlReadLoop sess=0x7f15c804ab30
relay-1        | V0913 00:56:54.435928     8 MoQSession.cpp:3348] exit controlReadLoop sess=0x7f15c804ab30
relay-1        | E0913 00:56:54.435934     8 MoQRelay.cpp:36] requestUpdate failed: Session closed
relay-1        | V0913 00:56:54.435960     8 MoQSession.cpp:2949] exit controlWriteLoop sess=0x7f15c804ab30
relay-1        | E20260913 00:56:54.435968     8 HQControlCodec.h:58] Unexpected control stream EOF
relay-1        | E20260913 00:56:54.435997     8 HQSession.cpp:3158] Got error on control stream error=HTTP: Critical stream was closed streamID=2 sess=proto=h3, UA=, client CID=fe2c232d6b403ff2, server CID=4000000c19261e86, downstream=[::ffff:172.18.0.3]:58342, [::]:4443=local, drain=none
test-client-1  | [2m2026-09-13T00:56:54.436368Z[0m [33m WARN[0m [2mweb_transport_quinn::session[0m[2m:[0m failed to read capsule [3me[0m[2m=[0mUnexpectedEnd
test-client-1  | [2m2026-09-13T00:56:54.436485Z[0m [33m WARN[0m [2mweb_transport_quinn::session[0m[2m:[0m failed to read capsule [3me[0m[2m=[0mUnexpectedEnd
relay-1        | E0913 00:56:54.436035     8 MoQServer.h:192] proxygen::HTTPException: Got error=ApplicationError: 260, HTTP error on control stream
relay-1        | V0913 00:56:54.436040     8 MoQSession.cpp:7213] onSessionEnderr=4294967295 sess=0x7f15c805a380
relay-1        | V0913 00:56:54.436043     8 MoQSession.cpp:2923] close sess=0x7f15c805a380
relay-1        | V0913 00:56:54.436047     8 MoQSession.cpp:2602] requestCancellation from cleanup sess=0x7f15c805a380
relay-1        | V0913 00:56:54.436055     8 MoQSession.cpp:2940] requestCancellation from close sess=0x7f15c805a380
relay-1        | V0913 00:56:54.436107     8 MoQSession.cpp:3348] exit controlReadLoop sess=0x7f15c805a380
relay-1        | V0913 00:56:54.436122     8 MoQSession.cpp:3348] exit controlReadLoop sess=0x7f15c805a380
relay-1        | V0913 00:56:54.436138     8 MoQSession.cpp:2949] exit controlWriteLoop sess=0x7f15c805a380
test-client-1  | [2m2026-09-13T00:56:54.437012Z[0m [32m INFO[0m [2mmoq_native_ietf::quic[0m[2m:[0m UDP socket bound [3mbind[0m[2m=[0m[::]:0 [3mlocal[0m[2m=[0m[::]:46155 [3mdual_stack[0m[2m=[0mtrue
relay-1        | V0913 00:56:54.439299     8 MoQServer.cpp:325] MoQServer WebTransport: supported protocols: moqt-18, moqt-16, moqt-15, moq-00
relay-1        | V0913 00:56:54.439394     8 MoQServer.cpp:335] WebTransport: Negotiated protocol: moqt-18
relay-1        | V0913 00:56:54.439583     8 MoQSession.cpp:2648] start sess=0x7f15c8059ce0
relay-1        | V0913 00:56:54.439604     8 MoQSession.cpp:2991] sendSetup sess=0x7f15c8059ce0
relay-1        | V0913 00:56:54.439658     8 MoQSession.cpp:2947] controlWriteLoop sess=0x7f15c8059ce0
relay-1        | V0913 00:56:54.440028     8 MoQSession.cpp:6787] onNewUniStream sess=0x7f15c8059ce0
relay-1        | V0913 00:56:54.440105     8 MoQSession.cpp:6815] onNewBidiStream sess=0x7f15c8059ce0
relay-1        | V0913 00:56:54.440120     8 MoQSession.cpp:3346] controlReadLoop sess=0x7f15c8059ce0
relay-1        | V0913 00:56:54.440126     8 MoQSession.cpp:3135] onClientSetup sess=0x7f15c8059ce0
relay-1        | V0913 00:56:54.440130     8 MoQServerBase.cpp:88] MoQServerBase::ClientSetup
relay-1        | V0913 00:56:54.440133     8 MoQServerBase.cpp:93] MoQServerBase::ClientSetup: Using ALPN-negotiated version: moqt-18
relay-1        | V0913 00:56:54.440139     8 MoQSession.cpp:3211] Negotiated Version=0xff000012 (draft-18)
relay-1        | V0913 00:56:54.440157     8 MoQSession.cpp:3346] controlReadLoop sess=0x7f15c8059ce0
relay-1        | V0913 00:56:54.440168     8 MoQSession.cpp:4242] onSubscribeImpl ftn=moq-test-00/0/0/0/2/5/5/64/32/2/1/1/1/1/2/0/moq-test-fd2a1d14e0b496b8 sess=0x7f15c8059ce0
relay-1        | V0913 00:56:54.454296     8 MoQSession.cpp:2540] ~MoQSession sess=0x7f15c805a380
relay-1        | V0913 00:56:54.454325     8 MoQSession.cpp:2540] ~MoQSession sess=0x7f15c804ab30
test-client-1  | [2m2026-09-13T00:56:54.641191Z[0m [32m INFO[0m [2mmoq_native_ietf::quic[0m[2m:[0m UDP socket bound [3mbind[0m[2m=[0m[::]:0 [3mlocal[0m[2m=[0m[::]:39733 [3mdual_stack[0m[2m=[0mtrue
relay-1        | V0913 00:56:54.643241     8 MoQServer.cpp:325] MoQServer WebTransport: supported protocols: moqt-18, moqt-16, moqt-15, moq-00
relay-1        | V0913 00:56:54.643262     8 MoQServer.cpp:335] WebTransport: Negotiated protocol: moqt-18
relay-1        | V0913 00:56:54.643395     8 MoQSession.cpp:2648] start sess=0x7f15c805a380
relay-1        | V0913 00:56:54.643420     8 MoQSession.cpp:2991] sendSetup sess=0x7f15c805a380
relay-1        | V0913 00:56:54.643525     8 MoQSession.cpp:2947] controlWriteLoop sess=0x7f15c805a380
relay-1        | V0913 00:56:54.643745     8 MoQSession.cpp:6787] onNewUniStream sess=0x7f15c805a380
relay-1        | V0913 00:56:54.643775     8 MoQSession.cpp:3346] controlReadLoop sess=0x7f15c805a380
relay-1        | V0913 00:56:54.643783     8 MoQSession.cpp:3135] onClientSetup sess=0x7f15c805a380
relay-1        | V0913 00:56:54.643788     8 MoQServerBase.cpp:88] MoQServerBase::ClientSetup
relay-1        | V0913 00:56:54.643791     8 MoQServerBase.cpp:93] MoQServerBase::ClientSetup: Using ALPN-negotiated version: moqt-18
relay-1        | V0913 00:56:54.643797     8 MoQSession.cpp:3211] Negotiated Version=0xff000012 (draft-18)
relay-1        | V0913 00:56:54.643874     8 MoQSession.cpp:6815] onNewBidiStream sess=0x7f15c805a380
relay-1        | V0913 00:56:54.643909     8 MoQSession.cpp:3346] controlReadLoop sess=0x7f15c805a380
relay-1        | V0913 00:56:54.643972     8 MoQSession.cpp:4921] onPublishImpl reqID=0 sess=0x7f15c805a380
relay-1        | V0913 00:56:54.644009     8 MoQRelay.cpp:422] publish ftn=moq-test-00/0/0/0/2/5/5/64/32/2/1/1/1/1/2/0/moq-test-fd2a1d14e0b496b8
relay-1        | E0913 00:56:54.644057     8 MoQRelay.cpp:82] prefix not found in tree
relay-1        | V0913 00:56:54.644085     8 MoQSession.cpp:6014] publishOk reqID=0 sess=0x7f15c805a380
relay-1        | V0913 00:56:54.644210     8 MoQLocation.h:24] m=AbsoluteStart g=0 o=0
relay-1        | V0913 00:56:54.644253     8 MoQLocation.h:59] g=0 o=0 g=4611686018427387903 o=4611686018427387903
relay-1        | I0913 00:56:54.644266     8 MoQRelay.cpp:1982] Updating forward for moq-test-00/0/0/0/2/5/5/64/32/2/1/1/1/1/2/0/moq-test-fd2a1d14e0b496b8 numForwardingSubs=1
relay-1        | V0913 00:56:54.644279     8 MoQSession.cpp:6191] sendSubscribeOk sess=0x7f15c8059ce0
relay-1        | V0913 00:56:54.644378     8 MoQSession.cpp:6504] requestUpdate sess=0x7f15c805a380
test-client-1  | [2m2026-09-13T00:56:54.644495Z[0m [32m INFO[0m [2mmoq_test_client::moqtest[0m[2m:[0m PUBLISH accepted and subscription bound; generating objects [3mobjects[0m[2m=[0m15 [3mstreams[0m[2m=[0m3
test-client-1  | [2m2026-09-13T00:56:54.644568Z[0m [33m WARN[0m [2mmoq_transport::session[0m[2m:[0m unexpected bidi response message type [3mmsg_type[0m[2m=[0m2
test-client-1  | [2m2026-09-13T00:56:54.644608Z[0m [33m WARN[0m [2mmoq_transport::serve::error[0m[2m:[0m [9f85630f-053d-42b5-bfaa-a033b7bf5012] Not implemented: bidi response type 0x2 at moq-transport/src/session/error.rs:89
relay-1        | V0913 00:56:54.644744     8 MoQSession.cpp:3459] Failing pending request id=1 peer FINed without terminal reply sess=0x7f15c805a380
relay-1        | V0913 00:56:54.644764     8 MoQSession.cpp:3348] exit controlReadLoop sess=0x7f15c805a380
relay-1        | E0913 00:56:54.644775     8 MoQRelay.cpp:36] requestUpdate failed: peer FINed without terminal reply
test-client-1  | not ok 16 - moq-test-extensions
test-client-1  |   ---
test-client-1  |   duration_ms: 227
test-client-1  |   message: "failed to create subgroup: cancelled"
test-client-1  |   ...
relay-1        | E20260913 00:56:54.662477     8 HQControlCodec.h:58] Unexpected control stream EOF
relay-1        | E20260913 00:56:54.662544     8 HQSession.cpp:3158] Got error on control stream error=HTTP: Critical stream was closed streamID=2 sess=proto=h3, UA=, client CID=38ec52247d4153b8, server CID=4000001d2c82e693, downstream=[::ffff:172.18.0.3]:39733, [::]:4443=local, drain=none
relay-1        | E0913 00:56:54.662623     8 MoQServer.h:192] proxygen::HTTPException: Got error=ApplicationError: 260, HTTP error on control stream
relay-1        | V0913 00:56:54.662640     8 MoQSession.cpp:7213] onSessionEnderr=4294967295 sess=0x7f15c805a380
relay-1        | V0913 00:56:54.662647     8 MoQSession.cpp:2923] close sess=0x7f15c805a380
relay-1        | V0913 00:56:54.662655     8 MoQSession.cpp:2157] subscribeError trackReceiveState=0x7f15c8065260
relay-1        | V0913 00:56:54.662661     8 MoQSession.cpp:2186] processPublishDone trackReceiveState=0x7f15c8065260
relay-1        | V0913 00:56:54.662667     8 MoQRelay.cpp:383] onPublishDoneImpl ftn=moq-test-00/0/0/0/2/5/5/64/32/2/1/1/1/1/2/0/moq-test-fd2a1d14e0b496b8
test-client-1  | [2m2026-09-13T00:56:54.662916Z[0m [33m WARN[0m [2mweb_transport_quinn::session[0m[2m:[0m failed to read capsule [3me[0m[2m=[0mUnexpectedEnd
relay-1        | V0913 00:56:54.662676     8 MoQRelay.cpp:303] Pruning empty subtree at: moq-test-00
relay-1        | V0913 00:56:54.662699     8 MoQForwarder.cpp:609] publishDone pubDone reason=closed locally
relay-1        | V0913 00:56:54.662705     8 MoQForwarder.cpp:318] drainSubscriber from publishDone session=0x7f15c8059ce0
relay-1        | V0913 00:56:54.662711     8 MoQSession.cpp:6304] sendPublishDone sess=0x7f15c8059ce0
relay-1        | V0913 00:56:54.662729     8 MoQSession.cpp:6474] publisherDrained id=0 sess=0x7f15c8059ce0
relay-1        | V0913 00:56:54.662735     8 MoQForwarder.cpp:384] Resetting open subgroups for subscriber=0x7f15c8082c10
relay-1        | V0913 00:56:54.662740     8 MoQForwarder.cpp:406] subscribers_.size()=0
relay-1        | I0913 00:56:54.662749     8 MoQRelay.cpp:1945] Publisher terminated for moq-test-00/0/0/0/2/5/5/64/32/2/1/1/1/1/2/0/moq-test-fd2a1d14e0b496b8
relay-1        | V0913 00:56:54.662758     8 MoQSession.cpp:2141] cancel alias=0 requestID=0
relay-1        | V0913 00:56:54.662765     8 MoQSession.cpp:2602] requestCancellation from cleanup sess=0x7f15c805a380
relay-1        | V0913 00:56:54.662780     8 MoQSession.cpp:2940] requestCancellation from close sess=0x7f15c805a380
relay-1        | V0913 00:56:54.663015     8 MoQSession.cpp:3348] exit controlReadLoop sess=0x7f15c805a380
relay-1        | V0913 00:56:54.663055     8 MoQSession.cpp:2949] exit controlWriteLoop sess=0x7f15c805a380
relay-1        | E20260913 00:56:54.663070     8 HQControlCodec.h:58] Unexpected control stream EOF
relay-1        | E20260913 00:56:54.663095     8 HQSession.cpp:3158] Got error on control stream error=HTTP: Critical stream was closed streamID=2 sess=proto=h3, UA=, client CID=93fdc855906ff157, server CID=4000001ad79ed0dc, downstream=[::ffff:172.18.0.3]:46155, [::]:4443=local, drain=none
relay-1        | E0913 00:56:54.663141     8 MoQServer.h:192] proxygen::HTTPException: Got error=ApplicationError: 260, HTTP error on control stream
relay-1        | V0913 00:56:54.663147     8 MoQSession.cpp:7213] onSessionEnderr=4294967295 sess=0x7f15c8059ce0
relay-1        | V0913 00:56:54.663150     8 MoQSession.cpp:2923] close sess=0x7f15c8059ce0
relay-1        | V0913 00:56:54.663155     8 MoQSession.cpp:2602] requestCancellation from cleanup sess=0x7f15c8059ce0
relay-1        | V0913 00:56:54.663163     8 MoQSession.cpp:2940] requestCancellation from close sess=0x7f15c8059ce0
relay-1        | V0913 00:56:54.663227     8 MoQSession.cpp:3348] exit controlReadLoop sess=0x7f15c8059ce0
relay-1        | V0913 00:56:54.663236     8 MoQSession.cpp:3348] exit controlReadLoop sess=0x7f15c8059ce0
relay-1        | V0913 00:56:54.663253     8 MoQSession.cpp:2949] exit controlWriteLoop sess=0x7f15c8059ce0
test-client-1  | [2m2026-09-13T00:56:54.663382Z[0m [33m WARN[0m [2mweb_transport_quinn::session[0m[2m:[0m failed to read capsule [3me[0m[2m=[0mUnexpectedEnd
test-client-1  | [2m2026-09-13T00:56:54.663725Z[0m [32m INFO[0m [2mmoq_native_ietf::quic[0m[2m:[0m UDP socket bound [3mbind[0m[2m=[0m[::]:0 [3mlocal[0m[2m=[0m[::]:41953 [3mdual_stack[0m[2m=[0mtrue
relay-1        | V0913 00:56:54.665356     8 MoQServer.cpp:325] MoQServer WebTransport: supported protocols: moqt-18, moqt-16, moqt-15, moq-00
relay-1        | V0913 00:56:54.665369     8 MoQServer.cpp:335] WebTransport: Negotiated protocol: moqt-18
relay-1        | V0913 00:56:54.665462     8 MoQSession.cpp:2648] start sess=0x7f15c8068ef0
relay-1        | V0913 00:56:54.665482     8 MoQSession.cpp:2991] sendSetup sess=0x7f15c8068ef0
relay-1        | V0913 00:56:54.665572     8 MoQSession.cpp:2947] controlWriteLoop sess=0x7f15c8068ef0
relay-1        | V0913 00:56:54.665668     8 MoQSession.cpp:6787] onNewUniStream sess=0x7f15c8068ef0
relay-1        | V0913 00:56:54.665762     8 MoQSession.cpp:3346] controlReadLoop sess=0x7f15c8068ef0
relay-1        | V0913 00:56:54.665775     8 MoQSession.cpp:3135] onClientSetup sess=0x7f15c8068ef0
relay-1        | V0913 00:56:54.665779     8 MoQServerBase.cpp:88] MoQServerBase::ClientSetup
relay-1        | V0913 00:56:54.665782     8 MoQServerBase.cpp:93] MoQServerBase::ClientSetup: Using ALPN-negotiated version: moqt-18
relay-1        | V0913 00:56:54.665788     8 MoQSession.cpp:3211] Negotiated Version=0xff000012 (draft-18)
relay-1        | V0913 00:56:54.665859     8 MoQSession.cpp:6815] onNewBidiStream sess=0x7f15c8068ef0
relay-1        | V0913 00:56:54.665889     8 MoQSession.cpp:3346] controlReadLoop sess=0x7f15c8068ef0
relay-1        | V0913 00:56:54.665897     8 MoQSession.cpp:4242] onSubscribeImpl ftn=moq-test-00/0/10/3/24/7/3/40/24/2/7/2/0/-1/-1/0/moq-test-0ba817f4e6ae5c21 sess=0x7f15c8068ef0
relay-1        | V0913 00:56:54.673004     8 MoQSession.cpp:2540] ~MoQSession sess=0x7f15c8059ce0
relay-1        | V0913 00:56:54.673028     8 MoQSession.cpp:2540] ~MoQSession sess=0x7f15c805a380
test-client-1  | [2m2026-09-13T00:56:54.867051Z[0m [32m INFO[0m [2mmoq_native_ietf::quic[0m[2m:[0m UDP socket bound [3mbind[0m[2m=[0m[::]:0 [3mlocal[0m[2m=[0m[::]:47010 [3mdual_stack[0m[2m=[0mtrue
relay-1        | V0913 00:56:54.869099     8 MoQServer.cpp:325] MoQServer WebTransport: supported protocols: moqt-18, moqt-16, moqt-15, moq-00
relay-1        | V0913 00:56:54.869126     8 MoQServer.cpp:335] WebTransport: Negotiated protocol: moqt-18
relay-1        | V0913 00:56:54.869223     8 MoQSession.cpp:2648] start sess=0x7f15c8077d80
relay-1        | V0913 00:56:54.869248     8 MoQSession.cpp:2991] sendSetup sess=0x7f15c8077d80
relay-1        | V0913 00:56:54.869400     8 MoQSession.cpp:2947] controlWriteLoop sess=0x7f15c8077d80
relay-1        | V0913 00:56:54.869505     8 MoQSession.cpp:6787] onNewUniStream sess=0x7f15c8077d80
relay-1        | V0913 00:56:54.869555     8 MoQSession.cpp:3346] controlReadLoop sess=0x7f15c8077d80
relay-1        | V0913 00:56:54.869565     8 MoQSession.cpp:3135] onClientSetup sess=0x7f15c8077d80
relay-1        | V0913 00:56:54.869569     8 MoQServerBase.cpp:88] MoQServerBase::ClientSetup
relay-1        | V0913 00:56:54.869573     8 MoQServerBase.cpp:93] MoQServerBase::ClientSetup: Using ALPN-negotiated version: moqt-18
relay-1        | V0913 00:56:54.869579     8 MoQSession.cpp:3211] Negotiated Version=0xff000012 (draft-18)
relay-1        | V0913 00:56:54.869655     8 MoQSession.cpp:6815] onNewBidiStream sess=0x7f15c8077d80
relay-1        | V0913 00:56:54.869687     8 MoQSession.cpp:3346] controlReadLoop sess=0x7f15c8077d80
relay-1        | V0913 00:56:54.869708     8 MoQSession.cpp:4921] onPublishImpl reqID=0 sess=0x7f15c8077d80
relay-1        | V0913 00:56:54.869724     8 MoQRelay.cpp:422] publish ftn=moq-test-00/0/10/3/24/7/3/40/24/2/7/2/0/-1/-1/0/moq-test-0ba817f4e6ae5c21
relay-1        | E0913 00:56:54.869736     8 MoQRelay.cpp:82] prefix not found in tree
relay-1        | V0913 00:56:54.869760     8 MoQSession.cpp:6014] publishOk reqID=0 sess=0x7f15c8077d80
relay-1        | V0913 00:56:54.869857     8 MoQLocation.h:24] m=AbsoluteStart g=0 o=0
relay-1        | V0913 00:56:54.869870     8 MoQLocation.h:59] g=0 o=0 g=4611686018427387903 o=4611686018427387903
relay-1        | I0913 00:56:54.869882     8 MoQRelay.cpp:1982] Updating forward for moq-test-00/0/10/3/24/7/3/40/24/2/7/2/0/-1/-1/0/moq-test-0ba817f4e6ae5c21 numForwardingSubs=1
relay-1        | V0913 00:56:54.869895     8 MoQSession.cpp:6191] sendSubscribeOk sess=0x7f15c8068ef0
relay-1        | V0913 00:56:54.869970     8 MoQSession.cpp:6504] requestUpdate sess=0x7f15c8077d80
test-client-1  | [2m2026-09-13T00:56:54.870027Z[0m [32m INFO[0m [2mmoq_test_client::moqtest[0m[2m:[0m PUBLISH accepted and subscription bound; generating objects [3mobjects[0m[2m=[0m9 [3mstreams[0m[2m=[0m3
test-client-1  | [2m2026-09-13T00:56:54.870185Z[0m [33m WARN[0m [2mmoq_transport::session[0m[2m:[0m unexpected bidi response message type [3mmsg_type[0m[2m=[0m2
test-client-1  | [2m2026-09-13T00:56:54.870198Z[0m [33m WARN[0m [2mmoq_transport::serve::error[0m[2m:[0m [3d3416c4-14c0-43d8-add8-7e662c7a62d6] Not implemented: bidi response type 0x2 at moq-transport/src/session/error.rs:89
relay-1        | V0913 00:56:54.870326     8 MoQSession.cpp:3459] Failing pending request id=1 peer FINed without terminal reply sess=0x7f15c8077d80
relay-1        | V0913 00:56:54.870340     8 MoQSession.cpp:3348] exit controlReadLoop sess=0x7f15c8077d80
relay-1        | E0913 00:56:54.870352     8 MoQRelay.cpp:36] requestUpdate failed: peer FINed without terminal reply
test-client-1  | not ok 17 - moq-test-increments
test-client-1  |   ---
test-client-1  |   duration_ms: 217
test-client-1  |   message: "failed to create subgroup: cancelled"
test-client-1  |   ...
relay-1        | E20260913 00:56:54.879753     8 HQControlCodec.h:58] Unexpected control stream EOF
relay-1        | E20260913 00:56:54.879851     8 HQSession.cpp:3158] Got error on control stream error=HTTP: Critical stream was closed streamID=2 sess=proto=h3, UA=, client CID=2360c2592a97d980, server CID=400000115e0a7888, downstream=[::ffff:172.18.0.3]:47010, [::]:4443=local, drain=none
relay-1        | E0913 00:56:54.879978     8 MoQServer.h:192] proxygen::HTTPException: Got error=ApplicationError: 260, HTTP error on control stream
relay-1        | V0913 00:56:54.879993     8 MoQSession.cpp:7213] onSessionEnderr=4294967295 sess=0x7f15c8077d80
relay-1        | V0913 00:56:54.879997     8 MoQSession.cpp:2923] close sess=0x7f15c8077d80
relay-1        | V0913 00:56:54.880004     8 MoQSession.cpp:2157] subscribeError trackReceiveState=0x7f15c808cef0
relay-1        | V0913 00:56:54.880008     8 MoQSession.cpp:2186] processPublishDone trackReceiveState=0x7f15c808cef0
relay-1        | V0913 00:56:54.880014     8 MoQRelay.cpp:383] onPublishDoneImpl ftn=moq-test-00/0/10/3/24/7/3/40/24/2/7/2/0/-1/-1/0/moq-test-0ba817f4e6ae5c21
relay-1        | V0913 00:56:54.880021     8 MoQRelay.cpp:303] Pruning empty subtree at: moq-test-00
relay-1        | V0913 00:56:54.880030     8 MoQForwarder.cpp:609] publishDone pubDone reason=closed locally
relay-1        | V0913 00:56:54.880086     8 MoQForwarder.cpp:318] drainSubscriber from publishDone session=0x7f15c8068ef0
relay-1        | V0913 00:56:54.880112     8 MoQSession.cpp:6304] sendPublishDone sess=0x7f15c8068ef0
relay-1        | V0913 00:56:54.880143     8 MoQSession.cpp:6474] publisherDrained id=0 sess=0x7f15c8068ef0
relay-1        | V0913 00:56:54.880205     8 MoQForwarder.cpp:384] Resetting open subgroups for subscriber=0x7f15c8082c10
relay-1        | V0913 00:56:54.880215     8 MoQForwarder.cpp:406] subscribers_.size()=0
relay-1        | I0913 00:56:54.880223     8 MoQRelay.cpp:1945] Publisher terminated for moq-test-00/0/10/3/24/7/3/40/24/2/7/2/0/-1/-1/0/moq-test-0ba817f4e6ae5c21
relay-1        | V0913 00:56:54.880231     8 MoQSession.cpp:2141] cancel alias=0 requestID=0
relay-1        | V0913 00:56:54.880236     8 MoQSession.cpp:2602] requestCancellation from cleanup sess=0x7f15c8077d80
relay-1        | V0913 00:56:54.880249     8 MoQSession.cpp:2940] requestCancellation from close sess=0x7f15c8077d80
test-client-1  | [2m2026-09-13T00:56:54.880420Z[0m [33m WARN[0m [2mweb_transport_quinn::session[0m[2m:[0m failed to read capsule [3me[0m[2m=[0mUnexpectedEnd
relay-1        | V0913 00:56:54.880519     8 MoQSession.cpp:3348] exit controlReadLoop sess=0x7f15c8077d80
relay-1        | V0913 00:56:54.880611     8 MoQSession.cpp:2949] exit controlWriteLoop sess=0x7f15c8077d80
relay-1        | E20260913 00:56:54.880647     8 HQControlCodec.h:58] Unexpected control stream EOF
relay-1        | E20260913 00:56:54.880719     8 HQSession.cpp:3158] Got error on control stream error=HTTP: Critical stream was closed streamID=2 sess=proto=h3, UA=, client CID=f94632eea86c4e08, server CID=4000000f7ddf6c2c, downstream=[::ffff:172.18.0.3]:41953, [::]:4443=local, drain=none
relay-1        | E0913 00:56:54.880778     8 MoQServer.h:192] proxygen::HTTPException: Got error=ApplicationError: 260, HTTP error on control stream
relay-1        | V0913 00:56:54.880812     8 MoQSession.cpp:7213] onSessionEnderr=4294967295 sess=0x7f15c8068ef0
relay-1        | V0913 00:56:54.880833     8 MoQSession.cpp:2923] close sess=0x7f15c8068ef0
relay-1        | V0913 00:56:54.880854     8 MoQSession.cpp:2602] requestCancellation from cleanup sess=0x7f15c8068ef0
relay-1        | V0913 00:56:54.880881     8 MoQSession.cpp:2940] requestCancellation from close sess=0x7f15c8068ef0
relay-1        | V0913 00:56:54.881018     8 MoQSession.cpp:3348] exit controlReadLoop sess=0x7f15c8068ef0
test-client-1  | [2m2026-09-13T00:56:54.881015Z[0m [32m INFO[0m [2mmoq_native_ietf::quic[0m[2m:[0m UDP socket bound [3mbind[0m[2m=[0m[::]:0 [3mlocal[0m[2m=[0m[::]:55315 [3mdual_stack[0m[2m=[0mtrue
relay-1        | V0913 00:56:54.881160     8 MoQSession.cpp:3348] exit controlReadLoop sess=0x7f15c8068ef0
relay-1        | V0913 00:56:54.881208     8 MoQSession.cpp:2949] exit controlWriteLoop sess=0x7f15c8068ef0
test-client-1  | [2m2026-09-13T00:56:54.881108Z[0m [33m WARN[0m [2mweb_transport_quinn::session[0m[2m:[0m failed to read capsule [3me[0m[2m=[0mUnexpectedEnd
relay-1        | V0913 00:56:54.882685     8 MoQServer.cpp:325] MoQServer WebTransport: supported protocols: moqt-18, moqt-16, moqt-15, moq-00
relay-1        | V0913 00:56:54.882699     8 MoQServer.cpp:335] WebTransport: Negotiated protocol: moqt-18
relay-1        | V0913 00:56:54.882789     8 MoQSession.cpp:2648] start sess=0x7f15c804ab30
relay-1        | V0913 00:56:54.882808     8 MoQSession.cpp:2991] sendSetup sess=0x7f15c804ab30
relay-1        | V0913 00:56:54.882905     8 MoQSession.cpp:2947] controlWriteLoop sess=0x7f15c804ab30
relay-1        | V0913 00:56:54.882999     8 MoQSession.cpp:6787] onNewUniStream sess=0x7f15c804ab30
relay-1        | V0913 00:56:54.883055     8 MoQSession.cpp:3346] controlReadLoop sess=0x7f15c804ab30
relay-1        | V0913 00:56:54.883062     8 MoQSession.cpp:3135] onClientSetup sess=0x7f15c804ab30
relay-1        | V0913 00:56:54.883066     8 MoQServerBase.cpp:88] MoQServerBase::ClientSetup
relay-1        | V0913 00:56:54.883070     8 MoQServerBase.cpp:93] MoQServerBase::ClientSetup: Using ALPN-negotiated version: moqt-18
relay-1        | V0913 00:56:54.883076     8 MoQSession.cpp:3211] Negotiated Version=0xff000012 (draft-18)
relay-1        | V0913 00:56:54.883204     8 MoQSession.cpp:6815] onNewBidiStream sess=0x7f15c804ab30
relay-1        | V0913 00:56:54.883239     8 MoQSession.cpp:3346] controlReadLoop sess=0x7f15c804ab30
relay-1        | V0913 00:56:54.883258     8 MoQSession.cpp:4242] onSubscribeImpl ftn=moq-test-00/0/0/0/1/2/3/64/32/2/1/1/0/-1/-1/0/moq-test-8ecc5becf61df3f5 sess=0x7f15c804ab30
relay-1        | V0913 00:56:54.888406     8 MoQSession.cpp:2540] ~MoQSession sess=0x7f15c8068ef0
relay-1        | V0913 00:56:54.888442     8 MoQSession.cpp:2540] ~MoQSession sess=0x7f15c8077d80
test-client-1  | [2m2026-09-13T00:56:55.085425Z[0m [32m INFO[0m [2mmoq_native_ietf::quic[0m[2m:[0m UDP socket bound [3mbind[0m[2m=[0m[::]:0 [3mlocal[0m[2m=[0m[::]:55008 [3mdual_stack[0m[2m=[0mtrue
relay-1        | V0913 00:56:55.087659     8 MoQServer.cpp:325] MoQServer WebTransport: supported protocols: moqt-18, moqt-16, moqt-15, moq-00
relay-1        | V0913 00:56:55.087688     8 MoQServer.cpp:335] WebTransport: Negotiated protocol: moqt-18
relay-1        | V0913 00:56:55.087799     8 MoQSession.cpp:2648] start sess=0x7f15c8068ef0
relay-1        | V0913 00:56:55.087825     8 MoQSession.cpp:2991] sendSetup sess=0x7f15c8068ef0
relay-1        | V0913 00:56:55.087884     8 MoQSession.cpp:2947] controlWriteLoop sess=0x7f15c8068ef0
relay-1        | V0913 00:56:55.088172     8 MoQSession.cpp:6787] onNewUniStream sess=0x7f15c8068ef0
relay-1        | V0913 00:56:55.088252     8 MoQSession.cpp:6815] onNewBidiStream sess=0x7f15c8068ef0
relay-1        | V0913 00:56:55.088274     8 MoQSession.cpp:3346] controlReadLoop sess=0x7f15c8068ef0
relay-1        | V0913 00:56:55.088283     8 MoQSession.cpp:3135] onClientSetup sess=0x7f15c8068ef0
relay-1        | V0913 00:56:55.088288     8 MoQServerBase.cpp:88] MoQServerBase::ClientSetup
relay-1        | V0913 00:56:55.088293     8 MoQServerBase.cpp:93] MoQServerBase::ClientSetup: Using ALPN-negotiated version: moqt-18
relay-1        | V0913 00:56:55.088315     8 MoQSession.cpp:3211] Negotiated Version=0xff000012 (draft-18)
relay-1        | V0913 00:56:55.088345     8 MoQSession.cpp:3346] controlReadLoop sess=0x7f15c8068ef0
relay-1        | V0913 00:56:55.088363     8 MoQSession.cpp:4921] onPublishImpl reqID=0 sess=0x7f15c8068ef0
relay-1        | V0913 00:56:55.088378     8 MoQRelay.cpp:422] publish ftn=moq-test-00/0/0/0/1/2/3/64/32/2/1/1/0/-1/-1/0/moq-test-8ecc5becf61df3f5
relay-1        | E0913 00:56:55.088392     8 MoQRelay.cpp:82] prefix not found in tree
relay-1        | V0913 00:56:55.088417     8 MoQSession.cpp:6014] publishOk reqID=0 sess=0x7f15c8068ef0
relay-1        | V0913 00:56:55.088519     8 MoQLocation.h:24] m=AbsoluteStart g=0 o=0
relay-1        | V0913 00:56:55.088532     8 MoQLocation.h:59] g=0 o=0 g=4611686018427387903 o=4611686018427387903
relay-1        | V0913 00:56:55.088544     8 MoQSession.cpp:6191] sendSubscribeOk sess=0x7f15c804ab30
test-client-1  | [2m2026-09-13T00:56:55.088707Z[0m [32m INFO[0m [2mmoq_test_client::moqtest[0m[2m:[0m PUBLISH accepted and subscription bound; generating objects [3mobjects[0m[2m=[0m6 [3mstreams[0m[2m=[0m2
relay-1        | V0913 00:56:55.088883     8 MoQSession.cpp:5054] PublishDone id=0 code=2 reason=publish ended
relay-1        | V0913 00:56:55.088894     8 MoQSession.cpp:2186] processPublishDone trackReceiveState=0x7f15c808cef0
relay-1        | V0913 00:56:55.088898     8 MoQRelay.cpp:383] onPublishDoneImpl ftn=moq-test-00/0/0/0/1/2/3/64/32/2/1/1/0/-1/-1/0/moq-test-8ecc5becf61df3f5
relay-1        | V0913 00:56:55.088903     8 MoQRelay.cpp:303] Pruning empty subtree at: moq-test-00
relay-1        | V0913 00:56:55.088908     8 MoQForwarder.cpp:609] publishDone pubDone reason=publish ended
relay-1        | V0913 00:56:55.088911     8 MoQForwarder.cpp:318] drainSubscriber from publishDone session=0x7f15c804ab30
relay-1        | V0913 00:56:55.088913     8 MoQSession.cpp:6304] sendPublishDone sess=0x7f15c804ab30
relay-1        | V0913 00:56:55.088961     8 MoQSession.cpp:6474] publisherDrained id=0 sess=0x7f15c804ab30
relay-1        | V0913 00:56:55.088975     8 MoQForwarder.cpp:384] Resetting open subgroups for subscriber=0x7f15c8082c10
relay-1        | V0913 00:56:55.088979     8 MoQForwarder.cpp:406] subscribers_.size()=0
relay-1        | I0913 00:56:55.088987     8 MoQRelay.cpp:1945] Publisher terminated for moq-test-00/0/0/0/1/2/3/64/32/2/1/1/0/-1/-1/0/moq-test-8ecc5becf61df3f5
relay-1        | V0913 00:56:55.088995     8 MoQSession.cpp:3348] exit controlReadLoop sess=0x7f15c8068ef0
relay-1        | V0913 00:56:55.089261     8 MoQSession.cpp:3348] exit controlReadLoop sess=0x7f15c804ab30
relay-1        | V0913 00:56:55.089283     8 MoQSession.cpp:3348] exit controlReadLoop sess=0x7f15c804ab30
test-client-1  | not ok 18 - moq-test-forward-zero
test-client-1  |   ---
test-client-1  |   duration_ms: 217
test-client-1  |   message: "failed to create subgroup: cancelled"
test-client-1  |   ...
relay-1        | E20260913 00:56:55.097682     8 HQControlCodec.h:58] Unexpected control stream EOF
relay-1        | E20260913 00:56:55.097783     8 HQSession.cpp:3158] Got error on control stream error=HTTP: Critical stream was closed streamID=2 sess=proto=h3, UA=, client CID=194fe2b3bb937576, server CID=40000014757b3b91, downstream=[::ffff:172.18.0.3]:55008, [::]:4443=local, drain=none
relay-1        | E20260913 00:56:55.097858     8 HQControlCodec.h:58] Unexpected control stream EOF
relay-1        | E20260913 00:56:55.097898     8 HQSession.cpp:3158] Got error on control stream error=HTTP: Critical stream was closed streamID=2 sess=proto=h3, UA=, client CID=2f9cce392df4d417, server CID=4000000fd1da6b78, downstream=[::ffff:172.18.0.3]:55315, [::]:4443=local, drain=none
relay-1        | E0913 00:56:55.097960     8 MoQServer.h:192] proxygen::HTTPException: Got error=ApplicationError: 260, HTTP error on control stream
relay-1        | V0913 00:56:55.097976     8 MoQSession.cpp:7213] onSessionEnderr=4294967295 sess=0x7f15c8068ef0
relay-1        | V0913 00:56:55.097982     8 MoQSession.cpp:2923] close sess=0x7f15c8068ef0
relay-1        | V0913 00:56:55.097991     8 MoQSession.cpp:2602] requestCancellation from cleanup sess=0x7f15c8068ef0
relay-1        | V0913 00:56:55.098013     8 MoQSession.cpp:2940] requestCancellation from close sess=0x7f15c8068ef0
relay-1        | E0913 00:56:55.098107     8 MoQServer.h:192] proxygen::HTTPException: Got error=ApplicationError: 260, HTTP error on control stream
relay-1        | V0913 00:56:55.098119     8 MoQSession.cpp:7213] onSessionEnderr=4294967295 sess=0x7f15c804ab30
relay-1        | V0913 00:56:55.098125     8 MoQSession.cpp:2923] close sess=0x7f15c804ab30
relay-1        | V0913 00:56:55.098132     8 MoQSession.cpp:2602] requestCancellation from cleanup sess=0x7f15c804ab30
relay-1        | V0913 00:56:55.098144     8 MoQSession.cpp:2940] requestCancellation from close sess=0x7f15c804ab30
relay-1        | V0913 00:56:55.098227     8 MoQSession.cpp:3348] exit controlReadLoop sess=0x7f15c8068ef0
relay-1        | V0913 00:56:55.098267     8 MoQSession.cpp:2949] exit controlWriteLoop sess=0x7f15c8068ef0
relay-1        | V0913 00:56:55.098321     8 MoQSession.cpp:2949] exit controlWriteLoop sess=0x7f15c804ab30
relay-1        | V0913 00:56:55.098331     8 MoQSession.cpp:2540] ~MoQSession sess=0x7f15c804ab30
relay-1        | V0913 00:56:55.108455     8 MoQSession.cpp:2540] ~MoQSession sess=0x7f15c8068ef0
[Ktest-client-1 exited with code 1
Aborting on container exit...
 Container main-test-client-1  Stopping
 Container main-test-client-1  Stopped
 Container main-relay-1  Stopping
 Container main-relay-1  Stopped

make[1]: *** [Makefile:86: test] Error 1
make[1]: Leaving directory '/home/runner/work/moq-interop-runner/moq-interop-runner/main'
