make[1]: Entering directory '/home/runner/work/moq-interop-runner/moq-interop-runner/main'
rm -rf mlog/
mkdir -p mlog/relay mlog/client
Running interop tests...
  Relay:  moxygen-interop:latest
  Client: ghcr.io/englishm/moq-interop-runner-moq-test-client-draft-18:latest
  URL:    https://relay:4443
time="2026-09-12T00:52:48Z" level=warning msg="The \"PORT\" variable is not set. Defaulting to a blank string."
time="2026-09-12T00:52:48Z" level=warning msg="The \"PORT\" variable is not set. Defaulting to a blank string."
time="2026-09-12T00:52:48Z" level=warning msg="The \"PORT\" variable is not set. Defaulting to a blank string."
time="2026-09-12T00:52:48Z" level=warning msg="The \"HEX\" variable is not set. Defaulting to a blank string."
time="2026-09-12T00:52:48Z" level=warning msg="The \"HEX\" variable is not set. Defaulting to a blank string."
 Container main-relay-1  Recreate
 Container main-relay-1  Recreated
Attaching to relay-1, test-client-1
relay-1        | V0912 00:52:48.428876     7 MoQServer.cpp:121] MoQServer: Registering ALPN handlers: moqt-18, moqt-16, moqt-15, moq-00
relay-1        | W0912 00:52:48.429976     7 MoQServer.cpp:166] UDP send buffer for fd 15 is 425984 bytes (expected 2097152)
test-client-1  | TAP version 14
test-client-1  | # moq-test-client v0.1.12
test-client-1  | # Relay: https://relay:4443/
test-client-1  | 1..18
test-client-1  | [2m2026-09-12T00:52:54.034387Z[0m [32m INFO[0m [2mmoq_native_ietf::quic[0m[2m:[0m UDP socket bound [3mbind[0m[2m=[0m[::]:0 [3mlocal[0m[2m=[0m[::]:33236 [3mdual_stack[0m[2m=[0mtrue
relay-1        | V0912 00:52:54.038145     8 MoQServer.cpp:325] MoQServer WebTransport: supported protocols: moqt-18, moqt-16, moqt-15, moq-00
relay-1        | V0912 00:52:54.038165     8 MoQServer.cpp:335] WebTransport: Negotiated protocol: moqt-18
relay-1        | V0912 00:52:54.038325     8 MoQSession.cpp:2648] start sess=0x7ff3ac053700
relay-1        | V0912 00:52:54.038344     8 MoQSession.cpp:2991] sendSetup sess=0x7ff3ac053700
relay-1        | V0912 00:52:54.038441     8 MoQSession.cpp:2947] controlWriteLoop sess=0x7ff3ac053700
test-client-1  | [2m2026-09-12T00:52:54.038686Z[0m [32m INFO[0m [2mmoq_test_client::scenarios[0m[2m:[0m SETUP exchange completed successfully
test-client-1  | ok 1 - setup-only
test-client-1  |   ---
test-client-1  |   duration_ms: 5
test-client-1  |   connection_id: 92614960b02c6b249c636facb2cc823e
test-client-1  |   ...
relay-1        | V0912 00:52:54.039020     8 MoQSession.cpp:6787] onNewUniStream sess=0x7ff3ac053700
relay-1        | E20260912 00:52:54.039036     8 HQControlCodec.h:58] Unexpected control stream EOF
relay-1        | E20260912 00:52:54.039184     8 HQSession.cpp:3158] Got error on control stream error=HTTP: Critical stream was closed streamID=2 sess=proto=h3, UA=, client CID=46cbc5e2c099e351, server CID=4000000e69ee2fbb, downstream=[::ffff:172.18.0.3]:33236, [::]:4443=local, drain=none
relay-1        | E0912 00:52:54.039236     8 MoQServer.h:192] proxygen::HTTPException: Got error=ApplicationError: 260, HTTP error on control stream
relay-1        | V0912 00:52:54.039241     8 MoQSession.cpp:7213] onSessionEnderr=4294967295 sess=0x7ff3ac053700
relay-1        | V0912 00:52:54.039244     8 MoQSession.cpp:2923] close sess=0x7ff3ac053700
test-client-1  | [2m2026-09-12T00:52:54.039438Z[0m [33m WARN[0m [2mweb_transport_quinn::session[0m[2m:[0m failed to read capsule [3me[0m[2m=[0mUnexpectedEnd
relay-1        | V0912 00:52:54.039267     8 MoQSession.cpp:2602] requestCancellation from cleanup sess=0x7ff3ac053700
relay-1        | V0912 00:52:54.039285     8 MoQSession.cpp:2940] requestCancellation from close sess=0x7ff3ac053700
relay-1        | V0912 00:52:54.039408     8 MoQSession.cpp:2949] exit controlWriteLoop sess=0x7ff3ac053700
relay-1        | V0912 00:52:54.039423     8 MoQSession.cpp:2540] ~MoQSession sess=0x7ff3ac053700
test-client-1  | [2m2026-09-12T00:52:54.039686Z[0m [32m INFO[0m [2mmoq_native_ietf::quic[0m[2m:[0m UDP socket bound [3mbind[0m[2m=[0m[::]:0 [3mlocal[0m[2m=[0m[::]:51974 [3mdual_stack[0m[2m=[0mtrue
relay-1        | V0912 00:52:54.041117     8 MoQServer.cpp:325] MoQServer WebTransport: supported protocols: moqt-18, moqt-16, moqt-15, moq-00
relay-1        | V0912 00:52:54.041132     8 MoQServer.cpp:335] WebTransport: Negotiated protocol: moqt-18
relay-1        | V0912 00:52:54.041214     8 MoQSession.cpp:2648] start sess=0x7ff3ac069f50
relay-1        | V0912 00:52:54.041228     8 MoQSession.cpp:2991] sendSetup sess=0x7ff3ac069f50
relay-1        | V0912 00:52:54.041295     8 MoQSession.cpp:2947] controlWriteLoop sess=0x7ff3ac069f50
test-client-1  | [2m2026-09-12T00:52:54.041415Z[0m [32m INFO[0m [2mmoq_test_client::scenarios[0m[2m:[0m Sending PUBLISH_NAMESPACE for: moq-test/interop
relay-1        | V0912 00:52:54.041478     8 MoQSession.cpp:6787] onNewUniStream sess=0x7ff3ac069f50
relay-1        | V0912 00:52:54.041564     8 MoQSession.cpp:3346] controlReadLoop sess=0x7ff3ac069f50
relay-1        | V0912 00:52:54.041606     8 MoQSession.cpp:3135] onClientSetup sess=0x7ff3ac069f50
relay-1        | V0912 00:52:54.041645     8 MoQServerBase.cpp:88] MoQServerBase::ClientSetup
relay-1        | V0912 00:52:54.041659     8 MoQServerBase.cpp:93] MoQServerBase::ClientSetup: Using ALPN-negotiated version: moqt-18
relay-1        | V0912 00:52:54.041665     8 MoQSession.cpp:3211] Negotiated Version=0xff000012 (draft-18)
relay-1        | V0912 00:52:54.041709     8 MoQSession.cpp:6815] onNewBidiStream sess=0x7ff3ac069f50
relay-1        | V0912 00:52:54.041726     8 MoQSession.cpp:3346] controlReadLoop sess=0x7ff3ac069f50
relay-1        | V0912 00:52:54.041734     8 MoQRelaySession.cpp:1142] onPublishNamespaceImpl ns=moq-test/interop sess=0x7ff3ac069f50
relay-1        | V0912 00:52:54.041748     8 MoQRelay.cpp:134] publishNamespace ns=moq-test/interop
relay-1        | V0912 00:52:54.041755     8 MoQRelaySession.cpp:1234] publishNamespaceOk reqID=0 sess=0x7ff3ac069f50
test-client-1  | [2m2026-09-12T00:52:56.042697Z[0m [32m INFO[0m [2mmoq_test_client::scenarios[0m[2m:[0m PUBLISH_NAMESPACE succeeded (REQUEST_OK received, waiting for subscribers)
test-client-1  | ok 2 - publish-namespace-only
test-client-1  |   ---
test-client-1  |   duration_ms: 2004
test-client-1  |   connection_id: e6a28688ffb0a06f89fcf1306a094321
test-client-1  |   ...
relay-1        | V0912 00:52:56.042918     8 MoQRelaySession.cpp:1300] onPublishNamespaceDone requestID=0 sess=0x7ff3ac069f50
relay-1        | V0912 00:52:56.042945     8 MoQRelay.cpp:310] publishNamespaceDone ns=moq-test/interop
relay-1        | V0912 00:52:56.042955     8 MoQRelay.cpp:303] Pruning empty subtree at: moq-test
relay-1        | V0912 00:52:56.042964     8 MoQSession.cpp:3348] exit controlReadLoop sess=0x7ff3ac069f50
relay-1        | V0912 00:52:56.042976     8 MoQSession.cpp:3348] exit controlReadLoop sess=0x7ff3ac069f50
relay-1        | E20260912 00:52:56.043170     8 HQControlCodec.h:58] Unexpected control stream EOF
relay-1        | E20260912 00:52:56.043219     8 HQSession.cpp:3158] Got error on control stream error=HTTP: Critical stream was closed streamID=2 sess=proto=h3, UA=, client CID=a27130cb6a968159, server CID=4000001ba0010a72, downstream=[::ffff:172.18.0.3]:51974, [::]:4443=local, drain=none
test-client-1  | [2m2026-09-12T00:52:56.043434Z[0m [33m WARN[0m [2mweb_transport_quinn::session[0m[2m:[0m failed to read capsule [3me[0m[2m=[0mUnexpectedEnd
relay-1        | E0912 00:52:56.043273     8 MoQServer.h:192] proxygen::HTTPException: Got error=ApplicationError: 260, HTTP error on control stream
relay-1        | V0912 00:52:56.043280     8 MoQSession.cpp:7213] onSessionEnderr=4294967295 sess=0x7ff3ac069f50
relay-1        | V0912 00:52:56.043284     8 MoQSession.cpp:2923] close sess=0x7ff3ac069f50
relay-1        | V0912 00:52:56.043290     8 MoQSession.cpp:2602] requestCancellation from cleanup sess=0x7ff3ac069f50
relay-1        | V0912 00:52:56.043310     8 MoQSession.cpp:2940] requestCancellation from close sess=0x7ff3ac069f50
relay-1        | V0912 00:52:56.043423     8 MoQSession.cpp:2949] exit controlWriteLoop sess=0x7ff3ac069f50
test-client-1  | [2m2026-09-12T00:52:56.043919Z[0m [32m INFO[0m [2mmoq_native_ietf::quic[0m[2m:[0m UDP socket bound [3mbind[0m[2m=[0m[::]:0 [3mlocal[0m[2m=[0m[::]:55646 [3mdual_stack[0m[2m=[0mtrue
relay-1        | V0912 00:52:56.045683     8 MoQServer.cpp:325] MoQServer WebTransport: supported protocols: moqt-18, moqt-16, moqt-15, moq-00
relay-1        | V0912 00:52:56.045698     8 MoQServer.cpp:335] WebTransport: Negotiated protocol: moqt-18
relay-1        | V0912 00:52:56.045817     8 MoQSession.cpp:2648] start sess=0x7ff3ac06dc40
relay-1        | V0912 00:52:56.045841     8 MoQSession.cpp:2991] sendSetup sess=0x7ff3ac06dc40
relay-1        | V0912 00:52:56.045897     8 MoQSession.cpp:2947] controlWriteLoop sess=0x7ff3ac06dc40
test-client-1  | [2m2026-09-12T00:52:56.046278Z[0m [32m INFO[0m [2mmoq_test_client::scenarios[0m[2m:[0m Subscribing to non-existent track: nonexistent/namespace/test-track
relay-1        | V0912 00:52:56.046297     8 MoQSession.cpp:6787] onNewUniStream sess=0x7ff3ac06dc40
relay-1        | V0912 00:52:56.046322     8 MoQSession.cpp:3346] controlReadLoop sess=0x7ff3ac06dc40
relay-1        | V0912 00:52:56.046329     8 MoQSession.cpp:3135] onClientSetup sess=0x7ff3ac06dc40
relay-1        | V0912 00:52:56.046333     8 MoQServerBase.cpp:88] MoQServerBase::ClientSetup
relay-1        | V0912 00:52:56.046337     8 MoQServerBase.cpp:93] MoQServerBase::ClientSetup: Using ALPN-negotiated version: moqt-18
relay-1        | V0912 00:52:56.046343     8 MoQSession.cpp:3211] Negotiated Version=0xff000012 (draft-18)
test-client-1  | [2m2026-09-12T00:52:56.046582Z[0m [33m WARN[0m [2mmoq_transport::serve::error[0m[2m:[0m [c0f81408-3591-44cd-8a41-faf58d09d255] Not found: no such namespace or track at moq-transport/src/session/subscriber.rs:1653
relay-1        | V0912 00:52:56.046382     8 MoQSession.cpp:6815] onNewBidiStream sess=0x7ff3ac06dc40
relay-1        | V0912 00:52:56.046406     8 MoQSession.cpp:3346] controlReadLoop sess=0x7ff3ac06dc40
relay-1        | V0912 00:52:56.046418     8 MoQSession.cpp:4242] onSubscribeImpl ftn=nonexistent/namespace/test-track sess=0x7ff3ac06dc40
relay-1        | V0912 00:52:56.046436     8 MoQSession.cpp:4379] Application subscribe error err=no such namespace or track
relay-1        | V0912 00:52:56.046441     8 MoQSession.cpp:6209] subscribeError sess=0x7ff3ac06dc40
relay-1        | V0912 00:52:56.046452     8 MoQSession.cpp:6474] publisherDrained id=0 sess=0x7ff3ac06dc40
test-client-1  | [2m2026-09-12T00:52:56.046766Z[0m [32m INFO[0m [2mmoq_test_client::scenarios[0m[2m:[0m Got expected 'not found' error: not found: Track not found [error:c0f81408-3591-44cd-8a41-faf58d09d255]
test-client-1  | ok 3 - subscribe-error
test-client-1  |   ---
test-client-1  |   duration_ms: 3
test-client-1  |   connection_id: 172852352b3132b33e5d7d34be1e0595
test-client-1  |   ...
relay-1        | V0912 00:52:56.046772     8 MoQSession.cpp:3348] exit controlReadLoop sess=0x7ff3ac06dc40
test-client-1  | [2m2026-09-12T00:52:56.047163Z[0m [33m WARN[0m [2mweb_transport_quinn::session[0m[2m:[0m failed to read capsule [3me[0m[2m=[0mUnexpectedEnd
relay-1        | E20260912 00:52:56.046954     8 HQControlCodec.h:58] Unexpected control stream EOF
relay-1        | E20260912 00:52:56.046993     8 HQSession.cpp:3158] Got error on control stream error=HTTP: Critical stream was closed streamID=2 sess=proto=h3, UA=, client CID=6b928bdb8aa61538, server CID=4000001531c2b16b, downstream=[::ffff:172.18.0.3]:55646, [::]:4443=local, drain=none
relay-1        | E0912 00:52:56.047039     8 MoQServer.h:192] proxygen::HTTPException: Got error=ApplicationError: 260, HTTP error on control stream
relay-1        | V0912 00:52:56.047044     8 MoQSession.cpp:7213] onSessionEnderr=4294967295 sess=0x7ff3ac06dc40
relay-1        | V0912 00:52:56.047046     8 MoQSession.cpp:2923] close sess=0x7ff3ac06dc40
relay-1        | V0912 00:52:56.047049     8 MoQSession.cpp:2602] requestCancellation from cleanup sess=0x7ff3ac06dc40
relay-1        | V0912 00:52:56.047056     8 MoQSession.cpp:2940] requestCancellation from close sess=0x7ff3ac06dc40
relay-1        | V0912 00:52:56.047112     8 MoQSession.cpp:3348] exit controlReadLoop sess=0x7ff3ac06dc40
relay-1        | V0912 00:52:56.047135     8 MoQSession.cpp:2949] exit controlWriteLoop sess=0x7ff3ac06dc40
test-client-1  | [2m2026-09-12T00:52:56.047766Z[0m [32m INFO[0m [2mmoq_native_ietf::quic[0m[2m:[0m UDP socket bound [3mbind[0m[2m=[0m[::]:0 [3mlocal[0m[2m=[0m[::]:34736 [3mdual_stack[0m[2m=[0mtrue
relay-1        | V0912 00:52:56.049337     8 MoQServer.cpp:325] MoQServer WebTransport: supported protocols: moqt-18, moqt-16, moqt-15, moq-00
relay-1        | V0912 00:52:56.049351     8 MoQServer.cpp:335] WebTransport: Negotiated protocol: moqt-18
relay-1        | V0912 00:52:56.049441     8 MoQSession.cpp:2648] start sess=0x7ff3ac07b750
relay-1        | V0912 00:52:56.049466     8 MoQSession.cpp:2991] sendSetup sess=0x7ff3ac07b750
relay-1        | V0912 00:52:56.049540     8 MoQSession.cpp:2947] controlWriteLoop sess=0x7ff3ac07b750
test-client-1  | [2m2026-09-12T00:52:56.050352Z[0m [32m INFO[0m [2mmoq_native_ietf::quic[0m[2m:[0m UDP socket bound [3mbind[0m[2m=[0m[::]:0 [3mlocal[0m[2m=[0m[::]:43872 [3mdual_stack[0m[2m=[0mtrue
relay-1        | V0912 00:52:56.050592     8 MoQSession.cpp:6787] onNewUniStream sess=0x7ff3ac07b750
relay-1        | V0912 00:52:56.050648     8 MoQSession.cpp:3346] controlReadLoop sess=0x7ff3ac07b750
relay-1        | V0912 00:52:56.050658     8 MoQSession.cpp:3135] onClientSetup sess=0x7ff3ac07b750
relay-1        | V0912 00:52:56.050662     8 MoQServerBase.cpp:88] MoQServerBase::ClientSetup
relay-1        | V0912 00:52:56.050665     8 MoQServerBase.cpp:93] MoQServerBase::ClientSetup: Using ALPN-negotiated version: moqt-18
relay-1        | V0912 00:52:56.050670     8 MoQSession.cpp:3211] Negotiated Version=0xff000012 (draft-18)
relay-1        | V0912 00:52:56.051923     8 MoQServer.cpp:325] MoQServer WebTransport: supported protocols: moqt-18, moqt-16, moqt-15, moq-00
relay-1        | V0912 00:52:56.051936     8 MoQServer.cpp:335] WebTransport: Negotiated protocol: moqt-18
test-client-1  | [2m2026-09-12T00:52:56.052271Z[0m [32m INFO[0m [2mmoq_test_client::scenarios[0m[2m:[0m Publisher sending PUBLISH_NAMESPACE: moq-test/interop
test-client-1  | [2m2026-09-12T00:52:56.052283Z[0m [32m INFO[0m [2mmoq_test_client::scenarios[0m[2m:[0m Subscriber subscribing to track: moq-test/interop/test-track
relay-1        | V0912 00:52:56.052028     8 MoQSession.cpp:2648] start sess=0x7ff3ac08e570
relay-1        | V0912 00:52:56.052046     8 MoQSession.cpp:2991] sendSetup sess=0x7ff3ac08e570
relay-1        | V0912 00:52:56.052152     8 MoQSession.cpp:2947] controlWriteLoop sess=0x7ff3ac08e570
relay-1        | V0912 00:52:56.052268     8 MoQSession.cpp:6787] onNewUniStream sess=0x7ff3ac08e570
relay-1        | V0912 00:52:56.052282     8 MoQSession.cpp:3346] controlReadLoop sess=0x7ff3ac08e570
relay-1        | V0912 00:52:56.052285     8 MoQSession.cpp:3135] onClientSetup sess=0x7ff3ac08e570
relay-1        | V0912 00:52:56.052287     8 MoQServerBase.cpp:88] MoQServerBase::ClientSetup
relay-1        | V0912 00:52:56.052289     8 MoQServerBase.cpp:93] MoQServerBase::ClientSetup: Using ALPN-negotiated version: moqt-18
relay-1        | V0912 00:52:56.052292     8 MoQSession.cpp:3211] Negotiated Version=0xff000012 (draft-18)
relay-1        | V0912 00:52:56.052544     8 MoQSession.cpp:6815] onNewBidiStream sess=0x7ff3ac08e570
relay-1        | V0912 00:52:56.052596     8 MoQSession.cpp:6815] onNewBidiStream sess=0x7ff3ac07b750
relay-1        | V0912 00:52:56.052663     8 MoQSession.cpp:2540] ~MoQSession sess=0x7ff3ac069f50
relay-1        | V0912 00:52:56.052724     8 MoQSession.cpp:3346] controlReadLoop sess=0x7ff3ac08e570
relay-1        | V0912 00:52:56.052761     8 MoQSession.cpp:4242] onSubscribeImpl ftn=moq-test/interop/test-track sess=0x7ff3ac08e570
relay-1        | V0912 00:52:56.052780     8 MoQSession.cpp:3346] controlReadLoop sess=0x7ff3ac07b750
relay-1        | V0912 00:52:56.052787     8 MoQRelaySession.cpp:1142] onPublishNamespaceImpl ns=moq-test/interop sess=0x7ff3ac07b750
relay-1        | V0912 00:52:56.052797     8 MoQSession.cpp:4379] Application subscribe error err=no such namespace or track
relay-1        | V0912 00:52:56.052804     8 MoQSession.cpp:6209] subscribeError sess=0x7ff3ac08e570
relay-1        | V0912 00:52:56.052814     8 MoQSession.cpp:6474] publisherDrained id=0 sess=0x7ff3ac08e570
relay-1        | V0912 00:52:56.052822     8 MoQRelay.cpp:134] publishNamespace ns=moq-test/interop
relay-1        | V0912 00:52:56.052835     8 MoQRelaySession.cpp:1234] publishNamespaceOk reqID=0 sess=0x7ff3ac07b750
test-client-1  | [2m2026-09-12T00:52:56.053004Z[0m [33m WARN[0m [2mmoq_transport::serve::error[0m[2m:[0m [ef606368-82ac-4b56-928d-a9c6ce3e7c9e] Not found: no such namespace or track at moq-transport/src/session/subscriber.rs:1653
test-client-1  | [2m2026-09-12T00:52:56.053096Z[0m [32m INFO[0m [2mmoq_test_client::scenarios[0m[2m:[0m Subscriber got error: not found: Track not found [error:ef606368-82ac-4b56-928d-a9c6ce3e7c9e] - subscription was processed
relay-1        | V0912 00:52:56.053224     8 MoQSession.cpp:3348] exit controlReadLoop sess=0x7ff3ac08e570
test-client-1  | ok 4 - publish-namespace-subscribe
test-client-1  |   ---
relay-1        | V0912 00:52:56.053262     8 MoQSession.cpp:3348] exit controlReadLoop sess=0x7ff3ac08e570
relay-1        | V0912 00:52:56.053271     8 MoQRelaySession.cpp:1300] onPublishNamespaceDone requestID=0 sess=0x7ff3ac07b750
relay-1        | V0912 00:52:56.053275     8 MoQRelay.cpp:310] publishNamespaceDone ns=moq-test/interop
relay-1        | V0912 00:52:56.053280     8 MoQRelay.cpp:303] Pruning empty subtree at: moq-test
relay-1        | V0912 00:52:56.053285     8 MoQSession.cpp:3348] exit controlReadLoop sess=0x7ff3ac07b750
relay-1        | V0912 00:52:56.053289     8 MoQSession.cpp:3348] exit controlReadLoop sess=0x7ff3ac07b750
test-client-1  |   duration_ms: 6
test-client-1  |   publisher_connection_id: b0b8d3b51e068b51c6b814a0a563218d
test-client-1  |   subscriber_connection_id: 19536d5f14579123614e4ad6497e4b3b
test-client-1  |   ...
relay-1        | E20260912 00:52:56.053562     8 HQControlCodec.h:58] Unexpected control stream EOF
relay-1        | E20260912 00:52:56.053599     8 HQSession.cpp:3158] Got error on control stream error=HTTP: Critical stream was closed streamID=2 sess=proto=h3, UA=, client CID=7b688dcfe48d7606, server CID=40000006c4208f66, downstream=[::ffff:172.18.0.3]:43872, [::]:4443=local, drain=none
test-client-1  | [2m2026-09-12T00:52:56.053862Z[0m [33m WARN[0m [2mweb_transport_quinn::session[0m[2m:[0m failed to read capsule [3me[0m[2m=[0mUnexpectedEnd
relay-1        | E20260912 00:52:56.053627     8 HQControlCodec.h:58] Unexpected control stream EOF
relay-1        | E20260912 00:52:56.053642     8 HQSession.cpp:3158] Got error on control stream error=HTTP: Critical stream was closed streamID=2 sess=proto=h3, UA=, client CID=386aa9f96cfba065, server CID=4000001bd838731e, downstream=[::ffff:172.18.0.3]:34736, [::]:4443=local, drain=none
relay-1        | E0912 00:52:56.053668     8 MoQServer.h:192] proxygen::HTTPException: Got error=ApplicationError: 260, HTTP error on control stream
relay-1        | V0912 00:52:56.053675     8 MoQSession.cpp:7213] onSessionEnderr=4294967295 sess=0x7ff3ac08e570
relay-1        | V0912 00:52:56.053678     8 MoQSession.cpp:2923] close sess=0x7ff3ac08e570
relay-1        | V0912 00:52:56.053683     8 MoQSession.cpp:2602] requestCancellation from cleanup sess=0x7ff3ac08e570
relay-1        | V0912 00:52:56.053691     8 MoQSession.cpp:2940] requestCancellation from close sess=0x7ff3ac08e570
relay-1        | E0912 00:52:56.053753     8 MoQServer.h:192] proxygen::HTTPException: Got error=ApplicationError: 260, HTTP error on control stream
relay-1        | V0912 00:52:56.053814     8 MoQSession.cpp:7213] onSessionEnderr=4294967295 sess=0x7ff3ac07b750
relay-1        | V0912 00:52:56.053824     8 MoQSession.cpp:2923] close sess=0x7ff3ac07b750
relay-1        | V0912 00:52:56.053828     8 MoQSession.cpp:2602] requestCancellation from cleanup sess=0x7ff3ac07b750
relay-1        | V0912 00:52:56.053836     8 MoQSession.cpp:2940] requestCancellation from close sess=0x7ff3ac07b750
test-client-1  | [2m2026-09-12T00:52:56.054101Z[0m [33m WARN[0m [2mweb_transport_quinn::session[0m[2m:[0m failed to read capsule [3me[0m[2m=[0mUnexpectedEnd
relay-1        | V0912 00:52:56.053917     8 MoQSession.cpp:2949] exit controlWriteLoop sess=0x7ff3ac08e570
relay-1        | V0912 00:52:56.053934     8 MoQSession.cpp:2949] exit controlWriteLoop sess=0x7ff3ac07b750
test-client-1  | [2m2026-09-12T00:52:56.054277Z[0m [32m INFO[0m [2mmoq_native_ietf::quic[0m[2m:[0m UDP socket bound [3mbind[0m[2m=[0m[::]:0 [3mlocal[0m[2m=[0m[::]:54537 [3mdual_stack[0m[2m=[0mtrue
relay-1        | V0912 00:52:56.055683     8 MoQServer.cpp:325] MoQServer WebTransport: supported protocols: moqt-18, moqt-16, moqt-15, moq-00
relay-1        | V0912 00:52:56.055698     8 MoQServer.cpp:335] WebTransport: Negotiated protocol: moqt-18
relay-1        | V0912 00:52:56.055776     8 MoQSession.cpp:2648] start sess=0x7ff3ac0860b0
relay-1        | V0912 00:52:56.055795     8 MoQSession.cpp:2991] sendSetup sess=0x7ff3ac0860b0
relay-1        | V0912 00:52:56.055887     8 MoQSession.cpp:2947] controlWriteLoop sess=0x7ff3ac0860b0
relay-1        | V0912 00:52:56.055998     8 MoQSession.cpp:6787] onNewUniStream sess=0x7ff3ac0860b0
relay-1        | V0912 00:52:56.056022     8 MoQSession.cpp:3346] controlReadLoop sess=0x7ff3ac0860b0
relay-1        | V0912 00:52:56.056027     8 MoQSession.cpp:3135] onClientSetup sess=0x7ff3ac0860b0
relay-1        | V0912 00:52:56.056031     8 MoQServerBase.cpp:88] MoQServerBase::ClientSetup
relay-1        | V0912 00:52:56.056034     8 MoQServerBase.cpp:93] MoQServerBase::ClientSetup: Using ALPN-negotiated version: moqt-18
relay-1        | V0912 00:52:56.056039     8 MoQSession.cpp:3211] Negotiated Version=0xff000012 (draft-18)
test-client-1  | [2m2026-09-12T00:52:56.055991Z[0m [32m INFO[0m [2mmoq_test_client::scenarios[0m[2m:[0m Subscriber subscribing BEFORE PUBLISH_NAMESPACE: moq-test/interop/test-track
test-client-1  | [2m2026-09-12T00:52:56.056339Z[0m [33m WARN[0m [2mmoq_transport::serve::error[0m[2m:[0m [942cb7cb-039a-4f68-9a84-18d776f996cc] Not found: no such namespace or track at moq-transport/src/session/subscriber.rs:1653
relay-1        | V0912 00:52:56.056179     8 MoQSession.cpp:6815] onNewBidiStream sess=0x7ff3ac0860b0
relay-1        | V0912 00:52:56.056209     8 MoQSession.cpp:3346] controlReadLoop sess=0x7ff3ac0860b0
relay-1        | V0912 00:52:56.056217     8 MoQSession.cpp:4242] onSubscribeImpl ftn=moq-test/interop/test-track sess=0x7ff3ac0860b0
relay-1        | V0912 00:52:56.056230     8 MoQSession.cpp:4379] Application subscribe error err=no such namespace or track
relay-1        | V0912 00:52:56.056234     8 MoQSession.cpp:6209] subscribeError sess=0x7ff3ac0860b0
relay-1        | V0912 00:52:56.056242     8 MoQSession.cpp:6474] publisherDrained id=0 sess=0x7ff3ac0860b0
relay-1        | V0912 00:52:56.056432     8 MoQSession.cpp:3348] exit controlReadLoop sess=0x7ff3ac0860b0
relay-1        | E20260912 00:52:56.056480     8 HQControlCodec.h:58] Unexpected control stream EOF
relay-1        | E20260912 00:52:56.056542     8 HQSession.cpp:3158] Got error on control stream error=HTTP: Critical stream was closed streamID=2 sess=proto=h3, UA=, client CID=07f1f037854aa3e6, server CID=4000001e5de132ef, downstream=[::ffff:172.18.0.3]:54537, [::]:4443=local, drain=none
relay-1        | E0912 00:52:56.056599     8 MoQServer.h:192] proxygen::HTTPException: Got error=ApplicationError: 260, HTTP error on control stream
relay-1        | V0912 00:52:56.056611     8 MoQSession.cpp:7213] onSessionEnderr=4294967295 sess=0x7ff3ac0860b0
relay-1        | V0912 00:52:56.056615     8 MoQSession.cpp:2923] close sess=0x7ff3ac0860b0
relay-1        | V0912 00:52:56.056621     8 MoQSession.cpp:2602] requestCancellation from cleanup sess=0x7ff3ac0860b0
relay-1        | V0912 00:52:56.056630     8 MoQSession.cpp:2940] requestCancellation from close sess=0x7ff3ac0860b0
relay-1        | V0912 00:52:56.056697     8 MoQSession.cpp:3348] exit controlReadLoop sess=0x7ff3ac0860b0
relay-1        | V0912 00:52:56.056718     8 MoQSession.cpp:2949] exit controlWriteLoop sess=0x7ff3ac0860b0
test-client-1  | [2m2026-09-12T00:52:56.056785Z[0m [33m WARN[0m [2mweb_transport_quinn::session[0m[2m:[0m failed to read capsule [3me[0m[2m=[0mUnexpectedEnd
relay-1        | V0912 00:52:56.062915     8 MoQSession.cpp:2540] ~MoQSession sess=0x7ff3ac06dc40
relay-1        | V0912 00:52:56.062944     8 MoQSession.cpp:2540] ~MoQSession sess=0x7ff3ac08e570
relay-1        | V0912 00:52:56.062969     8 MoQSession.cpp:2540] ~MoQSession sess=0x7ff3ac07b750
relay-1        | V0912 00:52:56.073115     8 MoQSession.cpp:2540] ~MoQSession sess=0x7ff3ac0860b0
test-client-1  | [2m2026-09-12T00:52:56.558246Z[0m [32m INFO[0m [2mmoq_native_ietf::quic[0m[2m:[0m UDP socket bound [3mbind[0m[2m=[0m[::]:0 [3mlocal[0m[2m=[0m[::]:60540 [3mdual_stack[0m[2m=[0mtrue
relay-1        | V0912 00:52:56.560225     8 MoQServer.cpp:325] MoQServer WebTransport: supported protocols: moqt-18, moqt-16, moqt-15, moq-00
relay-1        | V0912 00:52:56.560239     8 MoQServer.cpp:335] WebTransport: Negotiated protocol: moqt-18
relay-1        | V0912 00:52:56.560321     8 MoQSession.cpp:2648] start sess=0x7ff3ac032580
relay-1        | V0912 00:52:56.560341     8 MoQSession.cpp:2991] sendSetup sess=0x7ff3ac032580
relay-1        | V0912 00:52:56.560428     8 MoQSession.cpp:2947] controlWriteLoop sess=0x7ff3ac032580
test-client-1  | [2m2026-09-12T00:52:56.560604Z[0m [32m INFO[0m [2mmoq_test_client::scenarios[0m[2m:[0m Publisher sending PUBLISH_NAMESPACE (after subscriber): moq-test/interop
relay-1        | V0912 00:52:56.560571     8 MoQSession.cpp:6787] onNewUniStream sess=0x7ff3ac032580
relay-1        | V0912 00:52:56.560597     8 MoQSession.cpp:3346] controlReadLoop sess=0x7ff3ac032580
relay-1        | V0912 00:52:56.560603     8 MoQSession.cpp:3135] onClientSetup sess=0x7ff3ac032580
relay-1        | V0912 00:52:56.560607     8 MoQServerBase.cpp:88] MoQServerBase::ClientSetup
relay-1        | V0912 00:52:56.560610     8 MoQServerBase.cpp:93] MoQServerBase::ClientSetup: Using ALPN-negotiated version: moqt-18
relay-1        | V0912 00:52:56.560615     8 MoQSession.cpp:3211] Negotiated Version=0xff000012 (draft-18)
relay-1        | V0912 00:52:56.560797     8 MoQSession.cpp:6815] onNewBidiStream sess=0x7ff3ac032580
relay-1        | V0912 00:52:56.560820     8 MoQSession.cpp:3346] controlReadLoop sess=0x7ff3ac032580
relay-1        | V0912 00:52:56.560827     8 MoQRelaySession.cpp:1142] onPublishNamespaceImpl ns=moq-test/interop sess=0x7ff3ac032580
relay-1        | V0912 00:52:56.560836     8 MoQRelay.cpp:134] publishNamespace ns=moq-test/interop
relay-1        | V0912 00:52:56.560843     8 MoQRelaySession.cpp:1234] publishNamespaceOk reqID=0 sess=0x7ff3ac032580
relay-1        | V0912 00:52:59.562014     8 MoQRelaySession.cpp:1300] onPublishNamespaceDone requestID=0 sess=0x7ff3ac032580
relay-1        | V0912 00:52:59.562037     8 MoQRelay.cpp:310] publishNamespaceDone ns=moq-test/interop
relay-1        | V0912 00:52:59.562047     8 MoQRelay.cpp:303] Pruning empty subtree at: moq-test
relay-1        | V0912 00:52:59.562055     8 MoQSession.cpp:3348] exit controlReadLoop sess=0x7ff3ac032580
relay-1        | V0912 00:52:59.562067     8 MoQSession.cpp:3348] exit controlReadLoop sess=0x7ff3ac032580
relay-1        | E20260912 00:52:59.562124     8 HQControlCodec.h:58] Unexpected control stream EOF
relay-1        | E20260912 00:52:59.562227     8 HQSession.cpp:3158] Got error on control stream error=HTTP: Critical stream was closed streamID=2 sess=proto=h3, UA=, client CID=327e59358eedd99a, server CID=4000000ce070724f, downstream=[::ffff:172.18.0.3]:60540, [::]:4443=local, drain=none
relay-1        | E0912 00:52:59.562343     8 MoQServer.h:192] proxygen::HTTPException: Got error=ApplicationError: 260, HTTP error on control stream
relay-1        | V0912 00:52:59.562438     8 MoQSession.cpp:7213] onSessionEnderr=4294967295 sess=0x7ff3ac032580
relay-1        | V0912 00:52:59.562447     8 MoQSession.cpp:2923] close sess=0x7ff3ac032580
relay-1        | V0912 00:52:59.562456     8 MoQSession.cpp:2602] requestCancellation from cleanup sess=0x7ff3ac032580
relay-1        | V0912 00:52:59.562472     8 MoQSession.cpp:2940] requestCancellation from close sess=0x7ff3ac032580
test-client-1  | [2m2026-09-12T00:52:59.561895Z[0m [32m INFO[0m [2mmoq_test_client::scenarios[0m[2m:[0m Publisher PUBLISH_NAMESPACE timeout (expected)
test-client-1  | [2m2026-09-12T00:52:59.561915Z[0m [32m INFO[0m [2mmoq_test_client::scenarios[0m[2m:[0m Subscriber got error: not found: Track not found [error:942cb7cb-039a-4f68-9a84-18d776f996cc] (may be expected)
test-client-1  | [2m2026-09-12T00:52:59.562629Z[0m [33m WARN[0m [2mweb_transport_quinn::session[0m[2m:[0m failed to read capsule [3me[0m[2m=[0mUnexpectedEnd
test-client-1  | ok 5 - subscribe-before-publish-namespace
relay-1        | V0912 00:52:59.562758     8 MoQSession.cpp:2949] exit controlWriteLoop sess=0x7ff3ac032580
test-client-1  |   ---
test-client-1  |   duration_ms: 3508
test-client-1  |   subscriber_connection_id: 2632513b32606170e66b9fcff98eca32
test-client-1  |   publisher_connection_id: fa890a6451690f46a0382ca465ec2fe3
test-client-1  |   ...
test-client-1  | [2m2026-09-12T00:52:59.563278Z[0m [32m INFO[0m [2mmoq_native_ietf::quic[0m[2m:[0m UDP socket bound [3mbind[0m[2m=[0m[::]:0 [3mlocal[0m[2m=[0m[::]:50169 [3mdual_stack[0m[2m=[0mtrue
relay-1        | V0912 00:52:59.567039     8 MoQServer.cpp:325] MoQServer WebTransport: supported protocols: moqt-18, moqt-16, moqt-15, moq-00
relay-1        | V0912 00:52:59.567060     8 MoQServer.cpp:335] WebTransport: Negotiated protocol: moqt-18
relay-1        | V0912 00:52:59.567165     8 MoQSession.cpp:2648] start sess=0x7ff3ac068920
relay-1        | V0912 00:52:59.567182     8 MoQSession.cpp:2991] sendSetup sess=0x7ff3ac068920
relay-1        | V0912 00:52:59.567236     8 MoQSession.cpp:2947] controlWriteLoop sess=0x7ff3ac068920
test-client-1  | [2m2026-09-12T00:52:59.567570Z[0m [32m INFO[0m [2mmoq_test_client::scenarios[0m[2m:[0m Sending PUBLISH_NAMESPACE: moq-test/interop
relay-1        | V0912 00:52:59.567677     8 MoQSession.cpp:6787] onNewUniStream sess=0x7ff3ac068920
relay-1        | V0912 00:52:59.567700     8 MoQSession.cpp:3346] controlReadLoop sess=0x7ff3ac068920
relay-1        | V0912 00:52:59.567706     8 MoQSession.cpp:3135] onClientSetup sess=0x7ff3ac068920
relay-1        | V0912 00:52:59.567710     8 MoQServerBase.cpp:88] MoQServerBase::ClientSetup
relay-1        | V0912 00:52:59.567715     8 MoQServerBase.cpp:93] MoQServerBase::ClientSetup: Using ALPN-negotiated version: moqt-18
relay-1        | V0912 00:52:59.567720     8 MoQSession.cpp:3211] Negotiated Version=0xff000012 (draft-18)
relay-1        | V0912 00:52:59.567755     8 MoQSession.cpp:6815] onNewBidiStream sess=0x7ff3ac068920
relay-1        | V0912 00:52:59.567775     8 MoQSession.cpp:3346] controlReadLoop sess=0x7ff3ac068920
relay-1        | V0912 00:52:59.567782     8 MoQRelaySession.cpp:1142] onPublishNamespaceImpl ns=moq-test/interop sess=0x7ff3ac068920
relay-1        | V0912 00:52:59.567788     8 MoQRelay.cpp:134] publishNamespace ns=moq-test/interop
relay-1        | V0912 00:52:59.567797     8 MoQRelaySession.cpp:1234] publishNamespaceOk reqID=0 sess=0x7ff3ac068920
relay-1        | V0912 00:52:59.573026     8 MoQSession.cpp:2540] ~MoQSession sess=0x7ff3ac032580
test-client-1  | [2m2026-09-12T00:53:01.568674Z[0m [32m INFO[0m [2mmoq_test_client::scenarios[0m[2m:[0m PUBLISH_NAMESPACE active; sending PUBLISH_NAMESPACE_DONE
relay-1        | V0912 00:53:01.568763     8 MoQRelaySession.cpp:1300] onPublishNamespaceDone requestID=0 sess=0x7ff3ac068920
relay-1        | V0912 00:53:01.568773     8 MoQRelay.cpp:310] publishNamespaceDone ns=moq-test/interop
relay-1        | V0912 00:53:01.568779     8 MoQRelay.cpp:303] Pruning empty subtree at: moq-test
relay-1        | V0912 00:53:01.568800     8 MoQSession.cpp:3348] exit controlReadLoop sess=0x7ff3ac068920
relay-1        | V0912 00:53:01.568806     8 MoQSession.cpp:3348] exit controlReadLoop sess=0x7ff3ac068920
test-client-1  | ok 6 - publish-namespace-done
test-client-1  |   ---
test-client-1  |   duration_ms: 2108
test-client-1  |   connection_id: 68df0c5fda7a449a010a80d8b11a4527
test-client-1  |   ...
test-client-1  | [2m2026-09-12T00:53:01.670270Z[0m [32m INFO[0m [2mmoq_test_client::scenarios[0m[2m:[0m PUBLISH_NAMESPACE_DONE sent successfully
relay-1        | E20260912 00:53:01.670439     8 HQControlCodec.h:58] Unexpected control stream EOF
relay-1        | E20260912 00:53:01.670490     8 HQSession.cpp:3158] Got error on control stream error=HTTP: Critical stream was closed streamID=2 sess=proto=h3, UA=, client CID=42a4ab581fb62cc0, server CID=4000000f46b89b6c, downstream=[::ffff:172.18.0.3]:50169, [::]:4443=local, drain=none
relay-1        | E0912 00:53:01.670583     8 MoQServer.h:192] proxygen::HTTPException: Got error=ApplicationError: 260, HTTP error on control stream
relay-1        | V0912 00:53:01.670600     8 MoQSession.cpp:7213] onSessionEnderr=4294967295 sess=0x7ff3ac068920
relay-1        | V0912 00:53:01.670604     8 MoQSession.cpp:2923] close sess=0x7ff3ac068920
relay-1        | V0912 00:53:01.670612     8 MoQSession.cpp:2602] requestCancellation from cleanup sess=0x7ff3ac068920
relay-1        | V0912 00:53:01.670629     8 MoQSession.cpp:2940] requestCancellation from close sess=0x7ff3ac068920
test-client-1  | [2m2026-09-12T00:53:01.670738Z[0m [33m WARN[0m [2mweb_transport_quinn::session[0m[2m:[0m failed to read capsule [3me[0m[2m=[0mUnexpectedEnd
relay-1        | V0912 00:53:01.670871     8 MoQSession.cpp:2949] exit controlWriteLoop sess=0x7ff3ac068920
test-client-1  | [2m2026-09-12T00:53:01.671312Z[0m [32m INFO[0m [2mmoq_native_ietf::quic[0m[2m:[0m UDP socket bound [3mbind[0m[2m=[0m[::]:0 [3mlocal[0m[2m=[0m[::]:37473 [3mdual_stack[0m[2m=[0mtrue
relay-1        | V0912 00:53:01.673410     8 MoQServer.cpp:325] MoQServer WebTransport: supported protocols: moqt-18, moqt-16, moqt-15, moq-00
relay-1        | V0912 00:53:01.673432     8 MoQServer.cpp:335] WebTransport: Negotiated protocol: moqt-18
relay-1        | V0912 00:53:01.673572     8 MoQSession.cpp:2648] start sess=0x7ff3ac062e70
relay-1        | V0912 00:53:01.673591     8 MoQSession.cpp:2991] sendSetup sess=0x7ff3ac062e70
relay-1        | V0912 00:53:01.673645     8 MoQSession.cpp:2947] controlWriteLoop sess=0x7ff3ac062e70
test-client-1  | [2m2026-09-12T00:53:01.673917Z[0m [32m INFO[0m [2mmoq_test_client::scenarios[0m[2m:[0m Publisher sending direct PUBLISH [3mnamespace[0m[2m=[0m/moq-test/publish [3mtrack[0m[2m=[0m"published-track"
relay-1        | V0912 00:53:01.673882     8 MoQSession.cpp:6787] onNewUniStream sess=0x7ff3ac062e70
relay-1        | V0912 00:53:01.673909     8 MoQSession.cpp:3346] controlReadLoop sess=0x7ff3ac062e70
relay-1        | V0912 00:53:01.673917     8 MoQSession.cpp:3135] onClientSetup sess=0x7ff3ac062e70
relay-1        | V0912 00:53:01.673921     8 MoQServerBase.cpp:88] MoQServerBase::ClientSetup
relay-1        | V0912 00:53:01.673924     8 MoQServerBase.cpp:93] MoQServerBase::ClientSetup: Using ALPN-negotiated version: moqt-18
relay-1        | V0912 00:53:01.673930     8 MoQSession.cpp:3211] Negotiated Version=0xff000012 (draft-18)
relay-1        | V0912 00:53:01.674045     8 MoQSession.cpp:6815] onNewBidiStream sess=0x7ff3ac062e70
relay-1        | V0912 00:53:01.674071     8 MoQSession.cpp:3346] controlReadLoop sess=0x7ff3ac062e70
relay-1        | V0912 00:53:01.674088     8 MoQSession.cpp:4921] onPublishImpl reqID=0 sess=0x7ff3ac062e70
relay-1        | V0912 00:53:01.674098     8 MoQRelay.cpp:422] publish ftn=moq-test/publish/published-track
relay-1        | E0912 00:53:01.674104     8 MoQRelay.cpp:82] prefix not found in tree
relay-1        | V0912 00:53:01.674131     8 MoQSession.cpp:6014] publishOk reqID=0 sess=0x7ff3ac062e70
test-client-1  | [2m2026-09-12T00:53:01.674328Z[0m [32m INFO[0m [2mmoq_test_client::scenarios[0m[2m:[0m PUBLISH accepted [3mnamespace[0m[2m=[0m/moq-test/publish [3mtrack[0m[2m=[0m"published-track"
relay-1        | V0912 00:53:01.674470     8 MoQSession.cpp:5054] PublishDone id=0 code=2 reason=publish ended
test-client-1  | [2m2026-09-12T00:53:01.674444Z[0m [32m INFO[0m [2mmoq_test_client::scenarios[0m[2m:[0m PUBLISH completed [3mnamespace[0m[2m=[0m/moq-test/publish [3mtrack[0m[2m=[0m"published-track"
test-client-1  | ok 7 - publish-track-only
test-client-1  |   ---
test-client-1  |   duration_ms: 4
test-client-1  |   connection_id: e36a4eaec4572c7d2606d6f2706e6dda
relay-1        | V0912 00:53:01.674507     8 MoQSession.cpp:2186] processPublishDone trackReceiveState=0x7ff3ac08e3b0
relay-1        | V0912 00:53:01.674535     8 MoQRelay.cpp:383] onPublishDoneImpl ftn=moq-test/publish/published-track
relay-1        | V0912 00:53:01.674541     8 MoQRelay.cpp:303] Pruning empty subtree at: moq-test
relay-1        | V0912 00:53:01.674546     8 MoQRelay.cpp:412] Publisher terminated with no subscribers, cleaning up moq-test/publish/published-track
relay-1        | V0912 00:53:01.674554     8 MoQForwarder.cpp:609] publishDone pubDone reason=publish ended
relay-1        | V0912 00:53:01.674562     8 MoQSession.cpp:3348] exit controlReadLoop sess=0x7ff3ac062e70
relay-1        | E20260912 00:53:01.674641     8 HQControlCodec.h:58] Unexpected control stream EOF
relay-1        | E20260912 00:53:01.674679     8 HQSession.cpp:3158] Got error on control stream error=HTTP: Critical stream was closed streamID=2 sess=proto=h3, UA=, client CID=cdf1a28b67b86106, server CID=4000000773ecb0c9, downstream=[::ffff:172.18.0.3]:37473, [::]:4443=local, drain=none
relay-1        | E0912 00:53:01.674723     8 MoQServer.h:192] proxygen::HTTPException: Got error=ApplicationError: 260, HTTP error on control stream
relay-1        | V0912 00:53:01.674729     8 MoQSession.cpp:7213] onSessionEnderr=4294967295 sess=0x7ff3ac062e70
relay-1        | V0912 00:53:01.674732     8 MoQSession.cpp:2923] close sess=0x7ff3ac062e70
relay-1        | V0912 00:53:01.674737     8 MoQSession.cpp:2602] requestCancellation from cleanup sess=0x7ff3ac062e70
relay-1        | V0912 00:53:01.674746     8 MoQSession.cpp:2940] requestCancellation from close sess=0x7ff3ac062e70
relay-1        | V0912 00:53:01.674804     8 MoQSession.cpp:3348] exit controlReadLoop sess=0x7ff3ac062e70
relay-1        | V0912 00:53:01.674825     8 MoQSession.cpp:2949] exit controlWriteLoop sess=0x7ff3ac062e70
test-client-1  |   ...
test-client-1  | [2m2026-09-12T00:53:01.674917Z[0m [33m WARN[0m [2mweb_transport_quinn::session[0m[2m:[0m failed to read capsule [3me[0m[2m=[0mUnexpectedEnd
test-client-1  | [2m2026-09-12T00:53:01.675485Z[0m [32m INFO[0m [2mmoq_native_ietf::quic[0m[2m:[0m UDP socket bound [3mbind[0m[2m=[0m[::]:0 [3mlocal[0m[2m=[0m[::]:55777 [3mdual_stack[0m[2m=[0mtrue
relay-1        | V0912 00:53:01.676961     8 MoQServer.cpp:325] MoQServer WebTransport: supported protocols: moqt-18, moqt-16, moqt-15, moq-00
relay-1        | V0912 00:53:01.676973     8 MoQServer.cpp:335] WebTransport: Negotiated protocol: moqt-18
relay-1        | V0912 00:53:01.677051     8 MoQSession.cpp:2648] start sess=0x7ff3ac06b400
relay-1        | V0912 00:53:01.677070     8 MoQSession.cpp:2991] sendSetup sess=0x7ff3ac06b400
relay-1        | V0912 00:53:01.677163     8 MoQSession.cpp:2947] controlWriteLoop sess=0x7ff3ac06b400
relay-1        | V0912 00:53:01.677349     8 MoQSession.cpp:6787] onNewUniStream sess=0x7ff3ac06b400
relay-1        | V0912 00:53:01.677410     8 MoQSession.cpp:3346] controlReadLoop sess=0x7ff3ac06b400
relay-1        | V0912 00:53:01.677422     8 MoQSession.cpp:3135] onClientSetup sess=0x7ff3ac06b400
relay-1        | V0912 00:53:01.677426     8 MoQServerBase.cpp:88] MoQServerBase::ClientSetup
relay-1        | V0912 00:53:01.677430     8 MoQServerBase.cpp:93] MoQServerBase::ClientSetup: Using ALPN-negotiated version: moqt-18
relay-1        | V0912 00:53:01.677435     8 MoQSession.cpp:3211] Negotiated Version=0xff000012 (draft-18)
test-client-1  | [2m2026-09-12T00:53:01.678090Z[0m [32m INFO[0m [2mmoq_native_ietf::quic[0m[2m:[0m UDP socket bound [3mbind[0m[2m=[0m[::]:0 [3mlocal[0m[2m=[0m[::]:58017 [3mdual_stack[0m[2m=[0mtrue
relay-1        | V0912 00:53:01.679457     8 MoQServer.cpp:325] MoQServer WebTransport: supported protocols: moqt-18, moqt-16, moqt-15, moq-00
relay-1        | V0912 00:53:01.679471     8 MoQServer.cpp:335] WebTransport: Negotiated protocol: moqt-18
relay-1        | V0912 00:53:01.679571     8 MoQSession.cpp:2648] start sess=0x7ff3ac090470
relay-1        | V0912 00:53:01.679639     8 MoQSession.cpp:2991] sendSetup sess=0x7ff3ac090470
relay-1        | V0912 00:53:01.679769     8 MoQSession.cpp:2947] controlWriteLoop sess=0x7ff3ac090470
test-client-1  | [2m2026-09-12T00:53:01.679975Z[0m [32m INFO[0m [2mmoq_test_client::scenarios[0m[2m:[0m Publisher sending direct PUBLISH before subscriber subscribes [3mnamespace[0m[2m=[0m/moq-test/publish [3mtrack[0m[2m=[0m"published-track"
relay-1        | V0912 00:53:01.679889     8 MoQSession.cpp:6787] onNewUniStream sess=0x7ff3ac090470
relay-1        | V0912 00:53:01.679914     8 MoQSession.cpp:3346] controlReadLoop sess=0x7ff3ac090470
relay-1        | V0912 00:53:01.679920     8 MoQSession.cpp:3135] onClientSetup sess=0x7ff3ac090470
relay-1        | V0912 00:53:01.679924     8 MoQServerBase.cpp:88] MoQServerBase::ClientSetup
relay-1        | V0912 00:53:01.679927     8 MoQServerBase.cpp:93] MoQServerBase::ClientSetup: Using ALPN-negotiated version: moqt-18
relay-1        | V0912 00:53:01.679932     8 MoQSession.cpp:3211] Negotiated Version=0xff000012 (draft-18)
relay-1        | V0912 00:53:01.680177     8 MoQSession.cpp:6815] onNewBidiStream sess=0x7ff3ac06b400
relay-1        | V0912 00:53:01.680241     8 MoQSession.cpp:3346] controlReadLoop sess=0x7ff3ac06b400
relay-1        | V0912 00:53:01.680265     8 MoQSession.cpp:4921] onPublishImpl reqID=0 sess=0x7ff3ac06b400
relay-1        | V0912 00:53:01.680283     8 MoQRelay.cpp:422] publish ftn=moq-test/publish/published-track
relay-1        | E0912 00:53:01.680287     8 MoQRelay.cpp:82] prefix not found in tree
relay-1        | V0912 00:53:01.680296     8 MoQSession.cpp:6014] publishOk reqID=0 sess=0x7ff3ac06b400
test-client-1  | [2m2026-09-12T00:53:01.680449Z[0m [32m INFO[0m [2mmoq_test_client::scenarios[0m[2m:[0m PUBLISH accepted; starting subscriber [3mnamespace[0m[2m=[0m/moq-test/publish [3mtrack[0m[2m=[0m"published-track"
relay-1        | V0912 00:53:01.680628     8 MoQSession.cpp:2540] ~MoQSession sess=0x7ff3ac068920
relay-1        | V0912 00:53:01.680664     8 MoQSession.cpp:2540] ~MoQSession sess=0x7ff3ac062e70
relay-1        | V0912 00:53:01.680683     8 MoQSession.cpp:6815] onNewBidiStream sess=0x7ff3ac090470
relay-1        | V0912 00:53:01.680707     8 MoQSession.cpp:3346] controlReadLoop sess=0x7ff3ac090470
relay-1        | V0912 00:53:01.680720     8 MoQSession.cpp:4242] onSubscribeImpl ftn=moq-test/publish/published-track sess=0x7ff3ac090470
relay-1        | V0912 00:53:01.680750     8 MoQLocation.h:24] m=AbsoluteStart g=0 o=0
relay-1        | V0912 00:53:01.680756     8 MoQLocation.h:59] g=0 o=0 g=4611686018427387903 o=4611686018427387903
relay-1        | I0912 00:53:01.680762     8 MoQRelay.cpp:1982] Updating forward for moq-test/publish/published-track numForwardingSubs=1
relay-1        | V0912 00:53:01.680770     8 MoQSession.cpp:6191] sendSubscribeOk sess=0x7ff3ac090470
relay-1        | V0912 00:53:01.680841     8 MoQSession.cpp:6504] requestUpdate sess=0x7ff3ac06b400
test-client-1  | [2m2026-09-12T00:53:01.680965Z[0m [33m WARN[0m [2mmoq_transport::session[0m[2m:[0m unexpected bidi response message type [3mmsg_type[0m[2m=[0m2
test-client-1  | [2m2026-09-12T00:53:01.680978Z[0m [33m WARN[0m [2mmoq_transport::serve::error[0m[2m:[0m [de3dc849-a547-41e1-a623-9b6aaab9c4b7] Not implemented: bidi response type 0x2 at moq-transport/src/session/error.rs:89
relay-1        | V0912 00:53:01.681092     8 MoQSession.cpp:3459] Failing pending request id=1 peer FINed without terminal reply sess=0x7ff3ac06b400
relay-1        | V0912 00:53:01.681142     8 MoQSession.cpp:3348] exit controlReadLoop sess=0x7ff3ac06b400
relay-1        | E0912 00:53:01.681158     8 MoQRelay.cpp:36] requestUpdate failed: peer FINed without terminal reply
test-client-1  | not ok 8 - publish-track-subscribe
test-client-1  |   ---
test-client-1  |   duration_ms: 107
test-client-1  |   message: "failed serving PUBLISH track: serve error: cancelled: cancelled"
test-client-1  |   ...
relay-1        | E20260912 00:53:01.782223     8 HQControlCodec.h:58] Unexpected control stream EOF
relay-1        | E20260912 00:53:01.782276     8 HQSession.cpp:3158] Got error on control stream error=HTTP: Critical stream was closed streamID=2 sess=proto=h3, UA=, client CID=ec7a1f6fc3c7fa67, server CID=400000043eb3678f, downstream=[::ffff:172.18.0.3]:55777, [::]:4443=local, drain=none
relay-1        | E20260912 00:53:01.782326     8 HQControlCodec.h:58] Unexpected control stream EOF
relay-1        | E20260912 00:53:01.782354     8 HQSession.cpp:3158] Got error on control stream error=HTTP: Critical stream was closed streamID=2 sess=proto=h3, UA=, client CID=f4bf26b6960f9a12, server CID=400000009cca3864, downstream=[::ffff:172.18.0.3]:58017, [::]:4443=local, drain=none
relay-1        | E0912 00:53:01.782432     8 MoQServer.h:192] proxygen::HTTPException: Got error=ApplicationError: 260, HTTP error on control stream
relay-1        | V0912 00:53:01.782479     8 MoQSession.cpp:7213] onSessionEnderr=4294967295 sess=0x7ff3ac06b400
relay-1        | V0912 00:53:01.782539     8 MoQSession.cpp:2923] close sess=0x7ff3ac06b400
test-client-1  | [2m2026-09-12T00:53:01.782822Z[0m [33m WARN[0m [2mweb_transport_quinn::session[0m[2m:[0m failed to read capsule [3me[0m[2m=[0mUnexpectedEnd
relay-1        | V0912 00:53:01.782587     8 MoQSession.cpp:2157] subscribeError trackReceiveState=0x7ff3ac0646b0
relay-1        | V0912 00:53:01.782596     8 MoQSession.cpp:2186] processPublishDone trackReceiveState=0x7ff3ac0646b0
test-client-1  | [2m2026-09-12T00:53:01.782935Z[0m [33m WARN[0m [2mweb_transport_quinn::session[0m[2m:[0m failed to read capsule [3me[0m[2m=[0mUnexpectedEnd
relay-1        | V0912 00:53:01.782602     8 MoQRelay.cpp:383] onPublishDoneImpl ftn=moq-test/publish/published-track
relay-1        | V0912 00:53:01.782608     8 MoQRelay.cpp:303] Pruning empty subtree at: moq-test
relay-1        | V0912 00:53:01.782615     8 MoQForwarder.cpp:609] publishDone pubDone reason=closed locally
relay-1        | V0912 00:53:01.782620     8 MoQForwarder.cpp:318] drainSubscriber from publishDone session=0x7ff3ac090470
relay-1        | V0912 00:53:01.782625     8 MoQSession.cpp:6304] sendPublishDone sess=0x7ff3ac090470
relay-1        | V0912 00:53:01.782640     8 MoQSession.cpp:6474] publisherDrained id=0 sess=0x7ff3ac090470
relay-1        | V0912 00:53:01.782645     8 MoQForwarder.cpp:384] Resetting open subgroups for subscriber=0x7ff3ac047030
relay-1        | V0912 00:53:01.782650     8 MoQForwarder.cpp:406] subscribers_.size()=0
relay-1        | I0912 00:53:01.782658     8 MoQRelay.cpp:1945] Publisher terminated for moq-test/publish/published-track
relay-1        | V0912 00:53:01.782666     8 MoQSession.cpp:2141] cancel alias=0 requestID=0
relay-1        | V0912 00:53:01.782671     8 MoQSession.cpp:2602] requestCancellation from cleanup sess=0x7ff3ac06b400
relay-1        | V0912 00:53:01.782683     8 MoQSession.cpp:2940] requestCancellation from close sess=0x7ff3ac06b400
relay-1        | E0912 00:53:01.782771     8 MoQServer.h:192] proxygen::HTTPException: Got error=ApplicationError: 260, HTTP error on control stream
relay-1        | V0912 00:53:01.782778     8 MoQSession.cpp:7213] onSessionEnderr=4294967295 sess=0x7ff3ac090470
relay-1        | V0912 00:53:01.782782     8 MoQSession.cpp:2923] close sess=0x7ff3ac090470
relay-1        | V0912 00:53:01.782789     8 MoQSession.cpp:2602] requestCancellation from cleanup sess=0x7ff3ac090470
relay-1        | V0912 00:53:01.782800     8 MoQSession.cpp:2940] requestCancellation from close sess=0x7ff3ac090470
relay-1        | V0912 00:53:01.782902     8 MoQSession.cpp:3348] exit controlReadLoop sess=0x7ff3ac06b400
relay-1        | V0912 00:53:01.782910     8 MoQSession.cpp:3348] exit controlReadLoop sess=0x7ff3ac090470
relay-1        | V0912 00:53:01.782916     8 MoQSession.cpp:3348] exit controlReadLoop sess=0x7ff3ac090470
relay-1        | V0912 00:53:01.782934     8 MoQSession.cpp:2949] exit controlWriteLoop sess=0x7ff3ac06b400
relay-1        | V0912 00:53:01.782941     8 MoQSession.cpp:2540] ~MoQSession sess=0x7ff3ac06b400
relay-1        | V0912 00:53:01.782953     8 MoQSession.cpp:2949] exit controlWriteLoop sess=0x7ff3ac090470
test-client-1  | [2m2026-09-12T00:53:01.783395Z[0m [32m INFO[0m [2mmoq_native_ietf::quic[0m[2m:[0m UDP socket bound [3mbind[0m[2m=[0m[::]:0 [3mlocal[0m[2m=[0m[::]:36056 [3mdual_stack[0m[2m=[0mtrue
relay-1        | V0912 00:53:01.784945     8 MoQServer.cpp:325] MoQServer WebTransport: supported protocols: moqt-18, moqt-16, moqt-15, moq-00
relay-1        | V0912 00:53:01.784963     8 MoQServer.cpp:335] WebTransport: Negotiated protocol: moqt-18
relay-1        | V0912 00:53:01.785044     8 MoQSession.cpp:2648] start sess=0x7ff3ac04fa60
relay-1        | V0912 00:53:01.785066     8 MoQSession.cpp:2991] sendSetup sess=0x7ff3ac04fa60
relay-1        | V0912 00:53:01.785158     8 MoQSession.cpp:2947] controlWriteLoop sess=0x7ff3ac04fa60
relay-1        | V0912 00:53:01.785263     8 MoQSession.cpp:6787] onNewUniStream sess=0x7ff3ac04fa60
relay-1        | V0912 00:53:01.785319     8 MoQSession.cpp:3346] controlReadLoop sess=0x7ff3ac04fa60
relay-1        | V0912 00:53:01.785330     8 MoQSession.cpp:3135] onClientSetup sess=0x7ff3ac04fa60
relay-1        | V0912 00:53:01.785334     8 MoQServerBase.cpp:88] MoQServerBase::ClientSetup
relay-1        | V0912 00:53:01.785337     8 MoQServerBase.cpp:93] MoQServerBase::ClientSetup: Using ALPN-negotiated version: moqt-18
relay-1        | V0912 00:53:01.785342     8 MoQSession.cpp:3211] Negotiated Version=0xff000012 (draft-18)
test-client-1  | [2m2026-09-12T00:53:01.785309Z[0m [32m INFO[0m [2mmoq_test_client::scenarios[0m[2m:[0m Subscribing with RENDEZVOUS_TIMEOUT to a track with no publisher [3mtimeout_ms[0m[2m=[0m500
relay-1        | V0912 00:53:01.785476     8 MoQSession.cpp:6815] onNewBidiStream sess=0x7ff3ac04fa60
relay-1        | V0912 00:53:01.785505     8 MoQSession.cpp:3346] controlReadLoop sess=0x7ff3ac04fa60
relay-1        | V0912 00:53:01.785520     8 MoQSession.cpp:4242] onSubscribeImpl ftn=nonexistent/rendezvous/test-track sess=0x7ff3ac04fa60
relay-1        | V0912 00:53:01.792883     8 MoQSession.cpp:2540] ~MoQSession sess=0x7ff3ac090470
relay-1        | V0912 00:53:02.285965     8 MoQSession.cpp:4379] Application subscribe error err=rendezvous timeout expired
relay-1        | V0912 00:53:02.285980     8 MoQSession.cpp:6209] subscribeError sess=0x7ff3ac04fa60
relay-1        | V0912 00:53:02.285994     8 MoQSession.cpp:6474] publisherDrained id=0 sess=0x7ff3ac04fa60
test-client-1  | [2m2026-09-12T00:53:02.286292Z[0m [32m INFO[0m [2mmoq_test_client::scenarios[0m[2m:[0m Received expected REQUEST_ERROR TIMEOUT
relay-1        | V0912 00:53:02.286331     8 MoQSession.cpp:3348] exit controlReadLoop sess=0x7ff3ac04fa60
relay-1        | V0912 00:53:02.286415     8 MoQSession.cpp:3348] exit controlReadLoop sess=0x7ff3ac04fa60
test-client-1  | ok 9 - rendezvous-timeout
test-client-1  |   ---
test-client-1  |   duration_ms: 504
test-client-1  |   connection_id: c35b0f9bdd7f2e1f3fa28509fd66325e
test-client-1  |   ...
test-client-1  | [2m2026-09-12T00:53:02.287242Z[0m [32m INFO[0m [2mmoq_native_ietf::quic[0m[2m:[0m UDP socket bound [3mbind[0m[2m=[0m[::]:0 [3mlocal[0m[2m=[0m[::]:58002 [3mdual_stack[0m[2m=[0mtrue
relay-1        | E20260912 00:53:02.287410     8 HQControlCodec.h:58] Unexpected control stream EOF
relay-1        | E20260912 00:53:02.287448     8 HQSession.cpp:3158] Got error on control stream error=HTTP: Critical stream was closed streamID=2 sess=proto=h3, UA=, client CID=f917cacf19499eb1, server CID=4000001a8f4a3037, downstream=[::ffff:172.18.0.3]:36056, [::]:4443=local, drain=none
relay-1        | E0912 00:53:02.287537     8 MoQServer.h:192] proxygen::HTTPException: Got error=ApplicationError: 260, HTTP error on control stream
relay-1        | V0912 00:53:02.287566     8 MoQSession.cpp:7213] onSessionEnderr=4294967295 sess=0x7ff3ac04fa60
relay-1        | V0912 00:53:02.287570     8 MoQSession.cpp:2923] close sess=0x7ff3ac04fa60
relay-1        | V0912 00:53:02.287576     8 MoQSession.cpp:2602] requestCancellation from cleanup sess=0x7ff3ac04fa60
relay-1        | V0912 00:53:02.287585     8 MoQSession.cpp:2940] requestCancellation from close sess=0x7ff3ac04fa60
relay-1        | V0912 00:53:02.287663     8 MoQSession.cpp:2949] exit controlWriteLoop sess=0x7ff3ac04fa60
test-client-1  | [2m2026-09-12T00:53:02.287685Z[0m [33m WARN[0m [2mweb_transport_quinn::session[0m[2m:[0m failed to read capsule [3me[0m[2m=[0mUnexpectedEnd
relay-1        | V0912 00:53:02.289003     8 MoQServer.cpp:325] MoQServer WebTransport: supported protocols: moqt-18, moqt-16, moqt-15, moq-00
relay-1        | V0912 00:53:02.289019     8 MoQServer.cpp:335] WebTransport: Negotiated protocol: moqt-18
relay-1        | V0912 00:53:02.289101     8 MoQSession.cpp:2648] start sess=0x7ff3ac075280
relay-1        | V0912 00:53:02.289122     8 MoQSession.cpp:2991] sendSetup sess=0x7ff3ac075280
relay-1        | V0912 00:53:02.289214     8 MoQSession.cpp:2947] controlWriteLoop sess=0x7ff3ac075280
relay-1        | V0912 00:53:02.289397     8 MoQSession.cpp:6787] onNewUniStream sess=0x7ff3ac075280
relay-1        | V0912 00:53:02.289424     8 MoQSession.cpp:3346] controlReadLoop sess=0x7ff3ac075280
relay-1        | V0912 00:53:02.289430     8 MoQSession.cpp:3135] onClientSetup sess=0x7ff3ac075280
relay-1        | V0912 00:53:02.289434     8 MoQServerBase.cpp:88] MoQServerBase::ClientSetup
relay-1        | V0912 00:53:02.289438     8 MoQServerBase.cpp:93] MoQServerBase::ClientSetup: Using ALPN-negotiated version: moqt-18
relay-1        | V0912 00:53:02.289443     8 MoQSession.cpp:3211] Negotiated Version=0xff000012 (draft-18)
relay-1        | V0912 00:53:02.289485     8 MoQSession.cpp:6815] onNewBidiStream sess=0x7ff3ac075280
relay-1        | V0912 00:53:02.289507     8 MoQSession.cpp:3346] controlReadLoop sess=0x7ff3ac075280
relay-1        | V0912 00:53:02.289566     8 MoQSession.cpp:4242] onSubscribeImpl ftn=moq-test-00/0/0/0/2/4/5/64/32/2/1/1/0/-1/-1/0/moq-test-4c8fd071def58479 sess=0x7ff3ac075280
relay-1        | V0912 00:53:02.297709     8 MoQSession.cpp:2540] ~MoQSession sess=0x7ff3ac04fa60
test-client-1  | [2m2026-09-12T00:53:02.491401Z[0m [32m INFO[0m [2mmoq_native_ietf::quic[0m[2m:[0m UDP socket bound [3mbind[0m[2m=[0m[::]:0 [3mlocal[0m[2m=[0m[::]:55737 [3mdual_stack[0m[2m=[0mtrue
relay-1        | V0912 00:53:02.493006     8 MoQServer.cpp:325] MoQServer WebTransport: supported protocols: moqt-18, moqt-16, moqt-15, moq-00
relay-1        | V0912 00:53:02.493019     8 MoQServer.cpp:335] WebTransport: Negotiated protocol: moqt-18
relay-1        | V0912 00:53:02.493095     8 MoQSession.cpp:2648] start sess=0x7ff3ac047730
relay-1        | V0912 00:53:02.493116     8 MoQSession.cpp:2991] sendSetup sess=0x7ff3ac047730
relay-1        | V0912 00:53:02.493214     8 MoQSession.cpp:2947] controlWriteLoop sess=0x7ff3ac047730
relay-1        | V0912 00:53:02.493319     8 MoQSession.cpp:6787] onNewUniStream sess=0x7ff3ac047730
relay-1        | V0912 00:53:02.493377     8 MoQSession.cpp:3346] controlReadLoop sess=0x7ff3ac047730
relay-1        | V0912 00:53:02.493384     8 MoQSession.cpp:3135] onClientSetup sess=0x7ff3ac047730
relay-1        | V0912 00:53:02.493387     8 MoQServerBase.cpp:88] MoQServerBase::ClientSetup
relay-1        | V0912 00:53:02.493391     8 MoQServerBase.cpp:93] MoQServerBase::ClientSetup: Using ALPN-negotiated version: moqt-18
relay-1        | V0912 00:53:02.493396     8 MoQSession.cpp:3211] Negotiated Version=0xff000012 (draft-18)
relay-1        | V0912 00:53:02.493493     8 MoQSession.cpp:6815] onNewBidiStream sess=0x7ff3ac047730
relay-1        | V0912 00:53:02.493572     8 MoQSession.cpp:3346] controlReadLoop sess=0x7ff3ac047730
relay-1        | V0912 00:53:02.493589     8 MoQSession.cpp:4921] onPublishImpl reqID=0 sess=0x7ff3ac047730
relay-1        | V0912 00:53:02.493602     8 MoQRelay.cpp:422] publish ftn=moq-test-00/0/0/0/2/4/5/64/32/2/1/1/0/-1/-1/0/moq-test-4c8fd071def58479
relay-1        | E0912 00:53:02.493611     8 MoQRelay.cpp:82] prefix not found in tree
relay-1        | V0912 00:53:02.493632     8 MoQSession.cpp:6014] publishOk reqID=0 sess=0x7ff3ac047730
relay-1        | V0912 00:53:02.493709     8 MoQLocation.h:24] m=AbsoluteStart g=0 o=0
relay-1        | V0912 00:53:02.493723     8 MoQLocation.h:59] g=0 o=0 g=4611686018427387903 o=4611686018427387903
relay-1        | I0912 00:53:02.493730     8 MoQRelay.cpp:1982] Updating forward for moq-test-00/0/0/0/2/4/5/64/32/2/1/1/0/-1/-1/0/moq-test-4c8fd071def58479 numForwardingSubs=1
relay-1        | V0912 00:53:02.493739     8 MoQSession.cpp:6191] sendSubscribeOk sess=0x7ff3ac075280
relay-1        | V0912 00:53:02.493806     8 MoQSession.cpp:6504] requestUpdate sess=0x7ff3ac047730
test-client-1  | [2m2026-09-12T00:53:02.493844Z[0m [32m INFO[0m [2mmoq_test_client::moqtest[0m[2m:[0m PUBLISH accepted and subscription bound; generating objects [3mobjects[0m[2m=[0m15 [3mstreams[0m[2m=[0m3
relay-1        | V0912 00:53:02.494030     8 MoQSession.cpp:5054] PublishDone id=0 code=2 reason=publish ended
relay-1        | V0912 00:53:02.494043     8 MoQSession.cpp:2186] processPublishDone trackReceiveState=0x7ff3ac0618e0
relay-1        | V0912 00:53:02.494048     8 MoQRelay.cpp:383] onPublishDoneImpl ftn=moq-test-00/0/0/0/2/4/5/64/32/2/1/1/0/-1/-1/0/moq-test-4c8fd071def58479
relay-1        | V0912 00:53:02.494055     8 MoQRelay.cpp:303] Pruning empty subtree at: moq-test-00
relay-1        | V0912 00:53:02.494061     8 MoQForwarder.cpp:609] publishDone pubDone reason=publish ended
relay-1        | V0912 00:53:02.494065     8 MoQForwarder.cpp:318] drainSubscriber from publishDone session=0x7ff3ac075280
relay-1        | V0912 00:53:02.494069     8 MoQSession.cpp:6304] sendPublishDone sess=0x7ff3ac075280
relay-1        | V0912 00:53:02.494078     8 MoQSession.cpp:6474] publisherDrained id=0 sess=0x7ff3ac075280
relay-1        | V0912 00:53:02.494082     8 MoQForwarder.cpp:384] Resetting open subgroups for subscriber=0x7ff3ac047030
relay-1        | V0912 00:53:02.494086     8 MoQForwarder.cpp:406] subscribers_.size()=0
relay-1        | I0912 00:53:02.494092     8 MoQRelay.cpp:1945] Publisher terminated for moq-test-00/0/0/0/2/4/5/64/32/2/1/1/0/-1/-1/0/moq-test-4c8fd071def58479
relay-1        | V0912 00:53:02.494100     8 MoQSession.cpp:3459] Failing pending request id=1 peer FINed without terminal reply sess=0x7ff3ac047730
relay-1        | V0912 00:53:02.494110     8 MoQSession.cpp:3348] exit controlReadLoop sess=0x7ff3ac047730
relay-1        | E0912 00:53:02.494170     8 MoQRelay.cpp:36] requestUpdate failed: peer FINed without terminal reply
relay-1        | V0912 00:53:02.494368     8 MoQSession.cpp:3348] exit controlReadLoop sess=0x7ff3ac075280
relay-1        | V0912 00:53:02.494381     8 MoQSession.cpp:3348] exit controlReadLoop sess=0x7ff3ac075280
test-client-1  | not ok 10 - moq-test-subgroup-per-group
test-client-1  |   ---
test-client-1  |   duration_ms: 223
test-client-1  |   message: "failed to create subgroup: cancelled"
test-client-1  |   ...
relay-1        | E20260912 00:53:02.510046     8 HQControlCodec.h:58] Unexpected control stream EOF
relay-1        | E20260912 00:53:02.510144     8 HQSession.cpp:3158] Got error on control stream error=HTTP: Critical stream was closed streamID=2 sess=proto=h3, UA=, client CID=e8e22334db09edbe, server CID=40000010a90923f2, downstream=[::ffff:172.18.0.3]:55737, [::]:4443=local, drain=none
relay-1        | E20260912 00:53:02.510190     8 HQControlCodec.h:58] Unexpected control stream EOF
relay-1        | E20260912 00:53:02.510210     8 HQSession.cpp:3158] Got error on control stream error=HTTP: Critical stream was closed streamID=2 sess=proto=h3, UA=, client CID=bb083455cc34bb1b, server CID=4000000a24f73bd2, downstream=[::ffff:172.18.0.3]:58002, [::]:4443=local, drain=none
relay-1        | E0912 00:53:02.510282     8 MoQServer.h:192] proxygen::HTTPException: Got error=ApplicationError: 260, HTTP error on control stream
relay-1        | V0912 00:53:02.510313     8 MoQSession.cpp:7213] onSessionEnderr=4294967295 sess=0x7ff3ac047730
relay-1        | V0912 00:53:02.510337     8 MoQSession.cpp:2923] close sess=0x7ff3ac047730
relay-1        | V0912 00:53:02.510362     8 MoQSession.cpp:2602] requestCancellation from cleanup sess=0x7ff3ac047730
relay-1        | V0912 00:53:02.510393     8 MoQSession.cpp:2940] requestCancellation from close sess=0x7ff3ac047730
relay-1        | E0912 00:53:02.510496     8 MoQServer.h:192] proxygen::HTTPException: Got error=ApplicationError: 260, HTTP error on control stream
relay-1        | V0912 00:53:02.510512     8 MoQSession.cpp:7213] onSessionEnderr=4294967295 sess=0x7ff3ac075280
relay-1        | V0912 00:53:02.510546     8 MoQSession.cpp:2923] close sess=0x7ff3ac075280
relay-1        | V0912 00:53:02.510553     8 MoQSession.cpp:2602] requestCancellation from cleanup sess=0x7ff3ac075280
relay-1        | V0912 00:53:02.510563     8 MoQSession.cpp:2940] requestCancellation from close sess=0x7ff3ac075280
test-client-1  | [2m2026-09-12T00:53:02.510768Z[0m [33m WARN[0m [2mweb_transport_quinn::session[0m[2m:[0m failed to read capsule [3me[0m[2m=[0mUnexpectedEnd
test-client-1  | [2m2026-09-12T00:53:02.510825Z[0m [33m WARN[0m [2mweb_transport_quinn::session[0m[2m:[0m failed to read capsule [3me[0m[2m=[0mUnexpectedEnd
relay-1        | V0912 00:53:02.510626     8 MoQSession.cpp:3348] exit controlReadLoop sess=0x7ff3ac047730
relay-1        | V0912 00:53:02.510661     8 MoQSession.cpp:2949] exit controlWriteLoop sess=0x7ff3ac047730
relay-1        | V0912 00:53:02.510668     8 MoQSession.cpp:2540] ~MoQSession sess=0x7ff3ac047730
relay-1        | V0912 00:53:02.510682     8 MoQSession.cpp:2949] exit controlWriteLoop sess=0x7ff3ac075280
test-client-1  | [2m2026-09-12T00:53:02.511250Z[0m [32m INFO[0m [2mmoq_native_ietf::quic[0m[2m:[0m UDP socket bound [3mbind[0m[2m=[0m[::]:0 [3mlocal[0m[2m=[0m[::]:52006 [3mdual_stack[0m[2m=[0mtrue
relay-1        | V0912 00:53:02.513955     8 MoQServer.cpp:325] MoQServer WebTransport: supported protocols: moqt-18, moqt-16, moqt-15, moq-00
relay-1        | V0912 00:53:02.513970     8 MoQServer.cpp:335] WebTransport: Negotiated protocol: moqt-18
relay-1        | V0912 00:53:02.514053     8 MoQSession.cpp:2648] start sess=0x7ff3ac0749b0
relay-1        | V0912 00:53:02.514072     8 MoQSession.cpp:2991] sendSetup sess=0x7ff3ac0749b0
relay-1        | V0912 00:53:02.514176     8 MoQSession.cpp:2947] controlWriteLoop sess=0x7ff3ac0749b0
relay-1        | V0912 00:53:02.514267     8 MoQSession.cpp:6787] onNewUniStream sess=0x7ff3ac0749b0
relay-1        | V0912 00:53:02.514281     8 MoQSession.cpp:3346] controlReadLoop sess=0x7ff3ac0749b0
relay-1        | V0912 00:53:02.514284     8 MoQSession.cpp:3135] onClientSetup sess=0x7ff3ac0749b0
relay-1        | V0912 00:53:02.514286     8 MoQServerBase.cpp:88] MoQServerBase::ClientSetup
relay-1        | V0912 00:53:02.514288     8 MoQServerBase.cpp:93] MoQServerBase::ClientSetup: Using ALPN-negotiated version: moqt-18
relay-1        | V0912 00:53:02.514291     8 MoQSession.cpp:3211] Negotiated Version=0xff000012 (draft-18)
relay-1        | V0912 00:53:02.514517     8 MoQSession.cpp:6815] onNewBidiStream sess=0x7ff3ac0749b0
relay-1        | V0912 00:53:02.514546     8 MoQSession.cpp:3346] controlReadLoop sess=0x7ff3ac0749b0
relay-1        | V0912 00:53:02.514557     8 MoQSession.cpp:4242] onSubscribeImpl ftn=moq-test-00/0/0/0/2/5/5/64/32/2/1/1/1/-1/-1/0/moq-test-2e5889b4967b6492 sess=0x7ff3ac0749b0
relay-1        | V0912 00:53:02.521676     8 MoQSession.cpp:2540] ~MoQSession sess=0x7ff3ac075280
test-client-1  | [2m2026-09-12T00:53:02.715609Z[0m [32m INFO[0m [2mmoq_native_ietf::quic[0m[2m:[0m UDP socket bound [3mbind[0m[2m=[0m[::]:0 [3mlocal[0m[2m=[0m[::]:34396 [3mdual_stack[0m[2m=[0mtrue
relay-1        | V0912 00:53:02.717328     8 MoQServer.cpp:325] MoQServer WebTransport: supported protocols: moqt-18, moqt-16, moqt-15, moq-00
relay-1        | V0912 00:53:02.717344     8 MoQServer.cpp:335] WebTransport: Negotiated protocol: moqt-18
relay-1        | V0912 00:53:02.717428     8 MoQSession.cpp:2648] start sess=0x7ff3ac044800
relay-1        | V0912 00:53:02.717444     8 MoQSession.cpp:2991] sendSetup sess=0x7ff3ac044800
relay-1        | V0912 00:53:02.717564     8 MoQSession.cpp:2947] controlWriteLoop sess=0x7ff3ac044800
relay-1        | V0912 00:53:02.717844     8 MoQSession.cpp:6787] onNewUniStream sess=0x7ff3ac044800
relay-1        | V0912 00:53:02.717899     8 MoQSession.cpp:6815] onNewBidiStream sess=0x7ff3ac044800
relay-1        | V0912 00:53:02.717916     8 MoQSession.cpp:3346] controlReadLoop sess=0x7ff3ac044800
relay-1        | V0912 00:53:02.717922     8 MoQSession.cpp:3135] onClientSetup sess=0x7ff3ac044800
relay-1        | V0912 00:53:02.717926     8 MoQServerBase.cpp:88] MoQServerBase::ClientSetup
relay-1        | V0912 00:53:02.717929     8 MoQServerBase.cpp:93] MoQServerBase::ClientSetup: Using ALPN-negotiated version: moqt-18
relay-1        | V0912 00:53:02.717934     8 MoQSession.cpp:3211] Negotiated Version=0xff000012 (draft-18)
relay-1        | V0912 00:53:02.717953     8 MoQSession.cpp:3346] controlReadLoop sess=0x7ff3ac044800
relay-1        | V0912 00:53:02.717962     8 MoQSession.cpp:4921] onPublishImpl reqID=0 sess=0x7ff3ac044800
relay-1        | V0912 00:53:02.717972     8 MoQRelay.cpp:422] publish ftn=moq-test-00/0/0/0/2/5/5/64/32/2/1/1/1/-1/-1/0/moq-test-2e5889b4967b6492
relay-1        | E0912 00:53:02.717979     8 MoQRelay.cpp:82] prefix not found in tree
relay-1        | V0912 00:53:02.717994     8 MoQSession.cpp:6014] publishOk reqID=0 sess=0x7ff3ac044800
relay-1        | V0912 00:53:02.718128     8 MoQLocation.h:24] m=AbsoluteStart g=0 o=0
relay-1        | V0912 00:53:02.718169     8 MoQLocation.h:59] g=0 o=0 g=4611686018427387903 o=4611686018427387903
relay-1        | I0912 00:53:02.718193     8 MoQRelay.cpp:1982] Updating forward for moq-test-00/0/0/0/2/5/5/64/32/2/1/1/1/-1/-1/0/moq-test-2e5889b4967b6492 numForwardingSubs=1
relay-1        | V0912 00:53:02.718208     8 MoQSession.cpp:6191] sendSubscribeOk sess=0x7ff3ac0749b0
relay-1        | V0912 00:53:02.718272     8 MoQSession.cpp:6504] requestUpdate sess=0x7ff3ac044800
test-client-1  | [2m2026-09-12T00:53:02.718405Z[0m [33m WARN[0m [2mmoq_transport::session[0m[2m:[0m unexpected bidi response message type [3mmsg_type[0m[2m=[0m2
test-client-1  | [2m2026-09-12T00:53:02.718420Z[0m [33m WARN[0m [2mmoq_transport::serve::error[0m[2m:[0m [3e2d1c62-4e63-43ab-972b-c9e596541636] Not implemented: bidi response type 0x2 at moq-transport/src/session/error.rs:89
test-client-1  | [2m2026-09-12T00:53:02.718506Z[0m [32m INFO[0m [2mmoq_test_client::moqtest[0m[2m:[0m PUBLISH accepted and subscription bound; generating objects [3mobjects[0m[2m=[0m15 [3mstreams[0m[2m=[0m3
relay-1        | V0912 00:53:02.718568     8 MoQSession.cpp:3459] Failing pending request id=1 peer FINed without terminal reply sess=0x7ff3ac044800
relay-1        | V0912 00:53:02.718581     8 MoQSession.cpp:3348] exit controlReadLoop sess=0x7ff3ac044800
relay-1        | E0912 00:53:02.718589     8 MoQRelay.cpp:36] requestUpdate failed: peer FINed without terminal reply
test-client-1  | not ok 11 - moq-test-subgroup-per-group-eog
test-client-1  |   ---
test-client-1  |   duration_ms: 227
test-client-1  |   message: "failed to create subgroup: cancelled"
test-client-1  |   ...
relay-1        | E20260912 00:53:02.737291     8 HQControlCodec.h:58] Unexpected control stream EOF
relay-1        | E20260912 00:53:02.737409     8 HQSession.cpp:3158] Got error on control stream error=HTTP: Critical stream was closed streamID=2 sess=proto=h3, UA=, client CID=cc3099b8cf888b5d, server CID=4000000fd3d4ce77, downstream=[::ffff:172.18.0.3]:34396, [::]:4443=local, drain=none
relay-1        | E20260912 00:53:02.737497     8 HQControlCodec.h:58] Unexpected control stream EOF
test-client-1  | [2m2026-09-12T00:53:02.737844Z[0m [33m WARN[0m [2mweb_transport_quinn::session[0m[2m:[0m failed to read capsule [3me[0m[2m=[0mUnexpectedEnd
test-client-1  | [2m2026-09-12T00:53:02.737888Z[0m [33m WARN[0m [2mweb_transport_quinn::session[0m[2m:[0m failed to read capsule [3me[0m[2m=[0mUnexpectedEnd
relay-1        | E20260912 00:53:02.737617     8 HQSession.cpp:3158] Got error on control stream error=HTTP: Critical stream was closed streamID=2 sess=proto=h3, UA=, client CID=3f055c016df87337, server CID=4000001097506464, downstream=[::ffff:172.18.0.3]:52006, [::]:4443=local, drain=none
relay-1        | E0912 00:53:02.737673     8 MoQServer.h:192] proxygen::HTTPException: Got error=ApplicationError: 260, HTTP error on control stream
relay-1        | V0912 00:53:02.737680     8 MoQSession.cpp:7213] onSessionEnderr=4294967295 sess=0x7ff3ac044800
relay-1        | V0912 00:53:02.737685     8 MoQSession.cpp:2923] close sess=0x7ff3ac044800
relay-1        | V0912 00:53:02.737690     8 MoQSession.cpp:2157] subscribeError trackReceiveState=0x7ff3ac0647d0
relay-1        | V0912 00:53:02.737694     8 MoQSession.cpp:2186] processPublishDone trackReceiveState=0x7ff3ac0647d0
relay-1        | V0912 00:53:02.737699     8 MoQRelay.cpp:383] onPublishDoneImpl ftn=moq-test-00/0/0/0/2/5/5/64/32/2/1/1/1/-1/-1/0/moq-test-2e5889b4967b6492
relay-1        | V0912 00:53:02.737705     8 MoQRelay.cpp:303] Pruning empty subtree at: moq-test-00
relay-1        | V0912 00:53:02.737712     8 MoQForwarder.cpp:609] publishDone pubDone reason=closed locally
relay-1        | V0912 00:53:02.737716     8 MoQForwarder.cpp:318] drainSubscriber from publishDone session=0x7ff3ac0749b0
relay-1        | V0912 00:53:02.737719     8 MoQSession.cpp:6304] sendPublishDone sess=0x7ff3ac0749b0
relay-1        | V0912 00:53:02.737727     8 MoQSession.cpp:6474] publisherDrained id=0 sess=0x7ff3ac0749b0
relay-1        | V0912 00:53:02.737729     8 MoQForwarder.cpp:384] Resetting open subgroups for subscriber=0x7ff3ac047030
relay-1        | V0912 00:53:02.737731     8 MoQForwarder.cpp:406] subscribers_.size()=0
relay-1        | I0912 00:53:02.737735     8 MoQRelay.cpp:1945] Publisher terminated for moq-test-00/0/0/0/2/5/5/64/32/2/1/1/1/-1/-1/0/moq-test-2e5889b4967b6492
relay-1        | V0912 00:53:02.737739     8 MoQSession.cpp:2141] cancel alias=0 requestID=0
relay-1        | V0912 00:53:02.737742     8 MoQSession.cpp:2602] requestCancellation from cleanup sess=0x7ff3ac044800
relay-1        | V0912 00:53:02.737748     8 MoQSession.cpp:2940] requestCancellation from close sess=0x7ff3ac044800
relay-1        | E0912 00:53:02.737804     8 MoQServer.h:192] proxygen::HTTPException: Got error=ApplicationError: 260, HTTP error on control stream
relay-1        | V0912 00:53:02.737808     8 MoQSession.cpp:7213] onSessionEnderr=4294967295 sess=0x7ff3ac0749b0
relay-1        | V0912 00:53:02.737810     8 MoQSession.cpp:2923] close sess=0x7ff3ac0749b0
relay-1        | V0912 00:53:02.737813     8 MoQSession.cpp:2602] requestCancellation from cleanup sess=0x7ff3ac0749b0
relay-1        | V0912 00:53:02.737818     8 MoQSession.cpp:2940] requestCancellation from close sess=0x7ff3ac0749b0
relay-1        | V0912 00:53:02.737873     8 MoQSession.cpp:3348] exit controlReadLoop sess=0x7ff3ac044800
relay-1        | V0912 00:53:02.737882     8 MoQSession.cpp:3348] exit controlReadLoop sess=0x7ff3ac0749b0
relay-1        | V0912 00:53:02.737888     8 MoQSession.cpp:3348] exit controlReadLoop sess=0x7ff3ac0749b0
relay-1        | V0912 00:53:02.737905     8 MoQSession.cpp:2949] exit controlWriteLoop sess=0x7ff3ac044800
relay-1        | V0912 00:53:02.737912     8 MoQSession.cpp:2540] ~MoQSession sess=0x7ff3ac044800
relay-1        | V0912 00:53:02.737924     8 MoQSession.cpp:2949] exit controlWriteLoop sess=0x7ff3ac0749b0
test-client-1  | [2m2026-09-12T00:53:02.738199Z[0m [32m INFO[0m [2mmoq_native_ietf::quic[0m[2m:[0m UDP socket bound [3mbind[0m[2m=[0m[::]:0 [3mlocal[0m[2m=[0m[::]:35936 [3mdual_stack[0m[2m=[0mtrue
relay-1        | V0912 00:53:02.739646     8 MoQServer.cpp:325] MoQServer WebTransport: supported protocols: moqt-18, moqt-16, moqt-15, moq-00
relay-1        | V0912 00:53:02.739660     8 MoQServer.cpp:335] WebTransport: Negotiated protocol: moqt-18
relay-1        | V0912 00:53:02.739732     8 MoQSession.cpp:2648] start sess=0x7ff3ac063e90
relay-1        | V0912 00:53:02.739751     8 MoQSession.cpp:2991] sendSetup sess=0x7ff3ac063e90
relay-1        | V0912 00:53:02.739849     8 MoQSession.cpp:2947] controlWriteLoop sess=0x7ff3ac063e90
relay-1        | V0912 00:53:02.739957     8 MoQSession.cpp:6787] onNewUniStream sess=0x7ff3ac063e90
relay-1        | V0912 00:53:02.740039     8 MoQSession.cpp:3346] controlReadLoop sess=0x7ff3ac063e90
relay-1        | V0912 00:53:02.740112     8 MoQSession.cpp:3135] onClientSetup sess=0x7ff3ac063e90
relay-1        | V0912 00:53:02.740120     8 MoQServerBase.cpp:88] MoQServerBase::ClientSetup
relay-1        | V0912 00:53:02.740124     8 MoQServerBase.cpp:93] MoQServerBase::ClientSetup: Using ALPN-negotiated version: moqt-18
relay-1        | V0912 00:53:02.740129     8 MoQSession.cpp:3211] Negotiated Version=0xff000012 (draft-18)
relay-1        | V0912 00:53:02.740210     8 MoQSession.cpp:6815] onNewBidiStream sess=0x7ff3ac063e90
relay-1        | V0912 00:53:02.740233     8 MoQSession.cpp:3346] controlReadLoop sess=0x7ff3ac063e90
relay-1        | V0912 00:53:02.740248     8 MoQSession.cpp:4242] onSubscribeImpl ftn=moq-test-00/1/0/0/1/3/4/64/32/2/1/1/0/-1/-1/0/moq-test-fecc96e35e9084ad sess=0x7ff3ac063e90
relay-1        | V0912 00:53:02.746383     8 MoQSession.cpp:2540] ~MoQSession sess=0x7ff3ac0749b0
test-client-1  | [2m2026-09-12T00:53:02.942123Z[0m [32m INFO[0m [2mmoq_native_ietf::quic[0m[2m:[0m UDP socket bound [3mbind[0m[2m=[0m[::]:0 [3mlocal[0m[2m=[0m[::]:37112 [3mdual_stack[0m[2m=[0mtrue
relay-1        | V0912 00:53:02.943797     8 MoQServer.cpp:325] MoQServer WebTransport: supported protocols: moqt-18, moqt-16, moqt-15, moq-00
relay-1        | V0912 00:53:02.943814     8 MoQServer.cpp:335] WebTransport: Negotiated protocol: moqt-18
relay-1        | V0912 00:53:02.944074     8 MoQSession.cpp:2648] start sess=0x7ff3ac075280
relay-1        | V0912 00:53:02.944097     8 MoQSession.cpp:2991] sendSetup sess=0x7ff3ac075280
relay-1        | V0912 00:53:02.944113     8 MoQSession.cpp:6787] onNewUniStream sess=0x7ff3ac075280
relay-1        | V0912 00:53:02.944185     8 MoQSession.cpp:2947] controlWriteLoop sess=0x7ff3ac075280
relay-1        | V0912 00:53:02.944257     8 MoQSession.cpp:3346] controlReadLoop sess=0x7ff3ac075280
relay-1        | V0912 00:53:02.944274     8 MoQSession.cpp:3135] onClientSetup sess=0x7ff3ac075280
relay-1        | V0912 00:53:02.944278     8 MoQServerBase.cpp:88] MoQServerBase::ClientSetup
relay-1        | V0912 00:53:02.944282     8 MoQServerBase.cpp:93] MoQServerBase::ClientSetup: Using ALPN-negotiated version: moqt-18
relay-1        | V0912 00:53:02.944287     8 MoQSession.cpp:3211] Negotiated Version=0xff000012 (draft-18)
relay-1        | V0912 00:53:02.944542     8 MoQSession.cpp:6815] onNewBidiStream sess=0x7ff3ac075280
relay-1        | V0912 00:53:02.944573     8 MoQSession.cpp:3346] controlReadLoop sess=0x7ff3ac075280
relay-1        | V0912 00:53:02.944584     8 MoQSession.cpp:4921] onPublishImpl reqID=0 sess=0x7ff3ac075280
relay-1        | V0912 00:53:02.944595     8 MoQRelay.cpp:422] publish ftn=moq-test-00/1/0/0/1/3/4/64/32/2/1/1/0/-1/-1/0/moq-test-fecc96e35e9084ad
relay-1        | E0912 00:53:02.944628     8 MoQRelay.cpp:82] prefix not found in tree
relay-1        | V0912 00:53:02.944646     8 MoQSession.cpp:6014] publishOk reqID=0 sess=0x7ff3ac075280
relay-1        | V0912 00:53:02.944726     8 MoQLocation.h:24] m=AbsoluteStart g=0 o=0
relay-1        | V0912 00:53:02.944815     8 MoQLocation.h:59] g=0 o=0 g=4611686018427387903 o=4611686018427387903
relay-1        | I0912 00:53:02.944830     8 MoQRelay.cpp:1982] Updating forward for moq-test-00/1/0/0/1/3/4/64/32/2/1/1/0/-1/-1/0/moq-test-fecc96e35e9084ad numForwardingSubs=1
relay-1        | V0912 00:53:02.944839     8 MoQSession.cpp:6191] sendSubscribeOk sess=0x7ff3ac063e90
relay-1        | V0912 00:53:02.944904     8 MoQSession.cpp:6504] requestUpdate sess=0x7ff3ac075280
test-client-1  | [2m2026-09-12T00:53:02.945103Z[0m [33m WARN[0m [2mmoq_transport::session[0m[2m:[0m unexpected bidi response message type [3mmsg_type[0m[2m=[0m2
test-client-1  | [2m2026-09-12T00:53:02.945117Z[0m [33m WARN[0m [2mmoq_transport::serve::error[0m[2m:[0m [684b11ae-460c-4bb5-a9cd-1ab59636d3fb] Not implemented: bidi response type 0x2 at moq-transport/src/session/error.rs:89
test-client-1  | [2m2026-09-12T00:53:02.945139Z[0m [32m INFO[0m [2mmoq_test_client::moqtest[0m[2m:[0m PUBLISH accepted and subscription bound; generating objects [3mobjects[0m[2m=[0m8 [3mstreams[0m[2m=[0m8
relay-1        | V0912 00:53:02.945231     8 MoQSession.cpp:3459] Failing pending request id=1 peer FINed without terminal reply sess=0x7ff3ac075280
relay-1        | V0912 00:53:02.945246     8 MoQSession.cpp:3348] exit controlReadLoop sess=0x7ff3ac075280
relay-1        | E0912 00:53:02.945256     8 MoQRelay.cpp:36] requestUpdate failed: peer FINed without terminal reply
test-client-1  | not ok 12 - moq-test-subgroup-per-object
test-client-1  |   ---
test-client-1  |   duration_ms: 211
test-client-1  |   message: "failed to create subgroup: cancelled"
test-client-1  |   ...
relay-1        | V0912 00:53:02.948376     8 MoQSession.cpp:3348] exit controlReadLoop sess=0x7ff3ac075280
test-client-1  | [2m2026-09-12T00:53:02.948766Z[0m [33m WARN[0m [2mweb_transport_quinn::session[0m[2m:[0m failed to read capsule [3me[0m[2m=[0mUnexpectedEnd
relay-1        | E20260912 00:53:02.948421     8 HQControlCodec.h:58] Unexpected control stream EOF
relay-1        | E20260912 00:53:02.948457     8 HQSession.cpp:3158] Got error on control stream error=HTTP: Critical stream was closed streamID=2 sess=proto=h3, UA=, client CID=5d5eb3a05e3d1eb1, server CID=4000000c19d8d08f, downstream=[::ffff:172.18.0.3]:37112, [::]:4443=local, drain=none
relay-1        | E0912 00:53:02.948498     8 MoQServer.h:192] proxygen::HTTPException: Got error=ApplicationError: 260, HTTP error on control stream
relay-1        | V0912 00:53:02.948506     8 MoQSession.cpp:7213] onSessionEnderr=4294967295 sess=0x7ff3ac075280
relay-1        | V0912 00:53:02.948510     8 MoQSession.cpp:2923] close sess=0x7ff3ac075280
relay-1        | V0912 00:53:02.948541     8 MoQSession.cpp:2157] subscribeError trackReceiveState=0x7ff3ac062d50
relay-1        | V0912 00:53:02.948545     8 MoQSession.cpp:2186] processPublishDone trackReceiveState=0x7ff3ac062d50
relay-1        | V0912 00:53:02.948550     8 MoQRelay.cpp:383] onPublishDoneImpl ftn=moq-test-00/1/0/0/1/3/4/64/32/2/1/1/0/-1/-1/0/moq-test-fecc96e35e9084ad
relay-1        | V0912 00:53:02.948556     8 MoQRelay.cpp:303] Pruning empty subtree at: moq-test-00
relay-1        | V0912 00:53:02.948563     8 MoQForwarder.cpp:609] publishDone pubDone reason=closed locally
relay-1        | V0912 00:53:02.948567     8 MoQForwarder.cpp:318] drainSubscriber from publishDone session=0x7ff3ac063e90
relay-1        | V0912 00:53:02.948571     8 MoQSession.cpp:6304] sendPublishDone sess=0x7ff3ac063e90
relay-1        | V0912 00:53:02.948582     8 MoQSession.cpp:6474] publisherDrained id=0 sess=0x7ff3ac063e90
relay-1        | V0912 00:53:02.948586     8 MoQForwarder.cpp:384] Resetting open subgroups for subscriber=0x7ff3ac047030
relay-1        | V0912 00:53:02.948590     8 MoQForwarder.cpp:406] subscribers_.size()=0
relay-1        | I0912 00:53:02.948595     8 MoQRelay.cpp:1945] Publisher terminated for moq-test-00/1/0/0/1/3/4/64/32/2/1/1/0/-1/-1/0/moq-test-fecc96e35e9084ad
relay-1        | V0912 00:53:02.948616     8 MoQSession.cpp:2141] cancel alias=0 requestID=0
relay-1        | V0912 00:53:02.948622     8 MoQSession.cpp:2602] requestCancellation from cleanup sess=0x7ff3ac075280
relay-1        | V0912 00:53:02.948631     8 MoQSession.cpp:2940] requestCancellation from close sess=0x7ff3ac075280
relay-1        | V0912 00:53:02.948797     8 MoQSession.cpp:2949] exit controlWriteLoop sess=0x7ff3ac075280
relay-1        | E20260912 00:53:02.948837     8 HQControlCodec.h:58] Unexpected control stream EOF
relay-1        | E20260912 00:53:02.948895     8 HQSession.cpp:3158] Got error on control stream error=HTTP: Critical stream was closed streamID=2 sess=proto=h3, UA=, client CID=c9363c20d9991642, server CID=4000001a04d9a01d, downstream=[::ffff:172.18.0.3]:35936, [::]:4443=local, drain=none
relay-1        | E0912 00:53:02.948949     8 MoQServer.h:192] proxygen::HTTPException: Got error=ApplicationError: 260, HTTP error on control stream
relay-1        | V0912 00:53:02.948956     8 MoQSession.cpp:7213] onSessionEnderr=4294967295 sess=0x7ff3ac063e90
relay-1        | V0912 00:53:02.948960     8 MoQSession.cpp:2923] close sess=0x7ff3ac063e90
relay-1        | V0912 00:53:02.948965     8 MoQSession.cpp:2602] requestCancellation from cleanup sess=0x7ff3ac063e90
relay-1        | V0912 00:53:02.948973     8 MoQSession.cpp:2940] requestCancellation from close sess=0x7ff3ac063e90
test-client-1  | [2m2026-09-12T00:53:02.949187Z[0m [33m WARN[0m [2mweb_transport_quinn::session[0m[2m:[0m failed to read capsule [3me[0m[2m=[0mUnexpectedEnd
relay-1        | V0912 00:53:02.949082     8 MoQSession.cpp:3348] exit controlReadLoop sess=0x7ff3ac063e90
relay-1        | V0912 00:53:02.949098     8 MoQSession.cpp:3348] exit controlReadLoop sess=0x7ff3ac063e90
relay-1        | V0912 00:53:02.949115     8 MoQSession.cpp:2949] exit controlWriteLoop sess=0x7ff3ac063e90
test-client-1  | [2m2026-09-12T00:53:02.949621Z[0m [32m INFO[0m [2mmoq_native_ietf::quic[0m[2m:[0m UDP socket bound [3mbind[0m[2m=[0m[::]:0 [3mlocal[0m[2m=[0m[::]:50667 [3mdual_stack[0m[2m=[0mtrue
relay-1        | V0912 00:53:02.951400     8 MoQServer.cpp:325] MoQServer WebTransport: supported protocols: moqt-18, moqt-16, moqt-15, moq-00
relay-1        | V0912 00:53:02.951413     8 MoQServer.cpp:335] WebTransport: Negotiated protocol: moqt-18
relay-1        | V0912 00:53:02.951491     8 MoQSession.cpp:2648] start sess=0x7ff3ac0873e0
relay-1        | V0912 00:53:02.951510     8 MoQSession.cpp:2991] sendSetup sess=0x7ff3ac0873e0
relay-1        | V0912 00:53:02.951599     8 MoQSession.cpp:2947] controlWriteLoop sess=0x7ff3ac0873e0
relay-1        | V0912 00:53:02.951892     8 MoQSession.cpp:6787] onNewUniStream sess=0x7ff3ac0873e0
relay-1        | V0912 00:53:02.951981     8 MoQSession.cpp:6815] onNewBidiStream sess=0x7ff3ac0873e0
relay-1        | V0912 00:53:02.952025     8 MoQSession.cpp:3346] controlReadLoop sess=0x7ff3ac0873e0
relay-1        | V0912 00:53:02.952036     8 MoQSession.cpp:3135] onClientSetup sess=0x7ff3ac0873e0
relay-1        | V0912 00:53:02.952040     8 MoQServerBase.cpp:88] MoQServerBase::ClientSetup
relay-1        | V0912 00:53:02.952044     8 MoQServerBase.cpp:93] MoQServerBase::ClientSetup: Using ALPN-negotiated version: moqt-18
relay-1        | V0912 00:53:02.952049     8 MoQSession.cpp:3211] Negotiated Version=0xff000012 (draft-18)
relay-1        | V0912 00:53:02.952068     8 MoQSession.cpp:3346] controlReadLoop sess=0x7ff3ac0873e0
relay-1        | V0912 00:53:02.952079     8 MoQSession.cpp:4242] onSubscribeImpl ftn=moq-test-00/2/0/0/2/6/6/64/32/2/1/1/1/-1/-1/0/moq-test-fe28d586a8153eef sess=0x7ff3ac0873e0
relay-1        | V0912 00:53:02.963200     8 MoQSession.cpp:2540] ~MoQSession sess=0x7ff3ac063e90
relay-1        | V0912 00:53:02.963227     8 MoQSession.cpp:2540] ~MoQSession sess=0x7ff3ac075280
test-client-1  | [2m2026-09-12T00:53:03.153923Z[0m [32m INFO[0m [2mmoq_native_ietf::quic[0m[2m:[0m UDP socket bound [3mbind[0m[2m=[0m[::]:0 [3mlocal[0m[2m=[0m[::]:32814 [3mdual_stack[0m[2m=[0mtrue
relay-1        | V0912 00:53:03.155677     8 MoQServer.cpp:325] MoQServer WebTransport: supported protocols: moqt-18, moqt-16, moqt-15, moq-00
relay-1        | V0912 00:53:03.155698     8 MoQServer.cpp:335] WebTransport: Negotiated protocol: moqt-18
relay-1        | V0912 00:53:03.155795     8 MoQSession.cpp:2648] start sess=0x7ff3ac063e90
relay-1        | V0912 00:53:03.155816     8 MoQSession.cpp:2991] sendSetup sess=0x7ff3ac063e90
relay-1        | V0912 00:53:03.155870     8 MoQSession.cpp:2947] controlWriteLoop sess=0x7ff3ac063e90
relay-1        | V0912 00:53:03.156137     8 MoQSession.cpp:6787] onNewUniStream sess=0x7ff3ac063e90
relay-1        | V0912 00:53:03.156166     8 MoQSession.cpp:3346] controlReadLoop sess=0x7ff3ac063e90
relay-1        | V0912 00:53:03.156172     8 MoQSession.cpp:3135] onClientSetup sess=0x7ff3ac063e90
relay-1        | V0912 00:53:03.156176     8 MoQServerBase.cpp:88] MoQServerBase::ClientSetup
relay-1        | V0912 00:53:03.156179     8 MoQServerBase.cpp:93] MoQServerBase::ClientSetup: Using ALPN-negotiated version: moqt-18
relay-1        | V0912 00:53:03.156184     8 MoQSession.cpp:3211] Negotiated Version=0xff000012 (draft-18)
relay-1        | V0912 00:53:03.156280     8 MoQSession.cpp:6815] onNewBidiStream sess=0x7ff3ac063e90
relay-1        | V0912 00:53:03.156328     8 MoQSession.cpp:3346] controlReadLoop sess=0x7ff3ac063e90
test-client-1  | [2m2026-09-12T00:53:03.156645Z[0m [32m INFO[0m [2mmoq_test_client::moqtest[0m[2m:[0m PUBLISH accepted and subscription bound; generating objects [3mobjects[0m[2m=[0m18 [3mstreams[0m[2m=[0m6
relay-1        | V0912 00:53:03.156339     8 MoQSession.cpp:4921] onPublishImpl reqID=0 sess=0x7ff3ac063e90
relay-1        | V0912 00:53:03.156355     8 MoQRelay.cpp:422] publish ftn=moq-test-00/2/0/0/2/6/6/64/32/2/1/1/1/-1/-1/0/moq-test-fe28d586a8153eef
relay-1        | E0912 00:53:03.156365     8 MoQRelay.cpp:82] prefix not found in tree
relay-1        | V0912 00:53:03.156386     8 MoQSession.cpp:6014] publishOk reqID=0 sess=0x7ff3ac063e90
relay-1        | V0912 00:53:03.156472     8 MoQLocation.h:24] m=AbsoluteStart g=0 o=0
relay-1        | V0912 00:53:03.156480     8 MoQLocation.h:59] g=0 o=0 g=4611686018427387903 o=4611686018427387903
relay-1        | I0912 00:53:03.156488     8 MoQRelay.cpp:1982] Updating forward for moq-test-00/2/0/0/2/6/6/64/32/2/1/1/1/-1/-1/0/moq-test-fe28d586a8153eef numForwardingSubs=1
relay-1        | V0912 00:53:03.156498     8 MoQSession.cpp:6191] sendSubscribeOk sess=0x7ff3ac0873e0
relay-1        | V0912 00:53:03.156593     8 MoQSession.cpp:6504] requestUpdate sess=0x7ff3ac063e90
relay-1        | V0912 00:53:03.156817     8 MoQSession.cpp:5054] PublishDone id=0 code=2 reason=publish ended
relay-1        | V0912 00:53:03.156865     8 MoQSession.cpp:2186] processPublishDone trackReceiveState=0x7ff3ac062d50
relay-1        | V0912 00:53:03.156911     8 MoQRelay.cpp:383] onPublishDoneImpl ftn=moq-test-00/2/0/0/2/6/6/64/32/2/1/1/1/-1/-1/0/moq-test-fe28d586a8153eef
relay-1        | V0912 00:53:03.156922     8 MoQRelay.cpp:303] Pruning empty subtree at: moq-test-00
relay-1        | V0912 00:53:03.156928     8 MoQForwarder.cpp:609] publishDone pubDone reason=publish ended
relay-1        | V0912 00:53:03.156933     8 MoQForwarder.cpp:318] drainSubscriber from publishDone session=0x7ff3ac0873e0
relay-1        | V0912 00:53:03.156937     8 MoQSession.cpp:6304] sendPublishDone sess=0x7ff3ac0873e0
relay-1        | V0912 00:53:03.156948     8 MoQSession.cpp:6474] publisherDrained id=0 sess=0x7ff3ac0873e0
relay-1        | V0912 00:53:03.156953     8 MoQForwarder.cpp:384] Resetting open subgroups for subscriber=0x7ff3ac047030
relay-1        | V0912 00:53:03.156956     8 MoQForwarder.cpp:406] subscribers_.size()=0
relay-1        | I0912 00:53:03.156962     8 MoQRelay.cpp:1945] Publisher terminated for moq-test-00/2/0/0/2/6/6/64/32/2/1/1/1/-1/-1/0/moq-test-fe28d586a8153eef
relay-1        | V0912 00:53:03.156970     8 MoQSession.cpp:3459] Failing pending request id=1 peer FINed without terminal reply sess=0x7ff3ac063e90
relay-1        | V0912 00:53:03.157021     8 MoQSession.cpp:3348] exit controlReadLoop sess=0x7ff3ac063e90
relay-1        | E0912 00:53:03.157111     8 MoQRelay.cpp:36] requestUpdate failed: peer FINed without terminal reply
relay-1        | V0912 00:53:03.157287     8 MoQSession.cpp:3348] exit controlReadLoop sess=0x7ff3ac0873e0
relay-1        | V0912 00:53:03.157300     8 MoQSession.cpp:3348] exit controlReadLoop sess=0x7ff3ac0873e0
test-client-1  | not ok 13 - moq-test-two-subgroups-eog
test-client-1  |   ---
test-client-1  |   duration_ms: 229
test-client-1  |   message: "failed to create subgroup 0: cancelled"
test-client-1  |   ...
relay-1        | E20260912 00:53:03.178267     8 HQControlCodec.h:58] Unexpected control stream EOF
relay-1        | E20260912 00:53:03.178319     8 HQSession.cpp:3158] Got error on control stream error=HTTP: Critical stream was closed streamID=2 sess=proto=h3, UA=, client CID=3c570df5069b5b58, server CID=40000006c795c823, downstream=[::ffff:172.18.0.3]:32814, [::]:4443=local, drain=none
relay-1        | E20260912 00:53:03.178368     8 HQControlCodec.h:58] Unexpected control stream EOF
relay-1        | E20260912 00:53:03.178392     8 HQSession.cpp:3158] Got error on control stream error=HTTP: Critical stream was closed streamID=2 sess=proto=h3, UA=, client CID=e08c3723239c3d86, server CID=4000000931b9d2bd, downstream=[::ffff:172.18.0.3]:50667, [::]:4443=local, drain=none
relay-1        | E0912 00:53:03.178438     8 MoQServer.h:192] proxygen::HTTPException: Got error=ApplicationError: 260, HTTP error on control stream
relay-1        | V0912 00:53:03.178446     8 MoQSession.cpp:7213] onSessionEnderr=4294967295 sess=0x7ff3ac063e90
relay-1        | V0912 00:53:03.178451     8 MoQSession.cpp:2923] close sess=0x7ff3ac063e90
relay-1        | V0912 00:53:03.178458     8 MoQSession.cpp:2602] requestCancellation from cleanup sess=0x7ff3ac063e90
relay-1        | V0912 00:53:03.178482     8 MoQSession.cpp:2940] requestCancellation from close sess=0x7ff3ac063e90
test-client-1  | [2m2026-09-12T00:53:03.178597Z[0m [33m WARN[0m [2mweb_transport_quinn::session[0m[2m:[0m failed to read capsule [3me[0m[2m=[0mUnexpectedEnd
relay-1        | E0912 00:53:03.178661     8 MoQServer.h:192] proxygen::HTTPException: Got error=ApplicationError: 260, HTTP error on control stream
relay-1        | V0912 00:53:03.178673     8 MoQSession.cpp:7213] onSessionEnderr=4294967295 sess=0x7ff3ac0873e0
relay-1        | V0912 00:53:03.178676     8 MoQSession.cpp:2923] close sess=0x7ff3ac0873e0
relay-1        | V0912 00:53:03.178680     8 MoQSession.cpp:2602] requestCancellation from cleanup sess=0x7ff3ac0873e0
relay-1        | V0912 00:53:03.178688     8 MoQSession.cpp:2940] requestCancellation from close sess=0x7ff3ac0873e0
relay-1        | V0912 00:53:03.178766     8 MoQSession.cpp:3348] exit controlReadLoop sess=0x7ff3ac063e90
relay-1        | V0912 00:53:03.178792     8 MoQSession.cpp:2949] exit controlWriteLoop sess=0x7ff3ac063e90
relay-1        | V0912 00:53:03.178798     8 MoQSession.cpp:2540] ~MoQSession sess=0x7ff3ac063e90
relay-1        | V0912 00:53:03.178809     8 MoQSession.cpp:2949] exit controlWriteLoop sess=0x7ff3ac0873e0
test-client-1  | [2m2026-09-12T00:53:03.178893Z[0m [33m WARN[0m [2mweb_transport_quinn::session[0m[2m:[0m failed to read capsule [3me[0m[2m=[0mUnexpectedEnd
test-client-1  | [2m2026-09-12T00:53:03.179352Z[0m [32m INFO[0m [2mmoq_native_ietf::quic[0m[2m:[0m UDP socket bound [3mbind[0m[2m=[0m[::]:0 [3mlocal[0m[2m=[0m[::]:46309 [3mdual_stack[0m[2m=[0mtrue
relay-1        | V0912 00:53:03.180933     8 MoQServer.cpp:325] MoQServer WebTransport: supported protocols: moqt-18, moqt-16, moqt-15, moq-00
relay-1        | V0912 00:53:03.180946     8 MoQServer.cpp:335] WebTransport: Negotiated protocol: moqt-18
relay-1        | V0912 00:53:03.181020     8 MoQSession.cpp:2648] start sess=0x7ff3ac05a390
relay-1        | V0912 00:53:03.181038     8 MoQSession.cpp:2991] sendSetup sess=0x7ff3ac05a390
relay-1        | V0912 00:53:03.181134     8 MoQSession.cpp:2947] controlWriteLoop sess=0x7ff3ac05a390
relay-1        | V0912 00:53:03.181263     8 MoQSession.cpp:6787] onNewUniStream sess=0x7ff3ac05a390
relay-1        | V0912 00:53:03.181286     8 MoQSession.cpp:3346] controlReadLoop sess=0x7ff3ac05a390
relay-1        | V0912 00:53:03.181291     8 MoQSession.cpp:3135] onClientSetup sess=0x7ff3ac05a390
relay-1        | V0912 00:53:03.181295     8 MoQServerBase.cpp:88] MoQServerBase::ClientSetup
relay-1        | V0912 00:53:03.181298     8 MoQServerBase.cpp:93] MoQServerBase::ClientSetup: Using ALPN-negotiated version: moqt-18
relay-1        | V0912 00:53:03.181303     8 MoQSession.cpp:3211] Negotiated Version=0xff000012 (draft-18)
relay-1        | V0912 00:53:03.181417     8 MoQSession.cpp:6815] onNewBidiStream sess=0x7ff3ac05a390
relay-1        | V0912 00:53:03.181447     8 MoQSession.cpp:3346] controlReadLoop sess=0x7ff3ac05a390
relay-1        | V0912 00:53:03.181457     8 MoQSession.cpp:4242] onSubscribeImpl ftn=moq-test-00/3/0/0/2/4/5/64/32/20/1/1/0/-1/-1/0/moq-test-8dcda9aa9ec6daca sess=0x7ff3ac05a390
relay-1        | V0912 00:53:03.195647     8 MoQSession.cpp:2540] ~MoQSession sess=0x7ff3ac0873e0
test-client-1  | [2m2026-09-12T00:53:03.383310Z[0m [32m INFO[0m [2mmoq_native_ietf::quic[0m[2m:[0m UDP socket bound [3mbind[0m[2m=[0m[::]:0 [3mlocal[0m[2m=[0m[::]:50964 [3mdual_stack[0m[2m=[0mtrue
relay-1        | V0912 00:53:03.384997     8 MoQServer.cpp:325] MoQServer WebTransport: supported protocols: moqt-18, moqt-16, moqt-15, moq-00
relay-1        | V0912 00:53:03.385014     8 MoQServer.cpp:335] WebTransport: Negotiated protocol: moqt-18
relay-1        | V0912 00:53:03.385098     8 MoQSession.cpp:2648] start sess=0x7ff3ac0883b0
relay-1        | V0912 00:53:03.385115     8 MoQSession.cpp:2991] sendSetup sess=0x7ff3ac0883b0
relay-1        | V0912 00:53:03.385214     8 MoQSession.cpp:2947] controlWriteLoop sess=0x7ff3ac0883b0
relay-1        | V0912 00:53:03.385377     8 MoQSession.cpp:6787] onNewUniStream sess=0x7ff3ac0883b0
relay-1        | V0912 00:53:03.385405     8 MoQSession.cpp:3346] controlReadLoop sess=0x7ff3ac0883b0
relay-1        | V0912 00:53:03.385410     8 MoQSession.cpp:3135] onClientSetup sess=0x7ff3ac0883b0
relay-1        | V0912 00:53:03.385414     8 MoQServerBase.cpp:88] MoQServerBase::ClientSetup
relay-1        | V0912 00:53:03.385417     8 MoQServerBase.cpp:93] MoQServerBase::ClientSetup: Using ALPN-negotiated version: moqt-18
relay-1        | V0912 00:53:03.385422     8 MoQSession.cpp:3211] Negotiated Version=0xff000012 (draft-18)
relay-1        | V0912 00:53:03.385540     8 MoQSession.cpp:6815] onNewBidiStream sess=0x7ff3ac0883b0
relay-1        | V0912 00:53:03.385571     8 MoQSession.cpp:3346] controlReadLoop sess=0x7ff3ac0883b0
relay-1        | V0912 00:53:03.385581     8 MoQSession.cpp:4921] onPublishImpl reqID=0 sess=0x7ff3ac0883b0
relay-1        | V0912 00:53:03.385597     8 MoQRelay.cpp:422] publish ftn=moq-test-00/3/0/0/2/4/5/64/32/20/1/1/0/-1/-1/0/moq-test-8dcda9aa9ec6daca
relay-1        | E0912 00:53:03.385606     8 MoQRelay.cpp:82] prefix not found in tree
relay-1        | V0912 00:53:03.385627     8 MoQSession.cpp:6014] publishOk reqID=0 sess=0x7ff3ac0883b0
relay-1        | V0912 00:53:03.385707     8 MoQLocation.h:24] m=AbsoluteStart g=0 o=0
relay-1        | V0912 00:53:03.385715     8 MoQLocation.h:59] g=0 o=0 g=4611686018427387903 o=4611686018427387903
relay-1        | I0912 00:53:03.385721     8 MoQRelay.cpp:1982] Updating forward for moq-test-00/3/0/0/2/4/5/64/32/20/1/1/0/-1/-1/0/moq-test-8dcda9aa9ec6daca numForwardingSubs=1
relay-1        | V0912 00:53:03.385730     8 MoQSession.cpp:6191] sendSubscribeOk sess=0x7ff3ac05a390
test-client-1  | [2m2026-09-12T00:53:03.385855Z[0m [32m INFO[0m [2mmoq_test_client::moqtest[0m[2m:[0m PUBLISH accepted and subscription bound; generating objects [3mobjects[0m[2m=[0m15 [3mstreams[0m[2m=[0m0
relay-1        | V0912 00:53:03.385866     8 MoQSession.cpp:6504] requestUpdate sess=0x7ff3ac0883b0
relay-1        | V0912 00:53:03.386096     8 MoQSession.cpp:5054] PublishDone id=0 code=2 reason=publish ended
relay-1        | V0912 00:53:03.386104     8 MoQSession.cpp:2186] processPublishDone trackReceiveState=0x7ff3ac06b2c0
relay-1        | V0912 00:53:03.386109     8 MoQRelay.cpp:383] onPublishDoneImpl ftn=moq-test-00/3/0/0/2/4/5/64/32/20/1/1/0/-1/-1/0/moq-test-8dcda9aa9ec6daca
relay-1        | V0912 00:53:03.386116     8 MoQRelay.cpp:303] Pruning empty subtree at: moq-test-00
relay-1        | V0912 00:53:03.386122     8 MoQForwarder.cpp:609] publishDone pubDone reason=publish ended
relay-1        | V0912 00:53:03.386127     8 MoQForwarder.cpp:318] drainSubscriber from publishDone session=0x7ff3ac05a390
relay-1        | V0912 00:53:03.386130     8 MoQSession.cpp:6304] sendPublishDone sess=0x7ff3ac05a390
relay-1        | V0912 00:53:03.386140     8 MoQSession.cpp:6474] publisherDrained id=0 sess=0x7ff3ac05a390
relay-1        | V0912 00:53:03.386145     8 MoQForwarder.cpp:384] Resetting open subgroups for subscriber=0x7ff3ac047030
relay-1        | V0912 00:53:03.386148     8 MoQForwarder.cpp:406] subscribers_.size()=0
relay-1        | I0912 00:53:03.386154     8 MoQRelay.cpp:1945] Publisher terminated for moq-test-00/3/0/0/2/4/5/64/32/20/1/1/0/-1/-1/0/moq-test-8dcda9aa9ec6daca
relay-1        | V0912 00:53:03.386161     8 MoQSession.cpp:3459] Failing pending request id=1 peer FINed without terminal reply sess=0x7ff3ac0883b0
relay-1        | V0912 00:53:03.386166     8 MoQSession.cpp:3348] exit controlReadLoop sess=0x7ff3ac0883b0
relay-1        | E0912 00:53:03.386226     8 MoQRelay.cpp:36] requestUpdate failed: peer FINed without terminal reply
relay-1        | V0912 00:53:03.386435     8 MoQSession.cpp:3348] exit controlReadLoop sess=0x7ff3ac05a390
relay-1        | V0912 00:53:03.386595     8 MoQSession.cpp:3348] exit controlReadLoop sess=0x7ff3ac05a390
test-client-1  | not ok 14 - moq-test-datagram
test-client-1  |   ---
test-client-1  |   duration_ms: 228
test-client-1  |   message: "failed to write datagram: cancelled"
test-client-1  |   ...
relay-1        | E20260912 00:53:03.406852     8 HQControlCodec.h:58] Unexpected control stream EOF
relay-1        | E20260912 00:53:03.406908     8 HQSession.cpp:3158] Got error on control stream error=HTTP: Critical stream was closed streamID=2 sess=proto=h3, UA=, client CID=360cba4ec0fbe8c1, server CID=4000001a832bc876, downstream=[::ffff:172.18.0.3]:50964, [::]:4443=local, drain=none
test-client-1  | [2m2026-09-12T00:53:03.407154Z[0m [33m WARN[0m [2mweb_transport_quinn::session[0m[2m:[0m failed to read capsule [3me[0m[2m=[0mUnexpectedEnd
test-client-1  | [2m2026-09-12T00:53:03.407218Z[0m [33m WARN[0m [2mweb_transport_quinn::session[0m[2m:[0m failed to read capsule [3me[0m[2m=[0mUnexpectedEnd
relay-1        | E20260912 00:53:03.406950     8 HQControlCodec.h:58] Unexpected control stream EOF
relay-1        | E20260912 00:53:03.406977     8 HQSession.cpp:3158] Got error on control stream error=HTTP: Critical stream was closed streamID=2 sess=proto=h3, UA=, client CID=1b0e14cfa55c3720, server CID=4000001e1d34bf01, downstream=[::ffff:172.18.0.3]:46309, [::]:4443=local, drain=none
relay-1        | E0912 00:53:03.407017     8 MoQServer.h:192] proxygen::HTTPException: Got error=ApplicationError: 260, HTTP error on control stream
relay-1        | V0912 00:53:03.407025     8 MoQSession.cpp:7213] onSessionEnderr=4294967295 sess=0x7ff3ac0883b0
relay-1        | V0912 00:53:03.407030     8 MoQSession.cpp:2923] close sess=0x7ff3ac0883b0
relay-1        | V0912 00:53:03.407037     8 MoQSession.cpp:2602] requestCancellation from cleanup sess=0x7ff3ac0883b0
relay-1        | V0912 00:53:03.407048     8 MoQSession.cpp:2940] requestCancellation from close sess=0x7ff3ac0883b0
relay-1        | E0912 00:53:03.407122     8 MoQServer.h:192] proxygen::HTTPException: Got error=ApplicationError: 260, HTTP error on control stream
relay-1        | V0912 00:53:03.407127     8 MoQSession.cpp:7213] onSessionEnderr=4294967295 sess=0x7ff3ac05a390
relay-1        | V0912 00:53:03.407131     8 MoQSession.cpp:2923] close sess=0x7ff3ac05a390
relay-1        | V0912 00:53:03.407134     8 MoQSession.cpp:2602] requestCancellation from cleanup sess=0x7ff3ac05a390
relay-1        | V0912 00:53:03.407141     8 MoQSession.cpp:2940] requestCancellation from close sess=0x7ff3ac05a390
relay-1        | V0912 00:53:03.407202     8 MoQSession.cpp:3348] exit controlReadLoop sess=0x7ff3ac0883b0
relay-1        | V0912 00:53:03.407226     8 MoQSession.cpp:2949] exit controlWriteLoop sess=0x7ff3ac0883b0
relay-1        | V0912 00:53:03.407231     8 MoQSession.cpp:2540] ~MoQSession sess=0x7ff3ac0883b0
relay-1        | V0912 00:53:03.407242     8 MoQSession.cpp:2949] exit controlWriteLoop sess=0x7ff3ac05a390
test-client-1  | [2m2026-09-12T00:53:03.407777Z[0m [32m INFO[0m [2mmoq_native_ietf::quic[0m[2m:[0m UDP socket bound [3mbind[0m[2m=[0m[::]:0 [3mlocal[0m[2m=[0m[::]:53966 [3mdual_stack[0m[2m=[0mtrue
relay-1        | V0912 00:53:03.409281     8 MoQServer.cpp:325] MoQServer WebTransport: supported protocols: moqt-18, moqt-16, moqt-15, moq-00
relay-1        | V0912 00:53:03.409294     8 MoQServer.cpp:335] WebTransport: Negotiated protocol: moqt-18
relay-1        | V0912 00:53:03.409367     8 MoQSession.cpp:2648] start sess=0x7ff3ac05ffc0
relay-1        | V0912 00:53:03.409387     8 MoQSession.cpp:2991] sendSetup sess=0x7ff3ac05ffc0
relay-1        | V0912 00:53:03.409479     8 MoQSession.cpp:2947] controlWriteLoop sess=0x7ff3ac05ffc0
relay-1        | V0912 00:53:03.409611     8 MoQSession.cpp:6787] onNewUniStream sess=0x7ff3ac05ffc0
relay-1        | V0912 00:53:03.409691     8 MoQSession.cpp:3346] controlReadLoop sess=0x7ff3ac05ffc0
relay-1        | V0912 00:53:03.409721     8 MoQSession.cpp:3135] onClientSetup sess=0x7ff3ac05ffc0
relay-1        | V0912 00:53:03.409748     8 MoQServerBase.cpp:88] MoQServerBase::ClientSetup
relay-1        | V0912 00:53:03.409758     8 MoQServerBase.cpp:93] MoQServerBase::ClientSetup: Using ALPN-negotiated version: moqt-18
relay-1        | V0912 00:53:03.409764     8 MoQSession.cpp:3211] Negotiated Version=0xff000012 (draft-18)
relay-1        | V0912 00:53:03.409871     8 MoQSession.cpp:6815] onNewBidiStream sess=0x7ff3ac05ffc0
relay-1        | V0912 00:53:03.409900     8 MoQSession.cpp:3346] controlReadLoop sess=0x7ff3ac05ffc0
relay-1        | V0912 00:53:03.409909     8 MoQSession.cpp:4242] onSubscribeImpl ftn=moq-test-00/3/0/0/2/5/5/64/32/20/1/1/1/-1/-1/0/moq-test-53aac5fab3b549e9 sess=0x7ff3ac05ffc0
relay-1        | V0912 00:53:03.424087     8 MoQSession.cpp:2540] ~MoQSession sess=0x7ff3ac05a390
test-client-1  | [2m2026-09-12T00:53:03.611882Z[0m [32m INFO[0m [2mmoq_native_ietf::quic[0m[2m:[0m UDP socket bound [3mbind[0m[2m=[0m[::]:0 [3mlocal[0m[2m=[0m[::]:59516 [3mdual_stack[0m[2m=[0mtrue
relay-1        | V0912 00:53:03.614188     8 MoQServer.cpp:325] MoQServer WebTransport: supported protocols: moqt-18, moqt-16, moqt-15, moq-00
relay-1        | V0912 00:53:03.614216     8 MoQServer.cpp:335] WebTransport: Negotiated protocol: moqt-18
relay-1        | V0912 00:53:03.614325     8 MoQSession.cpp:2648] start sess=0x7ff3ac0883b0
relay-1        | V0912 00:53:03.614342     8 MoQSession.cpp:2991] sendSetup sess=0x7ff3ac0883b0
relay-1        | V0912 00:53:03.614392     8 MoQSession.cpp:2947] controlWriteLoop sess=0x7ff3ac0883b0
relay-1        | V0912 00:53:03.614771     8 MoQSession.cpp:6815] onNewBidiStream sess=0x7ff3ac0883b0
relay-1        | V0912 00:53:03.614790     8 MoQSession.cpp:6787] onNewUniStream sess=0x7ff3ac0883b0
relay-1        | V0912 00:53:03.614811     8 MoQSession.cpp:3346] controlReadLoop sess=0x7ff3ac0883b0
relay-1        | V0912 00:53:03.614825     8 MoQSession.cpp:3135] onClientSetup sess=0x7ff3ac0883b0
relay-1        | V0912 00:53:03.614828     8 MoQServerBase.cpp:88] MoQServerBase::ClientSetup
relay-1        | V0912 00:53:03.614832     8 MoQServerBase.cpp:93] MoQServerBase::ClientSetup: Using ALPN-negotiated version: moqt-18
relay-1        | V0912 00:53:03.614837     8 MoQSession.cpp:3211] Negotiated Version=0xff000012 (draft-18)
relay-1        | V0912 00:53:03.614853     8 MoQSession.cpp:3346] controlReadLoop sess=0x7ff3ac0883b0
relay-1        | V0912 00:53:03.614871     8 MoQSession.cpp:4921] onPublishImpl reqID=0 sess=0x7ff3ac0883b0
relay-1        | V0912 00:53:03.614885     8 MoQRelay.cpp:422] publish ftn=moq-test-00/3/0/0/2/5/5/64/32/20/1/1/1/-1/-1/0/moq-test-53aac5fab3b549e9
relay-1        | E0912 00:53:03.614900     8 MoQRelay.cpp:82] prefix not found in tree
relay-1        | V0912 00:53:03.614925     8 MoQSession.cpp:6014] publishOk reqID=0 sess=0x7ff3ac0883b0
relay-1        | V0912 00:53:03.615105     8 MoQLocation.h:24] m=AbsoluteStart g=0 o=0
relay-1        | V0912 00:53:03.615118     8 MoQLocation.h:59] g=0 o=0 g=4611686018427387903 o=4611686018427387903
relay-1        | I0912 00:53:03.615126     8 MoQRelay.cpp:1982] Updating forward for moq-test-00/3/0/0/2/5/5/64/32/20/1/1/1/-1/-1/0/moq-test-53aac5fab3b549e9 numForwardingSubs=1
relay-1        | V0912 00:53:03.615139     8 MoQSession.cpp:6191] sendSubscribeOk sess=0x7ff3ac05ffc0
test-client-1  | [2m2026-09-12T00:53:03.615275Z[0m [32m INFO[0m [2mmoq_test_client::moqtest[0m[2m:[0m PUBLISH accepted and subscription bound; generating objects [3mobjects[0m[2m=[0m15 [3mstreams[0m[2m=[0m0
relay-1        | V0912 00:53:03.615433     8 MoQSession.cpp:6504] requestUpdate sess=0x7ff3ac0883b0
relay-1        | V0912 00:53:03.615634     8 MoQSession.cpp:5054] PublishDone id=0 code=2 reason=publish ended
relay-1        | V0912 00:53:03.615649     8 MoQSession.cpp:2186] processPublishDone trackReceiveState=0x7ff3ac047610
relay-1        | V0912 00:53:03.615654     8 MoQRelay.cpp:383] onPublishDoneImpl ftn=moq-test-00/3/0/0/2/5/5/64/32/20/1/1/1/-1/-1/0/moq-test-53aac5fab3b549e9
relay-1        | V0912 00:53:03.615661     8 MoQRelay.cpp:303] Pruning empty subtree at: moq-test-00
relay-1        | V0912 00:53:03.615668     8 MoQForwarder.cpp:609] publishDone pubDone reason=publish ended
relay-1        | V0912 00:53:03.615673     8 MoQForwarder.cpp:318] drainSubscriber from publishDone session=0x7ff3ac05ffc0
relay-1        | V0912 00:53:03.615677     8 MoQSession.cpp:6304] sendPublishDone sess=0x7ff3ac05ffc0
relay-1        | V0912 00:53:03.615687     8 MoQSession.cpp:6474] publisherDrained id=0 sess=0x7ff3ac05ffc0
relay-1        | V0912 00:53:03.615694     8 MoQForwarder.cpp:384] Resetting open subgroups for subscriber=0x7ff3ac047030
relay-1        | V0912 00:53:03.615698     8 MoQForwarder.cpp:406] subscribers_.size()=0
relay-1        | I0912 00:53:03.615704     8 MoQRelay.cpp:1945] Publisher terminated for moq-test-00/3/0/0/2/5/5/64/32/20/1/1/1/-1/-1/0/moq-test-53aac5fab3b549e9
relay-1        | V0912 00:53:03.615713     8 MoQSession.cpp:3459] Failing pending request id=1 peer FINed without terminal reply sess=0x7ff3ac0883b0
relay-1        | V0912 00:53:03.615723     8 MoQSession.cpp:3348] exit controlReadLoop sess=0x7ff3ac0883b0
relay-1        | E0912 00:53:03.615954     8 MoQRelay.cpp:36] requestUpdate failed: peer FINed without terminal reply
relay-1        | V0912 00:53:03.615983     8 MoQSession.cpp:3348] exit controlReadLoop sess=0x7ff3ac05ffc0
relay-1        | V0912 00:53:03.615993     8 MoQSession.cpp:3348] exit controlReadLoop sess=0x7ff3ac05ffc0
relay-1        | V0912 00:53:03.636217     8 MoQSession.cpp:3348] exit controlReadLoop sess=0x7ff3ac0883b0
relay-1        | E20260912 00:53:03.636240     8 HQControlCodec.h:58] Unexpected control stream EOF
test-client-1  | not ok 15 - moq-test-datagram-eog
test-client-1  |   ---
test-client-1  |   duration_ms: 229
test-client-1  |   message: "failed to write datagram: cancelled"
test-client-1  |   ...
relay-1        | E20260912 00:53:03.636294     8 HQSession.cpp:3158] Got error on control stream error=HTTP: Critical stream was closed streamID=2 sess=proto=h3, UA=, client CID=73bfdf73f0f7fcee, server CID=4000000f272aac8c, downstream=[::ffff:172.18.0.3]:59516, [::]:4443=local, drain=none
relay-1        | E20260912 00:53:03.636364     8 HQControlCodec.h:58] Unexpected control stream EOF
relay-1        | E20260912 00:53:03.636384     8 HQSession.cpp:3158] Got error on control stream error=HTTP: Critical stream was closed streamID=2 sess=proto=h3, UA=, client CID=0f65d7a4291a26aa, server CID=40000005350dc186, downstream=[::ffff:172.18.0.3]:53966, [::]:4443=local, drain=none
relay-1        | E0912 00:53:03.636428     8 MoQServer.h:192] proxygen::HTTPException: Got error=ApplicationError: 260, HTTP error on control stream
relay-1        | V0912 00:53:03.636443     8 MoQSession.cpp:7213] onSessionEnderr=4294967295 sess=0x7ff3ac0883b0
relay-1        | V0912 00:53:03.636448     8 MoQSession.cpp:2923] close sess=0x7ff3ac0883b0
relay-1        | V0912 00:53:03.636455     8 MoQSession.cpp:2602] requestCancellation from cleanup sess=0x7ff3ac0883b0
relay-1        | V0912 00:53:03.636472     8 MoQSession.cpp:2940] requestCancellation from close sess=0x7ff3ac0883b0
test-client-1  | [2m2026-09-12T00:53:03.636603Z[0m [33m WARN[0m [2mweb_transport_quinn::session[0m[2m:[0m failed to read capsule [3me[0m[2m=[0mUnexpectedEnd
relay-1        | E0912 00:53:03.636693     8 MoQServer.h:192] proxygen::HTTPException: Got error=ApplicationError: 260, HTTP error on control stream
relay-1        | V0912 00:53:03.636705     8 MoQSession.cpp:7213] onSessionEnderr=4294967295 sess=0x7ff3ac05ffc0
relay-1        | V0912 00:53:03.636709     8 MoQSession.cpp:2923] close sess=0x7ff3ac05ffc0
relay-1        | V0912 00:53:03.636714     8 MoQSession.cpp:2602] requestCancellation from cleanup sess=0x7ff3ac05ffc0
relay-1        | V0912 00:53:03.636723     8 MoQSession.cpp:2940] requestCancellation from close sess=0x7ff3ac05ffc0
test-client-1  | [2m2026-09-12T00:53:03.636815Z[0m [33m WARN[0m [2mweb_transport_quinn::session[0m[2m:[0m failed to read capsule [3me[0m[2m=[0mUnexpectedEnd
relay-1        | V0912 00:53:03.636948     8 MoQSession.cpp:2949] exit controlWriteLoop sess=0x7ff3ac0883b0
relay-1        | V0912 00:53:03.636965     8 MoQSession.cpp:2540] ~MoQSession sess=0x7ff3ac0883b0
relay-1        | V0912 00:53:03.636979     8 MoQSession.cpp:2949] exit controlWriteLoop sess=0x7ff3ac05ffc0
test-client-1  | [2m2026-09-12T00:53:03.637290Z[0m [32m INFO[0m [2mmoq_native_ietf::quic[0m[2m:[0m UDP socket bound [3mbind[0m[2m=[0m[::]:0 [3mlocal[0m[2m=[0m[::]:55956 [3mdual_stack[0m[2m=[0mtrue
relay-1        | V0912 00:53:03.639781     8 MoQServer.cpp:325] MoQServer WebTransport: supported protocols: moqt-18, moqt-16, moqt-15, moq-00
relay-1        | V0912 00:53:03.639814     8 MoQServer.cpp:335] WebTransport: Negotiated protocol: moqt-18
relay-1        | V0912 00:53:03.639911     8 MoQSession.cpp:2648] start sess=0x7ff3ac07f900
relay-1        | V0912 00:53:03.639930     8 MoQSession.cpp:2991] sendSetup sess=0x7ff3ac07f900
relay-1        | V0912 00:53:03.639983     8 MoQSession.cpp:2947] controlWriteLoop sess=0x7ff3ac07f900
relay-1        | V0912 00:53:03.640264     8 MoQSession.cpp:6787] onNewUniStream sess=0x7ff3ac07f900
relay-1        | V0912 00:53:03.640284     8 MoQSession.cpp:3346] controlReadLoop sess=0x7ff3ac07f900
relay-1        | V0912 00:53:03.640290     8 MoQSession.cpp:3135] onClientSetup sess=0x7ff3ac07f900
relay-1        | V0912 00:53:03.640294     8 MoQServerBase.cpp:88] MoQServerBase::ClientSetup
relay-1        | V0912 00:53:03.640298     8 MoQServerBase.cpp:93] MoQServerBase::ClientSetup: Using ALPN-negotiated version: moqt-18
relay-1        | V0912 00:53:03.640303     8 MoQSession.cpp:3211] Negotiated Version=0xff000012 (draft-18)
relay-1        | V0912 00:53:03.640506     8 MoQSession.cpp:6815] onNewBidiStream sess=0x7ff3ac07f900
relay-1        | V0912 00:53:03.640594     8 MoQSession.cpp:3346] controlReadLoop sess=0x7ff3ac07f900
relay-1        | V0912 00:53:03.640624     8 MoQSession.cpp:4242] onSubscribeImpl ftn=moq-test-00/0/0/0/2/5/5/64/32/2/1/1/1/1/2/0/moq-test-79e6cec98940bf5d sess=0x7ff3ac07f900
relay-1        | V0912 00:53:03.654840     8 MoQSession.cpp:2540] ~MoQSession sess=0x7ff3ac05ffc0
test-client-1  | [2m2026-09-12T00:53:03.841754Z[0m [32m INFO[0m [2mmoq_native_ietf::quic[0m[2m:[0m UDP socket bound [3mbind[0m[2m=[0m[::]:0 [3mlocal[0m[2m=[0m[::]:48813 [3mdual_stack[0m[2m=[0mtrue
relay-1        | V0912 00:53:03.843351     8 MoQServer.cpp:325] MoQServer WebTransport: supported protocols: moqt-18, moqt-16, moqt-15, moq-00
relay-1        | V0912 00:53:03.843367     8 MoQServer.cpp:335] WebTransport: Negotiated protocol: moqt-18
relay-1        | V0912 00:53:03.843449     8 MoQSession.cpp:2648] start sess=0x7ff3ac088240
relay-1        | V0912 00:53:03.843475     8 MoQSession.cpp:2991] sendSetup sess=0x7ff3ac088240
relay-1        | V0912 00:53:03.843546     8 MoQSession.cpp:2947] controlWriteLoop sess=0x7ff3ac088240
relay-1        | V0912 00:53:03.843869     8 MoQSession.cpp:6787] onNewUniStream sess=0x7ff3ac088240
relay-1        | V0912 00:53:03.843889     8 MoQSession.cpp:3346] controlReadLoop sess=0x7ff3ac088240
relay-1        | V0912 00:53:03.843896     8 MoQSession.cpp:3135] onClientSetup sess=0x7ff3ac088240
relay-1        | V0912 00:53:03.843900     8 MoQServerBase.cpp:88] MoQServerBase::ClientSetup
relay-1        | V0912 00:53:03.843903     8 MoQServerBase.cpp:93] MoQServerBase::ClientSetup: Using ALPN-negotiated version: moqt-18
relay-1        | V0912 00:53:03.843908     8 MoQSession.cpp:3211] Negotiated Version=0xff000012 (draft-18)
relay-1        | V0912 00:53:03.843995     8 MoQSession.cpp:6815] onNewBidiStream sess=0x7ff3ac088240
relay-1        | V0912 00:53:03.844028     8 MoQSession.cpp:3346] controlReadLoop sess=0x7ff3ac088240
relay-1        | V0912 00:53:03.844038     8 MoQSession.cpp:4921] onPublishImpl reqID=0 sess=0x7ff3ac088240
relay-1        | V0912 00:53:03.844054     8 MoQRelay.cpp:422] publish ftn=moq-test-00/0/0/0/2/5/5/64/32/2/1/1/1/1/2/0/moq-test-79e6cec98940bf5d
relay-1        | E0912 00:53:03.844063     8 MoQRelay.cpp:82] prefix not found in tree
relay-1        | V0912 00:53:03.844081     8 MoQSession.cpp:6014] publishOk reqID=0 sess=0x7ff3ac088240
relay-1        | V0912 00:53:03.844160     8 MoQLocation.h:24] m=AbsoluteStart g=0 o=0
relay-1        | V0912 00:53:03.844177     8 MoQLocation.h:59] g=0 o=0 g=4611686018427387903 o=4611686018427387903
relay-1        | I0912 00:53:03.844183     8 MoQRelay.cpp:1982] Updating forward for moq-test-00/0/0/0/2/5/5/64/32/2/1/1/1/1/2/0/moq-test-79e6cec98940bf5d numForwardingSubs=1
relay-1        | V0912 00:53:03.844193     8 MoQSession.cpp:6191] sendSubscribeOk sess=0x7ff3ac07f900
relay-1        | V0912 00:53:03.844251     8 MoQSession.cpp:6504] requestUpdate sess=0x7ff3ac088240
test-client-1  | [2m2026-09-12T00:53:03.844441Z[0m [33m WARN[0m [2mmoq_transport::session[0m[2m:[0m unexpected bidi response message type [3mmsg_type[0m[2m=[0m2
test-client-1  | [2m2026-09-12T00:53:03.844458Z[0m [33m WARN[0m [2mmoq_transport::serve::error[0m[2m:[0m [3ff0f40f-bac6-4e80-8bb1-d1d365aea1c3] Not implemented: bidi response type 0x2 at moq-transport/src/session/error.rs:89
test-client-1  | not ok 16 - moq-test-extensions
test-client-1  |   ---
test-client-1  |   duration_ms: 208
test-client-1  |   message: "PUBLISH was rejected: cancelled"
test-client-1  |   ...
test-client-1  | [2m2026-09-12T00:53:03.844912Z[0m [33m WARN[0m [2mweb_transport_quinn::session[0m[2m:[0m failed to read capsule [3me[0m[2m=[0mUnexpectedEnd
test-client-1  | [2m2026-09-12T00:53:03.845126Z[0m [33m WARN[0m [2mweb_transport_quinn::session[0m[2m:[0m failed to read capsule [3me[0m[2m=[0mUnexpectedEnd
relay-1        | V0912 00:53:03.844594     8 MoQSession.cpp:3459] Failing pending request id=1 peer FINed without terminal reply sess=0x7ff3ac088240
relay-1        | V0912 00:53:03.844606     8 MoQSession.cpp:3348] exit controlReadLoop sess=0x7ff3ac088240
relay-1        | E0912 00:53:03.844639     8 MoQRelay.cpp:36] requestUpdate failed: peer FINed without terminal reply
relay-1        | E20260912 00:53:03.844650     8 HQControlCodec.h:58] Unexpected control stream EOF
relay-1        | E20260912 00:53:03.844681     8 HQSession.cpp:3158] Got error on control stream error=HTTP: Critical stream was closed streamID=2 sess=proto=h3, UA=, client CID=d2b7bf67f295a3d9, server CID=40000013f3d26b25, downstream=[::ffff:172.18.0.3]:48813, [::]:4443=local, drain=none
relay-1        | E0912 00:53:03.844720     8 MoQServer.h:192] proxygen::HTTPException: Got error=ApplicationError: 260, HTTP error on control stream
relay-1        | V0912 00:53:03.844726     8 MoQSession.cpp:7213] onSessionEnderr=4294967295 sess=0x7ff3ac088240
relay-1        | V0912 00:53:03.844730     8 MoQSession.cpp:2923] close sess=0x7ff3ac088240
relay-1        | V0912 00:53:03.844734     8 MoQSession.cpp:2157] subscribeError trackReceiveState=0x7ff3ac08e3b0
relay-1        | V0912 00:53:03.844738     8 MoQSession.cpp:2186] processPublishDone trackReceiveState=0x7ff3ac08e3b0
relay-1        | V0912 00:53:03.844742     8 MoQRelay.cpp:383] onPublishDoneImpl ftn=moq-test-00/0/0/0/2/5/5/64/32/2/1/1/1/1/2/0/moq-test-79e6cec98940bf5d
relay-1        | V0912 00:53:03.844748     8 MoQRelay.cpp:303] Pruning empty subtree at: moq-test-00
relay-1        | V0912 00:53:03.844754     8 MoQForwarder.cpp:609] publishDone pubDone reason=closed locally
relay-1        | V0912 00:53:03.844758     8 MoQForwarder.cpp:318] drainSubscriber from publishDone session=0x7ff3ac07f900
relay-1        | V0912 00:53:03.844761     8 MoQSession.cpp:6304] sendPublishDone sess=0x7ff3ac07f900
relay-1        | V0912 00:53:03.844770     8 MoQSession.cpp:6474] publisherDrained id=0 sess=0x7ff3ac07f900
relay-1        | V0912 00:53:03.844774     8 MoQForwarder.cpp:384] Resetting open subgroups for subscriber=0x7ff3ac047030
relay-1        | V0912 00:53:03.844777     8 MoQForwarder.cpp:406] subscribers_.size()=0
relay-1        | I0912 00:53:03.844782     8 MoQRelay.cpp:1945] Publisher terminated for moq-test-00/0/0/0/2/5/5/64/32/2/1/1/1/1/2/0/moq-test-79e6cec98940bf5d
relay-1        | V0912 00:53:03.844788     8 MoQSession.cpp:2141] cancel alias=0 requestID=0
relay-1        | V0912 00:53:03.844792     8 MoQSession.cpp:2602] requestCancellation from cleanup sess=0x7ff3ac088240
relay-1        | V0912 00:53:03.844800     8 MoQSession.cpp:2940] requestCancellation from close sess=0x7ff3ac088240
relay-1        | V0912 00:53:03.844935     8 MoQSession.cpp:3348] exit controlReadLoop sess=0x7ff3ac088240
relay-1        | V0912 00:53:03.844957     8 MoQSession.cpp:2949] exit controlWriteLoop sess=0x7ff3ac088240
relay-1        | E20260912 00:53:03.844964     8 HQControlCodec.h:58] Unexpected control stream EOF
relay-1        | E20260912 00:53:03.844986     8 HQSession.cpp:3158] Got error on control stream error=HTTP: Critical stream was closed streamID=2 sess=proto=h3, UA=, client CID=7de9ee1225379d3f, server CID=40000008ad915dda, downstream=[::ffff:172.18.0.3]:55956, [::]:4443=local, drain=none
relay-1        | E0912 00:53:03.845021     8 MoQServer.h:192] proxygen::HTTPException: Got error=ApplicationError: 260, HTTP error on control stream
relay-1        | V0912 00:53:03.845026     8 MoQSession.cpp:7213] onSessionEnderr=4294967295 sess=0x7ff3ac07f900
relay-1        | V0912 00:53:03.845029     8 MoQSession.cpp:2923] close sess=0x7ff3ac07f900
relay-1        | V0912 00:53:03.845033     8 MoQSession.cpp:2602] requestCancellation from cleanup sess=0x7ff3ac07f900
relay-1        | V0912 00:53:03.845040     8 MoQSession.cpp:2940] requestCancellation from close sess=0x7ff3ac07f900
relay-1        | V0912 00:53:03.845139     8 MoQSession.cpp:3348] exit controlReadLoop sess=0x7ff3ac07f900
relay-1        | V0912 00:53:03.845147     8 MoQSession.cpp:3348] exit controlReadLoop sess=0x7ff3ac07f900
relay-1        | V0912 00:53:03.845162     8 MoQSession.cpp:2949] exit controlWriteLoop sess=0x7ff3ac07f900
test-client-1  | [2m2026-09-12T00:53:03.845610Z[0m [32m INFO[0m [2mmoq_native_ietf::quic[0m[2m:[0m UDP socket bound [3mbind[0m[2m=[0m[::]:0 [3mlocal[0m[2m=[0m[::]:44768 [3mdual_stack[0m[2m=[0mtrue
relay-1        | V0912 00:53:03.847144     8 MoQServer.cpp:325] MoQServer WebTransport: supported protocols: moqt-18, moqt-16, moqt-15, moq-00
relay-1        | V0912 00:53:03.847156     8 MoQServer.cpp:335] WebTransport: Negotiated protocol: moqt-18
relay-1        | V0912 00:53:03.847239     8 MoQSession.cpp:2648] start sess=0x7ff3ac05ffc0
relay-1        | V0912 00:53:03.847257     8 MoQSession.cpp:2991] sendSetup sess=0x7ff3ac05ffc0
relay-1        | V0912 00:53:03.847358     8 MoQSession.cpp:2947] controlWriteLoop sess=0x7ff3ac05ffc0
relay-1        | V0912 00:53:03.847494     8 MoQSession.cpp:6787] onNewUniStream sess=0x7ff3ac05ffc0
relay-1        | V0912 00:53:03.847573     8 MoQSession.cpp:3346] controlReadLoop sess=0x7ff3ac05ffc0
relay-1        | V0912 00:53:03.847581     8 MoQSession.cpp:3135] onClientSetup sess=0x7ff3ac05ffc0
relay-1        | V0912 00:53:03.847584     8 MoQServerBase.cpp:88] MoQServerBase::ClientSetup
relay-1        | V0912 00:53:03.847588     8 MoQServerBase.cpp:93] MoQServerBase::ClientSetup: Using ALPN-negotiated version: moqt-18
relay-1        | V0912 00:53:03.847593     8 MoQSession.cpp:3211] Negotiated Version=0xff000012 (draft-18)
relay-1        | V0912 00:53:03.847780     8 MoQSession.cpp:6815] onNewBidiStream sess=0x7ff3ac05ffc0
relay-1        | V0912 00:53:03.847803     8 MoQSession.cpp:3346] controlReadLoop sess=0x7ff3ac05ffc0
relay-1        | V0912 00:53:03.847812     8 MoQSession.cpp:4242] onSubscribeImpl ftn=moq-test-00/0/10/3/24/7/3/40/24/2/7/2/0/-1/-1/0/moq-test-ec3d4414f9c24536 sess=0x7ff3ac05ffc0
relay-1        | V0912 00:53:03.854933     8 MoQSession.cpp:2540] ~MoQSession sess=0x7ff3ac07f900
relay-1        | V0912 00:53:03.854964     8 MoQSession.cpp:2540] ~MoQSession sess=0x7ff3ac088240
test-client-1  | [2m2026-09-12T00:53:04.049862Z[0m [32m INFO[0m [2mmoq_native_ietf::quic[0m[2m:[0m UDP socket bound [3mbind[0m[2m=[0m[::]:0 [3mlocal[0m[2m=[0m[::]:47911 [3mdual_stack[0m[2m=[0mtrue
relay-1        | V0912 00:53:04.051570     8 MoQServer.cpp:325] MoQServer WebTransport: supported protocols: moqt-18, moqt-16, moqt-15, moq-00
relay-1        | V0912 00:53:04.051587     8 MoQServer.cpp:335] WebTransport: Negotiated protocol: moqt-18
relay-1        | V0912 00:53:04.051677     8 MoQSession.cpp:2648] start sess=0x7ff3ac0880f0
relay-1        | V0912 00:53:04.051696     8 MoQSession.cpp:2991] sendSetup sess=0x7ff3ac0880f0
relay-1        | V0912 00:53:04.051790     8 MoQSession.cpp:2947] controlWriteLoop sess=0x7ff3ac0880f0
relay-1        | V0912 00:53:04.051972     8 MoQSession.cpp:6787] onNewUniStream sess=0x7ff3ac0880f0
relay-1        | V0912 00:53:04.052127     8 MoQSession.cpp:3346] controlReadLoop sess=0x7ff3ac0880f0
relay-1        | V0912 00:53:04.052142     8 MoQSession.cpp:3135] onClientSetup sess=0x7ff3ac0880f0
relay-1        | V0912 00:53:04.052146     8 MoQServerBase.cpp:88] MoQServerBase::ClientSetup
relay-1        | V0912 00:53:04.052150     8 MoQServerBase.cpp:93] MoQServerBase::ClientSetup: Using ALPN-negotiated version: moqt-18
relay-1        | V0912 00:53:04.052155     8 MoQSession.cpp:3211] Negotiated Version=0xff000012 (draft-18)
relay-1        | V0912 00:53:04.052230     8 MoQSession.cpp:6815] onNewBidiStream sess=0x7ff3ac0880f0
relay-1        | V0912 00:53:04.052260     8 MoQSession.cpp:3346] controlReadLoop sess=0x7ff3ac0880f0
relay-1        | V0912 00:53:04.052271     8 MoQSession.cpp:4921] onPublishImpl reqID=0 sess=0x7ff3ac0880f0
relay-1        | V0912 00:53:04.052282     8 MoQRelay.cpp:422] publish ftn=moq-test-00/0/10/3/24/7/3/40/24/2/7/2/0/-1/-1/0/moq-test-ec3d4414f9c24536
relay-1        | E0912 00:53:04.052296     8 MoQRelay.cpp:82] prefix not found in tree
relay-1        | V0912 00:53:04.052315     8 MoQSession.cpp:6014] publishOk reqID=0 sess=0x7ff3ac0880f0
relay-1        | V0912 00:53:04.052404     8 MoQLocation.h:24] m=AbsoluteStart g=0 o=0
relay-1        | V0912 00:53:04.052417     8 MoQLocation.h:59] g=0 o=0 g=4611686018427387903 o=4611686018427387903
relay-1        | I0912 00:53:04.052423     8 MoQRelay.cpp:1982] Updating forward for moq-test-00/0/10/3/24/7/3/40/24/2/7/2/0/-1/-1/0/moq-test-ec3d4414f9c24536 numForwardingSubs=1
relay-1        | V0912 00:53:04.052432     8 MoQSession.cpp:6191] sendSubscribeOk sess=0x7ff3ac05ffc0
relay-1        | V0912 00:53:04.052492     8 MoQSession.cpp:6504] requestUpdate sess=0x7ff3ac0880f0
test-client-1  | [2m2026-09-12T00:53:04.052704Z[0m [33m WARN[0m [2mmoq_transport::session[0m[2m:[0m unexpected bidi response message type [3mmsg_type[0m[2m=[0m2
test-client-1  | [2m2026-09-12T00:53:04.052721Z[0m [33m WARN[0m [2mmoq_transport::serve::error[0m[2m:[0m [c0c85a9a-8594-4d96-8a71-2e93b7730500] Not implemented: bidi response type 0x2 at moq-transport/src/session/error.rs:89
test-client-1  | not ok 17 - moq-test-increments
test-client-1  |   ---
test-client-1  |   duration_ms: 208
test-client-1  |   message: "PUBLISH was rejected: cancelled"
test-client-1  |   ...
relay-1        | V0912 00:53:04.052948     8 MoQSession.cpp:3459] Failing pending request id=1 peer FINed without terminal reply sess=0x7ff3ac0880f0
relay-1        | V0912 00:53:04.052963     8 MoQSession.cpp:3348] exit controlReadLoop sess=0x7ff3ac0880f0
relay-1        | V0912 00:53:04.052970     8 MoQSession.cpp:3348] exit controlReadLoop sess=0x7ff3ac0880f0
relay-1        | E0912 00:53:04.053027     8 MoQRelay.cpp:36] requestUpdate failed: peer FINed without terminal reply
relay-1        | E20260912 00:53:04.053040     8 HQControlCodec.h:58] Unexpected control stream EOF
relay-1        | E20260912 00:53:04.053081     8 HQSession.cpp:3158] Got error on control stream error=HTTP: Critical stream was closed streamID=2 sess=proto=h3, UA=, client CID=01f17e57287ba506, server CID=400000033f7cd277, downstream=[::ffff:172.18.0.3]:47911, [::]:4443=local, drain=none
relay-1        | E20260912 00:53:04.053117     8 HQControlCodec.h:58] Unexpected control stream EOF
relay-1        | E20260912 00:53:04.053135     8 HQSession.cpp:3158] Got error on control stream error=HTTP: Critical stream was closed streamID=2 sess=proto=h3, UA=, client CID=b4c55b4399cc0e70, server CID=400000193ba1760b, downstream=[::ffff:172.18.0.3]:44768, [::]:4443=local, drain=none
relay-1        | E0912 00:53:04.053167     8 MoQServer.h:192] proxygen::HTTPException: Got error=ApplicationError: 260, HTTP error on control stream
relay-1        | V0912 00:53:04.053171     8 MoQSession.cpp:7213] onSessionEnderr=4294967295 sess=0x7ff3ac0880f0
relay-1        | V0912 00:53:04.053174     8 MoQSession.cpp:2923] close sess=0x7ff3ac0880f0
relay-1        | V0912 00:53:04.053178     8 MoQSession.cpp:2157] subscribeError trackReceiveState=0x7ff3ac084fe0
relay-1        | V0912 00:53:04.053180     8 MoQSession.cpp:2186] processPublishDone trackReceiveState=0x7ff3ac084fe0
relay-1        | V0912 00:53:04.053183     8 MoQRelay.cpp:383] onPublishDoneImpl ftn=moq-test-00/0/10/3/24/7/3/40/24/2/7/2/0/-1/-1/0/moq-test-ec3d4414f9c24536
relay-1        | V0912 00:53:04.053187     8 MoQRelay.cpp:303] Pruning empty subtree at: moq-test-00
relay-1        | V0912 00:53:04.053192     8 MoQForwarder.cpp:609] publishDone pubDone reason=closed locally
relay-1        | V0912 00:53:04.053195     8 MoQForwarder.cpp:318] drainSubscriber from publishDone session=0x7ff3ac05ffc0
relay-1        | V0912 00:53:04.053197     8 MoQSession.cpp:6304] sendPublishDone sess=0x7ff3ac05ffc0
relay-1        | V0912 00:53:04.053204     8 MoQSession.cpp:6474] publisherDrained id=0 sess=0x7ff3ac05ffc0
relay-1        | V0912 00:53:04.053207     8 MoQForwarder.cpp:384] Resetting open subgroups for subscriber=0x7ff3ac047030
relay-1        | V0912 00:53:04.053209     8 MoQForwarder.cpp:406] subscribers_.size()=0
relay-1        | I0912 00:53:04.053215     8 MoQRelay.cpp:1945] Publisher terminated for moq-test-00/0/10/3/24/7/3/40/24/2/7/2/0/-1/-1/0/moq-test-ec3d4414f9c24536
relay-1        | V0912 00:53:04.053221     8 MoQSession.cpp:2141] cancel alias=0 requestID=0
relay-1        | V0912 00:53:04.053226     8 MoQSession.cpp:2602] requestCancellation from cleanup sess=0x7ff3ac0880f0
relay-1        | V0912 00:53:04.053237     8 MoQSession.cpp:2940] requestCancellation from close sess=0x7ff3ac0880f0
test-client-1  | [2m2026-09-12T00:53:04.053331Z[0m [33m WARN[0m [2mweb_transport_quinn::session[0m[2m:[0m failed to read capsule [3me[0m[2m=[0mUnexpectedEnd
test-client-1  | [2m2026-09-12T00:53:04.053394Z[0m [33m WARN[0m [2mweb_transport_quinn::session[0m[2m:[0m failed to read capsule [3me[0m[2m=[0mUnexpectedEnd
relay-1        | E0912 00:53:04.053305     8 MoQServer.h:192] proxygen::HTTPException: Got error=ApplicationError: 260, HTTP error on control stream
relay-1        | V0912 00:53:04.053311     8 MoQSession.cpp:7213] onSessionEnderr=4294967295 sess=0x7ff3ac05ffc0
relay-1        | V0912 00:53:04.053315     8 MoQSession.cpp:2923] close sess=0x7ff3ac05ffc0
relay-1        | V0912 00:53:04.053319     8 MoQSession.cpp:2602] requestCancellation from cleanup sess=0x7ff3ac05ffc0
relay-1        | V0912 00:53:04.053327     8 MoQSession.cpp:2940] requestCancellation from close sess=0x7ff3ac05ffc0
relay-1        | V0912 00:53:04.053406     8 MoQSession.cpp:3348] exit controlReadLoop sess=0x7ff3ac05ffc0
relay-1        | V0912 00:53:04.053415     8 MoQSession.cpp:3348] exit controlReadLoop sess=0x7ff3ac05ffc0
relay-1        | V0912 00:53:04.053438     8 MoQSession.cpp:2949] exit controlWriteLoop sess=0x7ff3ac0880f0
relay-1        | V0912 00:53:04.053452     8 MoQSession.cpp:2540] ~MoQSession sess=0x7ff3ac0880f0
relay-1        | V0912 00:53:04.053465     8 MoQSession.cpp:2949] exit controlWriteLoop sess=0x7ff3ac05ffc0
test-client-1  | [2m2026-09-12T00:53:04.053888Z[0m [32m INFO[0m [2mmoq_native_ietf::quic[0m[2m:[0m UDP socket bound [3mbind[0m[2m=[0m[::]:0 [3mlocal[0m[2m=[0m[::]:46754 [3mdual_stack[0m[2m=[0mtrue
relay-1        | V0912 00:53:04.055452     8 MoQServer.cpp:325] MoQServer WebTransport: supported protocols: moqt-18, moqt-16, moqt-15, moq-00
relay-1        | V0912 00:53:04.055470     8 MoQServer.cpp:335] WebTransport: Negotiated protocol: moqt-18
relay-1        | V0912 00:53:04.055574     8 MoQSession.cpp:2648] start sess=0x7ff3ac0880f0
relay-1        | V0912 00:53:04.055594     8 MoQSession.cpp:2991] sendSetup sess=0x7ff3ac0880f0
relay-1        | V0912 00:53:04.055692     8 MoQSession.cpp:2947] controlWriteLoop sess=0x7ff3ac0880f0
relay-1        | V0912 00:53:04.055880     8 MoQSession.cpp:6787] onNewUniStream sess=0x7ff3ac0880f0
relay-1        | V0912 00:53:04.056016     8 MoQSession.cpp:6815] onNewBidiStream sess=0x7ff3ac0880f0
relay-1        | V0912 00:53:04.056033     8 MoQSession.cpp:3346] controlReadLoop sess=0x7ff3ac0880f0
relay-1        | V0912 00:53:04.056037     8 MoQSession.cpp:3135] onClientSetup sess=0x7ff3ac0880f0
relay-1        | V0912 00:53:04.056041     8 MoQServerBase.cpp:88] MoQServerBase::ClientSetup
relay-1        | V0912 00:53:04.056045     8 MoQServerBase.cpp:93] MoQServerBase::ClientSetup: Using ALPN-negotiated version: moqt-18
relay-1        | V0912 00:53:04.056050     8 MoQSession.cpp:3211] Negotiated Version=0xff000012 (draft-18)
relay-1        | V0912 00:53:04.056095     8 MoQSession.cpp:3346] controlReadLoop sess=0x7ff3ac0880f0
relay-1        | V0912 00:53:04.056111     8 MoQSession.cpp:4242] onSubscribeImpl ftn=moq-test-00/0/0/0/1/2/3/64/32/2/1/1/0/-1/-1/0/moq-test-890d9f5f0ed4871a sess=0x7ff3ac0880f0
relay-1        | V0912 00:53:04.063234     8 MoQSession.cpp:2540] ~MoQSession sess=0x7ff3ac05ffc0
test-client-1  | [2m2026-09-12T00:53:04.257963Z[0m [32m INFO[0m [2mmoq_native_ietf::quic[0m[2m:[0m UDP socket bound [3mbind[0m[2m=[0m[::]:0 [3mlocal[0m[2m=[0m[::]:58278 [3mdual_stack[0m[2m=[0mtrue
relay-1        | V0912 00:53:04.259549     8 MoQServer.cpp:325] MoQServer WebTransport: supported protocols: moqt-18, moqt-16, moqt-15, moq-00
relay-1        | V0912 00:53:04.259562     8 MoQServer.cpp:335] WebTransport: Negotiated protocol: moqt-18
relay-1        | V0912 00:53:04.259647     8 MoQSession.cpp:2648] start sess=0x7ff3ac063e90
relay-1        | V0912 00:53:04.259667     8 MoQSession.cpp:2991] sendSetup sess=0x7ff3ac063e90
relay-1        | V0912 00:53:04.259761     8 MoQSession.cpp:2947] controlWriteLoop sess=0x7ff3ac063e90
relay-1        | V0912 00:53:04.259852     8 MoQSession.cpp:6787] onNewUniStream sess=0x7ff3ac063e90
relay-1        | V0912 00:53:04.259903     8 MoQSession.cpp:3346] controlReadLoop sess=0x7ff3ac063e90
relay-1        | V0912 00:53:04.259911     8 MoQSession.cpp:3135] onClientSetup sess=0x7ff3ac063e90
relay-1        | V0912 00:53:04.259915     8 MoQServerBase.cpp:88] MoQServerBase::ClientSetup
relay-1        | V0912 00:53:04.259918     8 MoQServerBase.cpp:93] MoQServerBase::ClientSetup: Using ALPN-negotiated version: moqt-18
relay-1        | V0912 00:53:04.259923     8 MoQSession.cpp:3211] Negotiated Version=0xff000012 (draft-18)
relay-1        | V0912 00:53:04.260003     8 MoQSession.cpp:6815] onNewBidiStream sess=0x7ff3ac063e90
relay-1        | V0912 00:53:04.260088     8 MoQSession.cpp:3346] controlReadLoop sess=0x7ff3ac063e90
relay-1        | V0912 00:53:04.260101     8 MoQSession.cpp:4921] onPublishImpl reqID=0 sess=0x7ff3ac063e90
relay-1        | V0912 00:53:04.260110     8 MoQRelay.cpp:422] publish ftn=moq-test-00/0/0/0/1/2/3/64/32/2/1/1/0/-1/-1/0/moq-test-890d9f5f0ed4871a
relay-1        | E0912 00:53:04.260116     8 MoQRelay.cpp:82] prefix not found in tree
relay-1        | V0912 00:53:04.260131     8 MoQSession.cpp:6014] publishOk reqID=0 sess=0x7ff3ac063e90
relay-1        | V0912 00:53:04.260236     8 MoQLocation.h:24] m=AbsoluteStart g=0 o=0
relay-1        | V0912 00:53:04.260251     8 MoQLocation.h:59] g=0 o=0 g=4611686018427387903 o=4611686018427387903
relay-1        | V0912 00:53:04.260261     8 MoQSession.cpp:6191] sendSubscribeOk sess=0x7ff3ac0880f0
test-client-1  | [2m2026-09-12T00:53:04.260436Z[0m [32m INFO[0m [2mmoq_test_client::moqtest[0m[2m:[0m PUBLISH accepted and subscription bound; generating objects [3mobjects[0m[2m=[0m6 [3mstreams[0m[2m=[0m2
relay-1        | V0912 00:53:04.260611     8 MoQSession.cpp:5054] PublishDone id=0 code=2 reason=publish ended
relay-1        | V0912 00:53:04.260622     8 MoQSession.cpp:2186] processPublishDone trackReceiveState=0x7ff3ac08e3b0
relay-1        | V0912 00:53:04.260626     8 MoQRelay.cpp:383] onPublishDoneImpl ftn=moq-test-00/0/0/0/1/2/3/64/32/2/1/1/0/-1/-1/0/moq-test-890d9f5f0ed4871a
relay-1        | V0912 00:53:04.260630     8 MoQRelay.cpp:303] Pruning empty subtree at: moq-test-00
relay-1        | V0912 00:53:04.260635     8 MoQForwarder.cpp:609] publishDone pubDone reason=publish ended
relay-1        | V0912 00:53:04.260637     8 MoQForwarder.cpp:318] drainSubscriber from publishDone session=0x7ff3ac0880f0
relay-1        | V0912 00:53:04.260639     8 MoQSession.cpp:6304] sendPublishDone sess=0x7ff3ac0880f0
relay-1        | V0912 00:53:04.260647     8 MoQSession.cpp:6474] publisherDrained id=0 sess=0x7ff3ac0880f0
relay-1        | V0912 00:53:04.260652     8 MoQForwarder.cpp:384] Resetting open subgroups for subscriber=0x7ff3ac047030
relay-1        | V0912 00:53:04.260655     8 MoQForwarder.cpp:406] subscribers_.size()=0
relay-1        | I0912 00:53:04.260693     8 MoQRelay.cpp:1945] Publisher terminated for moq-test-00/0/0/0/1/2/3/64/32/2/1/1/0/-1/-1/0/moq-test-890d9f5f0ed4871a
relay-1        | V0912 00:53:04.260706     8 MoQSession.cpp:3348] exit controlReadLoop sess=0x7ff3ac063e90
relay-1        | V0912 00:53:04.260961     8 MoQSession.cpp:3348] exit controlReadLoop sess=0x7ff3ac0880f0
relay-1        | V0912 00:53:04.260974     8 MoQSession.cpp:3348] exit controlReadLoop sess=0x7ff3ac0880f0
relay-1        | E20260912 00:53:04.269348     8 HQControlCodec.h:58] Unexpected control stream EOF
relay-1        | E20260912 00:53:04.269415     8 HQSession.cpp:3158] Got error on control stream error=HTTP: Critical stream was closed streamID=2 sess=proto=h3, UA=, client CID=2b26d8d1087e622c, server CID=40000005b14bd122, downstream=[::ffff:172.18.0.3]:58278, [::]:4443=local, drain=none
test-client-1  | not ok 18 - moq-test-forward-zero
test-client-1  |   ---
test-client-1  |   duration_ms: 216
test-client-1  |   message: "failed to create subgroup: cancelled"
test-client-1  |   ...
relay-1        | E20260912 00:53:04.269459     8 HQControlCodec.h:58] Unexpected control stream EOF
relay-1        | E20260912 00:53:04.269480     8 HQSession.cpp:3158] Got error on control stream error=HTTP: Critical stream was closed streamID=2 sess=proto=h3, UA=, client CID=081637b9cda80fe5, server CID=4000000ddb35f462, downstream=[::ffff:172.18.0.3]:46754, [::]:4443=local, drain=none
relay-1        | E0912 00:53:04.269552     8 MoQServer.h:192] proxygen::HTTPException: Got error=ApplicationError: 260, HTTP error on control stream
relay-1        | V0912 00:53:04.269561     8 MoQSession.cpp:7213] onSessionEnderr=4294967295 sess=0x7ff3ac063e90
relay-1        | V0912 00:53:04.269566     8 MoQSession.cpp:2923] close sess=0x7ff3ac063e90
relay-1        | V0912 00:53:04.269572     8 MoQSession.cpp:2602] requestCancellation from cleanup sess=0x7ff3ac063e90
relay-1        | V0912 00:53:04.269585     8 MoQSession.cpp:2940] requestCancellation from close sess=0x7ff3ac063e90
relay-1        | E0912 00:53:04.269662     8 MoQServer.h:192] proxygen::HTTPException: Got error=ApplicationError: 260, HTTP error on control stream
relay-1        | V0912 00:53:04.269676     8 MoQSession.cpp:7213] onSessionEnderr=4294967295 sess=0x7ff3ac0880f0
relay-1        | V0912 00:53:04.269680     8 MoQSession.cpp:2923] close sess=0x7ff3ac0880f0
relay-1        | V0912 00:53:04.269685     8 MoQSession.cpp:2602] requestCancellation from cleanup sess=0x7ff3ac0880f0
relay-1        | V0912 00:53:04.269693     8 MoQSession.cpp:2940] requestCancellation from close sess=0x7ff3ac0880f0
relay-1        | V0912 00:53:04.269749     8 MoQSession.cpp:3348] exit controlReadLoop sess=0x7ff3ac063e90
relay-1        | V0912 00:53:04.269781     8 MoQSession.cpp:2949] exit controlWriteLoop sess=0x7ff3ac063e90
relay-1        | V0912 00:53:04.269798     8 MoQSession.cpp:2949] exit controlWriteLoop sess=0x7ff3ac0880f0
relay-1        | V0912 00:53:04.269806     8 MoQSession.cpp:2540] ~MoQSession sess=0x7ff3ac0880f0
relay-1        | V0912 00:53:04.278910     8 MoQSession.cpp:2540] ~MoQSession sess=0x7ff3ac063e90
[Ktest-client-1 exited with code 1
Aborting on container exit...
 Container main-test-client-1  Stopping
 Container main-test-client-1  Stopped
 Container main-relay-1  Stopping
 Container main-relay-1  Stopped

make[1]: *** [Makefile:86: test] Error 1
make[1]: Leaving directory '/home/runner/work/moq-interop-runner/moq-interop-runner/main'
