make[1]: Entering directory '/home/runner/work/moq-interop-runner/moq-interop-runner/main'
rm -rf mlog/
mkdir -p mlog/relay mlog/client
Running interop tests...
  Relay:  moxygen-interop:latest
  Client: ghcr.io/englishm/moq-interop-runner-moq-test-client-draft-18:latest
  URL:    https://relay:4443
time="2026-09-29T00:52:07Z" level=warning msg="The \"PORT\" variable is not set. Defaulting to a blank string."
time="2026-09-29T00:52:07Z" level=warning msg="The \"PORT\" variable is not set. Defaulting to a blank string."
time="2026-09-29T00:52:07Z" level=warning msg="The \"PORT\" variable is not set. Defaulting to a blank string."
time="2026-09-29T00:52:07Z" level=warning msg="The \"HEX\" variable is not set. Defaulting to a blank string."
time="2026-09-29T00:52:07Z" level=warning msg="The \"HEX\" variable is not set. Defaulting to a blank string."
 Container main-relay-1  Recreate
 Container main-relay-1  Recreated
Attaching to relay-1, test-client-1
relay-1        | V0929 00:52:07.685080     7 MoQServer.cpp:121] MoQServer: Registering ALPN handlers: moqt-18, moqt-16, moqt-15, moq-00
relay-1        | W0929 00:52:07.686235     7 MoQServer.cpp:172] UDP send buffer for fd 15 is 425984 bytes (expected 2097152)
test-client-1  | TAP version 14
test-client-1  | # moq-test-client v0.1.12
test-client-1  | # Relay: https://relay:4443/
test-client-1  | 1..18
test-client-1  | [2m2026-09-29T00:52:13.298302Z[0m [32m INFO[0m [2mmoq_native_ietf::quic[0m[2m:[0m UDP socket bound [3mbind[0m[2m=[0m[::]:0 [3mlocal[0m[2m=[0m[::]:40482 [3mdual_stack[0m[2m=[0mtrue
relay-1        | V0929 00:52:13.301990     8 MoQServer.cpp:331] MoQServer WebTransport: supported protocols: moqt-18, moqt-16, moqt-15, moq-00
relay-1        | V0929 00:52:13.302015     8 MoQServer.cpp:341] WebTransport: Negotiated protocol: moqt-18
relay-1        | V0929 00:52:13.302171     8 MoQSession.cpp:2698] start sess=0x7fb07c051d10
relay-1        | V0929 00:52:13.302190     8 MoQSession.cpp:3042] sendSetup sess=0x7fb07c051d10
relay-1        | V0929 00:52:13.302298     8 MoQSession.cpp:2998] controlWriteLoop sess=0x7fb07c051d10
test-client-1  | [2m2026-09-29T00:52:13.302542Z[0m [32m INFO[0m [2mmoq_test_client::scenarios[0m[2m:[0m SETUP exchange completed successfully
test-client-1  | ok 1 - setup-only
test-client-1  |   ---
test-client-1  |   duration_ms: 5
test-client-1  |   connection_id: 1701a9154db12d0e17c8554ce12ca01b
test-client-1  |   ...
test-client-1  | [2m2026-09-29T00:52:13.303331Z[0m [33m WARN[0m [2mweb_transport_quinn::session[0m[2m:[0m failed to read capsule [3me[0m[2m=[0mUnexpectedEnd
relay-1        | V0929 00:52:13.302608     8 MoQSession.cpp:6883] onNewUniStream sess=0x7fb07c051d10
relay-1        | V0929 00:52:13.302671     8 MoQSession.cpp:3407] controlReadLoop sess=0x7fb07c051d10
relay-1        | V0929 00:52:13.302686     8 MoQSession.cpp:3194] onClientSetup sess=0x7fb07c051d10
relay-1        | V0929 00:52:13.302756     8 MoQServerBase.cpp:88] MoQServerBase::ClientSetup
relay-1        | V0929 00:52:13.302769     8 MoQServerBase.cpp:93] MoQServerBase::ClientSetup: Using ALPN-negotiated version: moqt-18
relay-1        | V0929 00:52:13.302775     8 MoQSession.cpp:3272] Negotiated Version=0xff000012 (draft-18)
relay-1        | E20260929 00:52:13.302821     8 HQControlCodec.h:58] Unexpected control stream EOF
relay-1        | E20260929 00:52:13.303054     8 HQSession.cpp:3170] Got error on control stream error=HTTP: Critical stream was closed streamID=2 sess=proto=h3, UA=, client CID=2f0fd32aec224008, server CID=40000019be0afc42, downstream=[::ffff:172.18.0.3]:40482, [::]:4443=local, drain=none
relay-1        | E0929 00:52:13.303134     8 MoQServer.h:194] proxygen::HTTPException: Got error=ApplicationError: 260, HTTP error on control stream
relay-1        | V0929 00:52:13.303142     8 MoQSession.cpp:7333] onSessionEnderr=4294967295 sess=0x7fb07c051d10
relay-1        | V0929 00:52:13.303146     8 MoQSession.cpp:2974] close sess=0x7fb07c051d10
relay-1        | V0929 00:52:13.303179     8 MoQSession.cpp:2652] requestCancellation from cleanup sess=0x7fb07c051d10
relay-1        | V0929 00:52:13.303225     8 MoQSession.cpp:2991] requestCancellation from close sess=0x7fb07c051d10
relay-1        | V0929 00:52:13.303304     8 MoQSession.cpp:3410] exit controlReadLoop sess=0x7fb07c051d10
relay-1        | V0929 00:52:13.303396     8 MoQSession.cpp:3000] exit controlWriteLoop sess=0x7fb07c051d10
relay-1        | V0929 00:52:13.303412     8 MoQSession.cpp:2597] ~MoQSession sess=0x7fb07c051d10
test-client-1  | [2m2026-09-29T00:52:13.303793Z[0m [32m INFO[0m [2mmoq_native_ietf::quic[0m[2m:[0m UDP socket bound [3mbind[0m[2m=[0m[::]:0 [3mlocal[0m[2m=[0m[::]:58813 [3mdual_stack[0m[2m=[0mtrue
relay-1        | V0929 00:52:13.305393     8 MoQServer.cpp:331] MoQServer WebTransport: supported protocols: moqt-18, moqt-16, moqt-15, moq-00
relay-1        | V0929 00:52:13.305414     8 MoQServer.cpp:341] WebTransport: Negotiated protocol: moqt-18
relay-1        | V0929 00:52:13.305521     8 MoQSession.cpp:2698] start sess=0x7fb07c06a370
relay-1        | V0929 00:52:13.305634     8 MoQSession.cpp:3042] sendSetup sess=0x7fb07c06a370
test-client-1  | [2m2026-09-29T00:52:13.305994Z[0m [32m INFO[0m [2mmoq_test_client::scenarios[0m[2m:[0m Sending PUBLISH_NAMESPACE for: moq-test/interop
relay-1        | V0929 00:52:13.305842     8 MoQSession.cpp:2998] controlWriteLoop sess=0x7fb07c06a370
relay-1        | V0929 00:52:13.305863     8 MoQSession.cpp:6883] onNewUniStream sess=0x7fb07c06a370
relay-1        | V0929 00:52:13.305942     8 MoQSession.cpp:3407] controlReadLoop sess=0x7fb07c06a370
relay-1        | V0929 00:52:13.305949     8 MoQSession.cpp:3194] onClientSetup sess=0x7fb07c06a370
relay-1        | V0929 00:52:13.305951     8 MoQServerBase.cpp:88] MoQServerBase::ClientSetup
relay-1        | V0929 00:52:13.305953     8 MoQServerBase.cpp:93] MoQServerBase::ClientSetup: Using ALPN-negotiated version: moqt-18
relay-1        | V0929 00:52:13.305956     8 MoQSession.cpp:3272] Negotiated Version=0xff000012 (draft-18)
relay-1        | V0929 00:52:13.306202     8 MoQSession.cpp:6913] onNewBidiStream sess=0x7fb07c06a370
relay-1        | V0929 00:52:13.306241     8 MoQSession.cpp:3407] controlReadLoop sess=0x7fb07c06a370
relay-1        | V0929 00:52:13.306254     8 MoQRelaySession.cpp:1149] onPublishNamespaceImpl ns=moq-test/interop sess=0x7fb07c06a370
relay-1        | V0929 00:52:13.306275     8 MoQRelay.cpp:134] publishNamespace ns=moq-test/interop
relay-1        | V0929 00:52:13.306286     8 MoQRelaySession.cpp:1242] publishNamespaceOk reqID=0 sess=0x7fb07c06a370
test-client-1  | ok 2 - publish-namespace-only
test-client-1  |   ---
test-client-1  |   duration_ms: 2003
test-client-1  |   connection_id: 9127574ba5e197d27703339981c5e070
test-client-1  |   ...
test-client-1  | [2m2026-09-29T00:52:15.306478Z[0m [32m INFO[0m [2mmoq_test_client::scenarios[0m[2m:[0m PUBLISH_NAMESPACE succeeded (REQUEST_OK received, waiting for subscribers)
relay-1        | E20260929 00:52:15.306622     8 HQControlCodec.h:58] Unexpected control stream EOF
relay-1        | E20260929 00:52:15.306758     8 HQSession.cpp:3170] Got error on control stream error=HTTP: Critical stream was closed streamID=2 sess=proto=h3, UA=, client CID=dbe586c22c29cd83, server CID=40000015e14369ce, downstream=[::ffff:172.18.0.3]:58813, [::]:4443=local, drain=none
relay-1        | E0929 00:52:15.306891     8 MoQServer.h:194] proxygen::HTTPException: Got error=ApplicationError: 260, HTTP error on control stream
relay-1        | V0929 00:52:15.306913     8 MoQSession.cpp:7333] onSessionEnderr=4294967295 sess=0x7fb07c06a370
relay-1        | V0929 00:52:15.306919     8 MoQSession.cpp:2974] close sess=0x7fb07c06a370
relay-1        | V0929 00:52:15.306930     8 MoQRelay.cpp:310] publishNamespaceDone ns=moq-test/interop
relay-1        | V0929 00:52:15.307122     8 MoQRelay.cpp:303] Pruning empty subtree at: moq-test
relay-1        | V0929 00:52:15.307142     8 MoQSession.cpp:2652] requestCancellation from cleanup sess=0x7fb07c06a370
relay-1        | V0929 00:52:15.307162     8 BidiStreamControl.cpp:37] STOP_SENDING received on bidi stream id=4 code=386759528
relay-1        | V0929 00:52:15.307179     8 MoQSession.cpp:2991] requestCancellation from close sess=0x7fb07c06a370
test-client-1  | [2m2026-09-29T00:52:15.307357Z[0m [33m WARN[0m [2mweb_transport_quinn::session[0m[2m:[0m failed to read capsule [3me[0m[2m=[0mUnexpectedEnd
relay-1        | V0929 00:52:15.307309     8 MoQSession.cpp:3410] exit controlReadLoop sess=0x7fb07c06a370
relay-1        | V0929 00:52:15.307330     8 MoQSession.cpp:3410] exit controlReadLoop sess=0x7fb07c06a370
relay-1        | V0929 00:52:15.307377     8 MoQSession.cpp:3000] exit controlWriteLoop sess=0x7fb07c06a370
test-client-1  | [2m2026-09-29T00:52:15.307916Z[0m [32m INFO[0m [2mmoq_native_ietf::quic[0m[2m:[0m UDP socket bound [3mbind[0m[2m=[0m[::]:0 [3mlocal[0m[2m=[0m[::]:52447 [3mdual_stack[0m[2m=[0mtrue
relay-1        | V0929 00:52:15.310087     8 MoQServer.cpp:331] MoQServer WebTransport: supported protocols: moqt-18, moqt-16, moqt-15, moq-00
relay-1        | V0929 00:52:15.310113     8 MoQServer.cpp:341] WebTransport: Negotiated protocol: moqt-18
relay-1        | V0929 00:52:15.310380     8 MoQSession.cpp:2698] start sess=0x7fb07c05bcb0
relay-1        | V0929 00:52:15.310411     8 MoQSession.cpp:3042] sendSetup sess=0x7fb07c05bcb0
relay-1        | V0929 00:52:15.310597     8 MoQSession.cpp:2998] controlWriteLoop sess=0x7fb07c05bcb0
relay-1        | V0929 00:52:15.310652     8 MoQSession.cpp:6883] onNewUniStream sess=0x7fb07c05bcb0
relay-1        | V0929 00:52:15.310811     8 MoQSession.cpp:3407] controlReadLoop sess=0x7fb07c05bcb0
relay-1        | V0929 00:52:15.310832     8 MoQSession.cpp:3194] onClientSetup sess=0x7fb07c05bcb0
relay-1        | V0929 00:52:15.310838     8 MoQServerBase.cpp:88] MoQServerBase::ClientSetup
relay-1        | V0929 00:52:15.310843     8 MoQServerBase.cpp:93] MoQServerBase::ClientSetup: Using ALPN-negotiated version: moqt-18
relay-1        | V0929 00:52:15.310849     8 MoQSession.cpp:3272] Negotiated Version=0xff000012 (draft-18)
test-client-1  | [2m2026-09-29T00:52:15.310943Z[0m [32m INFO[0m [2mmoq_test_client::scenarios[0m[2m:[0m Subscribing to non-existent track: nonexistent/namespace/test-track
relay-1        | V0929 00:52:15.311189     8 MoQSession.cpp:6913] onNewBidiStream sess=0x7fb07c05bcb0
relay-1        | V0929 00:52:15.311243     8 MoQSession.cpp:3407] controlReadLoop sess=0x7fb07c05bcb0
relay-1        | V0929 00:52:15.311261     8 MoQSession.cpp:4292] onSubscribeImpl ftn=nonexistent/namespace/test-track sess=0x7fb07c05bcb0
relay-1        | V0929 00:52:15.311283     8 MoQSession.cpp:4434] Application subscribe error err=no such namespace or track
relay-1        | V0929 00:52:15.311288     8 MoQSession.cpp:6304] subscribeError sess=0x7fb07c05bcb0
relay-1        | V0929 00:52:15.311301     8 MoQSession.cpp:6570] publisherDrained id=0 sess=0x7fb07c05bcb0
test-client-1  | [2m2026-09-29T00:52:15.311453Z[0m [33m WARN[0m [2mmoq_transport::serve::error[0m[2m:[0m [738318ec-77e7-4db1-83f0-790841975897] Not found: no such namespace or track at moq-transport/src/session/subscriber.rs:1653
relay-1        | V0929 00:52:15.311585     8 MoQSession.cpp:3410] exit controlReadLoop sess=0x7fb07c05bcb0
test-client-1  | [2m2026-09-29T00:52:15.311594Z[0m [32m INFO[0m [2mmoq_test_client::scenarios[0m[2m:[0m Got expected 'not found' error: not found: Track not found [error:738318ec-77e7-4db1-83f0-790841975897]
relay-1        | V0929 00:52:15.311701     8 MoQSession.cpp:3410] exit controlReadLoop sess=0x7fb07c05bcb0
test-client-1  | ok 3 - subscribe-error
test-client-1  |   ---
test-client-1  |   duration_ms: 5
test-client-1  |   connection_id: a8d7d02c951c826d31c218ae7fb26da7
test-client-1  |   ...
relay-1        | E20260929 00:52:15.311936     8 HQControlCodec.h:58] Unexpected control stream EOF
relay-1        | E20260929 00:52:15.311995     8 HQSession.cpp:3170] Got error on control stream error=HTTP: Critical stream was closed streamID=2 sess=proto=h3, UA=, client CID=c0338ef23a140b5a, server CID=400000171cb78f27, downstream=[::ffff:172.18.0.3]:52447, [::]:4443=local, drain=none
relay-1        | E0929 00:52:15.312062     8 MoQServer.h:194] proxygen::HTTPException: Got error=ApplicationError: 260, HTTP error on control stream
relay-1        | V0929 00:52:15.312075     8 MoQSession.cpp:7333] onSessionEnderr=4294967295 sess=0x7fb07c05bcb0
relay-1        | V0929 00:52:15.312080     8 MoQSession.cpp:2974] close sess=0x7fb07c05bcb0
relay-1        | V0929 00:52:15.312087     8 MoQSession.cpp:2652] requestCancellation from cleanup sess=0x7fb07c05bcb0
relay-1        | V0929 00:52:15.312098     8 MoQSession.cpp:2991] requestCancellation from close sess=0x7fb07c05bcb0
relay-1        | V0929 00:52:15.312191     8 MoQSession.cpp:3000] exit controlWriteLoop sess=0x7fb07c05bcb0
test-client-1  | [2m2026-09-29T00:52:15.312210Z[0m [33m WARN[0m [2mweb_transport_quinn::session[0m[2m:[0m failed to read capsule [3me[0m[2m=[0mUnexpectedEnd
test-client-1  | [2m2026-09-29T00:52:15.312812Z[0m [32m INFO[0m [2mmoq_native_ietf::quic[0m[2m:[0m UDP socket bound [3mbind[0m[2m=[0m[::]:0 [3mlocal[0m[2m=[0m[::]:40566 [3mdual_stack[0m[2m=[0mtrue
relay-1        | V0929 00:52:15.314854     8 MoQServer.cpp:331] MoQServer WebTransport: supported protocols: moqt-18, moqt-16, moqt-15, moq-00
relay-1        | V0929 00:52:15.314877     8 MoQServer.cpp:341] WebTransport: Negotiated protocol: moqt-18
relay-1        | V0929 00:52:15.315017     8 MoQSession.cpp:2698] start sess=0x7fb07c07b9e0
relay-1        | V0929 00:52:15.315040     8 MoQSession.cpp:3042] sendSetup sess=0x7fb07c07b9e0
relay-1        | V0929 00:52:15.315166     8 MoQSession.cpp:2998] controlWriteLoop sess=0x7fb07c07b9e0
relay-1        | V0929 00:52:15.315317     8 MoQSession.cpp:6883] onNewUniStream sess=0x7fb07c07b9e0
relay-1        | V0929 00:52:15.315335     8 MoQSession.cpp:3407] controlReadLoop sess=0x7fb07c07b9e0
relay-1        | V0929 00:52:15.315340     8 MoQSession.cpp:3194] onClientSetup sess=0x7fb07c07b9e0
relay-1        | V0929 00:52:15.315342     8 MoQServerBase.cpp:88] MoQServerBase::ClientSetup
relay-1        | V0929 00:52:15.315344     8 MoQServerBase.cpp:93] MoQServerBase::ClientSetup: Using ALPN-negotiated version: moqt-18
relay-1        | V0929 00:52:15.315348     8 MoQSession.cpp:3272] Negotiated Version=0xff000012 (draft-18)
test-client-1  | [2m2026-09-29T00:52:15.316182Z[0m [32m INFO[0m [2mmoq_native_ietf::quic[0m[2m:[0m UDP socket bound [3mbind[0m[2m=[0m[::]:0 [3mlocal[0m[2m=[0m[::]:60609 [3mdual_stack[0m[2m=[0mtrue
relay-1        | V0929 00:52:15.317279     8 MoQSession.cpp:2597] ~MoQSession sess=0x7fb07c06a370
relay-1        | V0929 00:52:15.318109     8 MoQServer.cpp:331] MoQServer WebTransport: supported protocols: moqt-18, moqt-16, moqt-15, moq-00
relay-1        | V0929 00:52:15.318125     8 MoQServer.cpp:341] WebTransport: Negotiated protocol: moqt-18
test-client-1  | [2m2026-09-29T00:52:15.318615Z[0m [32m INFO[0m [2mmoq_test_client::scenarios[0m[2m:[0m Publisher sending PUBLISH_NAMESPACE: moq-test/interop
test-client-1  | [2m2026-09-29T00:52:15.318632Z[0m [32m INFO[0m [2mmoq_test_client::scenarios[0m[2m:[0m Subscriber subscribing to track: moq-test/interop/test-track
relay-1        | V0929 00:52:15.318262     8 MoQSession.cpp:2698] start sess=0x7fb07c063390
relay-1        | V0929 00:52:15.318287     8 MoQSession.cpp:3042] sendSetup sess=0x7fb07c063390
relay-1        | V0929 00:52:15.318429     8 MoQSession.cpp:2998] controlWriteLoop sess=0x7fb07c063390
relay-1        | V0929 00:52:15.318581     8 MoQSession.cpp:6883] onNewUniStream sess=0x7fb07c063390
relay-1        | V0929 00:52:15.318603     8 MoQSession.cpp:3407] controlReadLoop sess=0x7fb07c063390
relay-1        | V0929 00:52:15.318608     8 MoQSession.cpp:3194] onClientSetup sess=0x7fb07c063390
relay-1        | V0929 00:52:15.318611     8 MoQServerBase.cpp:88] MoQServerBase::ClientSetup
relay-1        | V0929 00:52:15.318615     8 MoQServerBase.cpp:93] MoQServerBase::ClientSetup: Using ALPN-negotiated version: moqt-18
relay-1        | V0929 00:52:15.318620     8 MoQSession.cpp:3272] Negotiated Version=0xff000012 (draft-18)
relay-1        | V0929 00:52:15.318855     8 MoQSession.cpp:6913] onNewBidiStream sess=0x7fb07c07b9e0
relay-1        | V0929 00:52:15.318875     8 MoQSession.cpp:6913] onNewBidiStream sess=0x7fb07c063390
relay-1        | V0929 00:52:15.318907     8 MoQSession.cpp:3407] controlReadLoop sess=0x7fb07c07b9e0
relay-1        | V0929 00:52:15.318917     8 MoQRelaySession.cpp:1149] onPublishNamespaceImpl ns=moq-test/interop sess=0x7fb07c07b9e0
relay-1        | V0929 00:52:15.318922     8 MoQSession.cpp:3407] controlReadLoop sess=0x7fb07c063390
relay-1        | V0929 00:52:15.318927     8 MoQSession.cpp:4292] onSubscribeImpl ftn=moq-test/interop/test-track sess=0x7fb07c063390
relay-1        | V0929 00:52:15.318940     8 MoQRelay.cpp:134] publishNamespace ns=moq-test/interop
relay-1        | V0929 00:52:15.318954     8 MoQRelaySession.cpp:1242] publishNamespaceOk reqID=0 sess=0x7fb07c07b9e0
relay-1        | V0929 00:52:15.318996     8 MoQLocation.h:24] m=AbsoluteStart g=0 o=0
relay-1        | V0929 00:52:15.319002     8 MoQLocation.h:59] g=0 o=0 g=4611686018427387903 o=4611686018427387903
relay-1        | V0929 00:52:15.319016     8 MoQSession.cpp:6164] subscribe sess=0x7fb07c07b9e0
relay-1        | V0929 00:52:15.319107     8 MoQSession.cpp:3407] controlReadLoop sess=0x7fb07c07b9e0
relay-1        | V0929 00:52:15.319424     8 MoQSession.cpp:4808] onSubscribeOk id=1 sess=0x7fb07c07b9e0
relay-1        | V0929 00:52:15.319445     8 MoQSession.cpp:6266] Subscribe ready trackReceiveState=0x7fb07c061e60 requestID=1
relay-1        | V0929 00:52:15.319455     8 MoQSession.cpp:6286] sendSubscribeOk sess=0x7fb07c063390
relay-1        | V0929 00:52:15.327647     8 MoQSession.cpp:2597] ~MoQSession sess=0x7fb07c05bcb0
test-client-1  | [2m2026-09-29T00:52:18.320006Z[0m [32m INFO[0m [2mmoq_test_client::scenarios[0m[2m:[0m Test timeout reached - subscription routing may still be in progress
relay-1        | E20260929 00:52:18.320181     8 HQControlCodec.h:58] Unexpected control stream EOF
test-client-1  | ok 4 - publish-namespace-subscribe
test-client-1  |   ---
test-client-1  |   duration_ms: 3008
test-client-1  |   publisher_connection_id: 6e917d9482ab5b4b823bb98ec12dca06
test-client-1  |   subscriber_connection_id: 431f69407d93703847d618068d169281
test-client-1  |   ...
relay-1        | E20260929 00:52:18.320262     8 HQSession.cpp:3170] Got error on control stream error=HTTP: Critical stream was closed streamID=2 sess=proto=h3, UA=, client CID=0c16c75c178a561b, server CID=4000001380dbb997, downstream=[::ffff:172.18.0.3]:40566, [::]:4443=local, drain=none
test-client-1  | [2m2026-09-29T00:52:18.320761Z[0m [33m WARN[0m [2mweb_transport_quinn::session[0m[2m:[0m failed to read capsule [3me[0m[2m=[0mUnexpectedEnd
relay-1        | E20260929 00:52:18.320318     8 HQControlCodec.h:58] Unexpected control stream EOF
relay-1        | E20260929 00:52:18.320340     8 HQSession.cpp:3170] Got error on control stream error=HTTP: Critical stream was closed streamID=2 sess=proto=h3, UA=, client CID=edcd082244ee830c, server CID=40000016aa7eb198, downstream=[::ffff:172.18.0.3]:60609, [::]:4443=local, drain=none
relay-1        | E0929 00:52:18.320408     8 MoQServer.h:194] proxygen::HTTPException: Got error=ApplicationError: 260, HTTP error on control stream
relay-1        | V0929 00:52:18.320426     8 MoQSession.cpp:7333] onSessionEnderr=4294967295 sess=0x7fb07c07b9e0
relay-1        | V0929 00:52:18.320431     8 MoQSession.cpp:2974] close sess=0x7fb07c07b9e0
relay-1        | V0929 00:52:18.320442     8 MoQRelay.cpp:310] publishNamespaceDone ns=moq-test/interop
relay-1        | V0929 00:52:18.320448     8 MoQRelay.cpp:303] Pruning empty subtree at: moq-test
relay-1        | V0929 00:52:18.320456     8 MoQSession.cpp:2203] subscribeError trackReceiveState=0x7fb07c061e60
relay-1        | V0929 00:52:18.320465     8 MoQSession.cpp:2232] processPublishDone trackReceiveState=0x7fb07c061e60
relay-1        | V0929 00:52:18.320471     8 MoQRelay.cpp:383] onPublishDoneImpl ftn=moq-test/interop/test-track
relay-1        | V0929 00:52:18.320477     8 MoQForwarder.cpp:610] publishDone pubDone reason=closed locally
relay-1        | V0929 00:52:18.320485     8 MoQForwarder.cpp:308] drainSubscriber from publishDone session=15
relay-1        | V0929 00:52:18.320489     8 MoQSession.cpp:6399] sendPublishDone sess=0x7fb07c063390
relay-1        | V0929 00:52:18.320507     8 MoQSession.cpp:6570] publisherDrained id=0 sess=0x7fb07c063390
relay-1        | V0929 00:52:18.320511     8 MoQForwarder.cpp:372] Resetting open subgroups for subscriber=0x7fb07c085870
relay-1        | V0929 00:52:18.320515     8 MoQForwarder.cpp:391] subscribers_.size()=0
relay-1        | I0929 00:52:18.320522     8 MoQRelay.cpp:1938] Publisher terminated for moq-test/interop/test-track
relay-1        | V0929 00:52:18.320536     8 MoQCache.cpp:2266] Added track to LRU: moq-test/interop/test-track
relay-1        | V0929 00:52:18.320543     8 MoQSession.cpp:2187] cancel alias=1 requestID=1
relay-1        | V0929 00:52:18.320548     8 MoQSession.cpp:2652] requestCancellation from cleanup sess=0x7fb07c07b9e0
relay-1        | V0929 00:52:18.320559     8 BidiStreamControl.cpp:37] STOP_SENDING received on bidi stream id=1 code=386759528
relay-1        | V0929 00:52:18.320564     8 BidiStreamControl.cpp:37] STOP_SENDING received on bidi stream id=4 code=386759528
relay-1        | V0929 00:52:18.320571     8 MoQSession.cpp:2991] requestCancellation from close sess=0x7fb07c07b9e0
relay-1        | E0929 00:52:18.320719     8 MoQServer.h:194] proxygen::HTTPException: Got error=ApplicationError: 260, HTTP error on control stream
relay-1        | V0929 00:52:18.320726     8 MoQSession.cpp:7333] onSessionEnderr=4294967295 sess=0x7fb07c063390
relay-1        | V0929 00:52:18.320730     8 MoQSession.cpp:2974] close sess=0x7fb07c063390
relay-1        | V0929 00:52:18.320736     8 MoQSession.cpp:2652] requestCancellation from cleanup sess=0x7fb07c063390
relay-1        | V0929 00:52:18.320747     8 MoQSession.cpp:2991] requestCancellation from close sess=0x7fb07c063390
test-client-1  | [2m2026-09-29T00:52:18.321164Z[0m [33m WARN[0m [2mweb_transport_quinn::session[0m[2m:[0m failed to read capsule [3me[0m[2m=[0mUnexpectedEnd
relay-1        | V0929 00:52:18.320989     8 MoQSession.cpp:3410] exit controlReadLoop sess=0x7fb07c07b9e0
relay-1        | V0929 00:52:18.321009     8 MoQSession.cpp:3410] exit controlReadLoop sess=0x7fb07c07b9e0
relay-1        | V0929 00:52:18.321017     8 MoQSession.cpp:3410] exit controlReadLoop sess=0x7fb07c07b9e0
relay-1        | V0929 00:52:18.321024     8 MoQSession.cpp:3410] exit controlReadLoop sess=0x7fb07c063390
relay-1        | V0929 00:52:18.321030     8 MoQSession.cpp:3410] exit controlReadLoop sess=0x7fb07c063390
relay-1        | V0929 00:52:18.321062     8 MoQSession.cpp:3000] exit controlWriteLoop sess=0x7fb07c07b9e0
relay-1        | V0929 00:52:18.321085     8 MoQSession.cpp:3000] exit controlWriteLoop sess=0x7fb07c063390
test-client-1  | [2m2026-09-29T00:52:18.321557Z[0m [32m INFO[0m [2mmoq_native_ietf::quic[0m[2m:[0m UDP socket bound [3mbind[0m[2m=[0m[::]:0 [3mlocal[0m[2m=[0m[::]:43793 [3mdual_stack[0m[2m=[0mtrue
relay-1        | V0929 00:52:18.323798     8 MoQServer.cpp:331] MoQServer WebTransport: supported protocols: moqt-18, moqt-16, moqt-15, moq-00
relay-1        | V0929 00:52:18.323823     8 MoQServer.cpp:341] WebTransport: Negotiated protocol: moqt-18
relay-1        | V0929 00:52:18.323978     8 MoQSession.cpp:2698] start sess=0x7fb07c059120
relay-1        | V0929 00:52:18.324017     8 MoQSession.cpp:3042] sendSetup sess=0x7fb07c059120
relay-1        | V0929 00:52:18.324156     8 MoQSession.cpp:2998] controlWriteLoop sess=0x7fb07c059120
relay-1        | V0929 00:52:18.324332     8 MoQSession.cpp:6883] onNewUniStream sess=0x7fb07c059120
relay-1        | V0929 00:52:18.324437     8 MoQSession.cpp:3407] controlReadLoop sess=0x7fb07c059120
relay-1        | V0929 00:52:18.324451     8 MoQSession.cpp:3194] onClientSetup sess=0x7fb07c059120
relay-1        | V0929 00:52:18.324460     8 MoQServerBase.cpp:88] MoQServerBase::ClientSetup
relay-1        | V0929 00:52:18.324464     8 MoQServerBase.cpp:93] MoQServerBase::ClientSetup: Using ALPN-negotiated version: moqt-18
relay-1        | V0929 00:52:18.324470     8 MoQSession.cpp:3272] Negotiated Version=0xff000012 (draft-18)
test-client-1  | [2m2026-09-29T00:52:18.324467Z[0m [32m INFO[0m [2mmoq_test_client::scenarios[0m[2m:[0m Subscriber subscribing BEFORE PUBLISH_NAMESPACE: moq-test/interop/test-track
relay-1        | V0929 00:52:18.324730     8 MoQSession.cpp:6913] onNewBidiStream sess=0x7fb07c059120
relay-1        | V0929 00:52:18.324769     8 MoQSession.cpp:3407] controlReadLoop sess=0x7fb07c059120
test-client-1  | [2m2026-09-29T00:52:18.324965Z[0m [33m WARN[0m [2mmoq_transport::serve::error[0m[2m:[0m [6a8cc12e-3e25-4d43-9a5c-1856bcc8f722] Not found: no such namespace or track at moq-transport/src/session/subscriber.rs:1653
relay-1        | V0929 00:52:18.324782     8 MoQSession.cpp:4292] onSubscribeImpl ftn=moq-test/interop/test-track sess=0x7fb07c059120
relay-1        | V0929 00:52:18.324807     8 MoQSession.cpp:4434] Application subscribe error err=no such namespace or track
relay-1        | V0929 00:52:18.324812     8 MoQSession.cpp:6304] subscribeError sess=0x7fb07c059120
relay-1        | V0929 00:52:18.324823     8 MoQSession.cpp:6570] publisherDrained id=0 sess=0x7fb07c059120
relay-1        | E20260929 00:52:18.325137     8 HQControlCodec.h:58] Unexpected control stream EOF
relay-1        | E20260929 00:52:18.325179     8 HQSession.cpp:3170] Got error on control stream error=HTTP: Critical stream was closed streamID=2 sess=proto=h3, UA=, client CID=bd6fc72045c61e72, server CID=400000004f433b1c, downstream=[::ffff:172.18.0.3]:43793, [::]:4443=local, drain=none
relay-1        | E0929 00:52:18.325241     8 MoQServer.h:194] proxygen::HTTPException: Got error=ApplicationError: 260, HTTP error on control stream
relay-1        | V0929 00:52:18.325253     8 MoQSession.cpp:7333] onSessionEnderr=4294967295 sess=0x7fb07c059120
test-client-1  | [2m2026-09-29T00:52:18.325444Z[0m [33m WARN[0m [2mweb_transport_quinn::session[0m[2m:[0m failed to read capsule [3me[0m[2m=[0mUnexpectedEnd
relay-1        | V0929 00:52:18.325257     8 MoQSession.cpp:2974] close sess=0x7fb07c059120
relay-1        | V0929 00:52:18.325263     8 MoQSession.cpp:2652] requestCancellation from cleanup sess=0x7fb07c059120
relay-1        | V0929 00:52:18.325272     8 MoQSession.cpp:2991] requestCancellation from close sess=0x7fb07c059120
relay-1        | V0929 00:52:18.325369     8 MoQSession.cpp:3410] exit controlReadLoop sess=0x7fb07c059120
relay-1        | V0929 00:52:18.325389     8 MoQSession.cpp:3410] exit controlReadLoop sess=0x7fb07c059120
relay-1        | V0929 00:52:18.325416     8 MoQSession.cpp:3000] exit controlWriteLoop sess=0x7fb07c059120
relay-1        | V0929 00:52:18.331596     8 MoQSession.cpp:2597] ~MoQSession sess=0x7fb07c07b9e0
relay-1        | V0929 00:52:18.331642     8 MoQSession.cpp:2597] ~MoQSession sess=0x7fb07c063390
relay-1        | V0929 00:52:18.331705     8 MoQSession.cpp:2597] ~MoQSession sess=0x7fb07c059120
test-client-1  | [2m2026-09-29T00:52:18.826731Z[0m [32m INFO[0m [2mmoq_native_ietf::quic[0m[2m:[0m UDP socket bound [3mbind[0m[2m=[0m[::]:0 [3mlocal[0m[2m=[0m[::]:60155 [3mdual_stack[0m[2m=[0mtrue
relay-1        | V0929 00:52:18.829625     8 MoQServer.cpp:331] MoQServer WebTransport: supported protocols: moqt-18, moqt-16, moqt-15, moq-00
relay-1        | V0929 00:52:18.829656     8 MoQServer.cpp:341] WebTransport: Negotiated protocol: moqt-18
relay-1        | V0929 00:52:18.829810     8 MoQSession.cpp:2698] start sess=0x7fb07c050600
relay-1        | V0929 00:52:18.829842     8 MoQSession.cpp:3042] sendSetup sess=0x7fb07c050600
relay-1        | V0929 00:52:18.829975     8 MoQSession.cpp:2998] controlWriteLoop sess=0x7fb07c050600
relay-1        | V0929 00:52:18.830132     8 MoQSession.cpp:6883] onNewUniStream sess=0x7fb07c050600
relay-1        | V0929 00:52:18.830158     8 MoQSession.cpp:3407] controlReadLoop sess=0x7fb07c050600
relay-1        | V0929 00:52:18.830167     8 MoQSession.cpp:3194] onClientSetup sess=0x7fb07c050600
relay-1        | V0929 00:52:18.830172     8 MoQServerBase.cpp:88] MoQServerBase::ClientSetup
relay-1        | V0929 00:52:18.830176     8 MoQServerBase.cpp:93] MoQServerBase::ClientSetup: Using ALPN-negotiated version: moqt-18
relay-1        | V0929 00:52:18.830181     8 MoQSession.cpp:3272] Negotiated Version=0xff000012 (draft-18)
test-client-1  | [2m2026-09-29T00:52:18.830254Z[0m [32m INFO[0m [2mmoq_test_client::scenarios[0m[2m:[0m Publisher sending PUBLISH_NAMESPACE (after subscriber): moq-test/interop
relay-1        | V0929 00:52:18.830439     8 MoQSession.cpp:6913] onNewBidiStream sess=0x7fb07c050600
relay-1        | V0929 00:52:18.830632     8 MoQSession.cpp:3407] controlReadLoop sess=0x7fb07c050600
relay-1        | V0929 00:52:18.830651     8 MoQRelaySession.cpp:1149] onPublishNamespaceImpl ns=moq-test/interop sess=0x7fb07c050600
relay-1        | V0929 00:52:18.830692     8 MoQRelay.cpp:134] publishNamespace ns=moq-test/interop
relay-1        | V0929 00:52:18.830702     8 MoQRelaySession.cpp:1242] publishNamespaceOk reqID=0 sess=0x7fb07c050600
test-client-1  | ok 5 - subscribe-before-publish-namespace
relay-1        | E20260929 00:52:21.832587     8 HQControlCodec.h:58] Unexpected control stream EOF
test-client-1  |   ---
test-client-1  |   duration_ms: 3512
test-client-1  |   subscriber_connection_id: bf59a6a5e79e25ea50e3739b8441a64d
test-client-1  |   publisher_connection_id: e83798a9e2bf14991200f8feef552b90
test-client-1  |   ...
test-client-1  | [2m2026-09-29T00:52:21.832441Z[0m [32m INFO[0m [2mmoq_test_client::scenarios[0m[2m:[0m Publisher PUBLISH_NAMESPACE timeout (expected)
test-client-1  | [2m2026-09-29T00:52:21.832467Z[0m [32m INFO[0m [2mmoq_test_client::scenarios[0m[2m:[0m Subscriber got error: not found: Track not found [error:6a8cc12e-3e25-4d43-9a5c-1856bcc8f722] (may be expected)
test-client-1  | [2m2026-09-29T00:52:21.833133Z[0m [33m WARN[0m [2mweb_transport_quinn::session[0m[2m:[0m failed to read capsule [3me[0m[2m=[0mUnexpectedEnd
relay-1        | E20260929 00:52:21.832721     8 HQSession.cpp:3170] Got error on control stream error=HTTP: Critical stream was closed streamID=2 sess=proto=h3, UA=, client CID=01c3c0965936d9b1, server CID=400000121140c65d, downstream=[::ffff:172.18.0.3]:60155, [::]:4443=local, drain=none
relay-1        | E0929 00:52:21.832843     8 MoQServer.h:194] proxygen::HTTPException: Got error=ApplicationError: 260, HTTP error on control stream
relay-1        | V0929 00:52:21.832865     8 MoQSession.cpp:7333] onSessionEnderr=4294967295 sess=0x7fb07c050600
relay-1        | V0929 00:52:21.832871     8 MoQSession.cpp:2974] close sess=0x7fb07c050600
relay-1        | V0929 00:52:21.832883     8 MoQRelay.cpp:310] publishNamespaceDone ns=moq-test/interop
relay-1        | V0929 00:52:21.832896     8 MoQRelay.cpp:303] Pruning empty subtree at: moq-test
relay-1        | V0929 00:52:21.832907     8 MoQSession.cpp:2652] requestCancellation from cleanup sess=0x7fb07c050600
relay-1        | V0929 00:52:21.832927     8 BidiStreamControl.cpp:37] STOP_SENDING received on bidi stream id=4 code=386759528
relay-1        | V0929 00:52:21.832940     8 MoQSession.cpp:2991] requestCancellation from close sess=0x7fb07c050600
relay-1        | V0929 00:52:21.833075     8 MoQSession.cpp:3410] exit controlReadLoop sess=0x7fb07c050600
relay-1        | V0929 00:52:21.833098     8 MoQSession.cpp:3410] exit controlReadLoop sess=0x7fb07c050600
relay-1        | V0929 00:52:21.833141     8 MoQSession.cpp:3000] exit controlWriteLoop sess=0x7fb07c050600
test-client-1  | [2m2026-09-29T00:52:21.833831Z[0m [32m INFO[0m [2mmoq_native_ietf::quic[0m[2m:[0m UDP socket bound [3mbind[0m[2m=[0m[::]:0 [3mlocal[0m[2m=[0m[::]:50491 [3mdual_stack[0m[2m=[0mtrue
relay-1        | V0929 00:52:21.835982     8 MoQServer.cpp:331] MoQServer WebTransport: supported protocols: moqt-18, moqt-16, moqt-15, moq-00
relay-1        | V0929 00:52:21.836002     8 MoQServer.cpp:341] WebTransport: Negotiated protocol: moqt-18
relay-1        | V0929 00:52:21.836118     8 MoQSession.cpp:2698] start sess=0x7fb07c05e860
relay-1        | V0929 00:52:21.836147     8 MoQSession.cpp:3042] sendSetup sess=0x7fb07c05e860
relay-1        | V0929 00:52:21.836229     8 MoQSession.cpp:2998] controlWriteLoop sess=0x7fb07c05e860
relay-1        | V0929 00:52:21.836619     8 MoQSession.cpp:6883] onNewUniStream sess=0x7fb07c05e860
relay-1        | V0929 00:52:21.836655     8 MoQSession.cpp:3407] controlReadLoop sess=0x7fb07c05e860
test-client-1  | [2m2026-09-29T00:52:21.836609Z[0m [32m INFO[0m [2mmoq_test_client::scenarios[0m[2m:[0m Sending PUBLISH_NAMESPACE: moq-test/interop
relay-1        | V0929 00:52:21.836663     8 MoQSession.cpp:3194] onClientSetup sess=0x7fb07c05e860
relay-1        | V0929 00:52:21.836668     8 MoQServerBase.cpp:88] MoQServerBase::ClientSetup
relay-1        | V0929 00:52:21.836693     8 MoQServerBase.cpp:93] MoQServerBase::ClientSetup: Using ALPN-negotiated version: moqt-18
relay-1        | V0929 00:52:21.836699     8 MoQSession.cpp:3272] Negotiated Version=0xff000012 (draft-18)
relay-1        | V0929 00:52:21.836806     8 MoQSession.cpp:6913] onNewBidiStream sess=0x7fb07c05e860
relay-1        | V0929 00:52:21.836845     8 MoQSession.cpp:3407] controlReadLoop sess=0x7fb07c05e860
relay-1        | V0929 00:52:21.836866     8 MoQRelaySession.cpp:1149] onPublishNamespaceImpl ns=moq-test/interop sess=0x7fb07c05e860
relay-1        | V0929 00:52:21.836883     8 MoQRelay.cpp:134] publishNamespace ns=moq-test/interop
relay-1        | V0929 00:52:21.836907     8 MoQRelaySession.cpp:1242] publishNamespaceOk reqID=0 sess=0x7fb07c05e860
relay-1        | V0929 00:52:21.912699     8 MoQSession.cpp:2597] ~MoQSession sess=0x7fb07c050600
test-client-1  | [2m2026-09-29T00:52:23.838050Z[0m [32m INFO[0m [2mmoq_test_client::scenarios[0m[2m:[0m PUBLISH_NAMESPACE active; sending PUBLISH_NAMESPACE_DONE
relay-1        | V0929 00:52:23.838222     8 MoQRelaySession.cpp:1310] onPublishNamespaceDone requestID=0 sess=0x7fb07c05e860
relay-1        | V0929 00:52:23.838249     8 MoQRelay.cpp:310] publishNamespaceDone ns=moq-test/interop
relay-1        | V0929 00:52:23.838259     8 MoQRelay.cpp:303] Pruning empty subtree at: moq-test
relay-1        | V0929 00:52:23.838272     8 MoQSession.cpp:3410] exit controlReadLoop sess=0x7fb07c05e860
relay-1        | V0929 00:52:23.838286     8 MoQSession.cpp:3410] exit controlReadLoop sess=0x7fb07c05e860
relay-1        | E20260929 00:52:23.939301     8 HQControlCodec.h:58] Unexpected control stream EOF
relay-1        | E20260929 00:52:23.939379     8 HQSession.cpp:3170] Got error on control stream error=HTTP: Critical stream was closed streamID=2 sess=proto=h3, UA=, client CID=1d2778eda4de9c3b, server CID=4000001ef9e4e50e, downstream=[::ffff:172.18.0.3]:50491, [::]:4443=local, drain=none
test-client-1  | ok 6 - publish-namespace-done
test-client-1  |   ---
test-client-1  |   duration_ms: 2106
test-client-1  |   connection_id: d8a37aeb0580710dd5ac175560bf43ac
test-client-1  |   ...
relay-1        | E0929 00:52:23.939455     8 MoQServer.h:194] proxygen::HTTPException: Got error=ApplicationError: 260, HTTP error on control stream
test-client-1  | [2m2026-09-29T00:52:23.938957Z[0m [32m INFO[0m [2mmoq_test_client::scenarios[0m[2m:[0m PUBLISH_NAMESPACE_DONE sent successfully
relay-1        | V0929 00:52:23.939475     8 MoQSession.cpp:7333] onSessionEnderr=4294967295 sess=0x7fb07c05e860
relay-1        | V0929 00:52:23.939479     8 MoQSession.cpp:2974] close sess=0x7fb07c05e860
relay-1        | V0929 00:52:23.939489     8 MoQSession.cpp:2652] requestCancellation from cleanup sess=0x7fb07c05e860
relay-1        | V0929 00:52:23.939509     8 MoQSession.cpp:2991] requestCancellation from close sess=0x7fb07c05e860
relay-1        | V0929 00:52:23.939641     8 MoQSession.cpp:3000] exit controlWriteLoop sess=0x7fb07c05e860
test-client-1  | [2m2026-09-29T00:52:23.939890Z[0m [33m WARN[0m [2mweb_transport_quinn::session[0m[2m:[0m failed to read capsule [3me[0m[2m=[0mUnexpectedEnd
test-client-1  | [2m2026-09-29T00:52:23.940277Z[0m [32m INFO[0m [2mmoq_native_ietf::quic[0m[2m:[0m UDP socket bound [3mbind[0m[2m=[0m[::]:0 [3mlocal[0m[2m=[0m[::]:45331 [3mdual_stack[0m[2m=[0mtrue
relay-1        | V0929 00:52:23.942685     8 MoQServer.cpp:331] MoQServer WebTransport: supported protocols: moqt-18, moqt-16, moqt-15, moq-00
relay-1        | V0929 00:52:23.942708     8 MoQServer.cpp:341] WebTransport: Negotiated protocol: moqt-18
relay-1        | V0929 00:52:23.942833     8 MoQSession.cpp:2698] start sess=0x7fb07c0355d0
relay-1        | V0929 00:52:23.942857     8 MoQSession.cpp:3042] sendSetup sess=0x7fb07c0355d0
relay-1        | V0929 00:52:23.942987     8 MoQSession.cpp:2998] controlWriteLoop sess=0x7fb07c0355d0
relay-1        | V0929 00:52:23.943155     8 MoQSession.cpp:6883] onNewUniStream sess=0x7fb07c0355d0
relay-1        | V0929 00:52:23.943233     8 MoQSession.cpp:3407] controlReadLoop sess=0x7fb07c0355d0
relay-1        | V0929 00:52:23.943367     8 MoQSession.cpp:3194] onClientSetup sess=0x7fb07c0355d0
relay-1        | V0929 00:52:23.943389     8 MoQServerBase.cpp:88] MoQServerBase::ClientSetup
relay-1        | V0929 00:52:23.943412     8 MoQServerBase.cpp:93] MoQServerBase::ClientSetup: Using ALPN-negotiated version: moqt-18
relay-1        | V0929 00:52:23.943418     8 MoQSession.cpp:3272] Negotiated Version=0xff000012 (draft-18)
test-client-1  | [2m2026-09-29T00:52:23.943374Z[0m [32m INFO[0m [2mmoq_test_client::scenarios[0m[2m:[0m Publisher sending direct PUBLISH [3mnamespace[0m[2m=[0m/moq-test/publish [3mtrack[0m[2m=[0m"published-track"
relay-1        | V0929 00:52:23.943645     8 MoQSession.cpp:6913] onNewBidiStream sess=0x7fb07c0355d0
relay-1        | V0929 00:52:23.943683     8 MoQSession.cpp:3407] controlReadLoop sess=0x7fb07c0355d0
relay-1        | V0929 00:52:23.943702     8 MoQSession.cpp:4988] onPublishImpl reqID=0 sess=0x7fb07c0355d0
relay-1        | V0929 00:52:23.943743     8 MoQRelay.cpp:422] publish ftn=moq-test/publish/published-track
relay-1        | E0929 00:52:23.943751     8 MoQRelay.cpp:82] prefix not found in tree
relay-1        | V0929 00:52:23.943769     8 MoQSession.cpp:6104] publishOk reqID=0 sess=0x7fb07c0355d0
test-client-1  | [2m2026-09-29T00:52:23.943936Z[0m [32m INFO[0m [2mmoq_test_client::scenarios[0m[2m:[0m PUBLISH accepted [3mnamespace[0m[2m=[0m/moq-test/publish [3mtrack[0m[2m=[0m"published-track"
test-client-1  | [2m2026-09-29T00:52:23.944045Z[0m [32m INFO[0m [2mmoq_test_client::scenarios[0m[2m:[0m PUBLISH completed [3mnamespace[0m[2m=[0m/moq-test/publish [3mtrack[0m[2m=[0m"published-track"
test-client-1  | ok 7 - publish-track-only
test-client-1  |   ---
test-client-1  |   duration_ms: 5
test-client-1  |   connection_id: fe67b4011d8a371936cd35a15f7f64d4
test-client-1  |   ...
relay-1        | V0929 00:52:23.944115     8 MoQSession.cpp:5142] PublishDone id=0 code=2 reason=publish ended
relay-1        | V0929 00:52:23.944129     8 MoQSession.cpp:2232] processPublishDone trackReceiveState=0x7fb07c00a060
relay-1        | V0929 00:52:23.944135     8 MoQRelay.cpp:383] onPublishDoneImpl ftn=moq-test/publish/published-track
relay-1        | V0929 00:52:23.944204     8 MoQRelay.cpp:303] Pruning empty subtree at: moq-test
relay-1        | V0929 00:52:23.944217     8 MoQRelay.cpp:412] Publisher terminated with no subscribers, cleaning up moq-test/publish/published-track
relay-1        | V0929 00:52:23.944223     8 MoQForwarder.cpp:610] publishDone pubDone reason=publish ended
relay-1        | V0929 00:52:23.944232     8 MoQSession.cpp:3410] exit controlReadLoop sess=0x7fb07c0355d0
relay-1        | E20260929 00:52:23.944327     8 HQControlCodec.h:58] Unexpected control stream EOF
relay-1        | E20260929 00:52:23.944376     8 HQSession.cpp:3170] Got error on control stream error=HTTP: Critical stream was closed streamID=2 sess=proto=h3, UA=, client CID=7df2ac2c24df6c1e, server CID=4000001d67c9b48c, downstream=[::ffff:172.18.0.3]:45331, [::]:4443=local, drain=none
relay-1        | E0929 00:52:23.944496     8 MoQServer.h:194] proxygen::HTTPException: Got error=ApplicationError: 260, HTTP error on control stream
relay-1        | V0929 00:52:23.944507     8 MoQSession.cpp:7333] onSessionEnderr=4294967295 sess=0x7fb07c0355d0
test-client-1  | [2m2026-09-29T00:52:23.944629Z[0m [33m WARN[0m [2mweb_transport_quinn::session[0m[2m:[0m failed to read capsule [3me[0m[2m=[0mUnexpectedEnd
relay-1        | V0929 00:52:23.944510     8 MoQSession.cpp:2974] close sess=0x7fb07c0355d0
relay-1        | V0929 00:52:23.944517     8 MoQSession.cpp:2652] requestCancellation from cleanup sess=0x7fb07c0355d0
relay-1        | V0929 00:52:23.944530     8 MoQSession.cpp:2991] requestCancellation from close sess=0x7fb07c0355d0
relay-1        | V0929 00:52:23.944598     8 MoQSession.cpp:3410] exit controlReadLoop sess=0x7fb07c0355d0
relay-1        | V0929 00:52:23.944621     8 MoQSession.cpp:3000] exit controlWriteLoop sess=0x7fb07c0355d0
test-client-1  | [2m2026-09-29T00:52:23.945289Z[0m [32m INFO[0m [2mmoq_native_ietf::quic[0m[2m:[0m UDP socket bound [3mbind[0m[2m=[0m[::]:0 [3mlocal[0m[2m=[0m[::]:42798 [3mdual_stack[0m[2m=[0mtrue
relay-1        | V0929 00:52:23.947240     8 MoQServer.cpp:331] MoQServer WebTransport: supported protocols: moqt-18, moqt-16, moqt-15, moq-00
relay-1        | V0929 00:52:23.947256     8 MoQServer.cpp:341] WebTransport: Negotiated protocol: moqt-18
relay-1        | V0929 00:52:23.947375     8 MoQSession.cpp:2698] start sess=0x7fb07c080290
relay-1        | V0929 00:52:23.947405     8 MoQSession.cpp:3042] sendSetup sess=0x7fb07c080290
relay-1        | V0929 00:52:23.947484     8 MoQSession.cpp:2998] controlWriteLoop sess=0x7fb07c080290
relay-1        | V0929 00:52:23.948422     8 MoQSession.cpp:6883] onNewUniStream sess=0x7fb07c080290
relay-1        | V0929 00:52:23.948455     8 MoQSession.cpp:3407] controlReadLoop sess=0x7fb07c080290
relay-1        | V0929 00:52:23.948466     8 MoQSession.cpp:3194] onClientSetup sess=0x7fb07c080290
relay-1        | V0929 00:52:23.948470     8 MoQServerBase.cpp:88] MoQServerBase::ClientSetup
relay-1        | V0929 00:52:23.948474     8 MoQServerBase.cpp:93] MoQServerBase::ClientSetup: Using ALPN-negotiated version: moqt-18
relay-1        | V0929 00:52:23.948479     8 MoQSession.cpp:3272] Negotiated Version=0xff000012 (draft-18)
test-client-1  | [2m2026-09-29T00:52:23.948622Z[0m [32m INFO[0m [2mmoq_native_ietf::quic[0m[2m:[0m UDP socket bound [3mbind[0m[2m=[0m[::]:0 [3mlocal[0m[2m=[0m[::]:50153 [3mdual_stack[0m[2m=[0mtrue
relay-1        | V0929 00:52:23.950159     8 MoQSession.cpp:2597] ~MoQSession sess=0x7fb07c05e860
relay-1        | V0929 00:52:23.950207     8 MoQSession.cpp:2597] ~MoQSession sess=0x7fb07c0355d0
relay-1        | V0929 00:52:23.951108     8 MoQServer.cpp:331] MoQServer WebTransport: supported protocols: moqt-18, moqt-16, moqt-15, moq-00
relay-1        | V0929 00:52:23.951123     8 MoQServer.cpp:341] WebTransport: Negotiated protocol: moqt-18
relay-1        | V0929 00:52:23.951316     8 MoQSession.cpp:2698] start sess=0x7fb07c05a140
relay-1        | V0929 00:52:23.951357     8 MoQSession.cpp:3042] sendSetup sess=0x7fb07c05a140
relay-1        | V0929 00:52:23.951592     8 MoQSession.cpp:2998] controlWriteLoop sess=0x7fb07c05a140
relay-1        | V0929 00:52:23.951811     8 MoQSession.cpp:6883] onNewUniStream sess=0x7fb07c05a140
relay-1        | V0929 00:52:23.951923     8 MoQSession.cpp:3407] controlReadLoop sess=0x7fb07c05a140
test-client-1  | [2m2026-09-29T00:52:23.952018Z[0m [32m INFO[0m [2mmoq_test_client::scenarios[0m[2m:[0m Publisher sending direct PUBLISH before subscriber subscribes [3mnamespace[0m[2m=[0m/moq-test/publish [3mtrack[0m[2m=[0m"published-track"
relay-1        | V0929 00:52:23.951969     8 MoQSession.cpp:3194] onClientSetup sess=0x7fb07c05a140
relay-1        | V0929 00:52:23.952951     8 MoQServerBase.cpp:88] MoQServerBase::ClientSetup
relay-1        | V0929 00:52:23.952963     8 MoQServerBase.cpp:93] MoQServerBase::ClientSetup: Using ALPN-negotiated version: moqt-18
relay-1        | V0929 00:52:23.952970     8 MoQSession.cpp:3272] Negotiated Version=0xff000012 (draft-18)
relay-1        | V0929 00:52:23.953064     8 MoQSession.cpp:6913] onNewBidiStream sess=0x7fb07c080290
relay-1        | V0929 00:52:23.953102     8 MoQSession.cpp:3407] controlReadLoop sess=0x7fb07c080290
relay-1        | V0929 00:52:23.953117     8 MoQSession.cpp:4988] onPublishImpl reqID=0 sess=0x7fb07c080290
relay-1        | V0929 00:52:23.953132     8 MoQRelay.cpp:422] publish ftn=moq-test/publish/published-track
relay-1        | E0929 00:52:23.953138     8 MoQRelay.cpp:82] prefix not found in tree
relay-1        | V0929 00:52:23.953149     8 MoQSession.cpp:6104] publishOk reqID=0 sess=0x7fb07c080290
test-client-1  | [2m2026-09-29T00:52:23.953293Z[0m [32m INFO[0m [2mmoq_test_client::scenarios[0m[2m:[0m PUBLISH accepted; starting subscriber [3mnamespace[0m[2m=[0m/moq-test/publish [3mtrack[0m[2m=[0m"published-track"
relay-1        | V0929 00:52:23.953483     8 MoQSession.cpp:6913] onNewBidiStream sess=0x7fb07c05a140
relay-1        | V0929 00:52:23.953619     8 MoQSession.cpp:3407] controlReadLoop sess=0x7fb07c05a140
relay-1        | V0929 00:52:23.953637     8 MoQSession.cpp:4292] onSubscribeImpl ftn=moq-test/publish/published-track sess=0x7fb07c05a140
relay-1        | V0929 00:52:23.953653     8 MoQLocation.h:24] m=AbsoluteStart g=0 o=0
relay-1        | V0929 00:52:23.953686     8 MoQLocation.h:59] g=0 o=0 g=4611686018427387903 o=4611686018427387903
relay-1        | I0929 00:52:23.953694     8 MoQRelay.cpp:1975] Updating forward for moq-test/publish/published-track numForwardingSubs=1
relay-1        | V0929 00:52:23.953703     8 MoQSession.cpp:6286] sendSubscribeOk sess=0x7fb07c05a140
relay-1        | V0929 00:52:23.953811     8 MoQSession.cpp:6600] requestUpdate sess=0x7fb07c080290
test-client-1  | [2m2026-09-29T00:52:23.954023Z[0m [33m WARN[0m [2mmoq_transport::session[0m[2m:[0m unexpected bidi response message type [3mmsg_type[0m[2m=[0m2
test-client-1  | [2m2026-09-29T00:52:23.954034Z[0m [33m WARN[0m [2mmoq_transport::serve::error[0m[2m:[0m [794fa21d-428c-4bcf-94c2-e7fc78eb9f97] Not implemented: bidi response type 0x2 at moq-transport/src/session/error.rs:89
relay-1        | V0929 00:52:23.954165     8 MoQSession.cpp:3523] Failing pending request id=1 peer FINed without terminal reply sess=0x7fb07c080290
relay-1        | V0929 00:52:23.954184     8 MoQSession.cpp:3410] exit controlReadLoop sess=0x7fb07c080290
relay-1        | E0929 00:52:23.954195     8 MoQRelay.cpp:36] requestUpdate failed: peer FINed without terminal reply
test-client-1  | not ok 8 - publish-track-subscribe
test-client-1  |   ---
test-client-1  |   duration_ms: 110
test-client-1  |   message: "failed serving PUBLISH track: serve error: cancelled: cancelled"
test-client-1  |   ...
relay-1        | E20260929 00:52:24.054749     8 HQControlCodec.h:58] Unexpected control stream EOF
relay-1        | E20260929 00:52:24.054816     8 HQSession.cpp:3170] Got error on control stream error=HTTP: Critical stream was closed streamID=2 sess=proto=h3, UA=, client CID=26f259eab46921b1, server CID=4000001fbb9f42ed, downstream=[::ffff:172.18.0.3]:42798, [::]:4443=local, drain=none
test-client-1  | [2m2026-09-29T00:52:24.055267Z[0m [33m WARN[0m [2mweb_transport_quinn::session[0m[2m:[0m failed to read capsule [3me[0m[2m=[0mUnexpectedEnd
test-client-1  | [2m2026-09-29T00:52:24.055324Z[0m [33m WARN[0m [2mweb_transport_quinn::session[0m[2m:[0m failed to read capsule [3me[0m[2m=[0mUnexpectedEnd
relay-1        | E20260929 00:52:24.054872     8 HQControlCodec.h:58] Unexpected control stream EOF
relay-1        | E20260929 00:52:24.054896     8 HQSession.cpp:3170] Got error on control stream error=HTTP: Critical stream was closed streamID=2 sess=proto=h3, UA=, client CID=c0481429a234a435, server CID=4000001a4420d035, downstream=[::ffff:172.18.0.3]:50153, [::]:4443=local, drain=none
relay-1        | E0929 00:52:24.054977     8 MoQServer.h:194] proxygen::HTTPException: Got error=ApplicationError: 260, HTTP error on control stream
relay-1        | V0929 00:52:24.054992     8 MoQSession.cpp:7333] onSessionEnderr=4294967295 sess=0x7fb07c080290
relay-1        | V0929 00:52:24.054997     8 MoQSession.cpp:2974] close sess=0x7fb07c080290
relay-1        | V0929 00:52:24.055007     8 MoQSession.cpp:2203] subscribeError trackReceiveState=0x7fb07c07b350
relay-1        | V0929 00:52:24.055011     8 MoQSession.cpp:2232] processPublishDone trackReceiveState=0x7fb07c07b350
relay-1        | V0929 00:52:24.055017     8 MoQRelay.cpp:383] onPublishDoneImpl ftn=moq-test/publish/published-track
relay-1        | V0929 00:52:24.055025     8 MoQRelay.cpp:303] Pruning empty subtree at: moq-test
relay-1        | V0929 00:52:24.055033     8 MoQForwarder.cpp:610] publishDone pubDone reason=closed locally
relay-1        | V0929 00:52:24.055038     8 MoQForwarder.cpp:308] drainSubscriber from publishDone session=47
relay-1        | V0929 00:52:24.055042     8 MoQSession.cpp:6399] sendPublishDone sess=0x7fb07c05a140
relay-1        | V0929 00:52:24.055061     8 MoQSession.cpp:6570] publisherDrained id=0 sess=0x7fb07c05a140
relay-1        | V0929 00:52:24.055066     8 MoQForwarder.cpp:372] Resetting open subgroups for subscriber=0x7fb07c046e20
relay-1        | V0929 00:52:24.055070     8 MoQForwarder.cpp:391] subscribers_.size()=0
relay-1        | I0929 00:52:24.055077     8 MoQRelay.cpp:1938] Publisher terminated for moq-test/publish/published-track
relay-1        | V0929 00:52:24.055084     8 MoQSession.cpp:2187] cancel alias=0 requestID=0
relay-1        | V0929 00:52:24.055089     8 MoQSession.cpp:2652] requestCancellation from cleanup sess=0x7fb07c080290
relay-1        | V0929 00:52:24.055107     8 MoQSession.cpp:2991] requestCancellation from close sess=0x7fb07c080290
relay-1        | E0929 00:52:24.055217     8 MoQServer.h:194] proxygen::HTTPException: Got error=ApplicationError: 260, HTTP error on control stream
relay-1        | V0929 00:52:24.055223     8 MoQSession.cpp:7333] onSessionEnderr=4294967295 sess=0x7fb07c05a140
relay-1        | V0929 00:52:24.055227     8 MoQSession.cpp:2974] close sess=0x7fb07c05a140
relay-1        | V0929 00:52:24.055233     8 MoQSession.cpp:2652] requestCancellation from cleanup sess=0x7fb07c05a140
relay-1        | V0929 00:52:24.055241     8 MoQSession.cpp:2991] requestCancellation from close sess=0x7fb07c05a140
relay-1        | V0929 00:52:24.055323     8 MoQSession.cpp:3410] exit controlReadLoop sess=0x7fb07c080290
relay-1        | V0929 00:52:24.055334     8 MoQSession.cpp:3410] exit controlReadLoop sess=0x7fb07c05a140
relay-1        | V0929 00:52:24.055341     8 MoQSession.cpp:3410] exit controlReadLoop sess=0x7fb07c05a140
relay-1        | V0929 00:52:24.055372     8 MoQSession.cpp:3000] exit controlWriteLoop sess=0x7fb07c080290
relay-1        | V0929 00:52:24.055380     8 MoQSession.cpp:2597] ~MoQSession sess=0x7fb07c080290
relay-1        | V0929 00:52:24.055395     8 MoQSession.cpp:3000] exit controlWriteLoop sess=0x7fb07c05a140
test-client-1  | [2m2026-09-29T00:52:24.055858Z[0m [32m INFO[0m [2mmoq_native_ietf::quic[0m[2m:[0m UDP socket bound [3mbind[0m[2m=[0m[::]:0 [3mlocal[0m[2m=[0m[::]:42224 [3mdual_stack[0m[2m=[0mtrue
relay-1        | V0929 00:52:24.057924     8 MoQServer.cpp:331] MoQServer WebTransport: supported protocols: moqt-18, moqt-16, moqt-15, moq-00
relay-1        | V0929 00:52:24.057941     8 MoQServer.cpp:341] WebTransport: Negotiated protocol: moqt-18
relay-1        | V0929 00:52:24.058056     8 MoQSession.cpp:2698] start sess=0x7fb07c050600
relay-1        | V0929 00:52:24.058086     8 MoQSession.cpp:3042] sendSetup sess=0x7fb07c050600
relay-1        | V0929 00:52:24.058162     8 MoQSession.cpp:2998] controlWriteLoop sess=0x7fb07c050600
test-client-1  | [2m2026-09-29T00:52:24.058482Z[0m [32m INFO[0m [2mmoq_test_client::scenarios[0m[2m:[0m Subscribing with RENDEZVOUS_TIMEOUT to a track with no publisher [3mtimeout_ms[0m[2m=[0m500
relay-1        | V0929 00:52:24.058489     8 MoQSession.cpp:6883] onNewUniStream sess=0x7fb07c050600
relay-1        | V0929 00:52:24.058519     8 MoQSession.cpp:3407] controlReadLoop sess=0x7fb07c050600
relay-1        | V0929 00:52:24.058527     8 MoQSession.cpp:3194] onClientSetup sess=0x7fb07c050600
relay-1        | V0929 00:52:24.058531     8 MoQServerBase.cpp:88] MoQServerBase::ClientSetup
relay-1        | V0929 00:52:24.058535     8 MoQServerBase.cpp:93] MoQServerBase::ClientSetup: Using ALPN-negotiated version: moqt-18
relay-1        | V0929 00:52:24.058541     8 MoQSession.cpp:3272] Negotiated Version=0xff000012 (draft-18)
relay-1        | V0929 00:52:24.058647     8 MoQSession.cpp:6913] onNewBidiStream sess=0x7fb07c050600
relay-1        | V0929 00:52:24.058742     8 MoQSession.cpp:3407] controlReadLoop sess=0x7fb07c050600
relay-1        | V0929 00:52:24.058758     8 MoQSession.cpp:4292] onSubscribeImpl ftn=nonexistent/rendezvous/test-track sess=0x7fb07c050600
relay-1        | V0929 00:52:24.135569     8 MoQSession.cpp:2597] ~MoQSession sess=0x7fb07c05a140
relay-1        | V0929 00:52:24.559265     8 MoQSession.cpp:4434] Application subscribe error err=rendezvous timeout expired
relay-1        | V0929 00:52:24.559291     8 MoQSession.cpp:6304] subscribeError sess=0x7fb07c050600
relay-1        | V0929 00:52:24.559323     8 MoQSession.cpp:6570] publisherDrained id=0 sess=0x7fb07c050600
test-client-1  | ok 9 - rendezvous-timeout
test-client-1  |   ---
test-client-1  |   duration_ms: 505
test-client-1  |   connection_id: 1f30ab3dec273013680950bf0f632c76
test-client-1  |   ...
test-client-1  | [2m2026-09-29T00:52:24.559801Z[0m [32m INFO[0m [2mmoq_test_client::scenarios[0m[2m:[0m Received expected REQUEST_ERROR TIMEOUT
test-client-1  | [2m2026-09-29T00:52:24.560252Z[0m [33m WARN[0m [2mweb_transport_quinn::session[0m[2m:[0m failed to read capsule [3me[0m[2m=[0mUnexpectedEnd
relay-1        | E20260929 00:52:24.559909     8 HQControlCodec.h:58] Unexpected control stream EOF
relay-1        | E20260929 00:52:24.559981     8 HQSession.cpp:3170] Got error on control stream error=HTTP: Critical stream was closed streamID=2 sess=proto=h3, UA=, client CID=7b85f7932c4d4441, server CID=4000000bc47062f8, downstream=[::ffff:172.18.0.3]:42224, [::]:4443=local, drain=none
relay-1        | E0929 00:52:24.560085     8 MoQServer.h:194] proxygen::HTTPException: Got error=ApplicationError: 260, HTTP error on control stream
relay-1        | V0929 00:52:24.560093     8 MoQSession.cpp:7333] onSessionEnderr=4294967295 sess=0x7fb07c050600
relay-1        | V0929 00:52:24.560096     8 MoQSession.cpp:2974] close sess=0x7fb07c050600
relay-1        | V0929 00:52:24.560103     8 MoQSession.cpp:2652] requestCancellation from cleanup sess=0x7fb07c050600
relay-1        | V0929 00:52:24.560114     8 MoQSession.cpp:2991] requestCancellation from close sess=0x7fb07c050600
relay-1        | V0929 00:52:24.560207     8 MoQSession.cpp:3410] exit controlReadLoop sess=0x7fb07c050600
relay-1        | V0929 00:52:24.560220     8 MoQSession.cpp:3410] exit controlReadLoop sess=0x7fb07c050600
relay-1        | V0929 00:52:24.560253     8 MoQSession.cpp:3000] exit controlWriteLoop sess=0x7fb07c050600
test-client-1  | [2m2026-09-29T00:52:24.561074Z[0m [32m INFO[0m [2mmoq_native_ietf::quic[0m[2m:[0m UDP socket bound [3mbind[0m[2m=[0m[::]:0 [3mlocal[0m[2m=[0m[::]:36187 [3mdual_stack[0m[2m=[0mtrue
relay-1        | V0929 00:52:24.563402     8 MoQServer.cpp:331] MoQServer WebTransport: supported protocols: moqt-18, moqt-16, moqt-15, moq-00
relay-1        | V0929 00:52:24.563423     8 MoQServer.cpp:341] WebTransport: Negotiated protocol: moqt-18
relay-1        | V0929 00:52:24.563545     8 MoQSession.cpp:2698] start sess=0x7fb07c05d1f0
relay-1        | V0929 00:52:24.563571     8 MoQSession.cpp:3042] sendSetup sess=0x7fb07c05d1f0
relay-1        | V0929 00:52:24.563696     8 MoQSession.cpp:2998] controlWriteLoop sess=0x7fb07c05d1f0
relay-1        | V0929 00:52:24.564025     8 MoQSession.cpp:6883] onNewUniStream sess=0x7fb07c05d1f0
relay-1        | V0929 00:52:24.564068     8 MoQSession.cpp:3407] controlReadLoop sess=0x7fb07c05d1f0
relay-1        | V0929 00:52:24.564076     8 MoQSession.cpp:3194] onClientSetup sess=0x7fb07c05d1f0
relay-1        | V0929 00:52:24.564080     8 MoQServerBase.cpp:88] MoQServerBase::ClientSetup
relay-1        | V0929 00:52:24.564084     8 MoQServerBase.cpp:93] MoQServerBase::ClientSetup: Using ALPN-negotiated version: moqt-18
relay-1        | V0929 00:52:24.564089     8 MoQSession.cpp:3272] Negotiated Version=0xff000012 (draft-18)
relay-1        | V0929 00:52:24.564227     8 MoQSession.cpp:6913] onNewBidiStream sess=0x7fb07c05d1f0
relay-1        | V0929 00:52:24.564265     8 MoQSession.cpp:3407] controlReadLoop sess=0x7fb07c05d1f0
relay-1        | V0929 00:52:24.564294     8 MoQSession.cpp:4292] onSubscribeImpl ftn=moq-test-00/0/0/0/2/4/5/64/32/2/1/1/0/-1/-1/0/moq-test-fb46ad8e84e002cd sess=0x7fb07c05d1f0
relay-1        | V0929 00:52:24.579497     8 MoQSession.cpp:2597] ~MoQSession sess=0x7fb07c050600
test-client-1  | [2m2026-09-29T00:52:24.765475Z[0m [32m INFO[0m [2mmoq_native_ietf::quic[0m[2m:[0m UDP socket bound [3mbind[0m[2m=[0m[::]:0 [3mlocal[0m[2m=[0m[::]:41743 [3mdual_stack[0m[2m=[0mtrue
relay-1        | V0929 00:52:24.767953     8 MoQServer.cpp:331] MoQServer WebTransport: supported protocols: moqt-18, moqt-16, moqt-15, moq-00
relay-1        | V0929 00:52:24.767978     8 MoQServer.cpp:341] WebTransport: Negotiated protocol: moqt-18
relay-1        | V0929 00:52:24.768091     8 MoQSession.cpp:2698] start sess=0x7fb07c05a140
relay-1        | V0929 00:52:24.768118     8 MoQSession.cpp:3042] sendSetup sess=0x7fb07c05a140
relay-1        | V0929 00:52:24.768179     8 MoQSession.cpp:2998] controlWriteLoop sess=0x7fb07c05a140
relay-1        | V0929 00:52:24.768531     8 MoQSession.cpp:6883] onNewUniStream sess=0x7fb07c05a140
relay-1        | V0929 00:52:24.768569     8 MoQSession.cpp:3407] controlReadLoop sess=0x7fb07c05a140
relay-1        | V0929 00:52:24.768579     8 MoQSession.cpp:3194] onClientSetup sess=0x7fb07c05a140
relay-1        | V0929 00:52:24.768613     8 MoQServerBase.cpp:88] MoQServerBase::ClientSetup
relay-1        | V0929 00:52:24.768618     8 MoQServerBase.cpp:93] MoQServerBase::ClientSetup: Using ALPN-negotiated version: moqt-18
relay-1        | V0929 00:52:24.768624     8 MoQSession.cpp:3272] Negotiated Version=0xff000012 (draft-18)
relay-1        | V0929 00:52:24.768701     8 MoQSession.cpp:6913] onNewBidiStream sess=0x7fb07c05a140
relay-1        | V0929 00:52:24.768763     8 MoQSession.cpp:3407] controlReadLoop sess=0x7fb07c05a140
relay-1        | V0929 00:52:24.768786     8 MoQSession.cpp:4988] onPublishImpl reqID=0 sess=0x7fb07c05a140
relay-1        | V0929 00:52:24.768802     8 MoQRelay.cpp:422] publish ftn=moq-test-00/0/0/0/2/4/5/64/32/2/1/1/0/-1/-1/0/moq-test-fb46ad8e84e002cd
relay-1        | E0929 00:52:24.768817     8 MoQRelay.cpp:82] prefix not found in tree
relay-1        | V0929 00:52:24.768844     8 MoQSession.cpp:6104] publishOk reqID=0 sess=0x7fb07c05a140
relay-1        | V0929 00:52:24.768946     8 MoQLocation.h:24] m=AbsoluteStart g=0 o=0
relay-1        | V0929 00:52:24.768958     8 MoQLocation.h:59] g=0 o=0 g=4611686018427387903 o=4611686018427387903
relay-1        | I0929 00:52:24.768967     8 MoQRelay.cpp:1975] Updating forward for moq-test-00/0/0/0/2/4/5/64/32/2/1/1/0/-1/-1/0/moq-test-fb46ad8e84e002cd numForwardingSubs=1
relay-1        | V0929 00:52:24.768980     8 MoQSession.cpp:6286] sendSubscribeOk sess=0x7fb07c05d1f0
relay-1        | V0929 00:52:24.769047     8 MoQSession.cpp:6600] requestUpdate sess=0x7fb07c05a140
test-client-1  | [2m2026-09-29T00:52:24.769260Z[0m [33m WARN[0m [2mmoq_transport::session[0m[2m:[0m unexpected bidi response message type [3mmsg_type[0m[2m=[0m2
test-client-1  | [2m2026-09-29T00:52:24.769278Z[0m [33m WARN[0m [2mmoq_transport::serve::error[0m[2m:[0m [448596e5-31b4-4c26-8025-e09fb96ee657] Not implemented: bidi response type 0x2 at moq-transport/src/session/error.rs:89
test-client-1  | not ok 10 - moq-test-subgroup-per-group
test-client-1  |   ---
test-client-1  |   duration_ms: 209
test-client-1  |   message: "PUBLISH was rejected: cancelled"
test-client-1  |   ...
relay-1        | V0929 00:52:24.769484     8 MoQSession.cpp:3523] Failing pending request id=1 peer FINed without terminal reply sess=0x7fb07c05a140
relay-1        | V0929 00:52:24.769501     8 MoQSession.cpp:3410] exit controlReadLoop sess=0x7fb07c05a140
relay-1        | V0929 00:52:24.769510     8 MoQSession.cpp:3410] exit controlReadLoop sess=0x7fb07c05a140
relay-1        | E0929 00:52:24.769519     8 MoQRelay.cpp:36] requestUpdate failed: peer FINed without terminal reply
relay-1        | E20260929 00:52:24.769718     8 HQControlCodec.h:58] Unexpected control stream EOF
test-client-1  | [2m2026-09-29T00:52:24.770053Z[0m [33m WARN[0m [2mweb_transport_quinn::session[0m[2m:[0m failed to read capsule [3me[0m[2m=[0mUnexpectedEnd
relay-1        | E20260929 00:52:24.769773     8 HQSession.cpp:3170] Got error on control stream error=HTTP: Critical stream was closed streamID=2 sess=proto=h3, UA=, client CID=a636a2210c49f2e2, server CID=40000002c9e0d5d4, downstream=[::ffff:172.18.0.3]:41743, [::]:4443=local, drain=none
relay-1        | E20260929 00:52:24.769807     8 HQControlCodec.h:58] Unexpected control stream EOF
relay-1        | E20260929 00:52:24.769822     8 HQSession.cpp:3170] Got error on control stream error=HTTP: Critical stream was closed streamID=2 sess=proto=h3, UA=, client CID=b6fd55bbd9564cd3, server CID=40000009c9b47dca, downstream=[::ffff:172.18.0.3]:36187, [::]:4443=local, drain=none
relay-1        | E0929 00:52:24.769864     8 MoQServer.h:194] proxygen::HTTPException: Got error=ApplicationError: 260, HTTP error on control stream
relay-1        | V0929 00:52:24.769871     8 MoQSession.cpp:7333] onSessionEnderr=4294967295 sess=0x7fb07c05a140
relay-1        | V0929 00:52:24.769874     8 MoQSession.cpp:2974] close sess=0x7fb07c05a140
relay-1        | V0929 00:52:24.769880     8 MoQSession.cpp:2203] subscribeError trackReceiveState=0x7fb07c05d0d0
test-client-1  | [2m2026-09-29T00:52:24.770222Z[0m [33m WARN[0m [2mweb_transport_quinn::session[0m[2m:[0m failed to read capsule [3me[0m[2m=[0mUnexpectedEnd
relay-1        | V0929 00:52:24.769883     8 MoQSession.cpp:2232] processPublishDone trackReceiveState=0x7fb07c05d0d0
relay-1        | V0929 00:52:24.769888     8 MoQRelay.cpp:383] onPublishDoneImpl ftn=moq-test-00/0/0/0/2/4/5/64/32/2/1/1/0/-1/-1/0/moq-test-fb46ad8e84e002cd
relay-1        | V0929 00:52:24.769895     8 MoQRelay.cpp:303] Pruning empty subtree at: moq-test-00
relay-1        | V0929 00:52:24.769903     8 MoQForwarder.cpp:610] publishDone pubDone reason=closed locally
relay-1        | V0929 00:52:24.769907     8 MoQForwarder.cpp:308] drainSubscriber from publishDone session=61
relay-1        | V0929 00:52:24.769911     8 MoQSession.cpp:6399] sendPublishDone sess=0x7fb07c05d1f0
relay-1        | V0929 00:52:24.769921     8 MoQSession.cpp:6570] publisherDrained id=0 sess=0x7fb07c05d1f0
relay-1        | V0929 00:52:24.769925     8 MoQForwarder.cpp:372] Resetting open subgroups for subscriber=0x7fb07c076b20
relay-1        | V0929 00:52:24.769928     8 MoQForwarder.cpp:391] subscribers_.size()=0
relay-1        | I0929 00:52:24.769934     8 MoQRelay.cpp:1938] Publisher terminated for moq-test-00/0/0/0/2/4/5/64/32/2/1/1/0/-1/-1/0/moq-test-fb46ad8e84e002cd
relay-1        | V0929 00:52:24.769941     8 MoQSession.cpp:2187] cancel alias=0 requestID=0
relay-1        | V0929 00:52:24.769945     8 MoQSession.cpp:2652] requestCancellation from cleanup sess=0x7fb07c05a140
relay-1        | V0929 00:52:24.769957     8 MoQSession.cpp:2991] requestCancellation from close sess=0x7fb07c05a140
relay-1        | E0929 00:52:24.770115     8 MoQServer.h:194] proxygen::HTTPException: Got error=ApplicationError: 260, HTTP error on control stream
relay-1        | V0929 00:52:24.770123     8 MoQSession.cpp:7333] onSessionEnderr=4294967295 sess=0x7fb07c05d1f0
relay-1        | V0929 00:52:24.770126     8 MoQSession.cpp:2974] close sess=0x7fb07c05d1f0
relay-1        | V0929 00:52:24.770131     8 MoQSession.cpp:2652] requestCancellation from cleanup sess=0x7fb07c05d1f0
relay-1        | V0929 00:52:24.770139     8 MoQSession.cpp:2991] requestCancellation from close sess=0x7fb07c05d1f0
relay-1        | V0929 00:52:24.770298     8 MoQSession.cpp:3410] exit controlReadLoop sess=0x7fb07c05d1f0
relay-1        | V0929 00:52:24.770335     8 MoQSession.cpp:3410] exit controlReadLoop sess=0x7fb07c05d1f0
relay-1        | V0929 00:52:24.770387     8 MoQSession.cpp:3000] exit controlWriteLoop sess=0x7fb07c05a140
relay-1        | V0929 00:52:24.770411     8 MoQSession.cpp:2597] ~MoQSession sess=0x7fb07c05a140
relay-1        | V0929 00:52:24.770449     8 MoQSession.cpp:3000] exit controlWriteLoop sess=0x7fb07c05d1f0
test-client-1  | [2m2026-09-29T00:52:24.770613Z[0m [32m INFO[0m [2mmoq_native_ietf::quic[0m[2m:[0m UDP socket bound [3mbind[0m[2m=[0m[::]:0 [3mlocal[0m[2m=[0m[::]:40999 [3mdual_stack[0m[2m=[0mtrue
relay-1        | V0929 00:52:24.772311     8 MoQServer.cpp:331] MoQServer WebTransport: supported protocols: moqt-18, moqt-16, moqt-15, moq-00
relay-1        | V0929 00:52:24.772325     8 MoQServer.cpp:341] WebTransport: Negotiated protocol: moqt-18
relay-1        | V0929 00:52:24.772439     8 MoQSession.cpp:2698] start sess=0x7fb07c05e760
relay-1        | V0929 00:52:24.772468     8 MoQSession.cpp:3042] sendSetup sess=0x7fb07c05e760
relay-1        | V0929 00:52:24.772528     8 MoQSession.cpp:2998] controlWriteLoop sess=0x7fb07c05e760
relay-1        | V0929 00:52:24.772857     8 MoQSession.cpp:6883] onNewUniStream sess=0x7fb07c05e760
relay-1        | V0929 00:52:24.772891     8 MoQSession.cpp:3407] controlReadLoop sess=0x7fb07c05e760
relay-1        | V0929 00:52:24.772898     8 MoQSession.cpp:3194] onClientSetup sess=0x7fb07c05e760
relay-1        | V0929 00:52:24.772902     8 MoQServerBase.cpp:88] MoQServerBase::ClientSetup
relay-1        | V0929 00:52:24.772905     8 MoQServerBase.cpp:93] MoQServerBase::ClientSetup: Using ALPN-negotiated version: moqt-18
relay-1        | V0929 00:52:24.772911     8 MoQSession.cpp:3272] Negotiated Version=0xff000012 (draft-18)
relay-1        | V0929 00:52:24.773045     8 MoQSession.cpp:6913] onNewBidiStream sess=0x7fb07c05e760
relay-1        | V0929 00:52:24.773078     8 MoQSession.cpp:3407] controlReadLoop sess=0x7fb07c05e760
relay-1        | V0929 00:52:24.773091     8 MoQSession.cpp:4292] onSubscribeImpl ftn=moq-test-00/0/0/0/2/5/5/64/32/2/1/1/1/-1/-1/0/moq-test-201a6318c70f88ea sess=0x7fb07c05e760
relay-1        | V0929 00:52:24.856681     8 MoQSession.cpp:2597] ~MoQSession sess=0x7fb07c05d1f0
test-client-1  | [2m2026-09-29T00:52:24.974276Z[0m [32m INFO[0m [2mmoq_native_ietf::quic[0m[2m:[0m UDP socket bound [3mbind[0m[2m=[0m[::]:0 [3mlocal[0m[2m=[0m[::]:44777 [3mdual_stack[0m[2m=[0mtrue
relay-1        | V0929 00:52:24.976914     8 MoQServer.cpp:331] MoQServer WebTransport: supported protocols: moqt-18, moqt-16, moqt-15, moq-00
relay-1        | V0929 00:52:24.976941     8 MoQServer.cpp:341] WebTransport: Negotiated protocol: moqt-18
relay-1        | V0929 00:52:24.977065     8 MoQSession.cpp:2698] start sess=0x7fb07c00a760
relay-1        | V0929 00:52:24.977093     8 MoQSession.cpp:3042] sendSetup sess=0x7fb07c00a760
relay-1        | V0929 00:52:24.977200     8 MoQSession.cpp:2998] controlWriteLoop sess=0x7fb07c00a760
relay-1        | V0929 00:52:24.977385     8 MoQSession.cpp:6883] onNewUniStream sess=0x7fb07c00a760
relay-1        | V0929 00:52:24.977448     8 MoQSession.cpp:3407] controlReadLoop sess=0x7fb07c00a760
relay-1        | V0929 00:52:24.977483     8 MoQSession.cpp:3194] onClientSetup sess=0x7fb07c00a760
relay-1        | V0929 00:52:24.977509     8 MoQServerBase.cpp:88] MoQServerBase::ClientSetup
relay-1        | V0929 00:52:24.977531     8 MoQServerBase.cpp:93] MoQServerBase::ClientSetup: Using ALPN-negotiated version: moqt-18
relay-1        | V0929 00:52:24.977558     8 MoQSession.cpp:3272] Negotiated Version=0xff000012 (draft-18)
relay-1        | V0929 00:52:24.977642     8 MoQSession.cpp:6913] onNewBidiStream sess=0x7fb07c00a760
relay-1        | V0929 00:52:24.977721     8 MoQSession.cpp:3407] controlReadLoop sess=0x7fb07c00a760
relay-1        | V0929 00:52:24.977760     8 MoQSession.cpp:4988] onPublishImpl reqID=0 sess=0x7fb07c00a760
relay-1        | V0929 00:52:24.977787     8 MoQRelay.cpp:422] publish ftn=moq-test-00/0/0/0/2/5/5/64/32/2/1/1/1/-1/-1/0/moq-test-201a6318c70f88ea
relay-1        | E0929 00:52:24.977806     8 MoQRelay.cpp:82] prefix not found in tree
relay-1        | V0929 00:52:24.977838     8 MoQSession.cpp:6104] publishOk reqID=0 sess=0x7fb07c00a760
relay-1        | V0929 00:52:24.977995     8 MoQLocation.h:24] m=AbsoluteStart g=0 o=0
relay-1        | V0929 00:52:24.978004     8 MoQLocation.h:59] g=0 o=0 g=4611686018427387903 o=4611686018427387903
relay-1        | I0929 00:52:24.978012     8 MoQRelay.cpp:1975] Updating forward for moq-test-00/0/0/0/2/5/5/64/32/2/1/1/1/-1/-1/0/moq-test-201a6318c70f88ea numForwardingSubs=1
relay-1        | V0929 00:52:24.978022     8 MoQSession.cpp:6286] sendSubscribeOk sess=0x7fb07c05e760
relay-1        | V0929 00:52:24.978097     8 MoQSession.cpp:6600] requestUpdate sess=0x7fb07c00a760
test-client-1  | [2m2026-09-29T00:52:24.978258Z[0m [33m WARN[0m [2mmoq_transport::session[0m[2m:[0m unexpected bidi response message type [3mmsg_type[0m[2m=[0m2
test-client-1  | [2m2026-09-29T00:52:24.978276Z[0m [33m WARN[0m [2mmoq_transport::serve::error[0m[2m:[0m [333e21cb-24cb-4acf-894d-6af93f4ea4ab] Not implemented: bidi response type 0x2 at moq-transport/src/session/error.rs:89
relay-1        | V0929 00:52:24.978410     8 MoQSession.cpp:3523] Failing pending request id=1 peer FINed without terminal reply sess=0x7fb07c00a760
test-client-1  | [2m2026-09-29T00:52:24.978364Z[0m [32m INFO[0m [2mmoq_test_client::moqtest[0m[2m:[0m PUBLISH accepted and subscription bound; generating objects [3mobjects[0m[2m=[0m15 [3mstreams[0m[2m=[0m3
relay-1        | V0929 00:52:24.978427     8 MoQSession.cpp:3410] exit controlReadLoop sess=0x7fb07c00a760
relay-1        | E0929 00:52:24.978438     8 MoQRelay.cpp:36] requestUpdate failed: peer FINed without terminal reply
test-client-1  | not ok 11 - moq-test-subgroup-per-group-eog
test-client-1  |   ---
test-client-1  |   duration_ms: 227
test-client-1  |   message: "failed to create subgroup: cancelled"
test-client-1  |   ...
relay-1        | V0929 00:52:24.997024     8 MoQSession.cpp:3410] exit controlReadLoop sess=0x7fb07c00a760
relay-1        | E20260929 00:52:24.997092     8 HQControlCodec.h:58] Unexpected control stream EOF
relay-1        | E20260929 00:52:24.997155     8 HQSession.cpp:3170] Got error on control stream error=HTTP: Critical stream was closed streamID=2 sess=proto=h3, UA=, client CID=b7e5f01dffcd1b87, server CID=40000007efcc3b7d, downstream=[::ffff:172.18.0.3]:44777, [::]:4443=local, drain=none
relay-1        | E0929 00:52:24.997222     8 MoQServer.h:194] proxygen::HTTPException: Got error=ApplicationError: 260, HTTP error on control stream
relay-1        | V0929 00:52:24.997231     8 MoQSession.cpp:7333] onSessionEnderr=4294967295 sess=0x7fb07c00a760
relay-1        | V0929 00:52:24.997235     8 MoQSession.cpp:2974] close sess=0x7fb07c00a760
relay-1        | V0929 00:52:24.997243     8 MoQSession.cpp:2203] subscribeError trackReceiveState=0x7fb07c0595c0
relay-1        | V0929 00:52:24.997247     8 MoQSession.cpp:2232] processPublishDone trackReceiveState=0x7fb07c0595c0
relay-1        | V0929 00:52:24.997253     8 MoQRelay.cpp:383] onPublishDoneImpl ftn=moq-test-00/0/0/0/2/5/5/64/32/2/1/1/1/-1/-1/0/moq-test-201a6318c70f88ea
relay-1        | V0929 00:52:24.997265     8 MoQRelay.cpp:303] Pruning empty subtree at: moq-test-00
relay-1        | V0929 00:52:24.997292     8 MoQForwarder.cpp:610] publishDone pubDone reason=closed locally
relay-1        | V0929 00:52:24.997296     8 MoQForwarder.cpp:308] drainSubscriber from publishDone session=71
relay-1        | V0929 00:52:24.997301     8 MoQSession.cpp:6399] sendPublishDone sess=0x7fb07c05e760
relay-1        | V0929 00:52:24.997320     8 MoQSession.cpp:6570] publisherDrained id=0 sess=0x7fb07c05e760
relay-1        | V0929 00:52:24.997324     8 MoQForwarder.cpp:372] Resetting open subgroups for subscriber=0x7fb07c06cb00
relay-1        | V0929 00:52:24.997328     8 MoQForwarder.cpp:391] subscribers_.size()=0
relay-1        | I0929 00:52:24.997336     8 MoQRelay.cpp:1938] Publisher terminated for moq-test-00/0/0/0/2/5/5/64/32/2/1/1/1/-1/-1/0/moq-test-201a6318c70f88ea
relay-1        | V0929 00:52:24.997353     8 MoQSession.cpp:2187] cancel alias=0 requestID=0
relay-1        | V0929 00:52:24.997366     8 MoQSession.cpp:2652] requestCancellation from cleanup sess=0x7fb07c00a760
relay-1        | V0929 00:52:24.997384     8 MoQSession.cpp:2991] requestCancellation from close sess=0x7fb07c00a760
relay-1        | V0929 00:52:24.997622     8 MoQSession.cpp:3000] exit controlWriteLoop sess=0x7fb07c00a760
relay-1        | E20260929 00:52:24.997695     8 HQControlCodec.h:58] Unexpected control stream EOF
test-client-1  | [2m2026-09-29T00:52:24.997539Z[0m [33m WARN[0m [2mweb_transport_quinn::session[0m[2m:[0m failed to read capsule [3me[0m[2m=[0mUnexpectedEnd
relay-1        | E20260929 00:52:24.997749     8 HQSession.cpp:3170] Got error on control stream error=HTTP: Critical stream was closed streamID=2 sess=proto=h3, UA=, client CID=a2d781fd0c12a301, server CID=40000009446ba4ca, downstream=[::ffff:172.18.0.3]:40999, [::]:4443=local, drain=none
relay-1        | E0929 00:52:24.997829     8 MoQServer.h:194] proxygen::HTTPException: Got error=ApplicationError: 260, HTTP error on control stream
relay-1        | V0929 00:52:24.997857     8 MoQSession.cpp:7333] onSessionEnderr=4294967295 sess=0x7fb07c05e760
relay-1        | V0929 00:52:24.997879     8 MoQSession.cpp:2974] close sess=0x7fb07c05e760
relay-1        | V0929 00:52:24.997895     8 MoQSession.cpp:2652] requestCancellation from cleanup sess=0x7fb07c05e760
relay-1        | V0929 00:52:24.997906     8 MoQSession.cpp:2991] requestCancellation from close sess=0x7fb07c05e760
relay-1        | V0929 00:52:24.997986     8 MoQSession.cpp:3410] exit controlReadLoop sess=0x7fb07c05e760
relay-1        | V0929 00:52:24.998032     8 MoQSession.cpp:3410] exit controlReadLoop sess=0x7fb07c05e760
relay-1        | V0929 00:52:24.998074     8 MoQSession.cpp:3000] exit controlWriteLoop sess=0x7fb07c05e760
test-client-1  | [2m2026-09-29T00:52:24.998072Z[0m [33m WARN[0m [2mweb_transport_quinn::session[0m[2m:[0m failed to read capsule [3me[0m[2m=[0mUnexpectedEnd
test-client-1  | [2m2026-09-29T00:52:24.998380Z[0m [32m INFO[0m [2mmoq_native_ietf::quic[0m[2m:[0m UDP socket bound [3mbind[0m[2m=[0m[::]:0 [3mlocal[0m[2m=[0m[::]:54544 [3mdual_stack[0m[2m=[0mtrue
relay-1        | V0929 00:52:25.000506     8 MoQServer.cpp:331] MoQServer WebTransport: supported protocols: moqt-18, moqt-16, moqt-15, moq-00
relay-1        | V0929 00:52:25.000525     8 MoQServer.cpp:341] WebTransport: Negotiated protocol: moqt-18
relay-1        | V0929 00:52:25.000792     8 MoQSession.cpp:2698] start sess=0x7fb07c079cf0
relay-1        | V0929 00:52:25.000818     8 MoQSession.cpp:3042] sendSetup sess=0x7fb07c079cf0
relay-1        | V0929 00:52:25.000949     8 MoQSession.cpp:2998] controlWriteLoop sess=0x7fb07c079cf0
relay-1        | V0929 00:52:25.000979     8 MoQSession.cpp:6883] onNewUniStream sess=0x7fb07c079cf0
relay-1        | V0929 00:52:25.001192     8 MoQSession.cpp:3407] controlReadLoop sess=0x7fb07c079cf0
relay-1        | V0929 00:52:25.001208     8 MoQSession.cpp:3194] onClientSetup sess=0x7fb07c079cf0
relay-1        | V0929 00:52:25.001213     8 MoQServerBase.cpp:88] MoQServerBase::ClientSetup
relay-1        | V0929 00:52:25.001217     8 MoQServerBase.cpp:93] MoQServerBase::ClientSetup: Using ALPN-negotiated version: moqt-18
relay-1        | V0929 00:52:25.001222     8 MoQSession.cpp:3272] Negotiated Version=0xff000012 (draft-18)
relay-1        | V0929 00:52:25.001348     8 MoQSession.cpp:6913] onNewBidiStream sess=0x7fb07c079cf0
relay-1        | V0929 00:52:25.001379     8 MoQSession.cpp:3407] controlReadLoop sess=0x7fb07c079cf0
relay-1        | V0929 00:52:25.001393     8 MoQSession.cpp:4292] onSubscribeImpl ftn=moq-test-00/1/0/0/1/3/4/64/32/2/1/1/0/-1/-1/0/moq-test-936054ebd42c0cc8 sess=0x7fb07c079cf0
relay-1        | V0929 00:52:25.007538     8 MoQSession.cpp:2597] ~MoQSession sess=0x7fb07c05e760
relay-1        | V0929 00:52:25.007571     8 MoQSession.cpp:2597] ~MoQSession sess=0x7fb07c00a760
test-client-1  | [2m2026-09-29T00:52:25.203525Z[0m [32m INFO[0m [2mmoq_native_ietf::quic[0m[2m:[0m UDP socket bound [3mbind[0m[2m=[0m[::]:0 [3mlocal[0m[2m=[0m[::]:48021 [3mdual_stack[0m[2m=[0mtrue
relay-1        | V0929 00:52:25.205939     8 MoQServer.cpp:331] MoQServer WebTransport: supported protocols: moqt-18, moqt-16, moqt-15, moq-00
relay-1        | V0929 00:52:25.205965     8 MoQServer.cpp:341] WebTransport: Negotiated protocol: moqt-18
relay-1        | V0929 00:52:25.206071     8 MoQSession.cpp:2698] start sess=0x7fb07c064360
relay-1        | V0929 00:52:25.206126     8 MoQSession.cpp:3042] sendSetup sess=0x7fb07c064360
relay-1        | V0929 00:52:25.206241     8 MoQSession.cpp:2998] controlWriteLoop sess=0x7fb07c064360
relay-1        | V0929 00:52:25.206416     8 MoQSession.cpp:6883] onNewUniStream sess=0x7fb07c064360
relay-1        | V0929 00:52:25.206442     8 MoQSession.cpp:3407] controlReadLoop sess=0x7fb07c064360
relay-1        | V0929 00:52:25.206449     8 MoQSession.cpp:3194] onClientSetup sess=0x7fb07c064360
relay-1        | V0929 00:52:25.206454     8 MoQServerBase.cpp:88] MoQServerBase::ClientSetup
relay-1        | V0929 00:52:25.206458     8 MoQServerBase.cpp:93] MoQServerBase::ClientSetup: Using ALPN-negotiated version: moqt-18
relay-1        | V0929 00:52:25.206463     8 MoQSession.cpp:3272] Negotiated Version=0xff000012 (draft-18)
relay-1        | V0929 00:52:25.206567     8 MoQSession.cpp:6913] onNewBidiStream sess=0x7fb07c064360
relay-1        | V0929 00:52:25.206614     8 MoQSession.cpp:3407] controlReadLoop sess=0x7fb07c064360
relay-1        | V0929 00:52:25.206634     8 MoQSession.cpp:4988] onPublishImpl reqID=0 sess=0x7fb07c064360
relay-1        | V0929 00:52:25.206655     8 MoQRelay.cpp:422] publish ftn=moq-test-00/1/0/0/1/3/4/64/32/2/1/1/0/-1/-1/0/moq-test-936054ebd42c0cc8
relay-1        | E0929 00:52:25.206693     8 MoQRelay.cpp:82] prefix not found in tree
relay-1        | V0929 00:52:25.206719     8 MoQSession.cpp:6104] publishOk reqID=0 sess=0x7fb07c064360
relay-1        | V0929 00:52:25.206806     8 MoQLocation.h:24] m=AbsoluteStart g=0 o=0
relay-1        | V0929 00:52:25.206814     8 MoQLocation.h:59] g=0 o=0 g=4611686018427387903 o=4611686018427387903
relay-1        | I0929 00:52:25.206823     8 MoQRelay.cpp:1975] Updating forward for moq-test-00/1/0/0/1/3/4/64/32/2/1/1/0/-1/-1/0/moq-test-936054ebd42c0cc8 numForwardingSubs=1
relay-1        | V0929 00:52:25.206836     8 MoQSession.cpp:6286] sendSubscribeOk sess=0x7fb07c079cf0
relay-1        | V0929 00:52:25.206915     8 MoQSession.cpp:6600] requestUpdate sess=0x7fb07c064360
test-client-1  | [2m2026-09-29T00:52:25.207064Z[0m [32m INFO[0m [2mmoq_test_client::moqtest[0m[2m:[0m PUBLISH accepted and subscription bound; generating objects [3mobjects[0m[2m=[0m8 [3mstreams[0m[2m=[0m8
relay-1        | V0929 00:52:25.207286     8 MoQSession.cpp:5142] PublishDone id=0 code=2 reason=publish ended
relay-1        | V0929 00:52:25.207312     8 MoQSession.cpp:2232] processPublishDone trackReceiveState=0x7fb07c00a060
relay-1        | V0929 00:52:25.207316     8 MoQRelay.cpp:383] onPublishDoneImpl ftn=moq-test-00/1/0/0/1/3/4/64/32/2/1/1/0/-1/-1/0/moq-test-936054ebd42c0cc8
relay-1        | V0929 00:52:25.207322     8 MoQRelay.cpp:303] Pruning empty subtree at: moq-test-00
relay-1        | V0929 00:52:25.207326     8 MoQForwarder.cpp:610] publishDone pubDone reason=publish ended
relay-1        | V0929 00:52:25.207334     8 MoQForwarder.cpp:308] drainSubscriber from publishDone session=81
relay-1        | V0929 00:52:25.207339     8 MoQSession.cpp:6399] sendPublishDone sess=0x7fb07c079cf0
relay-1        | V0929 00:52:25.207353     8 MoQSession.cpp:6570] publisherDrained id=0 sess=0x7fb07c079cf0
relay-1        | V0929 00:52:25.207364     8 MoQForwarder.cpp:372] Resetting open subgroups for subscriber=0x7fb07c084aa0
relay-1        | V0929 00:52:25.207368     8 MoQForwarder.cpp:391] subscribers_.size()=0
relay-1        | I0929 00:52:25.207376     8 MoQRelay.cpp:1938] Publisher terminated for moq-test-00/1/0/0/1/3/4/64/32/2/1/1/0/-1/-1/0/moq-test-936054ebd42c0cc8
relay-1        | V0929 00:52:25.207391     8 MoQSession.cpp:3523] Failing pending request id=1 peer FINed without terminal reply sess=0x7fb07c064360
relay-1        | V0929 00:52:25.207397     8 MoQSession.cpp:3410] exit controlReadLoop sess=0x7fb07c064360
relay-1        | E0929 00:52:25.207463     8 MoQRelay.cpp:36] requestUpdate failed: peer FINed without terminal reply
relay-1        | V0929 00:52:25.207669     8 MoQSession.cpp:3410] exit controlReadLoop sess=0x7fb07c079cf0
relay-1        | V0929 00:52:25.207744     8 MoQSession.cpp:3410] exit controlReadLoop sess=0x7fb07c079cf0
test-client-1  | not ok 12 - moq-test-subgroup-per-object
test-client-1  |   ---
test-client-1  |   duration_ms: 212
test-client-1  |   message: "failed to create subgroup: cancelled"
test-client-1  |   ...
relay-1        | V0929 00:52:25.209856     8 MoQSession.cpp:3410] exit controlReadLoop sess=0x7fb07c064360
relay-1        | E20260929 00:52:25.209903     8 HQControlCodec.h:58] Unexpected control stream EOF
relay-1        | E20260929 00:52:25.209981     8 HQSession.cpp:3170] Got error on control stream error=HTTP: Critical stream was closed streamID=2 sess=proto=h3, UA=, client CID=9753071b3b048b34, server CID=40000016a8db7492, downstream=[::ffff:172.18.0.3]:48021, [::]:4443=local, drain=none
relay-1        | E20260929 00:52:25.210071     8 HQControlCodec.h:58] Unexpected control stream EOF
relay-1        | E20260929 00:52:25.210126     8 HQSession.cpp:3170] Got error on control stream error=HTTP: Critical stream was closed streamID=2 sess=proto=h3, UA=, client CID=6f0f3732a694455f, server CID=400000020724d1cc, downstream=[::ffff:172.18.0.3]:54544, [::]:4443=local, drain=none
relay-1        | E0929 00:52:25.210219     8 MoQServer.h:194] proxygen::HTTPException: Got error=ApplicationError: 260, HTTP error on control stream
relay-1        | V0929 00:52:25.210286     8 MoQSession.cpp:7333] onSessionEnderr=4294967295 sess=0x7fb07c064360
relay-1        | V0929 00:52:25.210319     8 MoQSession.cpp:2974] close sess=0x7fb07c064360
relay-1        | V0929 00:52:25.210345     8 MoQSession.cpp:2652] requestCancellation from cleanup sess=0x7fb07c064360
relay-1        | V0929 00:52:25.210384     8 MoQSession.cpp:2991] requestCancellation from close sess=0x7fb07c064360
relay-1        | E0929 00:52:25.210487     8 MoQServer.h:194] proxygen::HTTPException: Got error=ApplicationError: 260, HTTP error on control stream
test-client-1  | [2m2026-09-29T00:52:25.210597Z[0m [33m WARN[0m [2mweb_transport_quinn::session[0m[2m:[0m failed to read capsule [3me[0m[2m=[0mUnexpectedEnd
test-client-1  | [2m2026-09-29T00:52:25.210813Z[0m [33m WARN[0m [2mweb_transport_quinn::session[0m[2m:[0m failed to read capsule [3me[0m[2m=[0mUnexpectedEnd
test-client-1  | [2m2026-09-29T00:52:25.210916Z[0m [32m INFO[0m [2mmoq_native_ietf::quic[0m[2m:[0m UDP socket bound [3mbind[0m[2m=[0m[::]:0 [3mlocal[0m[2m=[0m[::]:50990 [3mdual_stack[0m[2m=[0mtrue
relay-1        | V0929 00:52:25.210646     8 MoQSession.cpp:7333] onSessionEnderr=4294967295 sess=0x7fb07c079cf0
relay-1        | V0929 00:52:25.210655     8 MoQSession.cpp:2974] close sess=0x7fb07c079cf0
relay-1        | V0929 00:52:25.210661     8 MoQSession.cpp:2652] requestCancellation from cleanup sess=0x7fb07c079cf0
relay-1        | V0929 00:52:25.210671     8 MoQSession.cpp:2991] requestCancellation from close sess=0x7fb07c079cf0
relay-1        | V0929 00:52:25.210809     8 MoQSession.cpp:3000] exit controlWriteLoop sess=0x7fb07c064360
relay-1        | V0929 00:52:25.210825     8 MoQSession.cpp:2597] ~MoQSession sess=0x7fb07c064360
relay-1        | V0929 00:52:25.210840     8 MoQSession.cpp:3000] exit controlWriteLoop sess=0x7fb07c079cf0
relay-1        | V0929 00:52:25.213856     8 MoQServer.cpp:331] MoQServer WebTransport: supported protocols: moqt-18, moqt-16, moqt-15, moq-00
relay-1        | V0929 00:52:25.213872     8 MoQServer.cpp:341] WebTransport: Negotiated protocol: moqt-18
relay-1        | V0929 00:52:25.213962     8 MoQSession.cpp:2698] start sess=0x7fb07c05e760
relay-1        | V0929 00:52:25.213985     8 MoQSession.cpp:3042] sendSetup sess=0x7fb07c05e760
relay-1        | V0929 00:52:25.214122     8 MoQSession.cpp:2998] controlWriteLoop sess=0x7fb07c05e760
relay-1        | V0929 00:52:25.214253     8 MoQSession.cpp:6883] onNewUniStream sess=0x7fb07c05e760
relay-1        | V0929 00:52:25.214365     8 MoQSession.cpp:3407] controlReadLoop sess=0x7fb07c05e760
relay-1        | V0929 00:52:25.214381     8 MoQSession.cpp:3194] onClientSetup sess=0x7fb07c05e760
relay-1        | V0929 00:52:25.214385     8 MoQServerBase.cpp:88] MoQServerBase::ClientSetup
relay-1        | V0929 00:52:25.214389     8 MoQServerBase.cpp:93] MoQServerBase::ClientSetup: Using ALPN-negotiated version: moqt-18
relay-1        | V0929 00:52:25.214395     8 MoQSession.cpp:3272] Negotiated Version=0xff000012 (draft-18)
relay-1        | V0929 00:52:25.214567     8 MoQSession.cpp:6913] onNewBidiStream sess=0x7fb07c05e760
relay-1        | V0929 00:52:25.214603     8 MoQSession.cpp:3407] controlReadLoop sess=0x7fb07c05e760
relay-1        | V0929 00:52:25.214616     8 MoQSession.cpp:4292] onSubscribeImpl ftn=moq-test-00/2/0/0/2/6/6/64/32/2/1/1/1/-1/-1/0/moq-test-59fd51db58259af3 sess=0x7fb07c05e760
relay-1        | V0929 00:52:25.224758     8 MoQSession.cpp:2597] ~MoQSession sess=0x7fb07c079cf0
test-client-1  | [2m2026-09-29T00:52:25.416920Z[0m [32m INFO[0m [2mmoq_native_ietf::quic[0m[2m:[0m UDP socket bound [3mbind[0m[2m=[0m[::]:0 [3mlocal[0m[2m=[0m[::]:56792 [3mdual_stack[0m[2m=[0mtrue
relay-1        | V0929 00:52:25.419247     8 MoQServer.cpp:331] MoQServer WebTransport: supported protocols: moqt-18, moqt-16, moqt-15, moq-00
relay-1        | V0929 00:52:25.419278     8 MoQServer.cpp:341] WebTransport: Negotiated protocol: moqt-18
relay-1        | V0929 00:52:25.419406     8 MoQSession.cpp:2698] start sess=0x7fb07c00a760
relay-1        | V0929 00:52:25.419435     8 MoQSession.cpp:3042] sendSetup sess=0x7fb07c00a760
relay-1        | V0929 00:52:25.419499     8 MoQSession.cpp:2998] controlWriteLoop sess=0x7fb07c00a760
relay-1        | V0929 00:52:25.419852     8 MoQSession.cpp:6883] onNewUniStream sess=0x7fb07c00a760
relay-1        | V0929 00:52:25.419880     8 MoQSession.cpp:3407] controlReadLoop sess=0x7fb07c00a760
relay-1        | V0929 00:52:25.419891     8 MoQSession.cpp:3194] onClientSetup sess=0x7fb07c00a760
relay-1        | V0929 00:52:25.419896     8 MoQServerBase.cpp:88] MoQServerBase::ClientSetup
relay-1        | V0929 00:52:25.419901     8 MoQServerBase.cpp:93] MoQServerBase::ClientSetup: Using ALPN-negotiated version: moqt-18
relay-1        | V0929 00:52:25.419907     8 MoQSession.cpp:3272] Negotiated Version=0xff000012 (draft-18)
relay-1        | V0929 00:52:25.420007     8 MoQSession.cpp:6913] onNewBidiStream sess=0x7fb07c00a760
relay-1        | V0929 00:52:25.420049     8 MoQSession.cpp:3407] controlReadLoop sess=0x7fb07c00a760
relay-1        | V0929 00:52:25.420092     8 MoQSession.cpp:4988] onPublishImpl reqID=0 sess=0x7fb07c00a760
relay-1        | V0929 00:52:25.420129     8 MoQRelay.cpp:422] publish ftn=moq-test-00/2/0/0/2/6/6/64/32/2/1/1/1/-1/-1/0/moq-test-59fd51db58259af3
relay-1        | E0929 00:52:25.420163     8 MoQRelay.cpp:82] prefix not found in tree
relay-1        | V0929 00:52:25.420199     8 MoQSession.cpp:6104] publishOk reqID=0 sess=0x7fb07c00a760
relay-1        | V0929 00:52:25.420303     8 MoQLocation.h:24] m=AbsoluteStart g=0 o=0
relay-1        | V0929 00:52:25.420314     8 MoQLocation.h:59] g=0 o=0 g=4611686018427387903 o=4611686018427387903
relay-1        | I0929 00:52:25.420319     8 MoQRelay.cpp:1975] Updating forward for moq-test-00/2/0/0/2/6/6/64/32/2/1/1/1/-1/-1/0/moq-test-59fd51db58259af3 numForwardingSubs=1
relay-1        | V0929 00:52:25.420332     8 MoQSession.cpp:6286] sendSubscribeOk sess=0x7fb07c05e760
relay-1        | V0929 00:52:25.420406     8 MoQSession.cpp:6600] requestUpdate sess=0x7fb07c00a760
test-client-1  | [2m2026-09-29T00:52:25.420624Z[0m [33m WARN[0m [2mmoq_transport::session[0m[2m:[0m unexpected bidi response message type [3mmsg_type[0m[2m=[0m2
test-client-1  | [2m2026-09-29T00:52:25.420638Z[0m [33m WARN[0m [2mmoq_transport::serve::error[0m[2m:[0m [b32de399-0b7c-4920-947d-fc6f2d33948e] Not implemented: bidi response type 0x2 at moq-transport/src/session/error.rs:89
relay-1        | V0929 00:52:25.420776     8 MoQSession.cpp:3523] Failing pending request id=1 peer FINed without terminal reply sess=0x7fb07c00a760
test-client-1  | not ok 13 - moq-test-two-subgroups-eog
test-client-1  |   ---
test-client-1  |   duration_ms: 211
test-client-1  |   message: "PUBLISH was rejected: cancelled"
test-client-1  |   ...
relay-1        | V0929 00:52:25.420841     8 MoQSession.cpp:3410] exit controlReadLoop sess=0x7fb07c00a760
relay-1        | E0929 00:52:25.420900     8 MoQRelay.cpp:36] requestUpdate failed: peer FINed without terminal reply
relay-1        | E20260929 00:52:25.420912     8 HQControlCodec.h:58] Unexpected control stream EOF
relay-1        | E20260929 00:52:25.420969     8 HQSession.cpp:3170] Got error on control stream error=HTTP: Critical stream was closed streamID=2 sess=proto=h3, UA=, client CID=8cd3476e4a4b7d39, server CID=4000000fa2a48f5c, downstream=[::ffff:172.18.0.3]:56792, [::]:4443=local, drain=none
relay-1        | E0929 00:52:25.421031     8 MoQServer.h:194] proxygen::HTTPException: Got error=ApplicationError: 260, HTTP error on control stream
relay-1        | V0929 00:52:25.421038     8 MoQSession.cpp:7333] onSessionEnderr=4294967295 sess=0x7fb07c00a760
relay-1        | V0929 00:52:25.421083     8 MoQSession.cpp:2974] close sess=0x7fb07c00a760
relay-1        | V0929 00:52:25.421113     8 MoQSession.cpp:2203] subscribeError trackReceiveState=0x7fb07c0595c0
relay-1        | V0929 00:52:25.421135     8 MoQSession.cpp:2232] processPublishDone trackReceiveState=0x7fb07c0595c0
relay-1        | V0929 00:52:25.421157     8 MoQRelay.cpp:383] onPublishDoneImpl ftn=moq-test-00/2/0/0/2/6/6/64/32/2/1/1/1/-1/-1/0/moq-test-59fd51db58259af3
relay-1        | V0929 00:52:25.421211     8 MoQRelay.cpp:303] Pruning empty subtree at: moq-test-00
relay-1        | V0929 00:52:25.421229     8 MoQForwarder.cpp:610] publishDone pubDone reason=closed locally
relay-1        | V0929 00:52:25.421234     8 MoQForwarder.cpp:308] drainSubscriber from publishDone session=91
relay-1        | V0929 00:52:25.421238     8 MoQSession.cpp:6399] sendPublishDone sess=0x7fb07c05e760
relay-1        | V0929 00:52:25.421250     8 MoQSession.cpp:6570] publisherDrained id=0 sess=0x7fb07c05e760
relay-1        | V0929 00:52:25.421255     8 MoQForwarder.cpp:372] Resetting open subgroups for subscriber=0x7fb07c059dd0
relay-1        | V0929 00:52:25.421258     8 MoQForwarder.cpp:391] subscribers_.size()=0
relay-1        | I0929 00:52:25.421265     8 MoQRelay.cpp:1938] Publisher terminated for moq-test-00/2/0/0/2/6/6/64/32/2/1/1/1/-1/-1/0/moq-test-59fd51db58259af3
relay-1        | V0929 00:52:25.421277     8 MoQSession.cpp:2187] cancel alias=0 requestID=0
relay-1        | V0929 00:52:25.421282     8 MoQSession.cpp:2652] requestCancellation from cleanup sess=0x7fb07c00a760
relay-1        | V0929 00:52:25.421296     8 MoQSession.cpp:2991] requestCancellation from close sess=0x7fb07c00a760
relay-1        | V0929 00:52:25.421488     8 MoQSession.cpp:3410] exit controlReadLoop sess=0x7fb07c00a760
relay-1        | V0929 00:52:25.421565     8 MoQSession.cpp:3000] exit controlWriteLoop sess=0x7fb07c00a760
relay-1        | E20260929 00:52:25.421608     8 HQControlCodec.h:58] Unexpected control stream EOF
relay-1        | E20260929 00:52:25.421650     8 HQSession.cpp:3170] Got error on control stream error=HTTP: Critical stream was closed streamID=2 sess=proto=h3, UA=, client CID=ff54a813dc372dd5, server CID=400000029ac1af71, downstream=[::ffff:172.18.0.3]:50990, [::]:4443=local, drain=none
relay-1        | E0929 00:52:25.421759     8 MoQServer.h:194] proxygen::HTTPException: Got error=ApplicationError: 260, HTTP error on control stream
relay-1        | V0929 00:52:25.421792     8 MoQSession.cpp:7333] onSessionEnderr=4294967295 sess=0x7fb07c05e760
relay-1        | V0929 00:52:25.421822     8 MoQSession.cpp:2974] close sess=0x7fb07c05e760
test-client-1  | [2m2026-09-29T00:52:25.421468Z[0m [33m WARN[0m [2mweb_transport_quinn::session[0m[2m:[0m failed to read capsule [3me[0m[2m=[0mUnexpectedEnd
relay-1        | V0929 00:52:25.421846     8 MoQSession.cpp:2652] requestCancellation from cleanup sess=0x7fb07c05e760
relay-1        | V0929 00:52:25.421877     8 MoQSession.cpp:2991] requestCancellation from close sess=0x7fb07c05e760
relay-1        | V0929 00:52:25.422012     8 MoQSession.cpp:3410] exit controlReadLoop sess=0x7fb07c05e760
relay-1        | V0929 00:52:25.422033     8 MoQSession.cpp:3410] exit controlReadLoop sess=0x7fb07c05e760
relay-1        | V0929 00:52:25.422054     8 MoQSession.cpp:3000] exit controlWriteLoop sess=0x7fb07c05e760
test-client-1  | [2m2026-09-29T00:52:25.422095Z[0m [32m INFO[0m [2mmoq_native_ietf::quic[0m[2m:[0m UDP socket bound [3mbind[0m[2m=[0m[::]:0 [3mlocal[0m[2m=[0m[::]:45966 [3mdual_stack[0m[2m=[0mtrue
test-client-1  | [2m2026-09-29T00:52:25.422128Z[0m [33m WARN[0m [2mweb_transport_quinn::session[0m[2m:[0m failed to read capsule [3me[0m[2m=[0mUnexpectedEnd
relay-1        | V0929 00:52:25.424032     8 MoQServer.cpp:331] MoQServer WebTransport: supported protocols: moqt-18, moqt-16, moqt-15, moq-00
relay-1        | V0929 00:52:25.424055     8 MoQServer.cpp:341] WebTransport: Negotiated protocol: moqt-18
relay-1        | V0929 00:52:25.424156     8 MoQSession.cpp:2698] start sess=0x7fb07c079cf0
relay-1        | V0929 00:52:25.424180     8 MoQSession.cpp:3042] sendSetup sess=0x7fb07c079cf0
relay-1        | V0929 00:52:25.424236     8 MoQSession.cpp:2998] controlWriteLoop sess=0x7fb07c079cf0
relay-1        | V0929 00:52:25.424551     8 MoQSession.cpp:6883] onNewUniStream sess=0x7fb07c079cf0
relay-1        | V0929 00:52:25.424586     8 MoQSession.cpp:3407] controlReadLoop sess=0x7fb07c079cf0
relay-1        | V0929 00:52:25.424592     8 MoQSession.cpp:3194] onClientSetup sess=0x7fb07c079cf0
relay-1        | V0929 00:52:25.424596     8 MoQServerBase.cpp:88] MoQServerBase::ClientSetup
relay-1        | V0929 00:52:25.424599     8 MoQServerBase.cpp:93] MoQServerBase::ClientSetup: Using ALPN-negotiated version: moqt-18
relay-1        | V0929 00:52:25.424605     8 MoQSession.cpp:3272] Negotiated Version=0xff000012 (draft-18)
relay-1        | V0929 00:52:25.424723     8 MoQSession.cpp:6913] onNewBidiStream sess=0x7fb07c079cf0
relay-1        | V0929 00:52:25.424760     8 MoQSession.cpp:3407] controlReadLoop sess=0x7fb07c079cf0
relay-1        | V0929 00:52:25.424771     8 MoQSession.cpp:4292] onSubscribeImpl ftn=moq-test-00/3/0/0/2/4/5/64/32/20/1/1/0/-1/-1/0/moq-test-98050b5dca30947b sess=0x7fb07c079cf0
relay-1        | V0929 00:52:25.438424     8 MoQSession.cpp:2597] ~MoQSession sess=0x7fb07c05e760
relay-1        | V0929 00:52:25.438478     8 MoQSession.cpp:2597] ~MoQSession sess=0x7fb07c00a760
test-client-1  | [2m2026-09-29T00:52:25.626595Z[0m [32m INFO[0m [2mmoq_native_ietf::quic[0m[2m:[0m UDP socket bound [3mbind[0m[2m=[0m[::]:0 [3mlocal[0m[2m=[0m[::]:57037 [3mdual_stack[0m[2m=[0mtrue
relay-1        | V0929 00:52:25.628952     8 MoQServer.cpp:331] MoQServer WebTransport: supported protocols: moqt-18, moqt-16, moqt-15, moq-00
relay-1        | V0929 00:52:25.628977     8 MoQServer.cpp:341] WebTransport: Negotiated protocol: moqt-18
relay-1        | V0929 00:52:25.629097     8 MoQSession.cpp:2698] start sess=0x7fb07c033150
relay-1        | V0929 00:52:25.629122     8 MoQSession.cpp:3042] sendSetup sess=0x7fb07c033150
relay-1        | V0929 00:52:25.629182     8 MoQSession.cpp:2998] controlWriteLoop sess=0x7fb07c033150
relay-1        | V0929 00:52:25.629521     8 MoQSession.cpp:6883] onNewUniStream sess=0x7fb07c033150
relay-1        | V0929 00:52:25.629557     8 MoQSession.cpp:3407] controlReadLoop sess=0x7fb07c033150
relay-1        | V0929 00:52:25.629565     8 MoQSession.cpp:3194] onClientSetup sess=0x7fb07c033150
relay-1        | V0929 00:52:25.629569     8 MoQServerBase.cpp:88] MoQServerBase::ClientSetup
relay-1        | V0929 00:52:25.629574     8 MoQServerBase.cpp:93] MoQServerBase::ClientSetup: Using ALPN-negotiated version: moqt-18
relay-1        | V0929 00:52:25.629580     8 MoQSession.cpp:3272] Negotiated Version=0xff000012 (draft-18)
relay-1        | V0929 00:52:25.629622     8 MoQSession.cpp:6913] onNewBidiStream sess=0x7fb07c033150
relay-1        | V0929 00:52:25.629678     8 MoQSession.cpp:3407] controlReadLoop sess=0x7fb07c033150
relay-1        | V0929 00:52:25.629693     8 MoQSession.cpp:4988] onPublishImpl reqID=0 sess=0x7fb07c033150
relay-1        | V0929 00:52:25.629709     8 MoQRelay.cpp:422] publish ftn=moq-test-00/3/0/0/2/4/5/64/32/20/1/1/0/-1/-1/0/moq-test-98050b5dca30947b
relay-1        | E0929 00:52:25.629720     8 MoQRelay.cpp:82] prefix not found in tree
relay-1        | V0929 00:52:25.629749     8 MoQSession.cpp:6104] publishOk reqID=0 sess=0x7fb07c033150
relay-1        | V0929 00:52:25.629874     8 MoQLocation.h:24] m=AbsoluteStart g=0 o=0
relay-1        | V0929 00:52:25.629927     8 MoQLocation.h:59] g=0 o=0 g=4611686018427387903 o=4611686018427387903
relay-1        | I0929 00:52:25.629944     8 MoQRelay.cpp:1975] Updating forward for moq-test-00/3/0/0/2/4/5/64/32/20/1/1/0/-1/-1/0/moq-test-98050b5dca30947b numForwardingSubs=1
relay-1        | V0929 00:52:25.629959     8 MoQSession.cpp:6286] sendSubscribeOk sess=0x7fb07c079cf0
relay-1        | V0929 00:52:25.630038     8 MoQSession.cpp:6600] requestUpdate sess=0x7fb07c033150
test-client-1  | [2m2026-09-29T00:52:25.630148Z[0m [32m INFO[0m [2mmoq_test_client::moqtest[0m[2m:[0m PUBLISH accepted and subscription bound; generating objects [3mobjects[0m[2m=[0m15 [3mstreams[0m[2m=[0m0
relay-1        | V0929 00:52:25.630435     8 MoQSession.cpp:5142] PublishDone id=0 code=2 reason=publish ended
relay-1        | V0929 00:52:25.630447     8 MoQSession.cpp:2232] processPublishDone trackReceiveState=0x7fb07c00a060
relay-1        | V0929 00:52:25.630451     8 MoQRelay.cpp:383] onPublishDoneImpl ftn=moq-test-00/3/0/0/2/4/5/64/32/20/1/1/0/-1/-1/0/moq-test-98050b5dca30947b
relay-1        | V0929 00:52:25.630459     8 MoQRelay.cpp:303] Pruning empty subtree at: moq-test-00
relay-1        | V0929 00:52:25.630469     8 MoQForwarder.cpp:610] publishDone pubDone reason=publish ended
relay-1        | V0929 00:52:25.630474     8 MoQForwarder.cpp:308] drainSubscriber from publishDone session=101
relay-1        | V0929 00:52:25.630479     8 MoQSession.cpp:6399] sendPublishDone sess=0x7fb07c079cf0
relay-1        | V0929 00:52:25.630494     8 MoQSession.cpp:6570] publisherDrained id=0 sess=0x7fb07c079cf0
relay-1        | V0929 00:52:25.630504     8 MoQForwarder.cpp:372] Resetting open subgroups for subscriber=0x7fb07c076af0
relay-1        | V0929 00:52:25.630508     8 MoQForwarder.cpp:391] subscribers_.size()=0
relay-1        | I0929 00:52:25.630515     8 MoQRelay.cpp:1938] Publisher terminated for moq-test-00/3/0/0/2/4/5/64/32/20/1/1/0/-1/-1/0/moq-test-98050b5dca30947b
relay-1        | V0929 00:52:25.630526     8 MoQSession.cpp:3523] Failing pending request id=1 peer FINed without terminal reply sess=0x7fb07c033150
relay-1        | V0929 00:52:25.630532     8 MoQSession.cpp:3410] exit controlReadLoop sess=0x7fb07c033150
relay-1        | E0929 00:52:25.630602     8 MoQRelay.cpp:36] requestUpdate failed: peer FINed without terminal reply
relay-1        | V0929 00:52:25.630889     8 MoQSession.cpp:3410] exit controlReadLoop sess=0x7fb07c079cf0
relay-1        | V0929 00:52:25.631069     8 MoQSession.cpp:3410] exit controlReadLoop sess=0x7fb07c079cf0
relay-1        | V0929 00:52:25.652485     8 MoQSession.cpp:3410] exit controlReadLoop sess=0x7fb07c033150
relay-1        | E20260929 00:52:25.652618     8 HQControlCodec.h:58] Unexpected control stream EOF
relay-1        | E20260929 00:52:25.652721     8 HQSession.cpp:3170] Got error on control stream error=HTTP: Critical stream was closed streamID=2 sess=proto=h3, UA=, client CID=71b840b339850f13, server CID=40000001c5f93047, downstream=[::ffff:172.18.0.3]:57037, [::]:4443=local, drain=none
relay-1        | E20260929 00:52:25.652776     8 HQControlCodec.h:58] Unexpected control stream EOF
relay-1        | E20260929 00:52:25.652796     8 HQSession.cpp:3170] Got error on control stream error=HTTP: Critical stream was closed streamID=2 sess=proto=h3, UA=, client CID=aed591a588c861d9, server CID=4000000123eabdd0, downstream=[::ffff:172.18.0.3]:45966, [::]:4443=local, drain=none
relay-1        | E0929 00:52:25.652924     8 MoQServer.h:194] proxygen::HTTPException: Got error=ApplicationError: 260, HTTP error on control stream
relay-1        | V0929 00:52:25.652960     8 MoQSession.cpp:7333] onSessionEnderr=4294967295 sess=0x7fb07c033150
relay-1        | V0929 00:52:25.652982     8 MoQSession.cpp:2974] close sess=0x7fb07c033150
relay-1        | V0929 00:52:25.652995     8 MoQSession.cpp:2652] requestCancellation from cleanup sess=0x7fb07c033150
relay-1        | V0929 00:52:25.653013     8 MoQSession.cpp:2991] requestCancellation from close sess=0x7fb07c033150
relay-1        | E0929 00:52:25.653120     8 MoQServer.h:194] proxygen::HTTPException: Got error=ApplicationError: 260, HTTP error on control stream
relay-1        | V0929 00:52:25.653127     8 MoQSession.cpp:7333] onSessionEnderr=4294967295 sess=0x7fb07c079cf0
relay-1        | V0929 00:52:25.653131     8 MoQSession.cpp:2974] close sess=0x7fb07c079cf0
relay-1        | V0929 00:52:25.653137     8 MoQSession.cpp:2652] requestCancellation from cleanup sess=0x7fb07c079cf0
relay-1        | V0929 00:52:25.653147     8 MoQSession.cpp:2991] requestCancellation from close sess=0x7fb07c079cf0
relay-1        | V0929 00:52:25.653245     8 MoQSession.cpp:3000] exit controlWriteLoop sess=0x7fb07c033150
relay-1        | V0929 00:52:25.653256     8 MoQSession.cpp:2597] ~MoQSession sess=0x7fb07c033150
relay-1        | V0929 00:52:25.653274     8 MoQSession.cpp:3000] exit controlWriteLoop sess=0x7fb07c079cf0
test-client-1  | not ok 14 - moq-test-datagram
test-client-1  |   ---
test-client-1  |   duration_ms: 231
test-client-1  |   message: "failed to write datagram: cancelled"
test-client-1  |   ...
test-client-1  | [2m2026-09-29T00:52:25.653381Z[0m [33m WARN[0m [2mweb_transport_quinn::session[0m[2m:[0m failed to read capsule [3me[0m[2m=[0mUnexpectedEnd
test-client-1  | [2m2026-09-29T00:52:25.653448Z[0m [33m WARN[0m [2mweb_transport_quinn::session[0m[2m:[0m failed to read capsule [3me[0m[2m=[0mUnexpectedEnd
test-client-1  | [2m2026-09-29T00:52:25.653934Z[0m [32m INFO[0m [2mmoq_native_ietf::quic[0m[2m:[0m UDP socket bound [3mbind[0m[2m=[0m[::]:0 [3mlocal[0m[2m=[0m[::]:58736 [3mdual_stack[0m[2m=[0mtrue
relay-1        | V0929 00:52:25.656172     8 MoQServer.cpp:331] MoQServer WebTransport: supported protocols: moqt-18, moqt-16, moqt-15, moq-00
relay-1        | V0929 00:52:25.656197     8 MoQServer.cpp:341] WebTransport: Negotiated protocol: moqt-18
relay-1        | V0929 00:52:25.656306     8 MoQSession.cpp:2698] start sess=0x7fb07c060b60
relay-1        | V0929 00:52:25.656332     8 MoQSession.cpp:3042] sendSetup sess=0x7fb07c060b60
relay-1        | V0929 00:52:25.656405     8 MoQSession.cpp:2998] controlWriteLoop sess=0x7fb07c060b60
relay-1        | V0929 00:52:25.656747     8 MoQSession.cpp:6883] onNewUniStream sess=0x7fb07c060b60
relay-1        | V0929 00:52:25.656780     8 MoQSession.cpp:3407] controlReadLoop sess=0x7fb07c060b60
relay-1        | V0929 00:52:25.656788     8 MoQSession.cpp:3194] onClientSetup sess=0x7fb07c060b60
relay-1        | V0929 00:52:25.656792     8 MoQServerBase.cpp:88] MoQServerBase::ClientSetup
relay-1        | V0929 00:52:25.656796     8 MoQServerBase.cpp:93] MoQServerBase::ClientSetup: Using ALPN-negotiated version: moqt-18
relay-1        | V0929 00:52:25.656801     8 MoQSession.cpp:3272] Negotiated Version=0xff000012 (draft-18)
relay-1        | V0929 00:52:25.656978     8 MoQSession.cpp:6913] onNewBidiStream sess=0x7fb07c060b60
relay-1        | V0929 00:52:25.657014     8 MoQSession.cpp:3407] controlReadLoop sess=0x7fb07c060b60
relay-1        | V0929 00:52:25.657030     8 MoQSession.cpp:4292] onSubscribeImpl ftn=moq-test-00/3/0/0/2/5/5/64/32/20/1/1/1/-1/-1/0/moq-test-e2aae65a31412adc sess=0x7fb07c060b60
relay-1        | V0929 00:52:25.667190     8 MoQSession.cpp:2597] ~MoQSession sess=0x7fb07c079cf0
test-client-1  | [2m2026-09-29T00:52:25.858334Z[0m [32m INFO[0m [2mmoq_native_ietf::quic[0m[2m:[0m UDP socket bound [3mbind[0m[2m=[0m[::]:0 [3mlocal[0m[2m=[0m[::]:49424 [3mdual_stack[0m[2m=[0mtrue
relay-1        | V0929 00:52:25.860791     8 MoQServer.cpp:331] MoQServer WebTransport: supported protocols: moqt-18, moqt-16, moqt-15, moq-00
relay-1        | V0929 00:52:25.860821     8 MoQServer.cpp:341] WebTransport: Negotiated protocol: moqt-18
relay-1        | V0929 00:52:25.860948     8 MoQSession.cpp:2698] start sess=0x7fb07c05d1f0
relay-1        | V0929 00:52:25.860977     8 MoQSession.cpp:3042] sendSetup sess=0x7fb07c05d1f0
relay-1        | V0929 00:52:25.861043     8 MoQSession.cpp:2998] controlWriteLoop sess=0x7fb07c05d1f0
relay-1        | V0929 00:52:25.861370     8 MoQSession.cpp:6883] onNewUniStream sess=0x7fb07c05d1f0
relay-1        | V0929 00:52:25.861411     8 MoQSession.cpp:3407] controlReadLoop sess=0x7fb07c05d1f0
relay-1        | V0929 00:52:25.861421     8 MoQSession.cpp:3194] onClientSetup sess=0x7fb07c05d1f0
relay-1        | V0929 00:52:25.861425     8 MoQServerBase.cpp:88] MoQServerBase::ClientSetup
relay-1        | V0929 00:52:25.861429     8 MoQServerBase.cpp:93] MoQServerBase::ClientSetup: Using ALPN-negotiated version: moqt-18
relay-1        | V0929 00:52:25.861434     8 MoQSession.cpp:3272] Negotiated Version=0xff000012 (draft-18)
relay-1        | V0929 00:52:25.861607     8 MoQSession.cpp:6913] onNewBidiStream sess=0x7fb07c05d1f0
relay-1        | V0929 00:52:25.861649     8 MoQSession.cpp:3407] controlReadLoop sess=0x7fb07c05d1f0
relay-1        | V0929 00:52:25.861665     8 MoQSession.cpp:4988] onPublishImpl reqID=0 sess=0x7fb07c05d1f0
relay-1        | V0929 00:52:25.861703     8 MoQRelay.cpp:422] publish ftn=moq-test-00/3/0/0/2/5/5/64/32/20/1/1/1/-1/-1/0/moq-test-e2aae65a31412adc
relay-1        | E0929 00:52:25.861716     8 MoQRelay.cpp:82] prefix not found in tree
relay-1        | V0929 00:52:25.861747     8 MoQSession.cpp:6104] publishOk reqID=0 sess=0x7fb07c05d1f0
relay-1        | V0929 00:52:25.861860     8 MoQLocation.h:24] m=AbsoluteStart g=0 o=0
relay-1        | V0929 00:52:25.861874     8 MoQLocation.h:59] g=0 o=0 g=4611686018427387903 o=4611686018427387903
relay-1        | I0929 00:52:25.861882     8 MoQRelay.cpp:1975] Updating forward for moq-test-00/3/0/0/2/5/5/64/32/20/1/1/1/-1/-1/0/moq-test-e2aae65a31412adc numForwardingSubs=1
relay-1        | V0929 00:52:25.861899     8 MoQSession.cpp:6286] sendSubscribeOk sess=0x7fb07c060b60
relay-1        | V0929 00:52:25.861979     8 MoQSession.cpp:6600] requestUpdate sess=0x7fb07c05d1f0
test-client-1  | [2m2026-09-29T00:52:25.862203Z[0m [33m WARN[0m [2mmoq_transport::session[0m[2m:[0m unexpected bidi response message type [3mmsg_type[0m[2m=[0m2
test-client-1  | [2m2026-09-29T00:52:25.862226Z[0m [33m WARN[0m [2mmoq_transport::serve::error[0m[2m:[0m [4ad87082-aadf-4372-a1d4-830557ebf27c] Not implemented: bidi response type 0x2 at moq-transport/src/session/error.rs:89
test-client-1  | [2m2026-09-29T00:52:25.862253Z[0m [32m INFO[0m [2mmoq_test_client::moqtest[0m[2m:[0m PUBLISH accepted and subscription bound; generating objects [3mobjects[0m[2m=[0m15 [3mstreams[0m[2m=[0m0
relay-1        | V0929 00:52:25.862409     8 MoQSession.cpp:3523] Failing pending request id=1 peer FINed without terminal reply sess=0x7fb07c05d1f0
relay-1        | V0929 00:52:25.862430     8 MoQSession.cpp:3410] exit controlReadLoop sess=0x7fb07c05d1f0
relay-1        | E0929 00:52:25.862444     8 MoQRelay.cpp:36] requestUpdate failed: peer FINed without terminal reply
test-client-1  | not ok 15 - moq-test-datagram-eog
test-client-1  |   ---
test-client-1  |   duration_ms: 230
test-client-1  |   message: "failed to write datagram: cancelled"
test-client-1  |   ...
relay-1        | E20260929 00:52:25.883905     8 HQControlCodec.h:58] Unexpected control stream EOF
relay-1        | E20260929 00:52:25.883996     8 HQSession.cpp:3170] Got error on control stream error=HTTP: Critical stream was closed streamID=2 sess=proto=h3, UA=, client CID=ca90093c8a0a7ff8, server CID=4000000cf6eb7c2b, downstream=[::ffff:172.18.0.3]:49424, [::]:4443=local, drain=none
relay-1        | E20260929 00:52:25.884094     8 HQControlCodec.h:58] Unexpected control stream EOF
relay-1        | E20260929 00:52:25.884121     8 HQSession.cpp:3170] Got error on control stream error=HTTP: Critical stream was closed streamID=2 sess=proto=h3, UA=, client CID=6d563f3d35764ca6, server CID=400000045199c1cd, downstream=[::ffff:172.18.0.3]:58736, [::]:4443=local, drain=none
relay-1        | E0929 00:52:25.884193     8 MoQServer.h:194] proxygen::HTTPException: Got error=ApplicationError: 260, HTTP error on control stream
relay-1        | V0929 00:52:25.884213     8 MoQSession.cpp:7333] onSessionEnderr=4294967295 sess=0x7fb07c05d1f0
relay-1        | V0929 00:52:25.884219     8 MoQSession.cpp:2974] close sess=0x7fb07c05d1f0
relay-1        | V0929 00:52:25.884229     8 MoQSession.cpp:2203] subscribeError trackReceiveState=0x7fb07c075010
relay-1        | V0929 00:52:25.884233     8 MoQSession.cpp:2232] processPublishDone trackReceiveState=0x7fb07c075010
relay-1        | V0929 00:52:25.884242     8 MoQRelay.cpp:383] onPublishDoneImpl ftn=moq-test-00/3/0/0/2/5/5/64/32/20/1/1/1/-1/-1/0/moq-test-e2aae65a31412adc
relay-1        | V0929 00:52:25.884256     8 MoQRelay.cpp:303] Pruning empty subtree at: moq-test-00
relay-1        | V0929 00:52:25.884270     8 MoQForwarder.cpp:610] publishDone pubDone reason=closed locally
relay-1        | V0929 00:52:25.884276     8 MoQForwarder.cpp:308] drainSubscriber from publishDone session=111
relay-1        | V0929 00:52:25.884281     8 MoQSession.cpp:6399] sendPublishDone sess=0x7fb07c060b60
relay-1        | V0929 00:52:25.884304     8 MoQSession.cpp:6570] publisherDrained id=0 sess=0x7fb07c060b60
relay-1        | V0929 00:52:25.884310     8 MoQForwarder.cpp:372] Resetting open subgroups for subscriber=0x7fb07c0467f0
relay-1        | V0929 00:52:25.884315     8 MoQForwarder.cpp:391] subscribers_.size()=0
relay-1        | I0929 00:52:25.884325     8 MoQRelay.cpp:1938] Publisher terminated for moq-test-00/3/0/0/2/5/5/64/32/20/1/1/1/-1/-1/0/moq-test-e2aae65a31412adc
relay-1        | V0929 00:52:25.884335     8 MoQSession.cpp:2187] cancel alias=0 requestID=0
relay-1        | V0929 00:52:25.884342     8 MoQSession.cpp:2652] requestCancellation from cleanup sess=0x7fb07c05d1f0
relay-1        | V0929 00:52:25.884361     8 MoQSession.cpp:2991] requestCancellation from close sess=0x7fb07c05d1f0
relay-1        | E0929 00:52:25.884520     8 MoQServer.h:194] proxygen::HTTPException: Got error=ApplicationError: 260, HTTP error on control stream
relay-1        | V0929 00:52:25.884561     8 MoQSession.cpp:7333] onSessionEnderr=4294967295 sess=0x7fb07c060b60
relay-1        | V0929 00:52:25.884587     8 MoQSession.cpp:2974] close sess=0x7fb07c060b60
relay-1        | V0929 00:52:25.884617     8 MoQSession.cpp:2652] requestCancellation from cleanup sess=0x7fb07c060b60
relay-1        | V0929 00:52:25.884645     8 MoQSession.cpp:2991] requestCancellation from close sess=0x7fb07c060b60
test-client-1  | [2m2026-09-29T00:52:25.884620Z[0m [33m WARN[0m [2mweb_transport_quinn::session[0m[2m:[0m failed to read capsule [3me[0m[2m=[0mUnexpectedEnd
test-client-1  | [2m2026-09-29T00:52:25.884799Z[0m [33m WARN[0m [2mweb_transport_quinn::session[0m[2m:[0m failed to read capsule [3me[0m[2m=[0mUnexpectedEnd
relay-1        | V0929 00:52:25.884795     8 MoQSession.cpp:3410] exit controlReadLoop sess=0x7fb07c05d1f0
test-client-1  | [2m2026-09-29T00:52:25.884929Z[0m [32m INFO[0m [2mmoq_native_ietf::quic[0m[2m:[0m UDP socket bound [3mbind[0m[2m=[0m[::]:0 [3mlocal[0m[2m=[0m[::]:46011 [3mdual_stack[0m[2m=[0mtrue
relay-1        | V0929 00:52:25.884847     8 MoQSession.cpp:3410] exit controlReadLoop sess=0x7fb07c060b60
relay-1        | V0929 00:52:25.884875     8 MoQSession.cpp:3410] exit controlReadLoop sess=0x7fb07c060b60
relay-1        | V0929 00:52:25.884927     8 MoQSession.cpp:3000] exit controlWriteLoop sess=0x7fb07c05d1f0
relay-1        | V0929 00:52:25.884957     8 MoQSession.cpp:2597] ~MoQSession sess=0x7fb07c05d1f0
relay-1        | V0929 00:52:25.885010     8 MoQSession.cpp:3000] exit controlWriteLoop sess=0x7fb07c060b60
relay-1        | V0929 00:52:25.887108     8 MoQServer.cpp:331] MoQServer WebTransport: supported protocols: moqt-18, moqt-16, moqt-15, moq-00
relay-1        | V0929 00:52:25.887126     8 MoQServer.cpp:341] WebTransport: Negotiated protocol: moqt-18
relay-1        | V0929 00:52:25.887229     8 MoQSession.cpp:2698] start sess=0x7fb07c0704d0
relay-1        | V0929 00:52:25.887253     8 MoQSession.cpp:3042] sendSetup sess=0x7fb07c0704d0
relay-1        | V0929 00:52:25.887313     8 MoQSession.cpp:2998] controlWriteLoop sess=0x7fb07c0704d0
relay-1        | V0929 00:52:25.887624     8 MoQSession.cpp:6883] onNewUniStream sess=0x7fb07c0704d0
relay-1        | V0929 00:52:25.887656     8 MoQSession.cpp:3407] controlReadLoop sess=0x7fb07c0704d0
relay-1        | V0929 00:52:25.887683     8 MoQSession.cpp:3194] onClientSetup sess=0x7fb07c0704d0
relay-1        | V0929 00:52:25.887688     8 MoQServerBase.cpp:88] MoQServerBase::ClientSetup
relay-1        | V0929 00:52:25.887692     8 MoQServerBase.cpp:93] MoQServerBase::ClientSetup: Using ALPN-negotiated version: moqt-18
relay-1        | V0929 00:52:25.887697     8 MoQSession.cpp:3272] Negotiated Version=0xff000012 (draft-18)
relay-1        | V0929 00:52:25.887821     8 MoQSession.cpp:6913] onNewBidiStream sess=0x7fb07c0704d0
relay-1        | V0929 00:52:25.887879     8 MoQSession.cpp:3407] controlReadLoop sess=0x7fb07c0704d0
relay-1        | V0929 00:52:25.887897     8 MoQSession.cpp:4292] onSubscribeImpl ftn=moq-test-00/0/0/0/2/5/5/64/32/2/1/1/1/1/2/0/moq-test-cbd833547b8f8622 sess=0x7fb07c0704d0
relay-1        | V0929 00:52:25.899163     8 MoQSession.cpp:2597] ~MoQSession sess=0x7fb07c060b60
test-client-1  | [2m2026-09-29T00:52:26.090080Z[0m [32m INFO[0m [2mmoq_native_ietf::quic[0m[2m:[0m UDP socket bound [3mbind[0m[2m=[0m[::]:0 [3mlocal[0m[2m=[0m[::]:43639 [3mdual_stack[0m[2m=[0mtrue
relay-1        | V0929 00:52:26.092396     8 MoQServer.cpp:331] MoQServer WebTransport: supported protocols: moqt-18, moqt-16, moqt-15, moq-00
relay-1        | V0929 00:52:26.092421     8 MoQServer.cpp:341] WebTransport: Negotiated protocol: moqt-18
relay-1        | V0929 00:52:26.092539     8 MoQSession.cpp:2698] start sess=0x7fb07c0355d0
relay-1        | V0929 00:52:26.092566     8 MoQSession.cpp:3042] sendSetup sess=0x7fb07c0355d0
relay-1        | V0929 00:52:26.092628     8 MoQSession.cpp:2998] controlWriteLoop sess=0x7fb07c0355d0
relay-1        | V0929 00:52:26.092960     8 MoQSession.cpp:6883] onNewUniStream sess=0x7fb07c0355d0
relay-1        | V0929 00:52:26.092991     8 MoQSession.cpp:3407] controlReadLoop sess=0x7fb07c0355d0
relay-1        | V0929 00:52:26.093000     8 MoQSession.cpp:3194] onClientSetup sess=0x7fb07c0355d0
relay-1        | V0929 00:52:26.093005     8 MoQServerBase.cpp:88] MoQServerBase::ClientSetup
relay-1        | V0929 00:52:26.093009     8 MoQServerBase.cpp:93] MoQServerBase::ClientSetup: Using ALPN-negotiated version: moqt-18
relay-1        | V0929 00:52:26.093015     8 MoQSession.cpp:3272] Negotiated Version=0xff000012 (draft-18)
relay-1        | V0929 00:52:26.093132     8 MoQSession.cpp:6913] onNewBidiStream sess=0x7fb07c0355d0
relay-1        | V0929 00:52:26.093185     8 MoQSession.cpp:3407] controlReadLoop sess=0x7fb07c0355d0
relay-1        | V0929 00:52:26.093201     8 MoQSession.cpp:4988] onPublishImpl reqID=0 sess=0x7fb07c0355d0
relay-1        | V0929 00:52:26.093246     8 MoQRelay.cpp:422] publish ftn=moq-test-00/0/0/0/2/5/5/64/32/2/1/1/1/1/2/0/moq-test-cbd833547b8f8622
relay-1        | E0929 00:52:26.093262     8 MoQRelay.cpp:82] prefix not found in tree
test-client-1  | [2m2026-09-29T00:52:26.093546Z[0m [32m INFO[0m [2mmoq_test_client::moqtest[0m[2m:[0m PUBLISH accepted and subscription bound; generating objects [3mobjects[0m[2m=[0m15 [3mstreams[0m[2m=[0m3
relay-1        | V0929 00:52:26.093288     8 MoQSession.cpp:6104] publishOk reqID=0 sess=0x7fb07c0355d0
relay-1        | V0929 00:52:26.093402     8 MoQLocation.h:24] m=AbsoluteStart g=0 o=0
relay-1        | V0929 00:52:26.093412     8 MoQLocation.h:59] g=0 o=0 g=4611686018427387903 o=4611686018427387903
relay-1        | I0929 00:52:26.093421     8 MoQRelay.cpp:1975] Updating forward for moq-test-00/0/0/0/2/5/5/64/32/2/1/1/1/1/2/0/moq-test-cbd833547b8f8622 numForwardingSubs=1
relay-1        | V0929 00:52:26.093434     8 MoQSession.cpp:6286] sendSubscribeOk sess=0x7fb07c0704d0
relay-1        | V0929 00:52:26.093491     8 MoQSession.cpp:6600] requestUpdate sess=0x7fb07c0355d0
relay-1        | V0929 00:52:26.093763     8 MoQSession.cpp:5142] PublishDone id=0 code=2 reason=publish ended
relay-1        | V0929 00:52:26.093781     8 MoQSession.cpp:2232] processPublishDone trackReceiveState=0x7fb07c074ef0
relay-1        | V0929 00:52:26.093787     8 MoQRelay.cpp:383] onPublishDoneImpl ftn=moq-test-00/0/0/0/2/5/5/64/32/2/1/1/1/1/2/0/moq-test-cbd833547b8f8622
relay-1        | V0929 00:52:26.093795     8 MoQRelay.cpp:303] Pruning empty subtree at: moq-test-00
relay-1        | V0929 00:52:26.093802     8 MoQForwarder.cpp:610] publishDone pubDone reason=publish ended
relay-1        | V0929 00:52:26.093806     8 MoQForwarder.cpp:308] drainSubscriber from publishDone session=121
relay-1        | V0929 00:52:26.093810     8 MoQSession.cpp:6399] sendPublishDone sess=0x7fb07c0704d0
relay-1        | V0929 00:52:26.093822     8 MoQSession.cpp:6570] publisherDrained id=0 sess=0x7fb07c0704d0
relay-1        | V0929 00:52:26.093829     8 MoQForwarder.cpp:372] Resetting open subgroups for subscriber=0x7fb07c036f10
relay-1        | V0929 00:52:26.093833     8 MoQForwarder.cpp:391] subscribers_.size()=0
relay-1        | I0929 00:52:26.093840     8 MoQRelay.cpp:1938] Publisher terminated for moq-test-00/0/0/0/2/5/5/64/32/2/1/1/1/1/2/0/moq-test-cbd833547b8f8622
relay-1        | V0929 00:52:26.093849     8 MoQSession.cpp:3523] Failing pending request id=1 peer FINed without terminal reply sess=0x7fb07c0355d0
relay-1        | V0929 00:52:26.093861     8 MoQSession.cpp:3410] exit controlReadLoop sess=0x7fb07c0355d0
relay-1        | E0929 00:52:26.094114     8 MoQRelay.cpp:36] requestUpdate failed: peer FINed without terminal reply
relay-1        | V0929 00:52:26.094147     8 MoQSession.cpp:3410] exit controlReadLoop sess=0x7fb07c0704d0
relay-1        | V0929 00:52:26.094156     8 MoQSession.cpp:3410] exit controlReadLoop sess=0x7fb07c0704d0
test-client-1  | not ok 16 - moq-test-extensions
relay-1        | E20260929 00:52:26.113101     8 HQControlCodec.h:58] Unexpected control stream EOF
test-client-1  |   ---
test-client-1  |   duration_ms: 229
test-client-1  |   message: "failed to create subgroup: cancelled"
test-client-1  |   ...
relay-1        | E20260929 00:52:26.113241     8 HQSession.cpp:3170] Got error on control stream error=HTTP: Critical stream was closed streamID=2 sess=proto=h3, UA=, client CID=428c2481acf512fa, server CID=4000001845189e55, downstream=[::ffff:172.18.0.3]:43639, [::]:4443=local, drain=none
relay-1        | E20260929 00:52:26.113345     8 HQControlCodec.h:58] Unexpected control stream EOF
relay-1        | E20260929 00:52:26.113407     8 HQSession.cpp:3170] Got error on control stream error=HTTP: Critical stream was closed streamID=2 sess=proto=h3, UA=, client CID=64e0a5eb439c5567, server CID=4000001183f03399, downstream=[::ffff:172.18.0.3]:46011, [::]:4443=local, drain=none
relay-1        | E0929 00:52:26.113510     8 MoQServer.h:194] proxygen::HTTPException: Got error=ApplicationError: 260, HTTP error on control stream
relay-1        | V0929 00:52:26.113550     8 MoQSession.cpp:7333] onSessionEnderr=4294967295 sess=0x7fb07c0355d0
relay-1        | V0929 00:52:26.113580     8 MoQSession.cpp:2974] close sess=0x7fb07c0355d0
relay-1        | V0929 00:52:26.113614     8 MoQSession.cpp:2652] requestCancellation from cleanup sess=0x7fb07c0355d0
relay-1        | V0929 00:52:26.113705     8 MoQSession.cpp:2991] requestCancellation from close sess=0x7fb07c0355d0
relay-1        | E0929 00:52:26.113871     8 MoQServer.h:194] proxygen::HTTPException: Got error=ApplicationError: 260, HTTP error on control stream
test-client-1  | [2m2026-09-29T00:52:26.114011Z[0m [33m WARN[0m [2mweb_transport_quinn::session[0m[2m:[0m failed to read capsule [3me[0m[2m=[0mUnexpectedEnd
relay-1        | V0929 00:52:26.114057     8 MoQSession.cpp:7333] onSessionEnderr=4294967295 sess=0x7fb07c0704d0
relay-1        | V0929 00:52:26.114066     8 MoQSession.cpp:2974] close sess=0x7fb07c0704d0
relay-1        | V0929 00:52:26.114073     8 MoQSession.cpp:2652] requestCancellation from cleanup sess=0x7fb07c0704d0
relay-1        | V0929 00:52:26.114085     8 MoQSession.cpp:2991] requestCancellation from close sess=0x7fb07c0704d0
relay-1        | V0929 00:52:26.114197     8 MoQSession.cpp:3410] exit controlReadLoop sess=0x7fb07c0355d0
relay-1        | V0929 00:52:26.114237     8 MoQSession.cpp:3000] exit controlWriteLoop sess=0x7fb07c0355d0
relay-1        | V0929 00:52:26.114246     8 MoQSession.cpp:2597] ~MoQSession sess=0x7fb07c0355d0
relay-1        | V0929 00:52:26.114257     8 MoQSession.cpp:3000] exit controlWriteLoop sess=0x7fb07c0704d0
test-client-1  | [2m2026-09-29T00:52:26.114358Z[0m [33m WARN[0m [2mweb_transport_quinn::session[0m[2m:[0m failed to read capsule [3me[0m[2m=[0mUnexpectedEnd
test-client-1  | [2m2026-09-29T00:52:26.114453Z[0m [32m INFO[0m [2mmoq_native_ietf::quic[0m[2m:[0m UDP socket bound [3mbind[0m[2m=[0m[::]:0 [3mlocal[0m[2m=[0m[::]:34168 [3mdual_stack[0m[2m=[0mtrue
relay-1        | V0929 00:52:26.116586     8 MoQServer.cpp:331] MoQServer WebTransport: supported protocols: moqt-18, moqt-16, moqt-15, moq-00
relay-1        | V0929 00:52:26.116608     8 MoQServer.cpp:341] WebTransport: Negotiated protocol: moqt-18
relay-1        | V0929 00:52:26.116750     8 MoQSession.cpp:2698] start sess=0x7fb07c060790
relay-1        | V0929 00:52:26.116775     8 MoQSession.cpp:3042] sendSetup sess=0x7fb07c060790
relay-1        | V0929 00:52:26.116874     8 MoQSession.cpp:2998] controlWriteLoop sess=0x7fb07c060790
relay-1        | V0929 00:52:26.116989     8 MoQSession.cpp:6883] onNewUniStream sess=0x7fb07c060790
relay-1        | V0929 00:52:26.117014     8 MoQSession.cpp:3407] controlReadLoop sess=0x7fb07c060790
relay-1        | V0929 00:52:26.117022     8 MoQSession.cpp:3194] onClientSetup sess=0x7fb07c060790
relay-1        | V0929 00:52:26.117026     8 MoQServerBase.cpp:88] MoQServerBase::ClientSetup
relay-1        | V0929 00:52:26.117031     8 MoQServerBase.cpp:93] MoQServerBase::ClientSetup: Using ALPN-negotiated version: moqt-18
relay-1        | V0929 00:52:26.117037     8 MoQSession.cpp:3272] Negotiated Version=0xff000012 (draft-18)
relay-1        | V0929 00:52:26.117278     8 MoQSession.cpp:6913] onNewBidiStream sess=0x7fb07c060790
relay-1        | V0929 00:52:26.117318     8 MoQSession.cpp:3407] controlReadLoop sess=0x7fb07c060790
relay-1        | V0929 00:52:26.117370     8 MoQSession.cpp:4292] onSubscribeImpl ftn=moq-test-00/0/10/3/24/7/3/40/24/2/7/2/0/-1/-1/0/moq-test-0b44e667fe6342ed sess=0x7fb07c060790
relay-1        | V0929 00:52:26.120558     8 MoQSession.cpp:2597] ~MoQSession sess=0x7fb07c0704d0
test-client-1  | [2m2026-09-29T00:52:26.318765Z[0m [32m INFO[0m [2mmoq_native_ietf::quic[0m[2m:[0m UDP socket bound [3mbind[0m[2m=[0m[::]:0 [3mlocal[0m[2m=[0m[::]:34680 [3mdual_stack[0m[2m=[0mtrue
relay-1        | V0929 00:52:26.321169     8 MoQServer.cpp:331] MoQServer WebTransport: supported protocols: moqt-18, moqt-16, moqt-15, moq-00
relay-1        | V0929 00:52:26.321201     8 MoQServer.cpp:341] WebTransport: Negotiated protocol: moqt-18
relay-1        | V0929 00:52:26.321313     8 MoQSession.cpp:2698] start sess=0x7fb07c085530
relay-1        | V0929 00:52:26.321340     8 MoQSession.cpp:3042] sendSetup sess=0x7fb07c085530
relay-1        | V0929 00:52:26.323911     8 MoQSession.cpp:2998] controlWriteLoop sess=0x7fb07c085530
relay-1        | V0929 00:52:26.324224     8 MoQSession.cpp:6883] onNewUniStream sess=0x7fb07c085530
relay-1        | V0929 00:52:26.324264     8 MoQSession.cpp:3407] controlReadLoop sess=0x7fb07c085530
relay-1        | V0929 00:52:26.324274     8 MoQSession.cpp:3194] onClientSetup sess=0x7fb07c085530
relay-1        | V0929 00:52:26.324279     8 MoQServerBase.cpp:88] MoQServerBase::ClientSetup
relay-1        | V0929 00:52:26.324284     8 MoQServerBase.cpp:93] MoQServerBase::ClientSetup: Using ALPN-negotiated version: moqt-18
relay-1        | V0929 00:52:26.324290     8 MoQSession.cpp:3272] Negotiated Version=0xff000012 (draft-18)
relay-1        | V0929 00:52:26.324359     8 MoQSession.cpp:6913] onNewBidiStream sess=0x7fb07c085530
relay-1        | V0929 00:52:26.324399     8 MoQSession.cpp:3407] controlReadLoop sess=0x7fb07c085530
relay-1        | V0929 00:52:26.324418     8 MoQSession.cpp:4988] onPublishImpl reqID=0 sess=0x7fb07c085530
relay-1        | V0929 00:52:26.324445     8 MoQRelay.cpp:422] publish ftn=moq-test-00/0/10/3/24/7/3/40/24/2/7/2/0/-1/-1/0/moq-test-0b44e667fe6342ed
relay-1        | E0929 00:52:26.324457     8 MoQRelay.cpp:82] prefix not found in tree
relay-1        | V0929 00:52:26.324496     8 MoQSession.cpp:6104] publishOk reqID=0 sess=0x7fb07c085530
relay-1        | V0929 00:52:26.324609     8 MoQLocation.h:24] m=AbsoluteStart g=0 o=0
relay-1        | V0929 00:52:26.324624     8 MoQLocation.h:59] g=0 o=0 g=4611686018427387903 o=4611686018427387903
relay-1        | I0929 00:52:26.324633     8 MoQRelay.cpp:1975] Updating forward for moq-test-00/0/10/3/24/7/3/40/24/2/7/2/0/-1/-1/0/moq-test-0b44e667fe6342ed numForwardingSubs=1
relay-1        | V0929 00:52:26.324647     8 MoQSession.cpp:6286] sendSubscribeOk sess=0x7fb07c060790
relay-1        | V0929 00:52:26.324748     8 MoQSession.cpp:6600] requestUpdate sess=0x7fb07c085530
test-client-1  | [2m2026-09-29T00:52:26.324984Z[0m [33m WARN[0m [2mmoq_transport::session[0m[2m:[0m unexpected bidi response message type [3mmsg_type[0m[2m=[0m2
test-client-1  | [2m2026-09-29T00:52:26.325003Z[0m [33m WARN[0m [2mmoq_transport::serve::error[0m[2m:[0m [5b5ff294-9020-4d06-9ffd-b9d74e535be0] Not implemented: bidi response type 0x2 at moq-transport/src/session/error.rs:89
test-client-1  | not ok 17 - moq-test-increments
test-client-1  |   ---
test-client-1  |   duration_ms: 212
test-client-1  |   message: "PUBLISH was rejected: cancelled"
test-client-1  |   ...
relay-1        | E20260929 00:52:26.325258     8 HQControlCodec.h:58] Unexpected control stream EOF
relay-1        | E20260929 00:52:26.325342     8 HQSession.cpp:3170] Got error on control stream error=HTTP: Critical stream was closed streamID=2 sess=proto=h3, UA=, client CID=c45858fa6e6b80b1, server CID=40000011c3acd060, downstream=[::ffff:172.18.0.3]:34680, [::]:4443=local, drain=none
relay-1        | E0929 00:52:26.325416     8 MoQServer.h:194] proxygen::HTTPException: Got error=ApplicationError: 260, HTTP error on control stream
relay-1        | V0929 00:52:26.325424     8 MoQSession.cpp:7333] onSessionEnderr=4294967295 sess=0x7fb07c085530
relay-1        | V0929 00:52:26.325429     8 MoQSession.cpp:2974] close sess=0x7fb07c085530
relay-1        | V0929 00:52:26.325436     8 MoQSession.cpp:2203] subscribeError trackReceiveState=0x7fb07c0595c0
relay-1        | V0929 00:52:26.325440     8 MoQSession.cpp:2232] processPublishDone trackReceiveState=0x7fb07c0595c0
relay-1        | V0929 00:52:26.325446     8 MoQRelay.cpp:383] onPublishDoneImpl ftn=moq-test-00/0/10/3/24/7/3/40/24/2/7/2/0/-1/-1/0/moq-test-0b44e667fe6342ed
relay-1        | V0929 00:52:26.325456     8 MoQRelay.cpp:303] Pruning empty subtree at: moq-test-00
relay-1        | V0929 00:52:26.325464     8 MoQForwarder.cpp:610] publishDone pubDone reason=closed locally
relay-1        | V0929 00:52:26.325468     8 MoQForwarder.cpp:308] drainSubscriber from publishDone session=131
relay-1        | V0929 00:52:26.325472     8 MoQSession.cpp:6399] sendPublishDone sess=0x7fb07c060790
relay-1        | V0929 00:52:26.325485     8 MoQSession.cpp:6570] publisherDrained id=0 sess=0x7fb07c060790
relay-1        | V0929 00:52:26.325490     8 MoQForwarder.cpp:372] Resetting open subgroups for subscriber=0x7fb07c044f40
relay-1        | V0929 00:52:26.325494     8 MoQForwarder.cpp:391] subscribers_.size()=0
relay-1        | I0929 00:52:26.325502     8 MoQRelay.cpp:1938] Publisher terminated for moq-test-00/0/10/3/24/7/3/40/24/2/7/2/0/-1/-1/0/moq-test-0b44e667fe6342ed
relay-1        | V0929 00:52:26.325511     8 MoQSession.cpp:2187] cancel alias=0 requestID=0
relay-1        | V0929 00:52:26.325518     8 MoQSession.cpp:2652] requestCancellation from cleanup sess=0x7fb07c085530
relay-1        | V0929 00:52:26.325528     8 BidiStreamControl.cpp:37] STOP_SENDING received on bidi stream id=4 code=386759528
relay-1        | V0929 00:52:26.325536     8 MoQSession.cpp:2991] requestCancellation from close sess=0x7fb07c085530
test-client-1  | [2m2026-09-29T00:52:26.325660Z[0m [33m WARN[0m [2mweb_transport_quinn::session[0m[2m:[0m failed to read capsule [3me[0m[2m=[0mUnexpectedEnd
relay-1        | V0929 00:52:26.325749     8 MoQSession.cpp:3410] exit controlReadLoop sess=0x7fb07c085530
relay-1        | V0929 00:52:26.325809     8 MoQSession.cpp:3410] exit controlReadLoop sess=0x7fb07c085530
relay-1        | E0929 00:52:26.325837     8 MoQRelay.cpp:36] requestUpdate failed: Session closed
relay-1        | V0929 00:52:26.325881     8 MoQSession.cpp:3000] exit controlWriteLoop sess=0x7fb07c085530
relay-1        | E20260929 00:52:26.325903     8 HQControlCodec.h:58] Unexpected control stream EOF
relay-1        | E20260929 00:52:26.325966     8 HQSession.cpp:3170] Got error on control stream error=HTTP: Critical stream was closed streamID=2 sess=proto=h3, UA=, client CID=26a07a6af4d972e0, server CID=4000001a34f1425f, downstream=[::ffff:172.18.0.3]:34168, [::]:4443=local, drain=none
relay-1        | E0929 00:52:26.326021     8 MoQServer.h:194] proxygen::HTTPException: Got error=ApplicationError: 260, HTTP error on control stream
relay-1        | V0929 00:52:26.326029     8 MoQSession.cpp:7333] onSessionEnderr=4294967295 sess=0x7fb07c060790
relay-1        | V0929 00:52:26.326033     8 MoQSession.cpp:2974] close sess=0x7fb07c060790
relay-1        | V0929 00:52:26.326038     8 MoQSession.cpp:2652] requestCancellation from cleanup sess=0x7fb07c060790
relay-1        | V0929 00:52:26.326049     8 MoQSession.cpp:2991] requestCancellation from close sess=0x7fb07c060790
test-client-1  | [2m2026-09-29T00:52:26.326156Z[0m [33m WARN[0m [2mweb_transport_quinn::session[0m[2m:[0m failed to read capsule [3me[0m[2m=[0mUnexpectedEnd
test-client-1  | [2m2026-09-29T00:52:26.326328Z[0m [32m INFO[0m [2mmoq_native_ietf::quic[0m[2m:[0m UDP socket bound [3mbind[0m[2m=[0m[::]:0 [3mlocal[0m[2m=[0m[::]:42596 [3mdual_stack[0m[2m=[0mtrue
relay-1        | V0929 00:52:26.326308     8 MoQSession.cpp:3410] exit controlReadLoop sess=0x7fb07c060790
relay-1        | V0929 00:52:26.326329     8 MoQSession.cpp:3410] exit controlReadLoop sess=0x7fb07c060790
relay-1        | V0929 00:52:26.326357     8 MoQSession.cpp:3000] exit controlWriteLoop sess=0x7fb07c060790
relay-1        | V0929 00:52:26.328314     8 MoQServer.cpp:331] MoQServer WebTransport: supported protocols: moqt-18, moqt-16, moqt-15, moq-00
relay-1        | V0929 00:52:26.328336     8 MoQServer.cpp:341] WebTransport: Negotiated protocol: moqt-18
relay-1        | V0929 00:52:26.328447     8 MoQSession.cpp:2698] start sess=0x7fb07c06adc0
relay-1        | V0929 00:52:26.328474     8 MoQSession.cpp:3042] sendSetup sess=0x7fb07c06adc0
relay-1        | V0929 00:52:26.328531     8 MoQSession.cpp:2998] controlWriteLoop sess=0x7fb07c06adc0
relay-1        | V0929 00:52:26.328849     8 MoQSession.cpp:6883] onNewUniStream sess=0x7fb07c06adc0
relay-1        | V0929 00:52:26.328882     8 MoQSession.cpp:3407] controlReadLoop sess=0x7fb07c06adc0
relay-1        | V0929 00:52:26.328889     8 MoQSession.cpp:3194] onClientSetup sess=0x7fb07c06adc0
relay-1        | V0929 00:52:26.328893     8 MoQServerBase.cpp:88] MoQServerBase::ClientSetup
relay-1        | V0929 00:52:26.328897     8 MoQServerBase.cpp:93] MoQServerBase::ClientSetup: Using ALPN-negotiated version: moqt-18
relay-1        | V0929 00:52:26.328903     8 MoQSession.cpp:3272] Negotiated Version=0xff000012 (draft-18)
relay-1        | V0929 00:52:26.329030     8 MoQSession.cpp:6913] onNewBidiStream sess=0x7fb07c06adc0
relay-1        | V0929 00:52:26.329090     8 MoQSession.cpp:3407] controlReadLoop sess=0x7fb07c06adc0
relay-1        | V0929 00:52:26.329112     8 MoQSession.cpp:4292] onSubscribeImpl ftn=moq-test-00/0/0/0/1/2/3/64/32/2/1/1/0/-1/-1/0/moq-test-336bf53758340f29 sess=0x7fb07c06adc0
relay-1        | V0929 00:52:26.335254     8 MoQSession.cpp:2597] ~MoQSession sess=0x7fb07c060790
relay-1        | V0929 00:52:26.335290     8 MoQSession.cpp:2597] ~MoQSession sess=0x7fb07c085530
test-client-1  | [2m2026-09-29T00:52:26.530486Z[0m [32m INFO[0m [2mmoq_native_ietf::quic[0m[2m:[0m UDP socket bound [3mbind[0m[2m=[0m[::]:0 [3mlocal[0m[2m=[0m[::]:37984 [3mdual_stack[0m[2m=[0mtrue
relay-1        | V0929 00:52:26.532965     8 MoQServer.cpp:331] MoQServer WebTransport: supported protocols: moqt-18, moqt-16, moqt-15, moq-00
relay-1        | V0929 00:52:26.532998     8 MoQServer.cpp:341] WebTransport: Negotiated protocol: moqt-18
relay-1        | V0929 00:52:26.533121     8 MoQSession.cpp:2698] start sess=0x7fb07c060790
relay-1        | V0929 00:52:26.533147     8 MoQSession.cpp:3042] sendSetup sess=0x7fb07c060790
relay-1        | V0929 00:52:26.533210     8 MoQSession.cpp:2998] controlWriteLoop sess=0x7fb07c060790
relay-1        | V0929 00:52:26.533475     8 MoQSession.cpp:6883] onNewUniStream sess=0x7fb07c060790
relay-1        | V0929 00:52:26.533543     8 MoQSession.cpp:3407] controlReadLoop sess=0x7fb07c060790
relay-1        | V0929 00:52:26.533582     8 MoQSession.cpp:3194] onClientSetup sess=0x7fb07c060790
relay-1        | V0929 00:52:26.533616     8 MoQServerBase.cpp:88] MoQServerBase::ClientSetup
relay-1        | V0929 00:52:26.533624     8 MoQServerBase.cpp:93] MoQServerBase::ClientSetup: Using ALPN-negotiated version: moqt-18
relay-1        | V0929 00:52:26.533630     8 MoQSession.cpp:3272] Negotiated Version=0xff000012 (draft-18)
relay-1        | V0929 00:52:26.533707     8 MoQSession.cpp:6913] onNewBidiStream sess=0x7fb07c060790
test-client-1  | [2m2026-09-29T00:52:26.534085Z[0m [32m INFO[0m [2mmoq_test_client::moqtest[0m[2m:[0m PUBLISH accepted and subscription bound; generating objects [3mobjects[0m[2m=[0m6 [3mstreams[0m[2m=[0m2
relay-1        | V0929 00:52:26.533737     8 MoQSession.cpp:3407] controlReadLoop sess=0x7fb07c060790
relay-1        | V0929 00:52:26.533747     8 MoQSession.cpp:4988] onPublishImpl reqID=0 sess=0x7fb07c060790
relay-1        | V0929 00:52:26.533765     8 MoQRelay.cpp:422] publish ftn=moq-test-00/0/0/0/1/2/3/64/32/2/1/1/0/-1/-1/0/moq-test-336bf53758340f29
relay-1        | E0929 00:52:26.533777     8 MoQRelay.cpp:82] prefix not found in tree
relay-1        | V0929 00:52:26.533805     8 MoQSession.cpp:6104] publishOk reqID=0 sess=0x7fb07c060790
relay-1        | V0929 00:52:26.533891     8 MoQLocation.h:24] m=AbsoluteStart g=0 o=0
relay-1        | V0929 00:52:26.533899     8 MoQLocation.h:59] g=0 o=0 g=4611686018427387903 o=4611686018427387903
relay-1        | V0929 00:52:26.533915     8 MoQSession.cpp:6286] sendSubscribeOk sess=0x7fb07c06adc0
relay-1        | V0929 00:52:26.534264     8 MoQSession.cpp:5142] PublishDone id=0 code=2 reason=publish ended
relay-1        | V0929 00:52:26.534282     8 MoQSession.cpp:2232] processPublishDone trackReceiveState=0x7fb07c04f260
relay-1        | V0929 00:52:26.534288     8 MoQRelay.cpp:383] onPublishDoneImpl ftn=moq-test-00/0/0/0/1/2/3/64/32/2/1/1/0/-1/-1/0/moq-test-336bf53758340f29
relay-1        | V0929 00:52:26.534296     8 MoQRelay.cpp:303] Pruning empty subtree at: moq-test-00
relay-1        | V0929 00:52:26.534304     8 MoQForwarder.cpp:610] publishDone pubDone reason=publish ended
relay-1        | V0929 00:52:26.534309     8 MoQForwarder.cpp:308] drainSubscriber from publishDone session=141
relay-1        | V0929 00:52:26.534313     8 MoQSession.cpp:6399] sendPublishDone sess=0x7fb07c06adc0
relay-1        | V0929 00:52:26.534326     8 MoQSession.cpp:6570] publisherDrained id=0 sess=0x7fb07c06adc0
relay-1        | V0929 00:52:26.534330     8 MoQForwarder.cpp:372] Resetting open subgroups for subscriber=0x7fb07c0616f0
relay-1        | V0929 00:52:26.534334     8 MoQForwarder.cpp:391] subscribers_.size()=0
relay-1        | I0929 00:52:26.534343     8 MoQRelay.cpp:1938] Publisher terminated for moq-test-00/0/0/0/1/2/3/64/32/2/1/1/0/-1/-1/0/moq-test-336bf53758340f29
relay-1        | V0929 00:52:26.534469     8 MoQSession.cpp:3410] exit controlReadLoop sess=0x7fb07c060790
relay-1        | V0929 00:52:26.534764     8 MoQSession.cpp:3410] exit controlReadLoop sess=0x7fb07c06adc0
relay-1        | V0929 00:52:26.534798     8 MoQSession.cpp:3410] exit controlReadLoop sess=0x7fb07c06adc0
relay-1        | E20260929 00:52:26.543286     8 HQControlCodec.h:58] Unexpected control stream EOF
relay-1        | E20260929 00:52:26.543355     8 HQSession.cpp:3170] Got error on control stream error=HTTP: Critical stream was closed streamID=2 sess=proto=h3, UA=, client CID=9ee7684e6a1f1964, server CID=40000006b43ba963, downstream=[::ffff:172.18.0.3]:37984, [::]:4443=local, drain=none
relay-1        | E20260929 00:52:26.543414     8 HQControlCodec.h:58] Unexpected control stream EOF
relay-1        | E20260929 00:52:26.543437     8 HQSession.cpp:3170] Got error on control stream error=HTTP: Critical stream was closed streamID=2 sess=proto=h3, UA=, client CID=57a0160ffbb72131, server CID=400000165bd2eef0, downstream=[::ffff:172.18.0.3]:42596, [::]:4443=local, drain=none
relay-1        | E0929 00:52:26.543487     8 MoQServer.h:194] proxygen::HTTPException: Got error=ApplicationError: 260, HTTP error on control stream
relay-1        | V0929 00:52:26.543507     8 MoQSession.cpp:7333] onSessionEnderr=4294967295 sess=0x7fb07c060790
relay-1        | V0929 00:52:26.543511     8 MoQSession.cpp:2974] close sess=0x7fb07c060790
relay-1        | V0929 00:52:26.543520     8 MoQSession.cpp:2652] requestCancellation from cleanup sess=0x7fb07c060790
test-client-1  | not ok 18 - moq-test-forward-zero
test-client-1  |   ---
relay-1        | V0929 00:52:26.543545     8 MoQSession.cpp:2991] requestCancellation from close sess=0x7fb07c060790
test-client-1  |   duration_ms: 218
test-client-1  |   message: "failed to create subgroup: cancelled"
test-client-1  |   ...
relay-1        | E0929 00:52:26.543690     8 MoQServer.h:194] proxygen::HTTPException: Got error=ApplicationError: 260, HTTP error on control stream
relay-1        | V0929 00:52:26.543704     8 MoQSession.cpp:7333] onSessionEnderr=4294967295 sess=0x7fb07c06adc0
relay-1        | V0929 00:52:26.543708     8 MoQSession.cpp:2974] close sess=0x7fb07c06adc0
relay-1        | V0929 00:52:26.543715     8 MoQSession.cpp:2652] requestCancellation from cleanup sess=0x7fb07c06adc0
relay-1        | V0929 00:52:26.543726     8 MoQSession.cpp:2991] requestCancellation from close sess=0x7fb07c06adc0
relay-1        | V0929 00:52:26.543796     8 MoQSession.cpp:3410] exit controlReadLoop sess=0x7fb07c060790
relay-1        | V0929 00:52:26.543825     8 MoQSession.cpp:3000] exit controlWriteLoop sess=0x7fb07c060790
relay-1        | V0929 00:52:26.543833     8 MoQSession.cpp:3000] exit controlWriteLoop sess=0x7fb07c06adc0
relay-1        | V0929 00:52:26.543838     8 MoQSession.cpp:2597] ~MoQSession sess=0x7fb07c06adc0
relay-1        | V0929 00:52:26.551050     8 MoQSession.cpp:2597] ~MoQSession sess=0x7fb07c060790
[Ktest-client-1 exited with code 1
Aborting on container exit...
 Container main-test-client-1  Stopping
 Container main-test-client-1  Stopped
 Container main-relay-1  Stopping
 Container main-relay-1  Stopped

make[1]: *** [Makefile:86: test] Error 1
make[1]: Leaving directory '/home/runner/work/moq-interop-runner/moq-interop-runner/main'
