make[1]: Entering directory '/home/runner/work/moq-interop-runner/moq-interop-runner/main'
rm -rf mlog/
mkdir -p mlog/relay mlog/client
Running interop tests...
  Relay:  moxygen-interop:latest
  Client: ghcr.io/englishm/moq-interop-runner-moq-test-client-draft-18:latest
  URL:    https://relay:4443
time="2026-10-04T01:31:53Z" level=warning msg="The \"PORT\" variable is not set. Defaulting to a blank string."
time="2026-10-04T01:31:53Z" level=warning msg="The \"PORT\" variable is not set. Defaulting to a blank string."
time="2026-10-04T01:31:53Z" level=warning msg="The \"PORT\" variable is not set. Defaulting to a blank string."
time="2026-10-04T01:31:53Z" level=warning msg="The \"HEX\" variable is not set. Defaulting to a blank string."
time="2026-10-04T01:31:53Z" level=warning msg="The \"HEX\" variable is not set. Defaulting to a blank string."
 Container main-relay-1  Recreate
 Container main-relay-1  Recreated
Attaching to relay-1, test-client-1
relay-1        | V1004 01:31:53.272321     7 MoQServer.cpp:121] MoQServer: Registering ALPN handlers: moqt-18, moqt-16, moqt-15, moq-00
relay-1        | W1004 01:31:53.273381     7 MoQServer.cpp:172] UDP send buffer for fd 15 is 425984 bytes (expected 2097152)
test-client-1  | TAP version 14
test-client-1  | # moq-test-client v0.1.12
test-client-1  | # Relay: https://relay:4443/
test-client-1  | 1..18
test-client-1  | [2m2026-10-04T01:31:58.876361Z[0m [32m INFO[0m [2mmoq_native_ietf::quic[0m[2m:[0m UDP socket bound [3mbind[0m[2m=[0m[::]:0 [3mlocal[0m[2m=[0m[::]:40867 [3mdual_stack[0m[2m=[0mtrue
relay-1        | V1004 01:31:58.879750     8 MoQServer.cpp:334] MoQServer WebTransport: supported protocols: moqt-18, moqt-16, moqt-15, moq-00
relay-1        | V1004 01:31:58.879778     8 MoQServer.cpp:344] WebTransport: Negotiated protocol: moqt-18
relay-1        | V1004 01:31:58.879999     8 MoQSession.cpp:2701] start sess=0x7fdc8c053810
relay-1        | V1004 01:31:58.880031     8 MoQSession.cpp:3045] sendSetup sess=0x7fdc8c053810
relay-1        | V1004 01:31:58.880150     8 MoQSession.cpp:3001] controlWriteLoop sess=0x7fdc8c053810
test-client-1  | [2m2026-10-04T01:31:58.880316Z[0m [32m INFO[0m [2mmoq_test_client::scenarios[0m[2m:[0m SETUP exchange completed successfully
test-client-1  | ok 1 - setup-only
relay-1        | V1004 01:31:58.880313     8 MoQSession.cpp:6889] onNewUniStream sess=0x7fdc8c053810
relay-1        | V1004 01:31:58.880340     8 MoQSession.cpp:3410] controlReadLoop sess=0x7fdc8c053810
relay-1        | V1004 01:31:58.880378     8 MoQSession.cpp:3197] onClientSetup sess=0x7fdc8c053810
relay-1        | V1004 01:31:58.880387     8 MoQServerBase.cpp:88] MoQServerBase::ClientSetup
relay-1        | V1004 01:31:58.880391     8 MoQServerBase.cpp:93] MoQServerBase::ClientSetup: Using ALPN-negotiated version: moqt-18
relay-1        | V1004 01:31:58.880396     8 MoQSession.cpp:3275] Negotiated Version=0xff000012 (draft-18)
relay-1        | V1004 01:31:58.880499     8 MoQSession.cpp:3415] exit controlReadLoop sess=0x7fdc8c053810
relay-1        | E20261004 01:31:58.880599     8 HQControlCodec.h:58] Unexpected control stream EOF
test-client-1  |   ---
test-client-1  |   duration_ms: 4
test-client-1  |   connection_id: 1abefa297b18fe790ad0a87b07233f1b
test-client-1  |   ...
relay-1        | E20261004 01:31:58.880795     8 HQSession.cpp:3175] Got error on control stream error=HTTP: Critical stream was closed streamID=2 sess=proto=h3, UA=, client CID=90bd8c0e872e85cc, server CID=40000002a2b19e7b, downstream=[::ffff:172.18.0.3]:40867, [::]:4443=local, drain=none
relay-1        | E1004 01:31:58.880868     8 MoQServer.h:234] proxygen::HTTPException: Got error=ApplicationError: 260, HTTP error on control stream
test-client-1  | [2m2026-10-04T01:31:58.881444Z[0m [33m WARN[0m [2mweb_transport_quinn::session[0m[2m:[0m failed to read capsule [3me[0m[2m=[0mUnexpectedEnd
relay-1        | V1004 01:31:58.880875     8 MoQSession.cpp:7339] onSessionEnderr=4294967295 sess=0x7fdc8c053810
relay-1        | V1004 01:31:58.880878     8 MoQSession.cpp:2977] close sess=0x7fdc8c053810
relay-1        | V1004 01:31:58.880905     8 MoQSession.cpp:2655] requestCancellation from cleanup sess=0x7fdc8c053810
relay-1        | V1004 01:31:58.880930     8 MoQSession.cpp:2994] requestCancellation from close sess=0x7fdc8c053810
relay-1        | V1004 01:31:58.881053     8 MoQSession.cpp:3003] exit controlWriteLoop sess=0x7fdc8c053810
relay-1        | V1004 01:31:58.881061     8 MoQSession.cpp:2600] ~MoQSession sess=0x7fdc8c053810
test-client-1  | [2m2026-10-04T01:31:58.882070Z[0m [32m INFO[0m [2mmoq_native_ietf::quic[0m[2m:[0m UDP socket bound [3mbind[0m[2m=[0m[::]:0 [3mlocal[0m[2m=[0m[::]:41771 [3mdual_stack[0m[2m=[0mtrue
relay-1        | V1004 01:31:58.883844     8 MoQServer.cpp:334] MoQServer WebTransport: supported protocols: moqt-18, moqt-16, moqt-15, moq-00
relay-1        | V1004 01:31:58.883858     8 MoQServer.cpp:344] WebTransport: Negotiated protocol: moqt-18
relay-1        | V1004 01:31:58.884110     8 MoQSession.cpp:2701] start sess=0x7fdc8c06adb0
relay-1        | V1004 01:31:58.884136     8 MoQSession.cpp:3045] sendSetup sess=0x7fdc8c06adb0
relay-1        | V1004 01:31:58.884288     8 MoQSession.cpp:3001] controlWriteLoop sess=0x7fdc8c06adb0
relay-1        | V1004 01:31:58.884360     8 MoQSession.cpp:6889] onNewUniStream sess=0x7fdc8c06adb0
relay-1        | V1004 01:31:58.884457     8 MoQSession.cpp:3410] controlReadLoop sess=0x7fdc8c06adb0
relay-1        | V1004 01:31:58.884470     8 MoQSession.cpp:3197] onClientSetup sess=0x7fdc8c06adb0
relay-1        | V1004 01:31:58.884474     8 MoQServerBase.cpp:88] MoQServerBase::ClientSetup
relay-1        | V1004 01:31:58.884477     8 MoQServerBase.cpp:93] MoQServerBase::ClientSetup: Using ALPN-negotiated version: moqt-18
relay-1        | V1004 01:31:58.884482     8 MoQSession.cpp:3275] Negotiated Version=0xff000012 (draft-18)
test-client-1  | [2m2026-10-04T01:31:58.884653Z[0m [32m INFO[0m [2mmoq_test_client::scenarios[0m[2m:[0m Sending PUBLISH_NAMESPACE for: moq-test/interop
relay-1        | V1004 01:31:58.884865     8 MoQSession.cpp:6919] onNewBidiStream sess=0x7fdc8c06adb0
relay-1        | V1004 01:31:58.884889     8 MoQSession.cpp:3410] controlReadLoop sess=0x7fdc8c06adb0
relay-1        | V1004 01:31:58.884898     8 MoQRelaySession.cpp:1149] onPublishNamespaceImpl ns=moq-test/interop sess=0x7fdc8c06adb0
relay-1        | V1004 01:31:58.884913     8 MoQRelay.cpp:134] publishNamespace ns=moq-test/interop
relay-1        | V1004 01:31:58.884920     8 MoQRelaySession.cpp:1242] publishNamespaceOk reqID=0 sess=0x7fdc8c06adb0
test-client-1  | [2m2026-10-04T01:32:00.885598Z[0m [32m INFO[0m [2mmoq_test_client::scenarios[0m[2m:[0m PUBLISH_NAMESPACE succeeded (REQUEST_OK received, waiting for subscribers)
test-client-1  | ok 2 - publish-namespace-only
test-client-1  |   ---
test-client-1  |   duration_ms: 2004
test-client-1  |   connection_id: 049b0c3fad5aca8a8025dcbf23620ead
test-client-1  |   ...
relay-1        | V1004 01:32:00.885833     8 MoQRelaySession.cpp:1310] onPublishNamespaceDone requestID=0 sess=0x7fdc8c06adb0
relay-1        | V1004 01:32:00.885860     8 MoQRelay.cpp:310] publishNamespaceDone ns=moq-test/interop
relay-1        | V1004 01:32:00.885868     8 MoQRelay.cpp:303] Pruning empty subtree at: moq-test
relay-1        | V1004 01:32:00.885876     8 MoQSession.cpp:3415] exit controlReadLoop sess=0x7fdc8c06adb0
relay-1        | V1004 01:32:00.885888     8 MoQSession.cpp:3415] exit controlReadLoop sess=0x7fdc8c06adb0
relay-1        | E20261004 01:32:00.886188     8 HQControlCodec.h:58] Unexpected control stream EOF
relay-1        | E20261004 01:32:00.886253     8 HQSession.cpp:3175] Got error on control stream error=HTTP: Critical stream was closed streamID=2 sess=proto=h3, UA=, client CID=191434f490f1fbc0, server CID=4000001bc767364f, downstream=[::ffff:172.18.0.3]:41771, [::]:4443=local, drain=none
relay-1        | E1004 01:32:00.886373     8 MoQServer.h:234] proxygen::HTTPException: Got error=ApplicationError: 260, HTTP error on control stream
relay-1        | V1004 01:32:00.886390     8 MoQSession.cpp:7339] onSessionEnderr=4294967295 sess=0x7fdc8c06adb0
relay-1        | V1004 01:32:00.886396     8 MoQSession.cpp:2977] close sess=0x7fdc8c06adb0
relay-1        | V1004 01:32:00.886405     8 MoQSession.cpp:2655] requestCancellation from cleanup sess=0x7fdc8c06adb0
relay-1        | V1004 01:32:00.886428     8 MoQSession.cpp:2994] requestCancellation from close sess=0x7fdc8c06adb0
test-client-1  | [2m2026-10-04T01:32:00.886608Z[0m [33m WARN[0m [2mweb_transport_quinn::session[0m[2m:[0m failed to read capsule [3me[0m[2m=[0mUnexpectedEnd
relay-1        | V1004 01:32:00.886577     8 MoQSession.cpp:3003] exit controlWriteLoop sess=0x7fdc8c06adb0
test-client-1  | [2m2026-10-04T01:32:00.886860Z[0m [32m INFO[0m [2mmoq_native_ietf::quic[0m[2m:[0m UDP socket bound [3mbind[0m[2m=[0m[::]:0 [3mlocal[0m[2m=[0m[::]:37101 [3mdual_stack[0m[2m=[0mtrue
relay-1        | V1004 01:32:00.888699     8 MoQServer.cpp:334] MoQServer WebTransport: supported protocols: moqt-18, moqt-16, moqt-15, moq-00
relay-1        | V1004 01:32:00.888714     8 MoQServer.cpp:344] WebTransport: Negotiated protocol: moqt-18
relay-1        | V1004 01:32:00.888817     8 MoQSession.cpp:2701] start sess=0x7fdc8c06e940
relay-1        | V1004 01:32:00.888843     8 MoQSession.cpp:3045] sendSetup sess=0x7fdc8c06e940
relay-1        | V1004 01:32:00.888901     8 MoQSession.cpp:3001] controlWriteLoop sess=0x7fdc8c06e940
test-client-1  | [2m2026-10-04T01:32:00.889183Z[0m [32m INFO[0m [2mmoq_test_client::scenarios[0m[2m:[0m Subscribing to non-existent track: nonexistent/namespace/test-track
relay-1        | V1004 01:32:00.889197     8 MoQSession.cpp:6889] onNewUniStream sess=0x7fdc8c06e940
relay-1        | V1004 01:32:00.889230     8 MoQSession.cpp:3410] controlReadLoop sess=0x7fdc8c06e940
relay-1        | V1004 01:32:00.889238     8 MoQSession.cpp:3197] onClientSetup sess=0x7fdc8c06e940
relay-1        | V1004 01:32:00.889243     8 MoQServerBase.cpp:88] MoQServerBase::ClientSetup
relay-1        | V1004 01:32:00.889246     8 MoQServerBase.cpp:93] MoQServerBase::ClientSetup: Using ALPN-negotiated version: moqt-18
relay-1        | V1004 01:32:00.889252     8 MoQSession.cpp:3275] Negotiated Version=0xff000012 (draft-18)
relay-1        | V1004 01:32:00.889310     8 MoQSession.cpp:6919] onNewBidiStream sess=0x7fdc8c06e940
test-client-1  | [2m2026-10-04T01:32:00.889554Z[0m [33m WARN[0m [2mmoq_transport::serve::error[0m[2m:[0m [b7f60e07-bbef-478f-a077-0a2acd800808] Not found: no such namespace or track at moq-transport/src/session/subscriber.rs:1653
relay-1        | V1004 01:32:00.889366     8 MoQSession.cpp:3410] controlReadLoop sess=0x7fdc8c06e940
relay-1        | V1004 01:32:00.889379     8 MoQSession.cpp:4298] onSubscribeImpl ftn=nonexistent/namespace/test-track sess=0x7fdc8c06e940
relay-1        | V1004 01:32:00.889397     8 MoQSession.cpp:4440] Application subscribe error err=no such namespace or track
relay-1        | V1004 01:32:00.889400     8 MoQSession.cpp:6310] subscribeError sess=0x7fdc8c06e940
relay-1        | V1004 01:32:00.889412     8 MoQSession.cpp:6576] publisherDrained id=0 sess=0x7fdc8c06e940
relay-1        | V1004 01:32:00.889709     8 MoQSession.cpp:3415] exit controlReadLoop sess=0x7fdc8c06e940
relay-1        | V1004 01:32:00.889796     8 MoQSession.cpp:3415] exit controlReadLoop sess=0x7fdc8c06e940
test-client-1  | [2m2026-10-04T01:32:00.889720Z[0m [32m INFO[0m [2mmoq_test_client::scenarios[0m[2m:[0m Got expected 'not found' error: not found: Track not found [error:b7f60e07-bbef-478f-a077-0a2acd800808]
relay-1        | E20261004 01:32:00.889861     8 HQControlCodec.h:58] Unexpected control stream EOF
test-client-1  | ok 3 - subscribe-error
test-client-1  |   ---
test-client-1  |   duration_ms: 4
test-client-1  |   connection_id: 4d7c141914b147f8278225966e6b5e65
test-client-1  |   ...
relay-1        | E20261004 01:32:00.889895     8 HQSession.cpp:3175] Got error on control stream error=HTTP: Critical stream was closed streamID=2 sess=proto=h3, UA=, client CID=3b04f8e5e3789af2, server CID=4000000a85271f36, downstream=[::ffff:172.18.0.3]:37101, [::]:4443=local, drain=none
relay-1        | E1004 01:32:00.889944     8 MoQServer.h:234] proxygen::HTTPException: Got error=ApplicationError: 260, HTTP error on control stream
relay-1        | V1004 01:32:00.889951     8 MoQSession.cpp:7339] onSessionEnderr=4294967295 sess=0x7fdc8c06e940
relay-1        | V1004 01:32:00.889954     8 MoQSession.cpp:2977] close sess=0x7fdc8c06e940
relay-1        | V1004 01:32:00.889959     8 MoQSession.cpp:2655] requestCancellation from cleanup sess=0x7fdc8c06e940
relay-1        | V1004 01:32:00.889969     8 MoQSession.cpp:2994] requestCancellation from close sess=0x7fdc8c06e940
relay-1        | V1004 01:32:00.890046     8 MoQSession.cpp:3003] exit controlWriteLoop sess=0x7fdc8c06e940
test-client-1  | [2m2026-10-04T01:32:00.890119Z[0m [33m WARN[0m [2mweb_transport_quinn::session[0m[2m:[0m failed to read capsule [3me[0m[2m=[0mUnexpectedEnd
test-client-1  | [2m2026-10-04T01:32:00.890759Z[0m [32m INFO[0m [2mmoq_native_ietf::quic[0m[2m:[0m UDP socket bound [3mbind[0m[2m=[0m[::]:0 [3mlocal[0m[2m=[0m[::]:38752 [3mdual_stack[0m[2m=[0mtrue
relay-1        | V1004 01:32:00.892301     8 MoQServer.cpp:334] MoQServer WebTransport: supported protocols: moqt-18, moqt-16, moqt-15, moq-00
relay-1        | V1004 01:32:00.892315     8 MoQServer.cpp:344] WebTransport: Negotiated protocol: moqt-18
relay-1        | V1004 01:32:00.892451     8 MoQSession.cpp:2701] start sess=0x7fdc8c07ba70
relay-1        | V1004 01:32:00.892471     8 MoQSession.cpp:3045] sendSetup sess=0x7fdc8c07ba70
relay-1        | V1004 01:32:00.892528     8 MoQSession.cpp:3001] controlWriteLoop sess=0x7fdc8c07ba70
relay-1        | V1004 01:32:00.892842     8 MoQSession.cpp:6889] onNewUniStream sess=0x7fdc8c07ba70
relay-1        | V1004 01:32:00.892873     8 MoQSession.cpp:3410] controlReadLoop sess=0x7fdc8c07ba70
relay-1        | V1004 01:32:00.892880     8 MoQSession.cpp:3197] onClientSetup sess=0x7fdc8c07ba70
relay-1        | V1004 01:32:00.892884     8 MoQServerBase.cpp:88] MoQServerBase::ClientSetup
relay-1        | V1004 01:32:00.892887     8 MoQServerBase.cpp:93] MoQServerBase::ClientSetup: Using ALPN-negotiated version: moqt-18
relay-1        | V1004 01:32:00.892892     8 MoQSession.cpp:3275] Negotiated Version=0xff000012 (draft-18)
test-client-1  | [2m2026-10-04T01:32:00.893596Z[0m [32m INFO[0m [2mmoq_native_ietf::quic[0m[2m:[0m UDP socket bound [3mbind[0m[2m=[0m[::]:0 [3mlocal[0m[2m=[0m[::]:50597 [3mdual_stack[0m[2m=[0mtrue
relay-1        | V1004 01:32:00.895179     8 MoQServer.cpp:334] MoQServer WebTransport: supported protocols: moqt-18, moqt-16, moqt-15, moq-00
relay-1        | V1004 01:32:00.895199     8 MoQServer.cpp:344] WebTransport: Negotiated protocol: moqt-18
relay-1        | V1004 01:32:00.895307     8 MoQSession.cpp:2701] start sess=0x7fdc8c08eaa0
relay-1        | V1004 01:32:00.895332     8 MoQSession.cpp:3045] sendSetup sess=0x7fdc8c08eaa0
relay-1        | V1004 01:32:00.895449     8 MoQSession.cpp:3001] controlWriteLoop sess=0x7fdc8c08eaa0
relay-1        | V1004 01:32:00.895666     8 MoQSession.cpp:6889] onNewUniStream sess=0x7fdc8c08eaa0
relay-1        | V1004 01:32:00.895690     8 MoQSession.cpp:3410] controlReadLoop sess=0x7fdc8c08eaa0
relay-1        | V1004 01:32:00.895695     8 MoQSession.cpp:3197] onClientSetup sess=0x7fdc8c08eaa0
relay-1        | V1004 01:32:00.895699     8 MoQServerBase.cpp:88] MoQServerBase::ClientSetup
relay-1        | V1004 01:32:00.895703     8 MoQServerBase.cpp:93] MoQServerBase::ClientSetup: Using ALPN-negotiated version: moqt-18
relay-1        | V1004 01:32:00.895708     8 MoQSession.cpp:3275] Negotiated Version=0xff000012 (draft-18)
test-client-1  | [2m2026-10-04T01:32:00.895661Z[0m [32m INFO[0m [2mmoq_test_client::scenarios[0m[2m:[0m Publisher sending PUBLISH_NAMESPACE: moq-test/interop
test-client-1  | [2m2026-10-04T01:32:00.895678Z[0m [32m INFO[0m [2mmoq_test_client::scenarios[0m[2m:[0m Subscriber subscribing to track: moq-test/interop/test-track
relay-1        | V1004 01:32:00.895810     8 MoQSession.cpp:6919] onNewBidiStream sess=0x7fdc8c07ba70
relay-1        | V1004 01:32:00.895831     8 MoQSession.cpp:6919] onNewBidiStream sess=0x7fdc8c08eaa0
relay-1        | V1004 01:32:00.895890     8 MoQSession.cpp:3410] controlReadLoop sess=0x7fdc8c07ba70
relay-1        | V1004 01:32:00.895904     8 MoQRelaySession.cpp:1149] onPublishNamespaceImpl ns=moq-test/interop sess=0x7fdc8c07ba70
relay-1        | V1004 01:32:00.895911     8 MoQSession.cpp:3410] controlReadLoop sess=0x7fdc8c08eaa0
relay-1        | V1004 01:32:00.895915     8 MoQSession.cpp:4298] onSubscribeImpl ftn=moq-test/interop/test-track sess=0x7fdc8c08eaa0
relay-1        | V1004 01:32:00.895923     8 MoQRelay.cpp:134] publishNamespace ns=moq-test/interop
relay-1        | V1004 01:32:00.895929     8 MoQRelaySession.cpp:1242] publishNamespaceOk reqID=0 sess=0x7fdc8c07ba70
relay-1        | V1004 01:32:00.895956     8 MoQLocation.h:24] m=AbsoluteStart g=0 o=0
relay-1        | V1004 01:32:00.895959     8 MoQLocation.h:59] g=0 o=0 g=4611686018427387903 o=4611686018427387903
relay-1        | V1004 01:32:00.895966     8 MoQSession.cpp:6170] subscribe sess=0x7fdc8c07ba70
relay-1        | V1004 01:32:00.896073     8 MoQSession.cpp:3410] controlReadLoop sess=0x7fdc8c07ba70
relay-1        | V1004 01:32:00.896305     8 MoQSession.cpp:4814] onSubscribeOk id=1 sess=0x7fdc8c07ba70
relay-1        | V1004 01:32:00.896329     8 MoQSession.cpp:6272] Subscribe ready trackReceiveState=0x7fdc8c067c90 requestID=1
relay-1        | V1004 01:32:00.896403     8 MoQSession.cpp:6292] sendSubscribeOk sess=0x7fdc8c08eaa0
relay-1        | V1004 01:32:00.896526     8 MoQSession.cpp:2600] ~MoQSession sess=0x7fdc8c06adb0
relay-1        | V1004 01:32:00.906633     8 MoQSession.cpp:2600] ~MoQSession sess=0x7fdc8c06e940
test-client-1  | ok 4 - publish-namespace-subscribe
test-client-1  |   ---
test-client-1  |   duration_ms: 3007
test-client-1  |   publisher_connection_id: e4b0f77e8b4ce97a9cf8684406f9f079
test-client-1  |   subscriber_connection_id: c7f42add794569d6cf66802ddb202339
test-client-1  |   ...
test-client-1  | [2m2026-10-04T01:32:03.896761Z[0m [32m INFO[0m [2mmoq_test_client::scenarios[0m[2m:[0m Test timeout reached - subscription routing may still be in progress
relay-1        | E20261004 01:32:03.896930     8 HQControlCodec.h:58] Unexpected control stream EOF
relay-1        | E20261004 01:32:03.897014     8 HQSession.cpp:3175] Got error on control stream error=HTTP: Critical stream was closed streamID=2 sess=proto=h3, UA=, client CID=34d9102269e4c389, server CID=4000000a4e7c30a5, downstream=[::ffff:172.18.0.3]:38752, [::]:4443=local, drain=none
relay-1        | E20261004 01:32:03.897073     8 HQControlCodec.h:58] Unexpected control stream EOF
test-client-1  | [2m2026-10-04T01:32:03.897645Z[0m [33m WARN[0m [2mweb_transport_quinn::session[0m[2m:[0m failed to read capsule [3me[0m[2m=[0mUnexpectedEnd
relay-1        | E20261004 01:32:03.897101     8 HQSession.cpp:3175] Got error on control stream error=HTTP: Critical stream was closed streamID=2 sess=proto=h3, UA=, client CID=f72f90976dbff981, server CID=400000160ac84f88, downstream=[::ffff:172.18.0.3]:50597, [::]:4443=local, drain=none
relay-1        | E1004 01:32:03.897167     8 MoQServer.h:234] proxygen::HTTPException: Got error=ApplicationError: 260, HTTP error on control stream
relay-1        | V1004 01:32:03.897182     8 MoQSession.cpp:7339] onSessionEnderr=4294967295 sess=0x7fdc8c07ba70
relay-1        | V1004 01:32:03.897187     8 MoQSession.cpp:2977] close sess=0x7fdc8c07ba70
relay-1        | V1004 01:32:03.897198     8 MoQRelay.cpp:310] publishNamespaceDone ns=moq-test/interop
relay-1        | V1004 01:32:03.897206     8 MoQRelay.cpp:303] Pruning empty subtree at: moq-test
relay-1        | V1004 01:32:03.897214     8 MoQSession.cpp:2203] subscribeError trackReceiveState=0x7fdc8c067c90
relay-1        | V1004 01:32:03.897219     8 MoQSession.cpp:2232] processPublishDone trackReceiveState=0x7fdc8c067c90
relay-1        | V1004 01:32:03.897225     8 MoQRelay.cpp:383] onPublishDoneImpl ftn=moq-test/interop/test-track
relay-1        | V1004 01:32:03.897231     8 MoQForwarder.cpp:610] publishDone pubDone reason=closed locally
relay-1        | V1004 01:32:03.897237     8 MoQForwarder.cpp:308] drainSubscriber from publishDone session=17
relay-1        | V1004 01:32:03.897242     8 MoQSession.cpp:6405] sendPublishDone sess=0x7fdc8c08eaa0
relay-1        | V1004 01:32:03.897260     8 MoQSession.cpp:6576] publisherDrained id=0 sess=0x7fdc8c08eaa0
relay-1        | V1004 01:32:03.897265     8 MoQForwarder.cpp:372] Resetting open subgroups for subscriber=0x7fdc8c08b800
relay-1        | V1004 01:32:03.897269     8 MoQForwarder.cpp:391] subscribers_.size()=0
relay-1        | I1004 01:32:03.897277     8 MoQRelay.cpp:1938] Publisher terminated for moq-test/interop/test-track
relay-1        | V1004 01:32:03.897289     8 MoQCache.cpp:2266] Added track to LRU: moq-test/interop/test-track
relay-1        | V1004 01:32:03.897308     8 MoQSession.cpp:2187] cancel alias=1 requestID=1
relay-1        | V1004 01:32:03.897315     8 MoQSession.cpp:2655] requestCancellation from cleanup sess=0x7fdc8c07ba70
relay-1        | V1004 01:32:03.897331     8 BidiStreamControl.cpp:37] STOP_SENDING received on bidi stream id=1 code=386759528
relay-1        | V1004 01:32:03.897337     8 BidiStreamControl.cpp:37] STOP_SENDING received on bidi stream id=4 code=386759528
relay-1        | V1004 01:32:03.897381     8 MoQSession.cpp:2994] requestCancellation from close sess=0x7fdc8c07ba70
relay-1        | E1004 01:32:03.897504     8 MoQServer.h:234] proxygen::HTTPException: Got error=ApplicationError: 260, HTTP error on control stream
relay-1        | V1004 01:32:03.897511     8 MoQSession.cpp:7339] onSessionEnderr=4294967295 sess=0x7fdc8c08eaa0
relay-1        | V1004 01:32:03.897515     8 MoQSession.cpp:2977] close sess=0x7fdc8c08eaa0
relay-1        | V1004 01:32:03.897521     8 MoQSession.cpp:2655] requestCancellation from cleanup sess=0x7fdc8c08eaa0
relay-1        | V1004 01:32:03.897531     8 MoQSession.cpp:2994] requestCancellation from close sess=0x7fdc8c08eaa0
relay-1        | V1004 01:32:03.897596     8 MoQSession.cpp:3415] exit controlReadLoop sess=0x7fdc8c07ba70
relay-1        | V1004 01:32:03.897609     8 MoQSession.cpp:3415] exit controlReadLoop sess=0x7fdc8c07ba70
relay-1        | V1004 01:32:03.897617     8 MoQSession.cpp:3415] exit controlReadLoop sess=0x7fdc8c07ba70
relay-1        | V1004 01:32:03.897623     8 MoQSession.cpp:3415] exit controlReadLoop sess=0x7fdc8c08eaa0
relay-1        | V1004 01:32:03.897630     8 MoQSession.cpp:3415] exit controlReadLoop sess=0x7fdc8c08eaa0
relay-1        | V1004 01:32:03.897663     8 MoQSession.cpp:3003] exit controlWriteLoop sess=0x7fdc8c07ba70
relay-1        | V1004 01:32:03.897677     8 MoQSession.cpp:3003] exit controlWriteLoop sess=0x7fdc8c08eaa0
test-client-1  | [2m2026-10-04T01:32:03.897723Z[0m [33m WARN[0m [2mweb_transport_quinn::session[0m[2m:[0m failed to read capsule [3me[0m[2m=[0mUnexpectedEnd
test-client-1  | [2m2026-10-04T01:32:03.898133Z[0m [32m INFO[0m [2mmoq_native_ietf::quic[0m[2m:[0m UDP socket bound [3mbind[0m[2m=[0m[::]:0 [3mlocal[0m[2m=[0m[::]:35842 [3mdual_stack[0m[2m=[0mtrue
relay-1        | V1004 01:32:03.901243     8 MoQServer.cpp:334] MoQServer WebTransport: supported protocols: moqt-18, moqt-16, moqt-15, moq-00
relay-1        | V1004 01:32:03.901261     8 MoQServer.cpp:344] WebTransport: Negotiated protocol: moqt-18
relay-1        | V1004 01:32:03.901388     8 MoQSession.cpp:2701] start sess=0x7fdc8c046350
relay-1        | V1004 01:32:03.901415     8 MoQSession.cpp:3045] sendSetup sess=0x7fdc8c046350
relay-1        | V1004 01:32:03.901473     8 MoQSession.cpp:3001] controlWriteLoop sess=0x7fdc8c046350
test-client-1  | [2m2026-10-04T01:32:03.901701Z[0m [32m INFO[0m [2mmoq_test_client::scenarios[0m[2m:[0m Subscriber subscribing BEFORE PUBLISH_NAMESPACE: moq-test/interop/test-track
relay-1        | V1004 01:32:03.901781     8 MoQSession.cpp:6889] onNewUniStream sess=0x7fdc8c046350
relay-1        | V1004 01:32:03.901986     8 MoQSession.cpp:6919] onNewBidiStream sess=0x7fdc8c046350
relay-1        | V1004 01:32:03.902044     8 MoQSession.cpp:3410] controlReadLoop sess=0x7fdc8c046350
relay-1        | V1004 01:32:03.902058     8 MoQSession.cpp:3197] onClientSetup sess=0x7fdc8c046350
relay-1        | V1004 01:32:03.902062     8 MoQServerBase.cpp:88] MoQServerBase::ClientSetup
relay-1        | V1004 01:32:03.902066     8 MoQServerBase.cpp:93] MoQServerBase::ClientSetup: Using ALPN-negotiated version: moqt-18
relay-1        | V1004 01:32:03.902071     8 MoQSession.cpp:3275] Negotiated Version=0xff000012 (draft-18)
relay-1        | V1004 01:32:03.902093     8 MoQSession.cpp:3410] controlReadLoop sess=0x7fdc8c046350
relay-1        | V1004 01:32:03.902143     8 MoQSession.cpp:4298] onSubscribeImpl ftn=moq-test/interop/test-track sess=0x7fdc8c046350
relay-1        | V1004 01:32:03.902172     8 MoQSession.cpp:4440] Application subscribe error err=no such namespace or track
relay-1        | V1004 01:32:03.902177     8 MoQSession.cpp:6310] subscribeError sess=0x7fdc8c046350
relay-1        | V1004 01:32:03.902187     8 MoQSession.cpp:6576] publisherDrained id=0 sess=0x7fdc8c046350
test-client-1  | [2m2026-10-04T01:32:03.902324Z[0m [33m WARN[0m [2mmoq_transport::serve::error[0m[2m:[0m [3e0fda4a-a65a-4fa9-a0e1-497d26bc4dc6] Not found: no such namespace or track at moq-transport/src/session/subscriber.rs:1653
relay-1        | E20261004 01:32:03.902522     8 HQControlCodec.h:58] Unexpected control stream EOF
relay-1        | E20261004 01:32:03.902575     8 HQSession.cpp:3175] Got error on control stream error=HTTP: Critical stream was closed streamID=2 sess=proto=h3, UA=, client CID=5abff12ffb78344c, server CID=40000007b5161aed, downstream=[::ffff:172.18.0.3]:35842, [::]:4443=local, drain=none
relay-1        | E1004 01:32:03.902627     8 MoQServer.h:234] proxygen::HTTPException: Got error=ApplicationError: 260, HTTP error on control stream
relay-1        | V1004 01:32:03.902638     8 MoQSession.cpp:7339] onSessionEnderr=4294967295 sess=0x7fdc8c046350
relay-1        | V1004 01:32:03.902642     8 MoQSession.cpp:2977] close sess=0x7fdc8c046350
relay-1        | V1004 01:32:03.902647     8 MoQSession.cpp:2655] requestCancellation from cleanup sess=0x7fdc8c046350
relay-1        | V1004 01:32:03.902657     8 MoQSession.cpp:2994] requestCancellation from close sess=0x7fdc8c046350
relay-1        | V1004 01:32:03.902722     8 MoQSession.cpp:3415] exit controlReadLoop sess=0x7fdc8c046350
relay-1        | V1004 01:32:03.902735     8 MoQSession.cpp:3415] exit controlReadLoop sess=0x7fdc8c046350
test-client-1  | [2m2026-10-04T01:32:03.902828Z[0m [33m WARN[0m [2mweb_transport_quinn::session[0m[2m:[0m failed to read capsule [3me[0m[2m=[0mUnexpectedEnd
relay-1        | V1004 01:32:03.902757     8 MoQSession.cpp:3003] exit controlWriteLoop sess=0x7fdc8c046350
relay-1        | V1004 01:32:03.907971     8 MoQSession.cpp:2600] ~MoQSession sess=0x7fdc8c07ba70
relay-1        | V1004 01:32:03.908004     8 MoQSession.cpp:2600] ~MoQSession sess=0x7fdc8c08eaa0
relay-1        | V1004 01:32:03.908026     8 MoQSession.cpp:2600] ~MoQSession sess=0x7fdc8c046350
test-client-1  | [2m2026-10-04T01:32:04.403639Z[0m [32m INFO[0m [2mmoq_native_ietf::quic[0m[2m:[0m UDP socket bound [3mbind[0m[2m=[0m[::]:0 [3mlocal[0m[2m=[0m[::]:41270 [3mdual_stack[0m[2m=[0mtrue
relay-1        | V1004 01:32:04.406307     8 MoQServer.cpp:334] MoQServer WebTransport: supported protocols: moqt-18, moqt-16, moqt-15, moq-00
relay-1        | V1004 01:32:04.406330     8 MoQServer.cpp:344] WebTransport: Negotiated protocol: moqt-18
test-client-1  | [2m2026-10-04T01:32:04.406741Z[0m [32m INFO[0m [2mmoq_test_client::scenarios[0m[2m:[0m Publisher sending PUBLISH_NAMESPACE (after subscriber): moq-test/interop
relay-1        | V1004 01:32:04.406470     8 MoQSession.cpp:2701] start sess=0x7fdc8c077e30
relay-1        | V1004 01:32:04.406486     8 MoQSession.cpp:3045] sendSetup sess=0x7fdc8c077e30
relay-1        | V1004 01:32:04.406525     8 MoQSession.cpp:3001] controlWriteLoop sess=0x7fdc8c077e30
relay-1        | V1004 01:32:04.406870     8 MoQSession.cpp:6889] onNewUniStream sess=0x7fdc8c077e30
relay-1        | V1004 01:32:04.406905     8 MoQSession.cpp:3410] controlReadLoop sess=0x7fdc8c077e30
relay-1        | V1004 01:32:04.406913     8 MoQSession.cpp:3197] onClientSetup sess=0x7fdc8c077e30
relay-1        | V1004 01:32:04.406918     8 MoQServerBase.cpp:88] MoQServerBase::ClientSetup
relay-1        | V1004 01:32:04.406922     8 MoQServerBase.cpp:93] MoQServerBase::ClientSetup: Using ALPN-negotiated version: moqt-18
relay-1        | V1004 01:32:04.406927     8 MoQSession.cpp:3275] Negotiated Version=0xff000012 (draft-18)
relay-1        | V1004 01:32:04.406965     8 MoQSession.cpp:6919] onNewBidiStream sess=0x7fdc8c077e30
relay-1        | V1004 01:32:04.407094     8 MoQSession.cpp:3410] controlReadLoop sess=0x7fdc8c077e30
relay-1        | V1004 01:32:04.407112     8 MoQRelaySession.cpp:1149] onPublishNamespaceImpl ns=moq-test/interop sess=0x7fdc8c077e30
relay-1        | V1004 01:32:04.407126     8 MoQRelay.cpp:134] publishNamespace ns=moq-test/interop
relay-1        | V1004 01:32:04.407137     8 MoQRelaySession.cpp:1242] publishNamespaceOk reqID=0 sess=0x7fdc8c077e30
test-client-1  | [2m2026-10-04T01:32:07.408204Z[0m [32m INFO[0m [2mmoq_test_client::scenarios[0m[2m:[0m Publisher PUBLISH_NAMESPACE timeout (expected)
test-client-1  | [2m2026-10-04T01:32:07.408228Z[0m [32m INFO[0m [2mmoq_test_client::scenarios[0m[2m:[0m Subscriber got error: not found: Track not found [error:3e0fda4a-a65a-4fa9-a0e1-497d26bc4dc6] (may be expected)
test-client-1  | ok 5 - subscribe-before-publish-namespace
test-client-1  |   ---
test-client-1  |   duration_ms: 3511
test-client-1  |   subscriber_connection_id: 170956e0adad42124e5d7583863951d4
test-client-1  |   publisher_connection_id: d53e5b8d03b374ea02c4b53e47cdf7de
test-client-1  |   ...
relay-1        | E20261004 01:32:07.408388     8 HQControlCodec.h:58] Unexpected control stream EOF
relay-1        | E20261004 01:32:07.408473     8 HQSession.cpp:3175] Got error on control stream error=HTTP: Critical stream was closed streamID=2 sess=proto=h3, UA=, client CID=6383e8d2f3dcefc3, server CID=4000001b02cc3fd5, downstream=[::ffff:172.18.0.3]:41270, [::]:4443=local, drain=none
test-client-1  | [2m2026-10-04T01:32:07.408841Z[0m [33m WARN[0m [2mweb_transport_quinn::session[0m[2m:[0m failed to read capsule [3me[0m[2m=[0mUnexpectedEnd
relay-1        | E1004 01:32:07.408644     8 MoQServer.h:234] proxygen::HTTPException: Got error=ApplicationError: 260, HTTP error on control stream
relay-1        | V1004 01:32:07.408660     8 MoQSession.cpp:7339] onSessionEnderr=4294967295 sess=0x7fdc8c077e30
relay-1        | V1004 01:32:07.408666     8 MoQSession.cpp:2977] close sess=0x7fdc8c077e30
relay-1        | V1004 01:32:07.408678     8 MoQRelay.cpp:310] publishNamespaceDone ns=moq-test/interop
relay-1        | V1004 01:32:07.408686     8 MoQRelay.cpp:303] Pruning empty subtree at: moq-test
relay-1        | V1004 01:32:07.408695     8 MoQSession.cpp:2655] requestCancellation from cleanup sess=0x7fdc8c077e30
relay-1        | V1004 01:32:07.408710     8 BidiStreamControl.cpp:37] STOP_SENDING received on bidi stream id=4 code=386759528
relay-1        | V1004 01:32:07.408720     8 MoQSession.cpp:2994] requestCancellation from close sess=0x7fdc8c077e30
relay-1        | V1004 01:32:07.408823     8 MoQSession.cpp:3415] exit controlReadLoop sess=0x7fdc8c077e30
relay-1        | V1004 01:32:07.408839     8 MoQSession.cpp:3415] exit controlReadLoop sess=0x7fdc8c077e30
relay-1        | V1004 01:32:07.408878     8 MoQSession.cpp:3003] exit controlWriteLoop sess=0x7fdc8c077e30
test-client-1  | [2m2026-10-04T01:32:07.409424Z[0m [32m INFO[0m [2mmoq_native_ietf::quic[0m[2m:[0m UDP socket bound [3mbind[0m[2m=[0m[::]:0 [3mlocal[0m[2m=[0m[::]:45110 [3mdual_stack[0m[2m=[0mtrue
relay-1        | V1004 01:32:07.411270     8 MoQServer.cpp:334] MoQServer WebTransport: supported protocols: moqt-18, moqt-16, moqt-15, moq-00
relay-1        | V1004 01:32:07.411294     8 MoQServer.cpp:344] WebTransport: Negotiated protocol: moqt-18
relay-1        | V1004 01:32:07.411436     8 MoQSession.cpp:2701] start sess=0x7fdc8c068dc0
relay-1        | V1004 01:32:07.411465     8 MoQSession.cpp:3045] sendSetup sess=0x7fdc8c068dc0
relay-1        | V1004 01:32:07.411577     8 MoQSession.cpp:3001] controlWriteLoop sess=0x7fdc8c068dc0
relay-1        | V1004 01:32:07.411679     8 MoQSession.cpp:6889] onNewUniStream sess=0x7fdc8c068dc0
test-client-1  | [2m2026-10-04T01:32:07.411780Z[0m [32m INFO[0m [2mmoq_test_client::scenarios[0m[2m:[0m Sending PUBLISH_NAMESPACE: moq-test/interop
relay-1        | V1004 01:32:07.411736     8 MoQSession.cpp:3410] controlReadLoop sess=0x7fdc8c068dc0
relay-1        | V1004 01:32:07.411746     8 MoQSession.cpp:3197] onClientSetup sess=0x7fdc8c068dc0
relay-1        | V1004 01:32:07.411750     8 MoQServerBase.cpp:88] MoQServerBase::ClientSetup
relay-1        | V1004 01:32:07.411754     8 MoQServerBase.cpp:93] MoQServerBase::ClientSetup: Using ALPN-negotiated version: moqt-18
relay-1        | V1004 01:32:07.411759     8 MoQSession.cpp:3275] Negotiated Version=0xff000012 (draft-18)
relay-1        | V1004 01:32:07.411947     8 MoQSession.cpp:6919] onNewBidiStream sess=0x7fdc8c068dc0
relay-1        | V1004 01:32:07.412005     8 MoQSession.cpp:3410] controlReadLoop sess=0x7fdc8c068dc0
relay-1        | V1004 01:32:07.412021     8 MoQRelaySession.cpp:1149] onPublishNamespaceImpl ns=moq-test/interop sess=0x7fdc8c068dc0
relay-1        | V1004 01:32:07.412034     8 MoQRelay.cpp:134] publishNamespace ns=moq-test/interop
relay-1        | V1004 01:32:07.412045     8 MoQRelaySession.cpp:1242] publishNamespaceOk reqID=0 sess=0x7fdc8c068dc0
relay-1        | V1004 01:32:07.419214     8 MoQSession.cpp:2600] ~MoQSession sess=0x7fdc8c077e30
test-client-1  | [2m2026-10-04T01:32:09.412976Z[0m [32m INFO[0m [2mmoq_test_client::scenarios[0m[2m:[0m PUBLISH_NAMESPACE active; sending PUBLISH_NAMESPACE_DONE
relay-1        | V1004 01:32:09.413234     8 MoQRelaySession.cpp:1310] onPublishNamespaceDone requestID=0 sess=0x7fdc8c068dc0
relay-1        | V1004 01:32:09.413265     8 MoQRelay.cpp:310] publishNamespaceDone ns=moq-test/interop
relay-1        | V1004 01:32:09.413275     8 MoQRelay.cpp:303] Pruning empty subtree at: moq-test
relay-1        | V1004 01:32:09.413286     8 MoQSession.cpp:3415] exit controlReadLoop sess=0x7fdc8c068dc0
relay-1        | V1004 01:32:09.413301     8 MoQSession.cpp:3415] exit controlReadLoop sess=0x7fdc8c068dc0
test-client-1  | [2m2026-10-04T01:32:09.513963Z[0m [32m INFO[0m [2mmoq_test_client::scenarios[0m[2m:[0m PUBLISH_NAMESPACE_DONE sent successfully
test-client-1  | ok 6 - publish-namespace-done
test-client-1  |   ---
test-client-1  |   duration_ms: 2105
test-client-1  |   connection_id: 0baca03e7d88c9978d871199da4426dc
test-client-1  |   ...
test-client-1  | [2m2026-10-04T01:32:09.514560Z[0m [33m WARN[0m [2mweb_transport_quinn::session[0m[2m:[0m failed to read capsule [3me[0m[2m=[0mUnexpectedEnd
relay-1        | E20261004 01:32:09.514158     8 HQControlCodec.h:58] Unexpected control stream EOF
relay-1        | E20261004 01:32:09.514232     8 HQSession.cpp:3175] Got error on control stream error=HTTP: Critical stream was closed streamID=2 sess=proto=h3, UA=, client CID=6f7c49a243446f52, server CID=4000001abaa9d405, downstream=[::ffff:172.18.0.3]:45110, [::]:4443=local, drain=none
relay-1        | E1004 01:32:09.514310     8 MoQServer.h:234] proxygen::HTTPException: Got error=ApplicationError: 260, HTTP error on control stream
relay-1        | V1004 01:32:09.514322     8 MoQSession.cpp:7339] onSessionEnderr=4294967295 sess=0x7fdc8c068dc0
relay-1        | V1004 01:32:09.514327     8 MoQSession.cpp:2977] close sess=0x7fdc8c068dc0
relay-1        | V1004 01:32:09.514371     8 MoQSession.cpp:2655] requestCancellation from cleanup sess=0x7fdc8c068dc0
relay-1        | V1004 01:32:09.514393     8 MoQSession.cpp:2994] requestCancellation from close sess=0x7fdc8c068dc0
relay-1        | V1004 01:32:09.514540     8 MoQSession.cpp:3003] exit controlWriteLoop sess=0x7fdc8c068dc0
test-client-1  | [2m2026-10-04T01:32:09.515230Z[0m [32m INFO[0m [2mmoq_native_ietf::quic[0m[2m:[0m UDP socket bound [3mbind[0m[2m=[0m[::]:0 [3mlocal[0m[2m=[0m[::]:47741 [3mdual_stack[0m[2m=[0mtrue
relay-1        | V1004 01:32:09.517222     8 MoQServer.cpp:334] MoQServer WebTransport: supported protocols: moqt-18, moqt-16, moqt-15, moq-00
relay-1        | V1004 01:32:09.517238     8 MoQServer.cpp:344] WebTransport: Negotiated protocol: moqt-18
relay-1        | V1004 01:32:09.517371     8 MoQSession.cpp:2701] start sess=0x7fdc8c05fbc0
relay-1        | V1004 01:32:09.517417     8 MoQSession.cpp:3045] sendSetup sess=0x7fdc8c05fbc0
relay-1        | V1004 01:32:09.517549     8 MoQSession.cpp:3001] controlWriteLoop sess=0x7fdc8c05fbc0
relay-1        | V1004 01:32:09.517664     8 MoQSession.cpp:6889] onNewUniStream sess=0x7fdc8c05fbc0
relay-1        | V1004 01:32:09.517754     8 MoQSession.cpp:3410] controlReadLoop sess=0x7fdc8c05fbc0
relay-1        | V1004 01:32:09.517793     8 MoQSession.cpp:3197] onClientSetup sess=0x7fdc8c05fbc0
relay-1        | V1004 01:32:09.517815     8 MoQServerBase.cpp:88] MoQServerBase::ClientSetup
relay-1        | V1004 01:32:09.517834     8 MoQServerBase.cpp:93] MoQServerBase::ClientSetup: Using ALPN-negotiated version: moqt-18
relay-1        | V1004 01:32:09.517855     8 MoQSession.cpp:3275] Negotiated Version=0xff000012 (draft-18)
relay-1        | V1004 01:32:09.517932     8 MoQSession.cpp:6919] onNewBidiStream sess=0x7fdc8c05fbc0
relay-1        | V1004 01:32:09.517968     8 MoQSession.cpp:3410] controlReadLoop sess=0x7fdc8c05fbc0
test-client-1  | [2m2026-10-04T01:32:09.517700Z[0m [32m INFO[0m [2mmoq_test_client::scenarios[0m[2m:[0m Publisher sending direct PUBLISH [3mnamespace[0m[2m=[0m/moq-test/publish [3mtrack[0m[2m=[0m"published-track"
relay-1        | V1004 01:32:09.517981     8 MoQSession.cpp:4994] onPublishImpl reqID=0 sess=0x7fdc8c05fbc0
relay-1        | V1004 01:32:09.517999     8 MoQRelay.cpp:422] publish ftn=moq-test/publish/published-track
relay-1        | E1004 01:32:09.518010     8 MoQRelay.cpp:82] prefix not found in tree
relay-1        | V1004 01:32:09.518026     8 MoQSession.cpp:6110] publishOk reqID=0 sess=0x7fdc8c05fbc0
test-client-1  | [2m2026-10-04T01:32:09.518170Z[0m [32m INFO[0m [2mmoq_test_client::scenarios[0m[2m:[0m PUBLISH accepted [3mnamespace[0m[2m=[0m/moq-test/publish [3mtrack[0m[2m=[0m"published-track"
test-client-1  | [2m2026-10-04T01:32:09.518221Z[0m [32m INFO[0m [2mmoq_test_client::scenarios[0m[2m:[0m PUBLISH completed [3mnamespace[0m[2m=[0m/moq-test/publish [3mtrack[0m[2m=[0m"published-track"
relay-1        | V1004 01:32:09.518343     8 MoQSession.cpp:5148] PublishDone id=0 code=2 reason=publish ended
relay-1        | V1004 01:32:09.518353     8 MoQSession.cpp:2232] processPublishDone trackReceiveState=0x7fdc8c0679a0
test-client-1  | ok 7 - publish-track-only
test-client-1  |   ---
test-client-1  |   duration_ms: 4
test-client-1  |   connection_id: 330829f0fc19613c8c5130eda937ea8b
test-client-1  |   ...
test-client-1  | [2m2026-10-04T01:32:09.519106Z[0m [32m INFO[0m [2mmoq_native_ietf::quic[0m[2m:[0m UDP socket bound [3mbind[0m[2m=[0m[::]:0 [3mlocal[0m[2m=[0m[::]:54266 [3mdual_stack[0m[2m=[0mtrue
relay-1        | V1004 01:32:09.518359     8 MoQRelay.cpp:383] onPublishDoneImpl ftn=moq-test/publish/published-track
relay-1        | V1004 01:32:09.519201     8 MoQRelay.cpp:303] Pruning empty subtree at: moq-test
relay-1        | V1004 01:32:09.519207     8 MoQRelay.cpp:412] Publisher terminated with no subscribers, cleaning up moq-test/publish/published-track
relay-1        | V1004 01:32:09.519212     8 MoQForwarder.cpp:610] publishDone pubDone reason=publish ended
relay-1        | V1004 01:32:09.519221     8 MoQSession.cpp:3415] exit controlReadLoop sess=0x7fdc8c05fbc0
relay-1        | E20261004 01:32:09.519289     8 HQControlCodec.h:58] Unexpected control stream EOF
relay-1        | E20261004 01:32:09.519327     8 HQSession.cpp:3175] Got error on control stream error=HTTP: Critical stream was closed streamID=2 sess=proto=h3, UA=, client CID=759577812f019c48, server CID=400000065e42995f, downstream=[::ffff:172.18.0.3]:47741, [::]:4443=local, drain=none
relay-1        | E1004 01:32:09.519389     8 MoQServer.h:234] proxygen::HTTPException: Got error=ApplicationError: 260, HTTP error on control stream
relay-1        | V1004 01:32:09.519395     8 MoQSession.cpp:7339] onSessionEnderr=4294967295 sess=0x7fdc8c05fbc0
relay-1        | V1004 01:32:09.519399     8 MoQSession.cpp:2977] close sess=0x7fdc8c05fbc0
relay-1        | V1004 01:32:09.519404     8 MoQSession.cpp:2655] requestCancellation from cleanup sess=0x7fdc8c05fbc0
relay-1        | V1004 01:32:09.519413     8 MoQSession.cpp:2994] requestCancellation from close sess=0x7fdc8c05fbc0
relay-1        | V1004 01:32:09.519475     8 MoQSession.cpp:3415] exit controlReadLoop sess=0x7fdc8c05fbc0
relay-1        | V1004 01:32:09.519497     8 MoQSession.cpp:3003] exit controlWriteLoop sess=0x7fdc8c05fbc0
test-client-1  | [2m2026-10-04T01:32:09.519512Z[0m [33m WARN[0m [2mweb_transport_quinn::session[0m[2m:[0m failed to read capsule [3me[0m[2m=[0mUnexpectedEnd
relay-1        | V1004 01:32:09.522078     8 MoQServer.cpp:334] MoQServer WebTransport: supported protocols: moqt-18, moqt-16, moqt-15, moq-00
relay-1        | V1004 01:32:09.522096     8 MoQServer.cpp:344] WebTransport: Negotiated protocol: moqt-18
relay-1        | V1004 01:32:09.522188     8 MoQSession.cpp:2701] start sess=0x7fdc8c0742f0
relay-1        | V1004 01:32:09.522238     8 MoQSession.cpp:3045] sendSetup sess=0x7fdc8c0742f0
relay-1        | V1004 01:32:09.522367     8 MoQSession.cpp:3001] controlWriteLoop sess=0x7fdc8c0742f0
relay-1        | V1004 01:32:09.522467     8 MoQSession.cpp:6889] onNewUniStream sess=0x7fdc8c0742f0
relay-1        | V1004 01:32:09.522513     8 MoQSession.cpp:3410] controlReadLoop sess=0x7fdc8c0742f0
relay-1        | V1004 01:32:09.522520     8 MoQSession.cpp:3197] onClientSetup sess=0x7fdc8c0742f0
relay-1        | V1004 01:32:09.522525     8 MoQServerBase.cpp:88] MoQServerBase::ClientSetup
relay-1        | V1004 01:32:09.522528     8 MoQServerBase.cpp:93] MoQServerBase::ClientSetup: Using ALPN-negotiated version: moqt-18
relay-1        | V1004 01:32:09.522534     8 MoQSession.cpp:3275] Negotiated Version=0xff000012 (draft-18)
test-client-1  | [2m2026-10-04T01:32:09.523258Z[0m [32m INFO[0m [2mmoq_native_ietf::quic[0m[2m:[0m UDP socket bound [3mbind[0m[2m=[0m[::]:0 [3mlocal[0m[2m=[0m[::]:58536 [3mdual_stack[0m[2m=[0mtrue
relay-1        | V1004 01:32:09.524479     8 MoQSession.cpp:2600] ~MoQSession sess=0x7fdc8c068dc0
relay-1        | V1004 01:32:09.524972     8 MoQServer.cpp:334] MoQServer WebTransport: supported protocols: moqt-18, moqt-16, moqt-15, moq-00
relay-1        | V1004 01:32:09.524985     8 MoQServer.cpp:344] WebTransport: Negotiated protocol: moqt-18
relay-1        | V1004 01:32:09.525073     8 MoQSession.cpp:2701] start sess=0x7fdc8c060d60
relay-1        | V1004 01:32:09.525094     8 MoQSession.cpp:3045] sendSetup sess=0x7fdc8c060d60
relay-1        | V1004 01:32:09.525196     8 MoQSession.cpp:3001] controlWriteLoop sess=0x7fdc8c060d60
test-client-1  | [2m2026-10-04T01:32:09.525375Z[0m [32m INFO[0m [2mmoq_test_client::scenarios[0m[2m:[0m Publisher sending direct PUBLISH before subscriber subscribes [3mnamespace[0m[2m=[0m/moq-test/publish [3mtrack[0m[2m=[0m"published-track"
relay-1        | V1004 01:32:09.525309     8 MoQSession.cpp:6889] onNewUniStream sess=0x7fdc8c060d60
relay-1        | V1004 01:32:09.525395     8 MoQSession.cpp:3410] controlReadLoop sess=0x7fdc8c060d60
relay-1        | V1004 01:32:09.525403     8 MoQSession.cpp:3197] onClientSetup sess=0x7fdc8c060d60
relay-1        | V1004 01:32:09.525405     8 MoQServerBase.cpp:88] MoQServerBase::ClientSetup
relay-1        | V1004 01:32:09.525407     8 MoQServerBase.cpp:93] MoQServerBase::ClientSetup: Using ALPN-negotiated version: moqt-18
relay-1        | V1004 01:32:09.525411     8 MoQSession.cpp:3275] Negotiated Version=0xff000012 (draft-18)
relay-1        | V1004 01:32:09.525500     8 MoQSession.cpp:6919] onNewBidiStream sess=0x7fdc8c0742f0
relay-1        | V1004 01:32:09.525576     8 MoQSession.cpp:3410] controlReadLoop sess=0x7fdc8c0742f0
relay-1        | V1004 01:32:09.525624     8 MoQSession.cpp:4994] onPublishImpl reqID=0 sess=0x7fdc8c0742f0
relay-1        | V1004 01:32:09.525663     8 MoQRelay.cpp:422] publish ftn=moq-test/publish/published-track
relay-1        | E1004 01:32:09.525691     8 MoQRelay.cpp:82] prefix not found in tree
relay-1        | V1004 01:32:09.525702     8 MoQSession.cpp:6110] publishOk reqID=0 sess=0x7fdc8c0742f0
test-client-1  | [2m2026-10-04T01:32:09.525846Z[0m [32m INFO[0m [2mmoq_test_client::scenarios[0m[2m:[0m PUBLISH accepted; starting subscriber [3mnamespace[0m[2m=[0m/moq-test/publish [3mtrack[0m[2m=[0m"published-track"
relay-1        | V1004 01:32:09.526041     8 MoQSession.cpp:6919] onNewBidiStream sess=0x7fdc8c060d60
relay-1        | V1004 01:32:09.526076     8 MoQSession.cpp:3410] controlReadLoop sess=0x7fdc8c060d60
relay-1        | V1004 01:32:09.526085     8 MoQSession.cpp:4298] onSubscribeImpl ftn=moq-test/publish/published-track sess=0x7fdc8c060d60
relay-1        | V1004 01:32:09.526113     8 MoQLocation.h:24] m=AbsoluteStart g=0 o=0
relay-1        | V1004 01:32:09.526118     8 MoQLocation.h:59] g=0 o=0 g=4611686018427387903 o=4611686018427387903
relay-1        | I1004 01:32:09.526125     8 MoQRelay.cpp:1975] Updating forward for moq-test/publish/published-track numForwardingSubs=1
relay-1        | V1004 01:32:09.526133     8 MoQSession.cpp:6292] sendSubscribeOk sess=0x7fdc8c060d60
relay-1        | V1004 01:32:09.526234     8 MoQSession.cpp:6606] requestUpdate sess=0x7fdc8c0742f0
test-client-1  | [2m2026-10-04T01:32:09.526412Z[0m [33m WARN[0m [2mmoq_transport::session[0m[2m:[0m unexpected bidi response message type [3mmsg_type[0m[2m=[0m2
test-client-1  | [2m2026-10-04T01:32:09.526460Z[0m [33m WARN[0m [2mmoq_transport::serve::error[0m[2m:[0m [921051a4-e608-4eca-a73c-32a295e4ae2b] Not implemented: bidi response type 0x2 at moq-transport/src/session/error.rs:89
relay-1        | V1004 01:32:09.526588     8 MoQSession.cpp:3527] Failing pending request id=1 peer FINed without terminal reply sess=0x7fdc8c0742f0
relay-1        | V1004 01:32:09.526600     8 MoQSession.cpp:3415] exit controlReadLoop sess=0x7fdc8c0742f0
relay-1        | E1004 01:32:09.526610     8 MoQRelay.cpp:36] requestUpdate failed: peer FINed without terminal reply
relay-1        | V1004 01:32:09.534704     8 MoQSession.cpp:2600] ~MoQSession sess=0x7fdc8c05fbc0
test-client-1  | not ok 8 - publish-track-subscribe
test-client-1  |   ---
test-client-1  |   duration_ms: 108
test-client-1  |   message: "failed serving PUBLISH track: serve error: cancelled: cancelled"
test-client-1  |   ...
relay-1        | E20261004 01:32:09.626809     8 HQControlCodec.h:58] Unexpected control stream EOF
test-client-1  | [2m2026-10-04T01:32:09.627280Z[0m [33m WARN[0m [2mweb_transport_quinn::session[0m[2m:[0m failed to read capsule [3me[0m[2m=[0mUnexpectedEnd
test-client-1  | [2m2026-10-04T01:32:09.627336Z[0m [33m WARN[0m [2mweb_transport_quinn::session[0m[2m:[0m failed to read capsule [3me[0m[2m=[0mUnexpectedEnd
relay-1        | E20261004 01:32:09.626899     8 HQSession.cpp:3175] Got error on control stream error=HTTP: Critical stream was closed streamID=2 sess=proto=h3, UA=, client CID=fd7ec565e2efa10d, server CID=4000001338c46339, downstream=[::ffff:172.18.0.3]:54266, [::]:4443=local, drain=none
relay-1        | E20261004 01:32:09.626946     8 HQControlCodec.h:58] Unexpected control stream EOF
relay-1        | E20261004 01:32:09.626962     8 HQSession.cpp:3175] Got error on control stream error=HTTP: Critical stream was closed streamID=2 sess=proto=h3, UA=, client CID=3d1472faa6221d05, server CID=40000017cd44a5ab, downstream=[::ffff:172.18.0.3]:58536, [::]:4443=local, drain=none
relay-1        | E1004 01:32:09.627029     8 MoQServer.h:234] proxygen::HTTPException: Got error=ApplicationError: 260, HTTP error on control stream
relay-1        | V1004 01:32:09.627038     8 MoQSession.cpp:7339] onSessionEnderr=4294967295 sess=0x7fdc8c0742f0
relay-1        | V1004 01:32:09.627044     8 MoQSession.cpp:2977] close sess=0x7fdc8c0742f0
relay-1        | V1004 01:32:09.627050     8 MoQSession.cpp:2203] subscribeError trackReceiveState=0x7fdc8c0679a0
relay-1        | V1004 01:32:09.627055     8 MoQSession.cpp:2232] processPublishDone trackReceiveState=0x7fdc8c0679a0
relay-1        | V1004 01:32:09.627061     8 MoQRelay.cpp:383] onPublishDoneImpl ftn=moq-test/publish/published-track
relay-1        | V1004 01:32:09.627067     8 MoQRelay.cpp:303] Pruning empty subtree at: moq-test
relay-1        | V1004 01:32:09.627075     8 MoQForwarder.cpp:610] publishDone pubDone reason=closed locally
relay-1        | V1004 01:32:09.627080     8 MoQForwarder.cpp:308] drainSubscriber from publishDone session=49
relay-1        | V1004 01:32:09.627085     8 MoQSession.cpp:6405] sendPublishDone sess=0x7fdc8c060d60
relay-1        | V1004 01:32:09.627100     8 MoQSession.cpp:6576] publisherDrained id=0 sess=0x7fdc8c060d60
relay-1        | V1004 01:32:09.627105     8 MoQForwarder.cpp:372] Resetting open subgroups for subscriber=0x7fdc8c088580
relay-1        | V1004 01:32:09.627108     8 MoQForwarder.cpp:391] subscribers_.size()=0
relay-1        | I1004 01:32:09.627113     8 MoQRelay.cpp:1938] Publisher terminated for moq-test/publish/published-track
relay-1        | V1004 01:32:09.627117     8 MoQSession.cpp:2187] cancel alias=0 requestID=0
relay-1        | V1004 01:32:09.627120     8 MoQSession.cpp:2655] requestCancellation from cleanup sess=0x7fdc8c0742f0
relay-1        | V1004 01:32:09.627129     8 MoQSession.cpp:2994] requestCancellation from close sess=0x7fdc8c0742f0
relay-1        | E1004 01:32:09.627216     8 MoQServer.h:234] proxygen::HTTPException: Got error=ApplicationError: 260, HTTP error on control stream
relay-1        | V1004 01:32:09.627225     8 MoQSession.cpp:7339] onSessionEnderr=4294967295 sess=0x7fdc8c060d60
relay-1        | V1004 01:32:09.627229     8 MoQSession.cpp:2977] close sess=0x7fdc8c060d60
relay-1        | V1004 01:32:09.627236     8 MoQSession.cpp:2655] requestCancellation from cleanup sess=0x7fdc8c060d60
relay-1        | V1004 01:32:09.627245     8 MoQSession.cpp:2994] requestCancellation from close sess=0x7fdc8c060d60
relay-1        | V1004 01:32:09.627316     8 MoQSession.cpp:3415] exit controlReadLoop sess=0x7fdc8c0742f0
relay-1        | V1004 01:32:09.627326     8 MoQSession.cpp:3415] exit controlReadLoop sess=0x7fdc8c060d60
relay-1        | V1004 01:32:09.627331     8 MoQSession.cpp:3415] exit controlReadLoop sess=0x7fdc8c060d60
relay-1        | V1004 01:32:09.627381     8 MoQSession.cpp:3003] exit controlWriteLoop sess=0x7fdc8c0742f0
relay-1        | V1004 01:32:09.627390     8 MoQSession.cpp:2600] ~MoQSession sess=0x7fdc8c0742f0
relay-1        | V1004 01:32:09.627404     8 MoQSession.cpp:3003] exit controlWriteLoop sess=0x7fdc8c060d60
test-client-1  | [2m2026-10-04T01:32:09.627828Z[0m [32m INFO[0m [2mmoq_native_ietf::quic[0m[2m:[0m UDP socket bound [3mbind[0m[2m=[0m[::]:0 [3mlocal[0m[2m=[0m[::]:38204 [3mdual_stack[0m[2m=[0mtrue
relay-1        | V1004 01:32:09.629588     8 MoQServer.cpp:334] MoQServer WebTransport: supported protocols: moqt-18, moqt-16, moqt-15, moq-00
relay-1        | V1004 01:32:09.629602     8 MoQServer.cpp:344] WebTransport: Negotiated protocol: moqt-18
relay-1        | V1004 01:32:09.629689     8 MoQSession.cpp:2701] start sess=0x7fdc8c0742f0
relay-1        | V1004 01:32:09.629710     8 MoQSession.cpp:3045] sendSetup sess=0x7fdc8c0742f0
relay-1        | V1004 01:32:09.629809     8 MoQSession.cpp:3001] controlWriteLoop sess=0x7fdc8c0742f0
relay-1        | V1004 01:32:09.629932     8 MoQSession.cpp:6889] onNewUniStream sess=0x7fdc8c0742f0
test-client-1  | [2m2026-10-04T01:32:09.629986Z[0m [32m INFO[0m [2mmoq_test_client::scenarios[0m[2m:[0m Subscribing with RENDEZVOUS_TIMEOUT to a track with no publisher [3mtimeout_ms[0m[2m=[0m500
relay-1        | V1004 01:32:09.629986     8 MoQSession.cpp:3410] controlReadLoop sess=0x7fdc8c0742f0
relay-1        | V1004 01:32:09.630016     8 MoQSession.cpp:3197] onClientSetup sess=0x7fdc8c0742f0
relay-1        | V1004 01:32:09.630041     8 MoQServerBase.cpp:88] MoQServerBase::ClientSetup
relay-1        | V1004 01:32:09.630062     8 MoQServerBase.cpp:93] MoQServerBase::ClientSetup: Using ALPN-negotiated version: moqt-18
relay-1        | V1004 01:32:09.630086     8 MoQSession.cpp:3275] Negotiated Version=0xff000012 (draft-18)
relay-1        | V1004 01:32:09.630267     8 MoQSession.cpp:6919] onNewBidiStream sess=0x7fdc8c0742f0
relay-1        | V1004 01:32:09.630303     8 MoQSession.cpp:3410] controlReadLoop sess=0x7fdc8c0742f0
relay-1        | V1004 01:32:09.630319     8 MoQSession.cpp:4298] onSubscribeImpl ftn=nonexistent/rendezvous/test-track sess=0x7fdc8c0742f0
relay-1        | V1004 01:32:09.636657     8 MoQSession.cpp:2600] ~MoQSession sess=0x7fdc8c060d60
relay-1        | V1004 01:32:10.130782     8 MoQSession.cpp:4440] Application subscribe error err=rendezvous timeout expired
relay-1        | V1004 01:32:10.130807     8 MoQSession.cpp:6310] subscribeError sess=0x7fdc8c0742f0
relay-1        | V1004 01:32:10.130833     8 MoQSession.cpp:6576] publisherDrained id=0 sess=0x7fdc8c0742f0
test-client-1  | ok 9 - rendezvous-timeout
test-client-1  |   ---
test-client-1  |   duration_ms: 504
test-client-1  |   connection_id: 9785a86eb31571c191e2763cb2779e89
test-client-1  |   ...
test-client-1  | [2m2026-10-04T01:32:10.131273Z[0m [32m INFO[0m [2mmoq_test_client::scenarios[0m[2m:[0m Received expected REQUEST_ERROR TIMEOUT
relay-1        | V1004 01:32:10.131431     8 MoQSession.cpp:3415] exit controlReadLoop sess=0x7fdc8c0742f0
relay-1        | V1004 01:32:10.131450     8 MoQSession.cpp:3415] exit controlReadLoop sess=0x7fdc8c0742f0
test-client-1  | [2m2026-10-04T01:32:10.131751Z[0m [33m WARN[0m [2mweb_transport_quinn::session[0m[2m:[0m failed to read capsule [3me[0m[2m=[0mUnexpectedEnd
relay-1        | E20261004 01:32:10.131469     8 HQControlCodec.h:58] Unexpected control stream EOF
relay-1        | E20261004 01:32:10.131536     8 HQSession.cpp:3175] Got error on control stream error=HTTP: Critical stream was closed streamID=2 sess=proto=h3, UA=, client CID=77eb14e3124087b9, server CID=4000000f60c323a7, downstream=[::ffff:172.18.0.3]:38204, [::]:4443=local, drain=none
relay-1        | E1004 01:32:10.131610     8 MoQServer.h:234] proxygen::HTTPException: Got error=ApplicationError: 260, HTTP error on control stream
relay-1        | V1004 01:32:10.131616     8 MoQSession.cpp:7339] onSessionEnderr=4294967295 sess=0x7fdc8c0742f0
relay-1        | V1004 01:32:10.131619     8 MoQSession.cpp:2977] close sess=0x7fdc8c0742f0
relay-1        | V1004 01:32:10.131627     8 MoQSession.cpp:2655] requestCancellation from cleanup sess=0x7fdc8c0742f0
relay-1        | V1004 01:32:10.131638     8 MoQSession.cpp:2994] requestCancellation from close sess=0x7fdc8c0742f0
relay-1        | V1004 01:32:10.131746     8 MoQSession.cpp:3003] exit controlWriteLoop sess=0x7fdc8c0742f0
test-client-1  | [2m2026-10-04T01:32:10.132373Z[0m [32m INFO[0m [2mmoq_native_ietf::quic[0m[2m:[0m UDP socket bound [3mbind[0m[2m=[0m[::]:0 [3mlocal[0m[2m=[0m[::]:40530 [3mdual_stack[0m[2m=[0mtrue
relay-1        | V1004 01:32:10.134611     8 MoQServer.cpp:334] MoQServer WebTransport: supported protocols: moqt-18, moqt-16, moqt-15, moq-00
relay-1        | V1004 01:32:10.134633     8 MoQServer.cpp:344] WebTransport: Negotiated protocol: moqt-18
relay-1        | V1004 01:32:10.134857     8 MoQSession.cpp:2701] start sess=0x7fdc8c062d40
relay-1        | V1004 01:32:10.134881     8 MoQSession.cpp:3045] sendSetup sess=0x7fdc8c062d40
relay-1        | V1004 01:32:10.134982     8 MoQSession.cpp:3001] controlWriteLoop sess=0x7fdc8c062d40
relay-1        | V1004 01:32:10.135039     8 MoQSession.cpp:6889] onNewUniStream sess=0x7fdc8c062d40
relay-1        | V1004 01:32:10.135286     8 MoQSession.cpp:3410] controlReadLoop sess=0x7fdc8c062d40
relay-1        | V1004 01:32:10.135302     8 MoQSession.cpp:3197] onClientSetup sess=0x7fdc8c062d40
relay-1        | V1004 01:32:10.135307     8 MoQServerBase.cpp:88] MoQServerBase::ClientSetup
relay-1        | V1004 01:32:10.135311     8 MoQServerBase.cpp:93] MoQServerBase::ClientSetup: Using ALPN-negotiated version: moqt-18
relay-1        | V1004 01:32:10.135317     8 MoQSession.cpp:3275] Negotiated Version=0xff000012 (draft-18)
relay-1        | V1004 01:32:10.135418     8 MoQSession.cpp:6919] onNewBidiStream sess=0x7fdc8c062d40
relay-1        | V1004 01:32:10.135456     8 MoQSession.cpp:3410] controlReadLoop sess=0x7fdc8c062d40
relay-1        | V1004 01:32:10.135475     8 MoQSession.cpp:4298] onSubscribeImpl ftn=moq-test-00/0/0/0/2/4/5/64/32/2/1/1/0/-1/-1/0/moq-test-a2db5547bb34902e sess=0x7fdc8c062d40
relay-1        | V1004 01:32:10.141609     8 MoQSession.cpp:2600] ~MoQSession sess=0x7fdc8c0742f0
test-client-1  | [2m2026-10-04T01:32:10.336421Z[0m [32m INFO[0m [2mmoq_native_ietf::quic[0m[2m:[0m UDP socket bound [3mbind[0m[2m=[0m[::]:0 [3mlocal[0m[2m=[0m[::]:54619 [3mdual_stack[0m[2m=[0mtrue
relay-1        | V1004 01:32:10.338335     8 MoQServer.cpp:334] MoQServer WebTransport: supported protocols: moqt-18, moqt-16, moqt-15, moq-00
relay-1        | V1004 01:32:10.338391     8 MoQServer.cpp:344] WebTransport: Negotiated protocol: moqt-18
relay-1        | V1004 01:32:10.338506     8 MoQSession.cpp:2701] start sess=0x7fdc8c05b020
relay-1        | V1004 01:32:10.338571     8 MoQSession.cpp:3045] sendSetup sess=0x7fdc8c05b020
relay-1        | V1004 01:32:10.338722     8 MoQSession.cpp:3001] controlWriteLoop sess=0x7fdc8c05b020
relay-1        | V1004 01:32:10.338753     8 MoQSession.cpp:6889] onNewUniStream sess=0x7fdc8c05b020
relay-1        | V1004 01:32:10.338950     8 MoQSession.cpp:3410] controlReadLoop sess=0x7fdc8c05b020
relay-1        | V1004 01:32:10.339055     8 MoQSession.cpp:3197] onClientSetup sess=0x7fdc8c05b020
relay-1        | V1004 01:32:10.339068     8 MoQServerBase.cpp:88] MoQServerBase::ClientSetup
relay-1        | V1004 01:32:10.339072     8 MoQServerBase.cpp:93] MoQServerBase::ClientSetup: Using ALPN-negotiated version: moqt-18
relay-1        | V1004 01:32:10.339078     8 MoQSession.cpp:3275] Negotiated Version=0xff000012 (draft-18)
relay-1        | V1004 01:32:10.339129     8 MoQSession.cpp:6919] onNewBidiStream sess=0x7fdc8c05b020
relay-1        | V1004 01:32:10.339236     8 MoQSession.cpp:3410] controlReadLoop sess=0x7fdc8c05b020
relay-1        | V1004 01:32:10.339258     8 MoQSession.cpp:4994] onPublishImpl reqID=0 sess=0x7fdc8c05b020
relay-1        | V1004 01:32:10.339274     8 MoQRelay.cpp:422] publish ftn=moq-test-00/0/0/0/2/4/5/64/32/2/1/1/0/-1/-1/0/moq-test-a2db5547bb34902e
relay-1        | E1004 01:32:10.339284     8 MoQRelay.cpp:82] prefix not found in tree
relay-1        | V1004 01:32:10.339313     8 MoQSession.cpp:6110] publishOk reqID=0 sess=0x7fdc8c05b020
relay-1        | V1004 01:32:10.339454     8 MoQLocation.h:24] m=AbsoluteStart g=0 o=0
relay-1        | V1004 01:32:10.339492     8 MoQLocation.h:59] g=0 o=0 g=4611686018427387903 o=4611686018427387903
relay-1        | I1004 01:32:10.339506     8 MoQRelay.cpp:1975] Updating forward for moq-test-00/0/0/0/2/4/5/64/32/2/1/1/0/-1/-1/0/moq-test-a2db5547bb34902e numForwardingSubs=1
relay-1        | V1004 01:32:10.339519     8 MoQSession.cpp:6292] sendSubscribeOk sess=0x7fdc8c062d40
relay-1        | V1004 01:32:10.339593     8 MoQSession.cpp:6606] requestUpdate sess=0x7fdc8c05b020
test-client-1  | [2m2026-10-04T01:32:10.339709Z[0m [32m INFO[0m [2mmoq_test_client::moqtest[0m[2m:[0m PUBLISH accepted and subscription bound; generating objects [3mobjects[0m[2m=[0m15 [3mstreams[0m[2m=[0m3
relay-1        | V1004 01:32:10.339887     8 MoQSession.cpp:5148] PublishDone id=0 code=2 reason=publish ended
relay-1        | V1004 01:32:10.339903     8 MoQSession.cpp:2232] processPublishDone trackReceiveState=0x7fdc8c00ab70
relay-1        | V1004 01:32:10.339908     8 MoQRelay.cpp:383] onPublishDoneImpl ftn=moq-test-00/0/0/0/2/4/5/64/32/2/1/1/0/-1/-1/0/moq-test-a2db5547bb34902e
relay-1        | V1004 01:32:10.339914     8 MoQRelay.cpp:303] Pruning empty subtree at: moq-test-00
relay-1        | V1004 01:32:10.339925     8 MoQForwarder.cpp:610] publishDone pubDone reason=publish ended
relay-1        | V1004 01:32:10.339929     8 MoQForwarder.cpp:308] drainSubscriber from publishDone session=63
relay-1        | V1004 01:32:10.339934     8 MoQSession.cpp:6405] sendPublishDone sess=0x7fdc8c062d40
relay-1        | V1004 01:32:10.339946     8 MoQSession.cpp:6576] publisherDrained id=0 sess=0x7fdc8c062d40
relay-1        | V1004 01:32:10.339954     8 MoQForwarder.cpp:372] Resetting open subgroups for subscriber=0x7fdc8c08b8a0
relay-1        | V1004 01:32:10.339959     8 MoQForwarder.cpp:391] subscribers_.size()=0
relay-1        | I1004 01:32:10.339968     8 MoQRelay.cpp:1938] Publisher terminated for moq-test-00/0/0/0/2/4/5/64/32/2/1/1/0/-1/-1/0/moq-test-a2db5547bb34902e
relay-1        | V1004 01:32:10.339979     8 MoQSession.cpp:3527] Failing pending request id=1 peer FINed without terminal reply sess=0x7fdc8c05b020
relay-1        | V1004 01:32:10.339985     8 MoQSession.cpp:3415] exit controlReadLoop sess=0x7fdc8c05b020
relay-1        | E1004 01:32:10.340053     8 MoQRelay.cpp:36] requestUpdate failed: peer FINed without terminal reply
relay-1        | V1004 01:32:10.340270     8 MoQSession.cpp:3415] exit controlReadLoop sess=0x7fdc8c062d40
relay-1        | V1004 01:32:10.340288     8 MoQSession.cpp:3415] exit controlReadLoop sess=0x7fdc8c062d40
test-client-1  | not ok 10 - moq-test-subgroup-per-group
test-client-1  |   ---
test-client-1  |   duration_ms: 223
test-client-1  |   message: "failed to create subgroup: cancelled"
test-client-1  |   ...
test-client-1  | [2m2026-10-04T01:32:10.355310Z[0m [33m WARN[0m [2mweb_transport_quinn::session[0m[2m:[0m failed to read capsule [3me[0m[2m=[0mUnexpectedEnd
relay-1        | E20261004 01:32:10.354921     8 HQControlCodec.h:58] Unexpected control stream EOF
relay-1        | E20261004 01:32:10.354990     8 HQSession.cpp:3175] Got error on control stream error=HTTP: Critical stream was closed streamID=2 sess=proto=h3, UA=, client CID=ac99f721baa02dbc, server CID=400000178347c9bf, downstream=[::ffff:172.18.0.3]:54619, [::]:4443=local, drain=none
relay-1        | E20261004 01:32:10.355052     8 HQControlCodec.h:58] Unexpected control stream EOF
relay-1        | E20261004 01:32:10.355077     8 HQSession.cpp:3175] Got error on control stream error=HTTP: Critical stream was closed streamID=2 sess=proto=h3, UA=, client CID=30a7194e0c1d12e6, server CID=4000001c923c644d, downstream=[::ffff:172.18.0.3]:40530, [::]:4443=local, drain=none
test-client-1  | [2m2026-10-04T01:32:10.355411Z[0m [33m WARN[0m [2mweb_transport_quinn::session[0m[2m:[0m failed to read capsule [3me[0m[2m=[0mUnexpectedEnd
relay-1        | E1004 01:32:10.355118     8 MoQServer.h:234] proxygen::HTTPException: Got error=ApplicationError: 260, HTTP error on control stream
relay-1        | V1004 01:32:10.355132     8 MoQSession.cpp:7339] onSessionEnderr=4294967295 sess=0x7fdc8c05b020
relay-1        | V1004 01:32:10.355137     8 MoQSession.cpp:2977] close sess=0x7fdc8c05b020
relay-1        | V1004 01:32:10.355148     8 MoQSession.cpp:2655] requestCancellation from cleanup sess=0x7fdc8c05b020
relay-1        | V1004 01:32:10.355164     8 MoQSession.cpp:2994] requestCancellation from close sess=0x7fdc8c05b020
relay-1        | E1004 01:32:10.355263     8 MoQServer.h:234] proxygen::HTTPException: Got error=ApplicationError: 260, HTTP error on control stream
relay-1        | V1004 01:32:10.355272     8 MoQSession.cpp:7339] onSessionEnderr=4294967295 sess=0x7fdc8c062d40
relay-1        | V1004 01:32:10.355276     8 MoQSession.cpp:2977] close sess=0x7fdc8c062d40
relay-1        | V1004 01:32:10.355283     8 MoQSession.cpp:2655] requestCancellation from cleanup sess=0x7fdc8c062d40
relay-1        | V1004 01:32:10.355294     8 MoQSession.cpp:2994] requestCancellation from close sess=0x7fdc8c062d40
relay-1        | V1004 01:32:10.355522     8 MoQSession.cpp:3415] exit controlReadLoop sess=0x7fdc8c05b020
relay-1        | V1004 01:32:10.355604     8 MoQSession.cpp:3003] exit controlWriteLoop sess=0x7fdc8c05b020
relay-1        | V1004 01:32:10.355663     8 MoQSession.cpp:2600] ~MoQSession sess=0x7fdc8c05b020
relay-1        | V1004 01:32:10.355723     8 MoQSession.cpp:3003] exit controlWriteLoop sess=0x7fdc8c062d40
test-client-1  | [2m2026-10-04T01:32:10.356025Z[0m [32m INFO[0m [2mmoq_native_ietf::quic[0m[2m:[0m UDP socket bound [3mbind[0m[2m=[0m[::]:0 [3mlocal[0m[2m=[0m[::]:42101 [3mdual_stack[0m[2m=[0mtrue
relay-1        | V1004 01:32:10.358029     8 MoQServer.cpp:334] MoQServer WebTransport: supported protocols: moqt-18, moqt-16, moqt-15, moq-00
relay-1        | V1004 01:32:10.358051     8 MoQServer.cpp:344] WebTransport: Negotiated protocol: moqt-18
relay-1        | V1004 01:32:10.358154     8 MoQSession.cpp:2701] start sess=0x7fdc8c0728c0
relay-1        | V1004 01:32:10.358178     8 MoQSession.cpp:3045] sendSetup sess=0x7fdc8c0728c0
relay-1        | V1004 01:32:10.358283     8 MoQSession.cpp:3001] controlWriteLoop sess=0x7fdc8c0728c0
relay-1        | V1004 01:32:10.358421     8 MoQSession.cpp:6889] onNewUniStream sess=0x7fdc8c0728c0
relay-1        | V1004 01:32:10.358514     8 MoQSession.cpp:3410] controlReadLoop sess=0x7fdc8c0728c0
relay-1        | V1004 01:32:10.358550     8 MoQSession.cpp:3197] onClientSetup sess=0x7fdc8c0728c0
relay-1        | V1004 01:32:10.358591     8 MoQServerBase.cpp:88] MoQServerBase::ClientSetup
relay-1        | V1004 01:32:10.358614     8 MoQServerBase.cpp:93] MoQServerBase::ClientSetup: Using ALPN-negotiated version: moqt-18
relay-1        | V1004 01:32:10.358622     8 MoQSession.cpp:3275] Negotiated Version=0xff000012 (draft-18)
relay-1        | V1004 01:32:10.358669     8 MoQSession.cpp:6919] onNewBidiStream sess=0x7fdc8c0728c0
relay-1        | V1004 01:32:10.358722     8 MoQSession.cpp:3410] controlReadLoop sess=0x7fdc8c0728c0
relay-1        | V1004 01:32:10.358743     8 MoQSession.cpp:4298] onSubscribeImpl ftn=moq-test-00/0/0/0/2/5/5/64/32/2/1/1/1/-1/-1/0/moq-test-4659ced3c08c42df sess=0x7fdc8c0728c0
relay-1        | V1004 01:32:10.366879     8 MoQSession.cpp:2600] ~MoQSession sess=0x7fdc8c062d40
test-client-1  | [2m2026-10-04T01:32:10.560786Z[0m [32m INFO[0m [2mmoq_native_ietf::quic[0m[2m:[0m UDP socket bound [3mbind[0m[2m=[0m[::]:0 [3mlocal[0m[2m=[0m[::]:60493 [3mdual_stack[0m[2m=[0mtrue
relay-1        | V1004 01:32:10.564056     8 MoQServer.cpp:334] MoQServer WebTransport: supported protocols: moqt-18, moqt-16, moqt-15, moq-00
relay-1        | V1004 01:32:10.564078     8 MoQServer.cpp:344] WebTransport: Negotiated protocol: moqt-18
relay-1        | V1004 01:32:10.564184     8 MoQSession.cpp:2701] start sess=0x7fdc8c087c30
relay-1        | V1004 01:32:10.564211     8 MoQSession.cpp:3045] sendSetup sess=0x7fdc8c087c30
relay-1        | V1004 01:32:10.564319     8 MoQSession.cpp:3001] controlWriteLoop sess=0x7fdc8c087c30
relay-1        | V1004 01:32:10.564448     8 MoQSession.cpp:6889] onNewUniStream sess=0x7fdc8c087c30
relay-1        | V1004 01:32:10.564539     8 MoQSession.cpp:3410] controlReadLoop sess=0x7fdc8c087c30
relay-1        | V1004 01:32:10.564555     8 MoQSession.cpp:3197] onClientSetup sess=0x7fdc8c087c30
relay-1        | V1004 01:32:10.564560     8 MoQServerBase.cpp:88] MoQServerBase::ClientSetup
relay-1        | V1004 01:32:10.564564     8 MoQServerBase.cpp:93] MoQServerBase::ClientSetup: Using ALPN-negotiated version: moqt-18
relay-1        | V1004 01:32:10.564569     8 MoQSession.cpp:3275] Negotiated Version=0xff000012 (draft-18)
relay-1        | V1004 01:32:10.564611     8 MoQSession.cpp:6919] onNewBidiStream sess=0x7fdc8c087c30
relay-1        | V1004 01:32:10.564712     8 MoQSession.cpp:3410] controlReadLoop sess=0x7fdc8c087c30
relay-1        | V1004 01:32:10.564760     8 MoQSession.cpp:4994] onPublishImpl reqID=0 sess=0x7fdc8c087c30
relay-1        | V1004 01:32:10.564782     8 MoQRelay.cpp:422] publish ftn=moq-test-00/0/0/0/2/5/5/64/32/2/1/1/1/-1/-1/0/moq-test-4659ced3c08c42df
relay-1        | E1004 01:32:10.564794     8 MoQRelay.cpp:82] prefix not found in tree
relay-1        | V1004 01:32:10.564820     8 MoQSession.cpp:6110] publishOk reqID=0 sess=0x7fdc8c087c30
relay-1        | V1004 01:32:10.564936     8 MoQLocation.h:24] m=AbsoluteStart g=0 o=0
relay-1        | V1004 01:32:10.565011     8 MoQLocation.h:59] g=0 o=0 g=4611686018427387903 o=4611686018427387903
relay-1        | I1004 01:32:10.565071     8 MoQRelay.cpp:1975] Updating forward for moq-test-00/0/0/0/2/5/5/64/32/2/1/1/1/-1/-1/0/moq-test-4659ced3c08c42df numForwardingSubs=1
relay-1        | V1004 01:32:10.565086     8 MoQSession.cpp:6292] sendSubscribeOk sess=0x7fdc8c0728c0
relay-1        | V1004 01:32:10.565164     8 MoQSession.cpp:6606] requestUpdate sess=0x7fdc8c087c30
test-client-1  | [2m2026-10-04T01:32:10.565303Z[0m [33m WARN[0m [2mmoq_transport::session[0m[2m:[0m unexpected bidi response message type [3mmsg_type[0m[2m=[0m2
test-client-1  | [2m2026-10-04T01:32:10.565320Z[0m [33m WARN[0m [2mmoq_transport::serve::error[0m[2m:[0m [ae1050ee-bf08-4e1a-970a-9a3b52276a6e] Not implemented: bidi response type 0x2 at moq-transport/src/session/error.rs:89
test-client-1  | [2m2026-10-04T01:32:10.565439Z[0m [32m INFO[0m [2mmoq_test_client::moqtest[0m[2m:[0m PUBLISH accepted and subscription bound; generating objects [3mobjects[0m[2m=[0m15 [3mstreams[0m[2m=[0m3
relay-1        | V1004 01:32:10.565410     8 MoQSession.cpp:3527] Failing pending request id=1 peer FINed without terminal reply sess=0x7fdc8c087c30
relay-1        | V1004 01:32:10.565423     8 MoQSession.cpp:3415] exit controlReadLoop sess=0x7fdc8c087c30
relay-1        | E1004 01:32:10.565434     8 MoQRelay.cpp:36] requestUpdate failed: peer FINed without terminal reply
test-client-1  | not ok 11 - moq-test-subgroup-per-group-eog
test-client-1  |   ---
test-client-1  |   duration_ms: 228
test-client-1  |   message: "failed to create subgroup: cancelled"
test-client-1  |   ...
relay-1        | E20261004 01:32:10.583837     8 HQControlCodec.h:58] Unexpected control stream EOF
relay-1        | E20261004 01:32:10.583892     8 HQSession.cpp:3175] Got error on control stream error=HTTP: Critical stream was closed streamID=2 sess=proto=h3, UA=, client CID=17ccf684ed21c83f, server CID=40000018a1067e6d, downstream=[::ffff:172.18.0.3]:60493, [::]:4443=local, drain=none
relay-1        | E1004 01:32:10.583956     8 MoQServer.h:234] proxygen::HTTPException: Got error=ApplicationError: 260, HTTP error on control stream
relay-1        | V1004 01:32:10.583964     8 MoQSession.cpp:7339] onSessionEnderr=4294967295 sess=0x7fdc8c087c30
relay-1        | V1004 01:32:10.583968     8 MoQSession.cpp:2977] close sess=0x7fdc8c087c30
relay-1        | V1004 01:32:10.584048     8 MoQSession.cpp:2203] subscribeError trackReceiveState=0x7fdc8c0679a0
relay-1        | V1004 01:32:10.584083     8 MoQSession.cpp:2232] processPublishDone trackReceiveState=0x7fdc8c0679a0
relay-1        | V1004 01:32:10.584094     8 MoQRelay.cpp:383] onPublishDoneImpl ftn=moq-test-00/0/0/0/2/5/5/64/32/2/1/1/1/-1/-1/0/moq-test-4659ced3c08c42df
relay-1        | V1004 01:32:10.584103     8 MoQRelay.cpp:303] Pruning empty subtree at: moq-test-00
relay-1        | V1004 01:32:10.584113     8 MoQForwarder.cpp:610] publishDone pubDone reason=closed locally
relay-1        | V1004 01:32:10.584118     8 MoQForwarder.cpp:308] drainSubscriber from publishDone session=73
relay-1        | V1004 01:32:10.584123     8 MoQSession.cpp:6405] sendPublishDone sess=0x7fdc8c0728c0
relay-1        | V1004 01:32:10.584155     8 MoQSession.cpp:6576] publisherDrained id=0 sess=0x7fdc8c0728c0
relay-1        | V1004 01:32:10.584161     8 MoQForwarder.cpp:372] Resetting open subgroups for subscriber=0x7fdc8c080010
relay-1        | V1004 01:32:10.584166     8 MoQForwarder.cpp:391] subscribers_.size()=0
relay-1        | I1004 01:32:10.584174     8 MoQRelay.cpp:1938] Publisher terminated for moq-test-00/0/0/0/2/5/5/64/32/2/1/1/1/-1/-1/0/moq-test-4659ced3c08c42df
relay-1        | V1004 01:32:10.584183     8 MoQSession.cpp:2187] cancel alias=0 requestID=0
relay-1        | V1004 01:32:10.584190     8 MoQSession.cpp:2655] requestCancellation from cleanup sess=0x7fdc8c087c30
test-client-1  | [2m2026-10-04T01:32:10.584362Z[0m [33m WARN[0m [2mweb_transport_quinn::session[0m[2m:[0m failed to read capsule [3me[0m[2m=[0mUnexpectedEnd
relay-1        | V1004 01:32:10.584204     8 MoQSession.cpp:2994] requestCancellation from close sess=0x7fdc8c087c30
relay-1        | V1004 01:32:10.584443     8 MoQSession.cpp:3415] exit controlReadLoop sess=0x7fdc8c087c30
relay-1        | V1004 01:32:10.584482     8 MoQSession.cpp:3003] exit controlWriteLoop sess=0x7fdc8c087c30
relay-1        | E20261004 01:32:10.584506     8 HQControlCodec.h:58] Unexpected control stream EOF
test-client-1  | [2m2026-10-04T01:32:10.584806Z[0m [33m WARN[0m [2mweb_transport_quinn::session[0m[2m:[0m failed to read capsule [3me[0m[2m=[0mUnexpectedEnd
relay-1        | E20261004 01:32:10.584542     8 HQSession.cpp:3175] Got error on control stream error=HTTP: Critical stream was closed streamID=2 sess=proto=h3, UA=, client CID=9f5fb165fa890d39, server CID=40000019773105ec, downstream=[::ffff:172.18.0.3]:42101, [::]:4443=local, drain=none
relay-1        | E1004 01:32:10.584600     8 MoQServer.h:234] proxygen::HTTPException: Got error=ApplicationError: 260, HTTP error on control stream
relay-1        | V1004 01:32:10.584608     8 MoQSession.cpp:7339] onSessionEnderr=4294967295 sess=0x7fdc8c0728c0
relay-1        | V1004 01:32:10.584612     8 MoQSession.cpp:2977] close sess=0x7fdc8c0728c0
relay-1        | V1004 01:32:10.584619     8 MoQSession.cpp:2655] requestCancellation from cleanup sess=0x7fdc8c0728c0
relay-1        | V1004 01:32:10.584629     8 MoQSession.cpp:2994] requestCancellation from close sess=0x7fdc8c0728c0
relay-1        | V1004 01:32:10.584708     8 MoQSession.cpp:3415] exit controlReadLoop sess=0x7fdc8c0728c0
relay-1        | V1004 01:32:10.584848     8 MoQSession.cpp:3415] exit controlReadLoop sess=0x7fdc8c0728c0
relay-1        | V1004 01:32:10.584909     8 MoQSession.cpp:3003] exit controlWriteLoop sess=0x7fdc8c0728c0
test-client-1  | [2m2026-10-04T01:32:10.585066Z[0m [32m INFO[0m [2mmoq_native_ietf::quic[0m[2m:[0m UDP socket bound [3mbind[0m[2m=[0m[::]:0 [3mlocal[0m[2m=[0m[::]:36380 [3mdual_stack[0m[2m=[0mtrue
relay-1        | V1004 01:32:10.586921     8 MoQServer.cpp:334] MoQServer WebTransport: supported protocols: moqt-18, moqt-16, moqt-15, moq-00
relay-1        | V1004 01:32:10.586939     8 MoQServer.cpp:344] WebTransport: Negotiated protocol: moqt-18
relay-1        | V1004 01:32:10.587029     8 MoQSession.cpp:2701] start sess=0x7fdc8c07b800
relay-1        | V1004 01:32:10.587049     8 MoQSession.cpp:3045] sendSetup sess=0x7fdc8c07b800
relay-1        | V1004 01:32:10.587141     8 MoQSession.cpp:3001] controlWriteLoop sess=0x7fdc8c07b800
relay-1        | V1004 01:32:10.587234     8 MoQSession.cpp:6889] onNewUniStream sess=0x7fdc8c07b800
relay-1        | V1004 01:32:10.587333     8 MoQSession.cpp:3410] controlReadLoop sess=0x7fdc8c07b800
relay-1        | V1004 01:32:10.587397     8 MoQSession.cpp:3197] onClientSetup sess=0x7fdc8c07b800
relay-1        | V1004 01:32:10.587436     8 MoQServerBase.cpp:88] MoQServerBase::ClientSetup
relay-1        | V1004 01:32:10.587463     8 MoQServerBase.cpp:93] MoQServerBase::ClientSetup: Using ALPN-negotiated version: moqt-18
relay-1        | V1004 01:32:10.587487     8 MoQSession.cpp:3275] Negotiated Version=0xff000012 (draft-18)
relay-1        | V1004 01:32:10.587556     8 MoQSession.cpp:6919] onNewBidiStream sess=0x7fdc8c07b800
relay-1        | V1004 01:32:10.587621     8 MoQSession.cpp:3410] controlReadLoop sess=0x7fdc8c07b800
relay-1        | V1004 01:32:10.587659     8 MoQSession.cpp:4298] onSubscribeImpl ftn=moq-test-00/1/0/0/1/3/4/64/32/2/1/1/0/-1/-1/0/moq-test-db1dcd789c143f28 sess=0x7fdc8c07b800
relay-1        | V1004 01:32:10.593818     8 MoQSession.cpp:2600] ~MoQSession sess=0x7fdc8c0728c0
relay-1        | V1004 01:32:10.593855     8 MoQSession.cpp:2600] ~MoQSession sess=0x7fdc8c087c30
test-client-1  | [2m2026-10-04T01:32:10.789730Z[0m [32m INFO[0m [2mmoq_native_ietf::quic[0m[2m:[0m UDP socket bound [3mbind[0m[2m=[0m[::]:0 [3mlocal[0m[2m=[0m[::]:34486 [3mdual_stack[0m[2m=[0mtrue
relay-1        | V1004 01:32:10.791462     8 MoQServer.cpp:334] MoQServer WebTransport: supported protocols: moqt-18, moqt-16, moqt-15, moq-00
relay-1        | V1004 01:32:10.791479     8 MoQServer.cpp:344] WebTransport: Negotiated protocol: moqt-18
relay-1        | V1004 01:32:10.791570     8 MoQSession.cpp:2701] start sess=0x7fdc8c087c30
relay-1        | V1004 01:32:10.791590     8 MoQSession.cpp:3045] sendSetup sess=0x7fdc8c087c30
relay-1        | V1004 01:32:10.791690     8 MoQSession.cpp:3001] controlWriteLoop sess=0x7fdc8c087c30
relay-1        | V1004 01:32:10.791825     8 MoQSession.cpp:6889] onNewUniStream sess=0x7fdc8c087c30
relay-1        | V1004 01:32:10.791889     8 MoQSession.cpp:3410] controlReadLoop sess=0x7fdc8c087c30
relay-1        | V1004 01:32:10.791918     8 MoQSession.cpp:3197] onClientSetup sess=0x7fdc8c087c30
relay-1        | V1004 01:32:10.791940     8 MoQServerBase.cpp:88] MoQServerBase::ClientSetup
relay-1        | V1004 01:32:10.791961     8 MoQServerBase.cpp:93] MoQServerBase::ClientSetup: Using ALPN-negotiated version: moqt-18
relay-1        | V1004 01:32:10.791997     8 MoQSession.cpp:3275] Negotiated Version=0xff000012 (draft-18)
relay-1        | V1004 01:32:10.792064     8 MoQSession.cpp:6919] onNewBidiStream sess=0x7fdc8c087c30
relay-1        | V1004 01:32:10.792098     8 MoQSession.cpp:3410] controlReadLoop sess=0x7fdc8c087c30
relay-1        | V1004 01:32:10.792128     8 MoQSession.cpp:4994] onPublishImpl reqID=0 sess=0x7fdc8c087c30
relay-1        | V1004 01:32:10.792147     8 MoQRelay.cpp:422] publish ftn=moq-test-00/1/0/0/1/3/4/64/32/2/1/1/0/-1/-1/0/moq-test-db1dcd789c143f28
relay-1        | E1004 01:32:10.792157     8 MoQRelay.cpp:82] prefix not found in tree
relay-1        | V1004 01:32:10.792176     8 MoQSession.cpp:6110] publishOk reqID=0 sess=0x7fdc8c087c30
relay-1        | V1004 01:32:10.792264     8 MoQLocation.h:24] m=AbsoluteStart g=0 o=0
test-client-1  | [2m2026-10-04T01:32:10.792404Z[0m [32m INFO[0m [2mmoq_test_client::moqtest[0m[2m:[0m PUBLISH accepted and subscription bound; generating objects [3mobjects[0m[2m=[0m8 [3mstreams[0m[2m=[0m8
relay-1        | V1004 01:32:10.792272     8 MoQLocation.h:59] g=0 o=0 g=4611686018427387903 o=4611686018427387903
relay-1        | I1004 01:32:10.792279     8 MoQRelay.cpp:1975] Updating forward for moq-test-00/1/0/0/1/3/4/64/32/2/1/1/0/-1/-1/0/moq-test-db1dcd789c143f28 numForwardingSubs=1
relay-1        | V1004 01:32:10.792292     8 MoQSession.cpp:6292] sendSubscribeOk sess=0x7fdc8c07b800
relay-1        | V1004 01:32:10.792387     8 MoQSession.cpp:6606] requestUpdate sess=0x7fdc8c087c30
test-client-1  | [2m2026-10-04T01:32:10.792626Z[0m [33m WARN[0m [2mmoq_transport::session[0m[2m:[0m unexpected bidi response message type [3mmsg_type[0m[2m=[0m2
test-client-1  | [2m2026-10-04T01:32:10.792641Z[0m [33m WARN[0m [2mmoq_transport::serve::error[0m[2m:[0m [8273a622-4aa7-4281-a1f3-d36a0429b355] Not implemented: bidi response type 0x2 at moq-transport/src/session/error.rs:89
relay-1        | V1004 01:32:10.792753     8 MoQSession.cpp:3527] Failing pending request id=1 peer FINed without terminal reply sess=0x7fdc8c087c30
relay-1        | V1004 01:32:10.792803     8 MoQSession.cpp:3415] exit controlReadLoop sess=0x7fdc8c087c30
relay-1        | E1004 01:32:10.792817     8 MoQRelay.cpp:36] requestUpdate failed: peer FINed without terminal reply
test-client-1  | not ok 12 - moq-test-subgroup-per-object
test-client-1  |   ---
test-client-1  |   duration_ms: 212
test-client-1  |   message: "failed to create subgroup: cancelled"
test-client-1  |   ...
relay-1        | E20261004 01:32:10.796044     8 HQControlCodec.h:58] Unexpected control stream EOF
relay-1        | E20261004 01:32:10.796092     8 HQSession.cpp:3175] Got error on control stream error=HTTP: Critical stream was closed streamID=2 sess=proto=h3, UA=, client CID=4a95ef1fee29fe24, server CID=4000001723ce398c, downstream=[::ffff:172.18.0.3]:34486, [::]:4443=local, drain=none
relay-1        | E20261004 01:32:10.796139     8 HQControlCodec.h:58] Unexpected control stream EOF
relay-1        | E20261004 01:32:10.796170     8 HQSession.cpp:3175] Got error on control stream error=HTTP: Critical stream was closed streamID=2 sess=proto=h3, UA=, client CID=da2c71fd343e4cc6, server CID=400000197c863bdb, downstream=[::ffff:172.18.0.3]:36380, [::]:4443=local, drain=none
test-client-1  | [2m2026-10-04T01:32:10.796515Z[0m [33m WARN[0m [2mweb_transport_quinn::session[0m[2m:[0m failed to read capsule [3me[0m[2m=[0mUnexpectedEnd
test-client-1  | [2m2026-10-04T01:32:10.796583Z[0m [33m WARN[0m [2mweb_transport_quinn::session[0m[2m:[0m failed to read capsule [3me[0m[2m=[0mUnexpectedEnd
relay-1        | E1004 01:32:10.796226     8 MoQServer.h:234] proxygen::HTTPException: Got error=ApplicationError: 260, HTTP error on control stream
relay-1        | V1004 01:32:10.796241     8 MoQSession.cpp:7339] onSessionEnderr=4294967295 sess=0x7fdc8c087c30
relay-1        | V1004 01:32:10.796246     8 MoQSession.cpp:2977] close sess=0x7fdc8c087c30
relay-1        | V1004 01:32:10.796253     8 MoQSession.cpp:2203] subscribeError trackReceiveState=0x7fdc8c086110
relay-1        | V1004 01:32:10.796257     8 MoQSession.cpp:2232] processPublishDone trackReceiveState=0x7fdc8c086110
relay-1        | V1004 01:32:10.796264     8 MoQRelay.cpp:383] onPublishDoneImpl ftn=moq-test-00/1/0/0/1/3/4/64/32/2/1/1/0/-1/-1/0/moq-test-db1dcd789c143f28
relay-1        | V1004 01:32:10.796272     8 MoQRelay.cpp:303] Pruning empty subtree at: moq-test-00
relay-1        | V1004 01:32:10.796281     8 MoQForwarder.cpp:610] publishDone pubDone reason=closed locally
relay-1        | V1004 01:32:10.796287     8 MoQForwarder.cpp:308] drainSubscriber from publishDone session=83
relay-1        | V1004 01:32:10.796291     8 MoQSession.cpp:6405] sendPublishDone sess=0x7fdc8c07b800
relay-1        | V1004 01:32:10.796309     8 MoQSession.cpp:6576] publisherDrained id=0 sess=0x7fdc8c07b800
relay-1        | V1004 01:32:10.796315     8 MoQForwarder.cpp:372] Resetting open subgroups for subscriber=0x7fdc8c0325f0
relay-1        | V1004 01:32:10.796320     8 MoQForwarder.cpp:391] subscribers_.size()=0
relay-1        | I1004 01:32:10.796328     8 MoQRelay.cpp:1938] Publisher terminated for moq-test-00/1/0/0/1/3/4/64/32/2/1/1/0/-1/-1/0/moq-test-db1dcd789c143f28
relay-1        | V1004 01:32:10.796336     8 MoQSession.cpp:2187] cancel alias=0 requestID=0
relay-1        | V1004 01:32:10.796366     8 MoQSession.cpp:2655] requestCancellation from cleanup sess=0x7fdc8c087c30
relay-1        | V1004 01:32:10.796378     8 MoQSession.cpp:2994] requestCancellation from close sess=0x7fdc8c087c30
relay-1        | E1004 01:32:10.796465     8 MoQServer.h:234] proxygen::HTTPException: Got error=ApplicationError: 260, HTTP error on control stream
relay-1        | V1004 01:32:10.796473     8 MoQSession.cpp:7339] onSessionEnderr=4294967295 sess=0x7fdc8c07b800
relay-1        | V1004 01:32:10.796478     8 MoQSession.cpp:2977] close sess=0x7fdc8c07b800
relay-1        | V1004 01:32:10.796485     8 MoQSession.cpp:2655] requestCancellation from cleanup sess=0x7fdc8c07b800
relay-1        | V1004 01:32:10.796495     8 MoQSession.cpp:2994] requestCancellation from close sess=0x7fdc8c07b800
relay-1        | V1004 01:32:10.796594     8 MoQSession.cpp:3415] exit controlReadLoop sess=0x7fdc8c087c30
relay-1        | V1004 01:32:10.796605     8 MoQSession.cpp:3415] exit controlReadLoop sess=0x7fdc8c07b800
relay-1        | V1004 01:32:10.796613     8 MoQSession.cpp:3415] exit controlReadLoop sess=0x7fdc8c07b800
relay-1        | V1004 01:32:10.796638     8 MoQSession.cpp:3003] exit controlWriteLoop sess=0x7fdc8c087c30
relay-1        | V1004 01:32:10.796645     8 MoQSession.cpp:2600] ~MoQSession sess=0x7fdc8c087c30
relay-1        | V1004 01:32:10.796658     8 MoQSession.cpp:3003] exit controlWriteLoop sess=0x7fdc8c07b800
test-client-1  | [2m2026-10-04T01:32:10.796880Z[0m [32m INFO[0m [2mmoq_native_ietf::quic[0m[2m:[0m UDP socket bound [3mbind[0m[2m=[0m[::]:0 [3mlocal[0m[2m=[0m[::]:38380 [3mdual_stack[0m[2m=[0mtrue
relay-1        | V1004 01:32:10.798649     8 MoQServer.cpp:334] MoQServer WebTransport: supported protocols: moqt-18, moqt-16, moqt-15, moq-00
relay-1        | V1004 01:32:10.798664     8 MoQServer.cpp:344] WebTransport: Negotiated protocol: moqt-18
relay-1        | V1004 01:32:10.798747     8 MoQSession.cpp:2701] start sess=0x7fdc8c062d40
relay-1        | V1004 01:32:10.798767     8 MoQSession.cpp:3045] sendSetup sess=0x7fdc8c062d40
relay-1        | V1004 01:32:10.798866     8 MoQSession.cpp:3001] controlWriteLoop sess=0x7fdc8c062d40
relay-1        | V1004 01:32:10.798995     8 MoQSession.cpp:6889] onNewUniStream sess=0x7fdc8c062d40
relay-1        | V1004 01:32:10.799060     8 MoQSession.cpp:3410] controlReadLoop sess=0x7fdc8c062d40
relay-1        | V1004 01:32:10.799075     8 MoQSession.cpp:3197] onClientSetup sess=0x7fdc8c062d40
relay-1        | V1004 01:32:10.799079     8 MoQServerBase.cpp:88] MoQServerBase::ClientSetup
relay-1        | V1004 01:32:10.799083     8 MoQServerBase.cpp:93] MoQServerBase::ClientSetup: Using ALPN-negotiated version: moqt-18
relay-1        | V1004 01:32:10.799088     8 MoQSession.cpp:3275] Negotiated Version=0xff000012 (draft-18)
relay-1        | V1004 01:32:10.799235     8 MoQSession.cpp:6919] onNewBidiStream sess=0x7fdc8c062d40
relay-1        | V1004 01:32:10.799263     8 MoQSession.cpp:3410] controlReadLoop sess=0x7fdc8c062d40
relay-1        | V1004 01:32:10.799277     8 MoQSession.cpp:4298] onSubscribeImpl ftn=moq-test-00/2/0/0/2/6/6/64/32/2/1/1/1/-1/-1/0/moq-test-09a9a392c6d469db sess=0x7fdc8c062d40
relay-1        | V1004 01:32:10.807416     8 MoQSession.cpp:2600] ~MoQSession sess=0x7fdc8c07b800
test-client-1  | [2m2026-10-04T01:32:11.000167Z[0m [32m INFO[0m [2mmoq_native_ietf::quic[0m[2m:[0m UDP socket bound [3mbind[0m[2m=[0m[::]:0 [3mlocal[0m[2m=[0m[::]:47606 [3mdual_stack[0m[2m=[0mtrue
relay-1        | V1004 01:32:11.003050     8 MoQServer.cpp:334] MoQServer WebTransport: supported protocols: moqt-18, moqt-16, moqt-15, moq-00
relay-1        | V1004 01:32:11.003074     8 MoQServer.cpp:344] WebTransport: Negotiated protocol: moqt-18
relay-1        | V1004 01:32:11.003298     8 MoQSession.cpp:2701] start sess=0x7fdc8c079eb0
relay-1        | V1004 01:32:11.003324     8 MoQSession.cpp:3045] sendSetup sess=0x7fdc8c079eb0
relay-1        | V1004 01:32:11.003507     8 MoQSession.cpp:3001] controlWriteLoop sess=0x7fdc8c079eb0
relay-1        | V1004 01:32:11.003533     8 MoQSession.cpp:6889] onNewUniStream sess=0x7fdc8c079eb0
relay-1        | V1004 01:32:11.003627     8 MoQSession.cpp:3410] controlReadLoop sess=0x7fdc8c079eb0
relay-1        | V1004 01:32:11.003645     8 MoQSession.cpp:3197] onClientSetup sess=0x7fdc8c079eb0
relay-1        | V1004 01:32:11.003650     8 MoQServerBase.cpp:88] MoQServerBase::ClientSetup
relay-1        | V1004 01:32:11.003653     8 MoQServerBase.cpp:93] MoQServerBase::ClientSetup: Using ALPN-negotiated version: moqt-18
relay-1        | V1004 01:32:11.003659     8 MoQSession.cpp:3275] Negotiated Version=0xff000012 (draft-18)
relay-1        | V1004 01:32:11.003808     8 MoQSession.cpp:6919] onNewBidiStream sess=0x7fdc8c079eb0
relay-1        | V1004 01:32:11.003847     8 MoQSession.cpp:3410] controlReadLoop sess=0x7fdc8c079eb0
relay-1        | V1004 01:32:11.003858     8 MoQSession.cpp:4994] onPublishImpl reqID=0 sess=0x7fdc8c079eb0
relay-1        | V1004 01:32:11.003872     8 MoQRelay.cpp:422] publish ftn=moq-test-00/2/0/0/2/6/6/64/32/2/1/1/1/-1/-1/0/moq-test-09a9a392c6d469db
relay-1        | E1004 01:32:11.003881     8 MoQRelay.cpp:82] prefix not found in tree
relay-1        | V1004 01:32:11.003898     8 MoQSession.cpp:6110] publishOk reqID=0 sess=0x7fdc8c079eb0
relay-1        | V1004 01:32:11.004017     8 MoQLocation.h:24] m=AbsoluteStart g=0 o=0
relay-1        | V1004 01:32:11.004033     8 MoQLocation.h:59] g=0 o=0 g=4611686018427387903 o=4611686018427387903
relay-1        | I1004 01:32:11.004041     8 MoQRelay.cpp:1975] Updating forward for moq-test-00/2/0/0/2/6/6/64/32/2/1/1/1/-1/-1/0/moq-test-09a9a392c6d469db numForwardingSubs=1
relay-1        | V1004 01:32:11.004052     8 MoQSession.cpp:6292] sendSubscribeOk sess=0x7fdc8c062d40
relay-1        | V1004 01:32:11.004113     8 MoQSession.cpp:6606] requestUpdate sess=0x7fdc8c079eb0
test-client-1  | [2m2026-10-04T01:32:11.004316Z[0m [33m WARN[0m [2mmoq_transport::session[0m[2m:[0m unexpected bidi response message type [3mmsg_type[0m[2m=[0m2
test-client-1  | [2m2026-10-04T01:32:11.004333Z[0m [33m WARN[0m [2mmoq_transport::serve::error[0m[2m:[0m [d3ceaa6a-b310-4863-82e8-db1cec08a223] Not implemented: bidi response type 0x2 at moq-transport/src/session/error.rs:89
relay-1        | V1004 01:32:11.004552     8 MoQSession.cpp:3527] Failing pending request id=1 peer FINed without terminal reply sess=0x7fdc8c079eb0
test-client-1  | not ok 13 - moq-test-two-subgroups-eog
relay-1        | V1004 01:32:11.004595     8 MoQSession.cpp:3415] exit controlReadLoop sess=0x7fdc8c079eb0
test-client-1  |   ---
test-client-1  |   duration_ms: 208
test-client-1  |   message: "PUBLISH was rejected: cancelled"
test-client-1  |   ...
relay-1        | V1004 01:32:11.004622     8 MoQSession.cpp:3415] exit controlReadLoop sess=0x7fdc8c079eb0
relay-1        | E1004 01:32:11.004683     8 MoQRelay.cpp:36] requestUpdate failed: peer FINed without terminal reply
relay-1        | E20261004 01:32:11.004721     8 HQControlCodec.h:58] Unexpected control stream EOF
relay-1        | E20261004 01:32:11.004784     8 HQSession.cpp:3175] Got error on control stream error=HTTP: Critical stream was closed streamID=2 sess=proto=h3, UA=, client CID=ffcbf44b2d14b31a, server CID=4000000aec90754a, downstream=[::ffff:172.18.0.3]:47606, [::]:4443=local, drain=none
relay-1        | E1004 01:32:11.004836     8 MoQServer.h:234] proxygen::HTTPException: Got error=ApplicationError: 260, HTTP error on control stream
relay-1        | V1004 01:32:11.004843     8 MoQSession.cpp:7339] onSessionEnderr=4294967295 sess=0x7fdc8c079eb0
relay-1        | V1004 01:32:11.004847     8 MoQSession.cpp:2977] close sess=0x7fdc8c079eb0
relay-1        | V1004 01:32:11.004853     8 MoQSession.cpp:2203] subscribeError trackReceiveState=0x7fdc8c05f480
relay-1        | V1004 01:32:11.004856     8 MoQSession.cpp:2232] processPublishDone trackReceiveState=0x7fdc8c05f480
relay-1        | V1004 01:32:11.004861     8 MoQRelay.cpp:383] onPublishDoneImpl ftn=moq-test-00/2/0/0/2/6/6/64/32/2/1/1/1/-1/-1/0/moq-test-09a9a392c6d469db
relay-1        | V1004 01:32:11.004867     8 MoQRelay.cpp:303] Pruning empty subtree at: moq-test-00
relay-1        | V1004 01:32:11.004875     8 MoQForwarder.cpp:610] publishDone pubDone reason=closed locally
relay-1        | V1004 01:32:11.004902     8 MoQForwarder.cpp:308] drainSubscriber from publishDone session=93
relay-1        | V1004 01:32:11.004914     8 MoQSession.cpp:6405] sendPublishDone sess=0x7fdc8c062d40
relay-1        | V1004 01:32:11.004925     8 MoQSession.cpp:6576] publisherDrained id=0 sess=0x7fdc8c062d40
relay-1        | V1004 01:32:11.004934     8 MoQForwarder.cpp:372] Resetting open subgroups for subscriber=0x7fdc8c04cc70
relay-1        | V1004 01:32:11.004937     8 MoQForwarder.cpp:391] subscribers_.size()=0
relay-1        | I1004 01:32:11.004944     8 MoQRelay.cpp:1938] Publisher terminated for moq-test-00/2/0/0/2/6/6/64/32/2/1/1/1/-1/-1/0/moq-test-09a9a392c6d469db
relay-1        | V1004 01:32:11.004954     8 MoQSession.cpp:2187] cancel alias=0 requestID=0
relay-1        | V1004 01:32:11.004959     8 MoQSession.cpp:2655] requestCancellation from cleanup sess=0x7fdc8c079eb0
relay-1        | V1004 01:32:11.004970     8 MoQSession.cpp:2994] requestCancellation from close sess=0x7fdc8c079eb0
relay-1        | V1004 01:32:11.005126     8 MoQSession.cpp:3003] exit controlWriteLoop sess=0x7fdc8c079eb0
relay-1        | E20261004 01:32:11.005144     8 HQControlCodec.h:58] Unexpected control stream EOF
relay-1        | E20261004 01:32:11.005169     8 HQSession.cpp:3175] Got error on control stream error=HTTP: Critical stream was closed streamID=2 sess=proto=h3, UA=, client CID=01ce60e21fa34f88, server CID=400000116649e7cc, downstream=[::ffff:172.18.0.3]:38380, [::]:4443=local, drain=none
relay-1        | E1004 01:32:11.005213     8 MoQServer.h:234] proxygen::HTTPException: Got error=ApplicationError: 260, HTTP error on control stream
relay-1        | V1004 01:32:11.005227     8 MoQSession.cpp:7339] onSessionEnderr=4294967295 sess=0x7fdc8c062d40
relay-1        | V1004 01:32:11.005231     8 MoQSession.cpp:2977] close sess=0x7fdc8c062d40
relay-1        | V1004 01:32:11.005237     8 MoQSession.cpp:2655] requestCancellation from cleanup sess=0x7fdc8c062d40
relay-1        | V1004 01:32:11.005245     8 MoQSession.cpp:2994] requestCancellation from close sess=0x7fdc8c062d40
relay-1        | V1004 01:32:11.005314     8 MoQSession.cpp:3415] exit controlReadLoop sess=0x7fdc8c062d40
relay-1        | V1004 01:32:11.005330     8 MoQSession.cpp:3415] exit controlReadLoop sess=0x7fdc8c062d40
relay-1        | V1004 01:32:11.005365     8 MoQSession.cpp:3003] exit controlWriteLoop sess=0x7fdc8c062d40
test-client-1  | [2m2026-10-04T01:32:11.005439Z[0m [33m WARN[0m [2mweb_transport_quinn::session[0m[2m:[0m failed to read capsule [3me[0m[2m=[0mUnexpectedEnd
test-client-1  | [2m2026-10-04T01:32:11.005500Z[0m [33m WARN[0m [2mweb_transport_quinn::session[0m[2m:[0m failed to read capsule [3me[0m[2m=[0mUnexpectedEnd
test-client-1  | [2m2026-10-04T01:32:11.005682Z[0m [32m INFO[0m [2mmoq_native_ietf::quic[0m[2m:[0m UDP socket bound [3mbind[0m[2m=[0m[::]:0 [3mlocal[0m[2m=[0m[::]:59639 [3mdual_stack[0m[2m=[0mtrue
relay-1        | V1004 01:32:11.007244     8 MoQServer.cpp:334] MoQServer WebTransport: supported protocols: moqt-18, moqt-16, moqt-15, moq-00
relay-1        | V1004 01:32:11.007257     8 MoQServer.cpp:344] WebTransport: Negotiated protocol: moqt-18
relay-1        | V1004 01:32:11.007367     8 MoQSession.cpp:2701] start sess=0x7fdc8c086c60
relay-1        | V1004 01:32:11.007414     8 MoQSession.cpp:3045] sendSetup sess=0x7fdc8c086c60
relay-1        | V1004 01:32:11.007549     8 MoQSession.cpp:3001] controlWriteLoop sess=0x7fdc8c086c60
relay-1        | V1004 01:32:11.007788     8 MoQSession.cpp:6889] onNewUniStream sess=0x7fdc8c086c60
relay-1        | V1004 01:32:11.007851     8 MoQSession.cpp:3410] controlReadLoop sess=0x7fdc8c086c60
relay-1        | V1004 01:32:11.007864     8 MoQSession.cpp:3197] onClientSetup sess=0x7fdc8c086c60
relay-1        | V1004 01:32:11.007868     8 MoQServerBase.cpp:88] MoQServerBase::ClientSetup
relay-1        | V1004 01:32:11.007871     8 MoQServerBase.cpp:93] MoQServerBase::ClientSetup: Using ALPN-negotiated version: moqt-18
relay-1        | V1004 01:32:11.007877     8 MoQSession.cpp:3275] Negotiated Version=0xff000012 (draft-18)
relay-1        | V1004 01:32:11.007925     8 MoQSession.cpp:6919] onNewBidiStream sess=0x7fdc8c086c60
relay-1        | V1004 01:32:11.007984     8 MoQSession.cpp:3410] controlReadLoop sess=0x7fdc8c086c60
relay-1        | V1004 01:32:11.007998     8 MoQSession.cpp:4298] onSubscribeImpl ftn=moq-test-00/3/0/0/2/4/5/64/32/20/1/1/0/-1/-1/0/moq-test-1422cee711d20792 sess=0x7fdc8c086c60
relay-1        | V1004 01:32:11.015105     8 MoQSession.cpp:2600] ~MoQSession sess=0x7fdc8c062d40
relay-1        | V1004 01:32:11.015135     8 MoQSession.cpp:2600] ~MoQSession sess=0x7fdc8c079eb0
test-client-1  | [2m2026-10-04T01:32:11.209858Z[0m [32m INFO[0m [2mmoq_native_ietf::quic[0m[2m:[0m UDP socket bound [3mbind[0m[2m=[0m[::]:0 [3mlocal[0m[2m=[0m[::]:53889 [3mdual_stack[0m[2m=[0mtrue
relay-1        | V1004 01:32:11.211489     8 MoQServer.cpp:334] MoQServer WebTransport: supported protocols: moqt-18, moqt-16, moqt-15, moq-00
relay-1        | V1004 01:32:11.211512     8 MoQServer.cpp:344] WebTransport: Negotiated protocol: moqt-18
relay-1        | V1004 01:32:11.211611     8 MoQSession.cpp:2701] start sess=0x7fdc8c062d40
relay-1        | V1004 01:32:11.211637     8 MoQSession.cpp:3045] sendSetup sess=0x7fdc8c062d40
relay-1        | V1004 01:32:11.211739     8 MoQSession.cpp:3001] controlWriteLoop sess=0x7fdc8c062d40
relay-1        | V1004 01:32:11.211862     8 MoQSession.cpp:6889] onNewUniStream sess=0x7fdc8c062d40
relay-1        | V1004 01:32:11.211920     8 MoQSession.cpp:3410] controlReadLoop sess=0x7fdc8c062d40
relay-1        | V1004 01:32:11.211957     8 MoQSession.cpp:3197] onClientSetup sess=0x7fdc8c062d40
relay-1        | V1004 01:32:11.211987     8 MoQServerBase.cpp:88] MoQServerBase::ClientSetup
relay-1        | V1004 01:32:11.211998     8 MoQServerBase.cpp:93] MoQServerBase::ClientSetup: Using ALPN-negotiated version: moqt-18
relay-1        | V1004 01:32:11.212004     8 MoQSession.cpp:3275] Negotiated Version=0xff000012 (draft-18)
relay-1        | V1004 01:32:11.212050     8 MoQSession.cpp:6919] onNewBidiStream sess=0x7fdc8c062d40
relay-1        | V1004 01:32:11.212103     8 MoQSession.cpp:3410] controlReadLoop sess=0x7fdc8c062d40
relay-1        | V1004 01:32:11.212137     8 MoQSession.cpp:4994] onPublishImpl reqID=0 sess=0x7fdc8c062d40
relay-1        | V1004 01:32:11.212179     8 MoQRelay.cpp:422] publish ftn=moq-test-00/3/0/0/2/4/5/64/32/20/1/1/0/-1/-1/0/moq-test-1422cee711d20792
relay-1        | E1004 01:32:11.212210     8 MoQRelay.cpp:82] prefix not found in tree
relay-1        | V1004 01:32:11.212246     8 MoQSession.cpp:6110] publishOk reqID=0 sess=0x7fdc8c062d40
relay-1        | V1004 01:32:11.212367     8 MoQLocation.h:24] m=AbsoluteStart g=0 o=0
relay-1        | V1004 01:32:11.212379     8 MoQLocation.h:59] g=0 o=0 g=4611686018427387903 o=4611686018427387903
relay-1        | I1004 01:32:11.212385     8 MoQRelay.cpp:1975] Updating forward for moq-test-00/3/0/0/2/4/5/64/32/20/1/1/0/-1/-1/0/moq-test-1422cee711d20792 numForwardingSubs=1
relay-1        | V1004 01:32:11.212396     8 MoQSession.cpp:6292] sendSubscribeOk sess=0x7fdc8c086c60
relay-1        | V1004 01:32:11.212527     8 MoQSession.cpp:6606] requestUpdate sess=0x7fdc8c062d40
test-client-1  | [2m2026-10-04T01:32:11.212527Z[0m [32m INFO[0m [2mmoq_test_client::moqtest[0m[2m:[0m PUBLISH accepted and subscription bound; generating objects [3mobjects[0m[2m=[0m15 [3mstreams[0m[2m=[0m0
relay-1        | V1004 01:32:11.212784     8 MoQSession.cpp:5148] PublishDone id=0 code=2 reason=publish ended
relay-1        | V1004 01:32:11.212798     8 MoQSession.cpp:2232] processPublishDone trackReceiveState=0x7fdc8c086110
relay-1        | V1004 01:32:11.212804     8 MoQRelay.cpp:383] onPublishDoneImpl ftn=moq-test-00/3/0/0/2/4/5/64/32/20/1/1/0/-1/-1/0/moq-test-1422cee711d20792
relay-1        | V1004 01:32:11.212812     8 MoQRelay.cpp:303] Pruning empty subtree at: moq-test-00
relay-1        | V1004 01:32:11.212818     8 MoQForwarder.cpp:610] publishDone pubDone reason=publish ended
relay-1        | V1004 01:32:11.212822     8 MoQForwarder.cpp:308] drainSubscriber from publishDone session=103
relay-1        | V1004 01:32:11.212826     8 MoQSession.cpp:6405] sendPublishDone sess=0x7fdc8c086c60
relay-1        | V1004 01:32:11.212836     8 MoQSession.cpp:6576] publisherDrained id=0 sess=0x7fdc8c086c60
relay-1        | V1004 01:32:11.212847     8 MoQForwarder.cpp:372] Resetting open subgroups for subscriber=0x7fdc8c033690
relay-1        | V1004 01:32:11.212851     8 MoQForwarder.cpp:391] subscribers_.size()=0
relay-1        | I1004 01:32:11.212858     8 MoQRelay.cpp:1938] Publisher terminated for moq-test-00/3/0/0/2/4/5/64/32/20/1/1/0/-1/-1/0/moq-test-1422cee711d20792
relay-1        | V1004 01:32:11.212868     8 MoQSession.cpp:3527] Failing pending request id=1 peer FINed without terminal reply sess=0x7fdc8c062d40
relay-1        | V1004 01:32:11.212873     8 MoQSession.cpp:3415] exit controlReadLoop sess=0x7fdc8c062d40
relay-1        | E1004 01:32:11.213134     8 MoQRelay.cpp:36] requestUpdate failed: peer FINed without terminal reply
relay-1        | V1004 01:32:11.213163     8 MoQSession.cpp:3415] exit controlReadLoop sess=0x7fdc8c086c60
relay-1        | V1004 01:32:11.213171     8 MoQSession.cpp:3415] exit controlReadLoop sess=0x7fdc8c086c60
test-client-1  | not ok 14 - moq-test-datagram
test-client-1  |   ---
test-client-1  |   duration_ms: 228
test-client-1  |   message: "failed to write datagram: cancelled"
test-client-1  |   ...
relay-1        | E20261004 01:32:11.233619     8 HQControlCodec.h:58] Unexpected control stream EOF
relay-1        | E20261004 01:32:11.233724     8 HQSession.cpp:3175] Got error on control stream error=HTTP: Critical stream was closed streamID=2 sess=proto=h3, UA=, client CID=37b713b2955d1150, server CID=4000000d924b4f33, downstream=[::ffff:172.18.0.3]:53889, [::]:4443=local, drain=none
relay-1        | E20261004 01:32:11.233817     8 HQControlCodec.h:58] Unexpected control stream EOF
relay-1        | E20261004 01:32:11.233866     8 HQSession.cpp:3175] Got error on control stream error=HTTP: Critical stream was closed streamID=2 sess=proto=h3, UA=, client CID=19ef0a549e97f5a0, server CID=400000029f5c69dc, downstream=[::ffff:172.18.0.3]:59639, [::]:4443=local, drain=none
relay-1        | E1004 01:32:11.233946     8 MoQServer.h:234] proxygen::HTTPException: Got error=ApplicationError: 260, HTTP error on control stream
relay-1        | V1004 01:32:11.233987     8 MoQSession.cpp:7339] onSessionEnderr=4294967295 sess=0x7fdc8c062d40
relay-1        | V1004 01:32:11.233995     8 MoQSession.cpp:2977] close sess=0x7fdc8c062d40
relay-1        | V1004 01:32:11.234002     8 MoQSession.cpp:2655] requestCancellation from cleanup sess=0x7fdc8c062d40
relay-1        | V1004 01:32:11.234013     8 MoQSession.cpp:2994] requestCancellation from close sess=0x7fdc8c062d40
relay-1        | E1004 01:32:11.234093     8 MoQServer.h:234] proxygen::HTTPException: Got error=ApplicationError: 260, HTTP error on control stream
relay-1        | V1004 01:32:11.234099     8 MoQSession.cpp:7339] onSessionEnderr=4294967295 sess=0x7fdc8c086c60
test-client-1  | [2m2026-10-04T01:32:11.234309Z[0m [33m WARN[0m [2mweb_transport_quinn::session[0m[2m:[0m failed to read capsule [3me[0m[2m=[0mUnexpectedEnd
test-client-1  | [2m2026-10-04T01:32:11.234380Z[0m [33m WARN[0m [2mweb_transport_quinn::session[0m[2m:[0m failed to read capsule [3me[0m[2m=[0mUnexpectedEnd
relay-1        | V1004 01:32:11.234103     8 MoQSession.cpp:2977] close sess=0x7fdc8c086c60
relay-1        | V1004 01:32:11.234108     8 MoQSession.cpp:2655] requestCancellation from cleanup sess=0x7fdc8c086c60
relay-1        | V1004 01:32:11.234115     8 MoQSession.cpp:2994] requestCancellation from close sess=0x7fdc8c086c60
relay-1        | V1004 01:32:11.234167     8 MoQSession.cpp:3415] exit controlReadLoop sess=0x7fdc8c062d40
relay-1        | V1004 01:32:11.234193     8 MoQSession.cpp:3003] exit controlWriteLoop sess=0x7fdc8c062d40
relay-1        | V1004 01:32:11.234200     8 MoQSession.cpp:2600] ~MoQSession sess=0x7fdc8c062d40
relay-1        | V1004 01:32:11.234214     8 MoQSession.cpp:3003] exit controlWriteLoop sess=0x7fdc8c086c60
test-client-1  | [2m2026-10-04T01:32:11.234722Z[0m [32m INFO[0m [2mmoq_native_ietf::quic[0m[2m:[0m UDP socket bound [3mbind[0m[2m=[0m[::]:0 [3mlocal[0m[2m=[0m[::]:57447 [3mdual_stack[0m[2m=[0mtrue
relay-1        | V1004 01:32:11.236263     8 MoQServer.cpp:334] MoQServer WebTransport: supported protocols: moqt-18, moqt-16, moqt-15, moq-00
relay-1        | V1004 01:32:11.236277     8 MoQServer.cpp:344] WebTransport: Negotiated protocol: moqt-18
relay-1        | V1004 01:32:11.236377     8 MoQSession.cpp:2701] start sess=0x7fdc8c073050
relay-1        | V1004 01:32:11.236398     8 MoQSession.cpp:3045] sendSetup sess=0x7fdc8c073050
relay-1        | V1004 01:32:11.236597     8 MoQSession.cpp:3001] controlWriteLoop sess=0x7fdc8c073050
relay-1        | V1004 01:32:11.236620     8 MoQSession.cpp:6889] onNewUniStream sess=0x7fdc8c073050
relay-1        | V1004 01:32:11.236702     8 MoQSession.cpp:3410] controlReadLoop sess=0x7fdc8c073050
relay-1        | V1004 01:32:11.236742     8 MoQSession.cpp:3197] onClientSetup sess=0x7fdc8c073050
relay-1        | V1004 01:32:11.236748     8 MoQServerBase.cpp:88] MoQServerBase::ClientSetup
relay-1        | V1004 01:32:11.236752     8 MoQServerBase.cpp:93] MoQServerBase::ClientSetup: Using ALPN-negotiated version: moqt-18
relay-1        | V1004 01:32:11.236758     8 MoQSession.cpp:3275] Negotiated Version=0xff000012 (draft-18)
relay-1        | V1004 01:32:11.237037     8 MoQSession.cpp:6919] onNewBidiStream sess=0x7fdc8c073050
relay-1        | V1004 01:32:11.237070     8 MoQSession.cpp:3410] controlReadLoop sess=0x7fdc8c073050
relay-1        | V1004 01:32:11.237081     8 MoQSession.cpp:4298] onSubscribeImpl ftn=moq-test-00/3/0/0/2/5/5/64/32/20/1/1/1/-1/-1/0/moq-test-837c84ac5802dc44 sess=0x7fdc8c073050
relay-1        | V1004 01:32:11.244214     8 MoQSession.cpp:2600] ~MoQSession sess=0x7fdc8c086c60
test-client-1  | [2m2026-10-04T01:32:11.439103Z[0m [32m INFO[0m [2mmoq_native_ietf::quic[0m[2m:[0m UDP socket bound [3mbind[0m[2m=[0m[::]:0 [3mlocal[0m[2m=[0m[::]:35136 [3mdual_stack[0m[2m=[0mtrue
relay-1        | V1004 01:32:11.442151     8 MoQServer.cpp:334] MoQServer WebTransport: supported protocols: moqt-18, moqt-16, moqt-15, moq-00
relay-1        | V1004 01:32:11.442168     8 MoQServer.cpp:344] WebTransport: Negotiated protocol: moqt-18
relay-1        | V1004 01:32:11.442264     8 MoQSession.cpp:2701] start sess=0x7fdc8c007620
relay-1        | V1004 01:32:11.442285     8 MoQSession.cpp:3045] sendSetup sess=0x7fdc8c007620
relay-1        | V1004 01:32:11.442409     8 MoQSession.cpp:3001] controlWriteLoop sess=0x7fdc8c007620
relay-1        | V1004 01:32:11.442655     8 MoQSession.cpp:6889] onNewUniStream sess=0x7fdc8c007620
relay-1        | V1004 01:32:11.442764     8 MoQSession.cpp:6919] onNewBidiStream sess=0x7fdc8c007620
relay-1        | V1004 01:32:11.442781     8 MoQSession.cpp:3410] controlReadLoop sess=0x7fdc8c007620
relay-1        | V1004 01:32:11.442787     8 MoQSession.cpp:3197] onClientSetup sess=0x7fdc8c007620
relay-1        | V1004 01:32:11.442791     8 MoQServerBase.cpp:88] MoQServerBase::ClientSetup
relay-1        | V1004 01:32:11.442795     8 MoQServerBase.cpp:93] MoQServerBase::ClientSetup: Using ALPN-negotiated version: moqt-18
relay-1        | V1004 01:32:11.442800     8 MoQSession.cpp:3275] Negotiated Version=0xff000012 (draft-18)
relay-1        | V1004 01:32:11.442819     8 MoQSession.cpp:3410] controlReadLoop sess=0x7fdc8c007620
relay-1        | V1004 01:32:11.442836     8 MoQSession.cpp:4994] onPublishImpl reqID=0 sess=0x7fdc8c007620
relay-1        | V1004 01:32:11.442849     8 MoQRelay.cpp:422] publish ftn=moq-test-00/3/0/0/2/5/5/64/32/20/1/1/1/-1/-1/0/moq-test-837c84ac5802dc44
relay-1        | E1004 01:32:11.442858     8 MoQRelay.cpp:82] prefix not found in tree
relay-1        | V1004 01:32:11.442878     8 MoQSession.cpp:6110] publishOk reqID=0 sess=0x7fdc8c007620
relay-1        | V1004 01:32:11.442968     8 MoQLocation.h:24] m=AbsoluteStart g=0 o=0
relay-1        | V1004 01:32:11.442985     8 MoQLocation.h:59] g=0 o=0 g=4611686018427387903 o=4611686018427387903
relay-1        | I1004 01:32:11.442992     8 MoQRelay.cpp:1975] Updating forward for moq-test-00/3/0/0/2/5/5/64/32/20/1/1/1/-1/-1/0/moq-test-837c84ac5802dc44 numForwardingSubs=1
relay-1        | V1004 01:32:11.443003     8 MoQSession.cpp:6292] sendSubscribeOk sess=0x7fdc8c073050
test-client-1  | [2m2026-10-04T01:32:11.443117Z[0m [32m INFO[0m [2mmoq_test_client::moqtest[0m[2m:[0m PUBLISH accepted and subscription bound; generating objects [3mobjects[0m[2m=[0m15 [3mstreams[0m[2m=[0m0
relay-1        | V1004 01:32:11.443069     8 MoQSession.cpp:6606] requestUpdate sess=0x7fdc8c007620
test-client-1  | [2m2026-10-04T01:32:11.443203Z[0m [33m WARN[0m [2mmoq_transport::session[0m[2m:[0m unexpected bidi response message type [3mmsg_type[0m[2m=[0m2
test-client-1  | [2m2026-10-04T01:32:11.443214Z[0m [33m WARN[0m [2mmoq_transport::serve::error[0m[2m:[0m [391b2e5e-682c-4303-a358-b8941af6be87] Not implemented: bidi response type 0x2 at moq-transport/src/session/error.rs:89
relay-1        | V1004 01:32:11.443432     8 MoQSession.cpp:3527] Failing pending request id=1 peer FINed without terminal reply sess=0x7fdc8c007620
relay-1        | V1004 01:32:11.443450     8 MoQSession.cpp:3415] exit controlReadLoop sess=0x7fdc8c007620
relay-1        | E1004 01:32:11.443461     8 MoQRelay.cpp:36] requestUpdate failed: peer FINed without terminal reply
test-client-1  | not ok 15 - moq-test-datagram-eog
test-client-1  |   ---
test-client-1  |   duration_ms: 230
test-client-1  |   message: "failed to write datagram: cancelled"
test-client-1  |   ...
relay-1        | E20261004 01:32:11.464015     8 HQControlCodec.h:58] Unexpected control stream EOF
relay-1        | E20261004 01:32:11.464120     8 HQSession.cpp:3175] Got error on control stream error=HTTP: Critical stream was closed streamID=2 sess=proto=h3, UA=, client CID=8e159c7d1846de11, server CID=4000001854b89892, downstream=[::ffff:172.18.0.3]:35136, [::]:4443=local, drain=none
relay-1        | E20261004 01:32:11.464226     8 HQControlCodec.h:58] Unexpected control stream EOF
relay-1        | E20261004 01:32:11.464280     8 HQSession.cpp:3175] Got error on control stream error=HTTP: Critical stream was closed streamID=2 sess=proto=h3, UA=, client CID=5c550bcf8682dbcf, server CID=4000000222f46ebb, downstream=[::ffff:172.18.0.3]:57447, [::]:4443=local, drain=none
relay-1        | E1004 01:32:11.464376     8 MoQServer.h:234] proxygen::HTTPException: Got error=ApplicationError: 260, HTTP error on control stream
relay-1        | V1004 01:32:11.464410     8 MoQSession.cpp:7339] onSessionEnderr=4294967295 sess=0x7fdc8c007620
relay-1        | V1004 01:32:11.464454     8 MoQSession.cpp:2977] close sess=0x7fdc8c007620
relay-1        | V1004 01:32:11.464484     8 MoQSession.cpp:2203] subscribeError trackReceiveState=0x7fdc8c05f480
relay-1        | V1004 01:32:11.464510     8 MoQSession.cpp:2232] processPublishDone trackReceiveState=0x7fdc8c05f480
relay-1        | V1004 01:32:11.464521     8 MoQRelay.cpp:383] onPublishDoneImpl ftn=moq-test-00/3/0/0/2/5/5/64/32/20/1/1/1/-1/-1/0/moq-test-837c84ac5802dc44
relay-1        | V1004 01:32:11.464530     8 MoQRelay.cpp:303] Pruning empty subtree at: moq-test-00
relay-1        | V1004 01:32:11.464539     8 MoQForwarder.cpp:610] publishDone pubDone reason=closed locally
relay-1        | V1004 01:32:11.464545     8 MoQForwarder.cpp:308] drainSubscriber from publishDone session=113
relay-1        | V1004 01:32:11.464550     8 MoQSession.cpp:6405] sendPublishDone sess=0x7fdc8c073050
relay-1        | V1004 01:32:11.464564     8 MoQSession.cpp:6576] publisherDrained id=0 sess=0x7fdc8c073050
relay-1        | V1004 01:32:11.464569     8 MoQForwarder.cpp:372] Resetting open subgroups for subscriber=0x7fdc8c080980
relay-1        | V1004 01:32:11.464573     8 MoQForwarder.cpp:391] subscribers_.size()=0
relay-1        | I1004 01:32:11.464581     8 MoQRelay.cpp:1938] Publisher terminated for moq-test-00/3/0/0/2/5/5/64/32/20/1/1/1/-1/-1/0/moq-test-837c84ac5802dc44
relay-1        | V1004 01:32:11.464589     8 MoQSession.cpp:2187] cancel alias=0 requestID=0
relay-1        | V1004 01:32:11.464595     8 MoQSession.cpp:2655] requestCancellation from cleanup sess=0x7fdc8c007620
relay-1        | V1004 01:32:11.464610     8 MoQSession.cpp:2994] requestCancellation from close sess=0x7fdc8c007620
relay-1        | E1004 01:32:11.464693     8 MoQServer.h:234] proxygen::HTTPException: Got error=ApplicationError: 260, HTTP error on control stream
relay-1        | V1004 01:32:11.464701     8 MoQSession.cpp:7339] onSessionEnderr=4294967295 sess=0x7fdc8c073050
relay-1        | V1004 01:32:11.464704     8 MoQSession.cpp:2977] close sess=0x7fdc8c073050
relay-1        | V1004 01:32:11.464709     8 MoQSession.cpp:2655] requestCancellation from cleanup sess=0x7fdc8c073050
relay-1        | V1004 01:32:11.464719     8 MoQSession.cpp:2994] requestCancellation from close sess=0x7fdc8c073050
relay-1        | V1004 01:32:11.464849     8 MoQSession.cpp:3415] exit controlReadLoop sess=0x7fdc8c007620
relay-1        | V1004 01:32:11.464864     8 MoQSession.cpp:3415] exit controlReadLoop sess=0x7fdc8c073050
relay-1        | V1004 01:32:11.464870     8 MoQSession.cpp:3415] exit controlReadLoop sess=0x7fdc8c073050
relay-1        | V1004 01:32:11.464930     8 MoQSession.cpp:3003] exit controlWriteLoop sess=0x7fdc8c007620
relay-1        | V1004 01:32:11.464958     8 MoQSession.cpp:2600] ~MoQSession sess=0x7fdc8c007620
test-client-1  | [2m2026-10-04T01:32:11.464724Z[0m [33m WARN[0m [2mweb_transport_quinn::session[0m[2m:[0m failed to read capsule [3me[0m[2m=[0mUnexpectedEnd
test-client-1  | [2m2026-10-04T01:32:11.464800Z[0m [33m WARN[0m [2mweb_transport_quinn::session[0m[2m:[0m failed to read capsule [3me[0m[2m=[0mUnexpectedEnd
relay-1        | V1004 01:32:11.464994     8 MoQSession.cpp:3003] exit controlWriteLoop sess=0x7fdc8c073050
test-client-1  | [2m2026-10-04T01:32:11.465179Z[0m [32m INFO[0m [2mmoq_native_ietf::quic[0m[2m:[0m UDP socket bound [3mbind[0m[2m=[0m[::]:0 [3mlocal[0m[2m=[0m[::]:36416 [3mdual_stack[0m[2m=[0mtrue
relay-1        | V1004 01:32:11.466771     8 MoQServer.cpp:334] MoQServer WebTransport: supported protocols: moqt-18, moqt-16, moqt-15, moq-00
relay-1        | V1004 01:32:11.466786     8 MoQServer.cpp:344] WebTransport: Negotiated protocol: moqt-18
relay-1        | V1004 01:32:11.466871     8 MoQSession.cpp:2701] start sess=0x7fdc8c0697d0
relay-1        | V1004 01:32:11.466890     8 MoQSession.cpp:3045] sendSetup sess=0x7fdc8c0697d0
relay-1        | V1004 01:32:11.466989     8 MoQSession.cpp:3001] controlWriteLoop sess=0x7fdc8c0697d0
relay-1        | V1004 01:32:11.467162     8 MoQSession.cpp:6889] onNewUniStream sess=0x7fdc8c0697d0
relay-1        | V1004 01:32:11.467193     8 MoQSession.cpp:3410] controlReadLoop sess=0x7fdc8c0697d0
relay-1        | V1004 01:32:11.467208     8 MoQSession.cpp:3197] onClientSetup sess=0x7fdc8c0697d0
relay-1        | V1004 01:32:11.467212     8 MoQServerBase.cpp:88] MoQServerBase::ClientSetup
relay-1        | V1004 01:32:11.467215     8 MoQServerBase.cpp:93] MoQServerBase::ClientSetup: Using ALPN-negotiated version: moqt-18
relay-1        | V1004 01:32:11.467218     8 MoQSession.cpp:3275] Negotiated Version=0xff000012 (draft-18)
relay-1        | V1004 01:32:11.467434     8 MoQSession.cpp:6919] onNewBidiStream sess=0x7fdc8c0697d0
relay-1        | V1004 01:32:11.467459     8 MoQSession.cpp:3410] controlReadLoop sess=0x7fdc8c0697d0
relay-1        | V1004 01:32:11.467468     8 MoQSession.cpp:4298] onSubscribeImpl ftn=moq-test-00/0/0/0/2/5/5/64/32/2/1/1/1/1/2/0/moq-test-1b0c63a9074c33fe sess=0x7fdc8c0697d0
relay-1        | V1004 01:32:11.470600     8 MoQSession.cpp:2600] ~MoQSession sess=0x7fdc8c073050
test-client-1  | [2m2026-10-04T01:32:11.668690Z[0m [32m INFO[0m [2mmoq_native_ietf::quic[0m[2m:[0m UDP socket bound [3mbind[0m[2m=[0m[::]:0 [3mlocal[0m[2m=[0m[::]:58062 [3mdual_stack[0m[2m=[0mtrue
relay-1        | V1004 01:32:11.670396     8 MoQServer.cpp:334] MoQServer WebTransport: supported protocols: moqt-18, moqt-16, moqt-15, moq-00
relay-1        | V1004 01:32:11.670410     8 MoQServer.cpp:344] WebTransport: Negotiated protocol: moqt-18
relay-1        | V1004 01:32:11.670495     8 MoQSession.cpp:2701] start sess=0x7fdc8c05b020
relay-1        | V1004 01:32:11.670516     8 MoQSession.cpp:3045] sendSetup sess=0x7fdc8c05b020
relay-1        | V1004 01:32:11.670612     8 MoQSession.cpp:3001] controlWriteLoop sess=0x7fdc8c05b020
relay-1        | V1004 01:32:11.670743     8 MoQSession.cpp:6889] onNewUniStream sess=0x7fdc8c05b020
relay-1        | V1004 01:32:11.670773     8 MoQSession.cpp:3410] controlReadLoop sess=0x7fdc8c05b020
relay-1        | V1004 01:32:11.670779     8 MoQSession.cpp:3197] onClientSetup sess=0x7fdc8c05b020
relay-1        | V1004 01:32:11.670783     8 MoQServerBase.cpp:88] MoQServerBase::ClientSetup
relay-1        | V1004 01:32:11.670787     8 MoQServerBase.cpp:93] MoQServerBase::ClientSetup: Using ALPN-negotiated version: moqt-18
relay-1        | V1004 01:32:11.670792     8 MoQSession.cpp:3275] Negotiated Version=0xff000012 (draft-18)
relay-1        | V1004 01:32:11.670952     8 MoQSession.cpp:6919] onNewBidiStream sess=0x7fdc8c05b020
relay-1        | V1004 01:32:11.671004     8 MoQSession.cpp:3410] controlReadLoop sess=0x7fdc8c05b020
relay-1        | V1004 01:32:11.671019     8 MoQSession.cpp:4994] onPublishImpl reqID=0 sess=0x7fdc8c05b020
relay-1        | V1004 01:32:11.671037     8 MoQRelay.cpp:422] publish ftn=moq-test-00/0/0/0/2/5/5/64/32/2/1/1/1/1/2/0/moq-test-1b0c63a9074c33fe
relay-1        | E1004 01:32:11.671045     8 MoQRelay.cpp:82] prefix not found in tree
relay-1        | V1004 01:32:11.671066     8 MoQSession.cpp:6110] publishOk reqID=0 sess=0x7fdc8c05b020
relay-1        | V1004 01:32:11.671156     8 MoQLocation.h:24] m=AbsoluteStart g=0 o=0
relay-1        | V1004 01:32:11.671169     8 MoQLocation.h:59] g=0 o=0 g=4611686018427387903 o=4611686018427387903
relay-1        | I1004 01:32:11.671176     8 MoQRelay.cpp:1975] Updating forward for moq-test-00/0/0/0/2/5/5/64/32/2/1/1/1/1/2/0/moq-test-1b0c63a9074c33fe numForwardingSubs=1
relay-1        | V1004 01:32:11.671186     8 MoQSession.cpp:6292] sendSubscribeOk sess=0x7fdc8c0697d0
relay-1        | V1004 01:32:11.671241     8 MoQSession.cpp:6606] requestUpdate sess=0x7fdc8c05b020
test-client-1  | [2m2026-10-04T01:32:11.671293Z[0m [32m INFO[0m [2mmoq_test_client::moqtest[0m[2m:[0m PUBLISH accepted and subscription bound; generating objects [3mobjects[0m[2m=[0m15 [3mstreams[0m[2m=[0m3
test-client-1  | [2m2026-10-04T01:32:11.671384Z[0m [33m WARN[0m [2mmoq_transport::session[0m[2m:[0m unexpected bidi response message type [3mmsg_type[0m[2m=[0m2
test-client-1  | [2m2026-10-04T01:32:11.671399Z[0m [33m WARN[0m [2mmoq_transport::serve::error[0m[2m:[0m [eb700c60-fbf7-42f1-9e1d-79c59ba5bf77] Not implemented: bidi response type 0x2 at moq-transport/src/session/error.rs:89
relay-1        | V1004 01:32:11.671522     8 MoQSession.cpp:3527] Failing pending request id=1 peer FINed without terminal reply sess=0x7fdc8c05b020
relay-1        | V1004 01:32:11.671532     8 MoQSession.cpp:3415] exit controlReadLoop sess=0x7fdc8c05b020
relay-1        | E1004 01:32:11.671581     8 MoQRelay.cpp:36] requestUpdate failed: peer FINed without terminal reply
test-client-1  | not ok 16 - moq-test-extensions
test-client-1  |   ---
test-client-1  |   duration_ms: 226
test-client-1  |   message: "failed to create subgroup: cancelled"
test-client-1  |   ...
relay-1        | E20261004 01:32:11.690505     8 HQControlCodec.h:58] Unexpected control stream EOF
relay-1        | E20261004 01:32:11.690559     8 HQSession.cpp:3175] Got error on control stream error=HTTP: Critical stream was closed streamID=2 sess=proto=h3, UA=, client CID=e6e4f265d8d7270d, server CID=4000001b932d2116, downstream=[::ffff:172.18.0.3]:58062, [::]:4443=local, drain=none
relay-1        | E1004 01:32:11.690627     8 MoQServer.h:234] proxygen::HTTPException: Got error=ApplicationError: 260, HTTP error on control stream
relay-1        | V1004 01:32:11.690636     8 MoQSession.cpp:7339] onSessionEnderr=4294967295 sess=0x7fdc8c05b020
relay-1        | V1004 01:32:11.690641     8 MoQSession.cpp:2977] close sess=0x7fdc8c05b020
relay-1        | V1004 01:32:11.690648     8 MoQSession.cpp:2203] subscribeError trackReceiveState=0x7fdc8c05c540
relay-1        | V1004 01:32:11.690653     8 MoQSession.cpp:2232] processPublishDone trackReceiveState=0x7fdc8c05c540
relay-1        | V1004 01:32:11.690658     8 MoQRelay.cpp:383] onPublishDoneImpl ftn=moq-test-00/0/0/0/2/5/5/64/32/2/1/1/1/1/2/0/moq-test-1b0c63a9074c33fe
relay-1        | V1004 01:32:11.690666     8 MoQRelay.cpp:303] Pruning empty subtree at: moq-test-00
relay-1        | V1004 01:32:11.690675     8 MoQForwarder.cpp:610] publishDone pubDone reason=closed locally
relay-1        | V1004 01:32:11.690691     8 MoQForwarder.cpp:308] drainSubscriber from publishDone session=123
relay-1        | V1004 01:32:11.690696     8 MoQSession.cpp:6405] sendPublishDone sess=0x7fdc8c0697d0
relay-1        | V1004 01:32:11.690708     8 MoQSession.cpp:6576] publisherDrained id=0 sess=0x7fdc8c0697d0
relay-1        | V1004 01:32:11.690713     8 MoQForwarder.cpp:372] Resetting open subgroups for subscriber=0x7fdc8c07b3c0
relay-1        | V1004 01:32:11.690718     8 MoQForwarder.cpp:391] subscribers_.size()=0
relay-1        | I1004 01:32:11.690726     8 MoQRelay.cpp:1938] Publisher terminated for moq-test-00/0/0/0/2/5/5/64/32/2/1/1/1/1/2/0/moq-test-1b0c63a9074c33fe
relay-1        | V1004 01:32:11.690733     8 MoQSession.cpp:2187] cancel alias=0 requestID=0
relay-1        | V1004 01:32:11.690739     8 MoQSession.cpp:2655] requestCancellation from cleanup sess=0x7fdc8c05b020
relay-1        | V1004 01:32:11.690751     8 MoQSession.cpp:2994] requestCancellation from close sess=0x7fdc8c05b020
relay-1        | V1004 01:32:11.690967     8 MoQSession.cpp:3415] exit controlReadLoop sess=0x7fdc8c05b020
test-client-1  | [2m2026-10-04T01:32:11.690872Z[0m [33m WARN[0m [2mweb_transport_quinn::session[0m[2m:[0m failed to read capsule [3me[0m[2m=[0mUnexpectedEnd
relay-1        | V1004 01:32:11.691048     8 MoQSession.cpp:3003] exit controlWriteLoop sess=0x7fdc8c05b020
relay-1        | E20261004 01:32:11.691087     8 HQControlCodec.h:58] Unexpected control stream EOF
relay-1        | E20261004 01:32:11.691118     8 HQSession.cpp:3175] Got error on control stream error=HTTP: Critical stream was closed streamID=2 sess=proto=h3, UA=, client CID=ad44a90afcc1b722, server CID=4000001d55b7d2d9, downstream=[::ffff:172.18.0.3]:36416, [::]:4443=local, drain=none
relay-1        | V1004 01:32:11.691150     8 MoQSession.cpp:2600] ~MoQSession sess=0x7fdc8c05b020
relay-1        | E1004 01:32:11.691175     8 MoQServer.h:234] proxygen::HTTPException: Got error=ApplicationError: 260, HTTP error on control stream
relay-1        | V1004 01:32:11.691180     8 MoQSession.cpp:7339] onSessionEnderr=4294967295 sess=0x7fdc8c0697d0
relay-1        | V1004 01:32:11.691184     8 MoQSession.cpp:2977] close sess=0x7fdc8c0697d0
relay-1        | V1004 01:32:11.691188     8 MoQSession.cpp:2655] requestCancellation from cleanup sess=0x7fdc8c0697d0
relay-1        | V1004 01:32:11.691197     8 MoQSession.cpp:2994] requestCancellation from close sess=0x7fdc8c0697d0
test-client-1  | [2m2026-10-04T01:32:11.691326Z[0m [33m WARN[0m [2mweb_transport_quinn::session[0m[2m:[0m failed to read capsule [3me[0m[2m=[0mUnexpectedEnd
relay-1        | V1004 01:32:11.691266     8 MoQSession.cpp:3415] exit controlReadLoop sess=0x7fdc8c0697d0
relay-1        | V1004 01:32:11.691302     8 MoQSession.cpp:3415] exit controlReadLoop sess=0x7fdc8c0697d0
relay-1        | V1004 01:32:11.691338     8 MoQSession.cpp:3003] exit controlWriteLoop sess=0x7fdc8c0697d0
test-client-1  | [2m2026-10-04T01:32:11.691528Z[0m [32m INFO[0m [2mmoq_native_ietf::quic[0m[2m:[0m UDP socket bound [3mbind[0m[2m=[0m[::]:0 [3mlocal[0m[2m=[0m[::]:58853 [3mdual_stack[0m[2m=[0mtrue
relay-1        | V1004 01:32:11.693111     8 MoQServer.cpp:334] MoQServer WebTransport: supported protocols: moqt-18, moqt-16, moqt-15, moq-00
relay-1        | V1004 01:32:11.693126     8 MoQServer.cpp:344] WebTransport: Negotiated protocol: moqt-18
relay-1        | V1004 01:32:11.693204     8 MoQSession.cpp:2701] start sess=0x7fdc8c08b050
relay-1        | V1004 01:32:11.693224     8 MoQSession.cpp:3045] sendSetup sess=0x7fdc8c08b050
relay-1        | V1004 01:32:11.693318     8 MoQSession.cpp:3001] controlWriteLoop sess=0x7fdc8c08b050
relay-1        | V1004 01:32:11.693507     8 MoQSession.cpp:6889] onNewUniStream sess=0x7fdc8c08b050
relay-1        | V1004 01:32:11.693568     8 MoQSession.cpp:3410] controlReadLoop sess=0x7fdc8c08b050
relay-1        | V1004 01:32:11.693580     8 MoQSession.cpp:3197] onClientSetup sess=0x7fdc8c08b050
relay-1        | V1004 01:32:11.693584     8 MoQServerBase.cpp:88] MoQServerBase::ClientSetup
relay-1        | V1004 01:32:11.693587     8 MoQServerBase.cpp:93] MoQServerBase::ClientSetup: Using ALPN-negotiated version: moqt-18
relay-1        | V1004 01:32:11.693593     8 MoQSession.cpp:3275] Negotiated Version=0xff000012 (draft-18)
relay-1        | V1004 01:32:11.693777     8 MoQSession.cpp:6919] onNewBidiStream sess=0x7fdc8c08b050
relay-1        | V1004 01:32:11.693809     8 MoQSession.cpp:3410] controlReadLoop sess=0x7fdc8c08b050
relay-1        | V1004 01:32:11.693837     8 MoQSession.cpp:4298] onSubscribeImpl ftn=moq-test-00/0/10/3/24/7/3/40/24/2/7/2/0/-1/-1/0/moq-test-35a38caa803ae1ec sess=0x7fdc8c08b050
relay-1        | V1004 01:32:11.700961     8 MoQSession.cpp:2600] ~MoQSession sess=0x7fdc8c0697d0
test-client-1  | [2m2026-10-04T01:32:11.895813Z[0m [32m INFO[0m [2mmoq_native_ietf::quic[0m[2m:[0m UDP socket bound [3mbind[0m[2m=[0m[::]:0 [3mlocal[0m[2m=[0m[::]:35667 [3mdual_stack[0m[2m=[0mtrue
relay-1        | V1004 01:32:11.898754     8 MoQServer.cpp:334] MoQServer WebTransport: supported protocols: moqt-18, moqt-16, moqt-15, moq-00
relay-1        | V1004 01:32:11.898776     8 MoQServer.cpp:344] WebTransport: Negotiated protocol: moqt-18
relay-1        | V1004 01:32:11.898873     8 MoQSession.cpp:2701] start sess=0x7fdc8c05e9c0
relay-1        | V1004 01:32:11.898896     8 MoQSession.cpp:3045] sendSetup sess=0x7fdc8c05e9c0
relay-1        | V1004 01:32:11.898951     8 MoQSession.cpp:3001] controlWriteLoop sess=0x7fdc8c05e9c0
relay-1        | V1004 01:32:11.899169     8 MoQSession.cpp:6889] onNewUniStream sess=0x7fdc8c05e9c0
relay-1        | V1004 01:32:11.899214     8 MoQSession.cpp:3410] controlReadLoop sess=0x7fdc8c05e9c0
relay-1        | V1004 01:32:11.899222     8 MoQSession.cpp:3197] onClientSetup sess=0x7fdc8c05e9c0
relay-1        | V1004 01:32:11.899226     8 MoQServerBase.cpp:88] MoQServerBase::ClientSetup
relay-1        | V1004 01:32:11.899230     8 MoQServerBase.cpp:93] MoQServerBase::ClientSetup: Using ALPN-negotiated version: moqt-18
relay-1        | V1004 01:32:11.899236     8 MoQSession.cpp:3275] Negotiated Version=0xff000012 (draft-18)
relay-1        | V1004 01:32:11.899278     8 MoQSession.cpp:6919] onNewBidiStream sess=0x7fdc8c05e9c0
relay-1        | V1004 01:32:11.899314     8 MoQSession.cpp:3410] controlReadLoop sess=0x7fdc8c05e9c0
relay-1        | V1004 01:32:11.899330     8 MoQSession.cpp:4994] onPublishImpl reqID=0 sess=0x7fdc8c05e9c0
relay-1        | V1004 01:32:11.899363     8 MoQRelay.cpp:422] publish ftn=moq-test-00/0/10/3/24/7/3/40/24/2/7/2/0/-1/-1/0/moq-test-35a38caa803ae1ec
relay-1        | E1004 01:32:11.899427     8 MoQRelay.cpp:82] prefix not found in tree
relay-1        | V1004 01:32:11.899521     8 MoQSession.cpp:6110] publishOk reqID=0 sess=0x7fdc8c05e9c0
relay-1        | V1004 01:32:11.899606     8 MoQLocation.h:24] m=AbsoluteStart g=0 o=0
relay-1        | V1004 01:32:11.899664     8 MoQLocation.h:59] g=0 o=0 g=4611686018427387903 o=4611686018427387903
relay-1        | I1004 01:32:11.899679     8 MoQRelay.cpp:1975] Updating forward for moq-test-00/0/10/3/24/7/3/40/24/2/7/2/0/-1/-1/0/moq-test-35a38caa803ae1ec numForwardingSubs=1
relay-1        | V1004 01:32:11.899690     8 MoQSession.cpp:6292] sendSubscribeOk sess=0x7fdc8c08b050
relay-1        | V1004 01:32:11.899815     8 MoQSession.cpp:6606] requestUpdate sess=0x7fdc8c05e9c0
test-client-1  | [2m2026-10-04T01:32:11.899959Z[0m [32m INFO[0m [2mmoq_test_client::moqtest[0m[2m:[0m PUBLISH accepted and subscription bound; generating objects [3mobjects[0m[2m=[0m9 [3mstreams[0m[2m=[0m3
test-client-1  | [2m2026-10-04T01:32:11.900020Z[0m [33m WARN[0m [2mmoq_transport::session[0m[2m:[0m unexpected bidi response message type [3mmsg_type[0m[2m=[0m2
test-client-1  | [2m2026-10-04T01:32:11.900098Z[0m [33m WARN[0m [2mmoq_transport::serve::error[0m[2m:[0m [c1939f22-7eff-4a03-be2c-8ae67f2c6759] Not implemented: bidi response type 0x2 at moq-transport/src/session/error.rs:89
relay-1        | V1004 01:32:11.900262     8 MoQSession.cpp:3527] Failing pending request id=1 peer FINed without terminal reply sess=0x7fdc8c05e9c0
relay-1        | V1004 01:32:11.900294     8 MoQSession.cpp:3415] exit controlReadLoop sess=0x7fdc8c05e9c0
relay-1        | E1004 01:32:11.900305     8 MoQRelay.cpp:36] requestUpdate failed: peer FINed without terminal reply
test-client-1  | not ok 17 - moq-test-increments
test-client-1  |   ---
test-client-1  |   duration_ms: 219
test-client-1  |   message: "failed to create subgroup: cancelled"
test-client-1  |   ...
relay-1        | E20261004 01:32:11.909730     8 HQControlCodec.h:58] Unexpected control stream EOF
relay-1        | E20261004 01:32:11.909778     8 HQSession.cpp:3175] Got error on control stream error=HTTP: Critical stream was closed streamID=2 sess=proto=h3, UA=, client CID=83877ddb7670297e, server CID=400000104c32e82d, downstream=[::ffff:172.18.0.3]:35667, [::]:4443=local, drain=none
relay-1        | E20261004 01:32:11.909814     8 HQControlCodec.h:58] Unexpected control stream EOF
relay-1        | E20261004 01:32:11.909840     8 HQSession.cpp:3175] Got error on control stream error=HTTP: Critical stream was closed streamID=2 sess=proto=h3, UA=, client CID=a236ac8d883b5ed7, server CID=4000000543432d44, downstream=[::ffff:172.18.0.3]:58853, [::]:4443=local, drain=none
relay-1        | E1004 01:32:11.909879     8 MoQServer.h:234] proxygen::HTTPException: Got error=ApplicationError: 260, HTTP error on control stream
relay-1        | V1004 01:32:11.909885     8 MoQSession.cpp:7339] onSessionEnderr=4294967295 sess=0x7fdc8c05e9c0
relay-1        | V1004 01:32:11.909889     8 MoQSession.cpp:2977] close sess=0x7fdc8c05e9c0
relay-1        | V1004 01:32:11.909895     8 MoQSession.cpp:2203] subscribeError trackReceiveState=0x7fdc8c0617c0
test-client-1  | [2m2026-10-04T01:32:11.910055Z[0m [33m WARN[0m [2mweb_transport_quinn::session[0m[2m:[0m failed to read capsule [3me[0m[2m=[0mUnexpectedEnd
relay-1        | V1004 01:32:11.909898     8 MoQSession.cpp:2232] processPublishDone trackReceiveState=0x7fdc8c0617c0
relay-1        | V1004 01:32:11.909902     8 MoQRelay.cpp:383] onPublishDoneImpl ftn=moq-test-00/0/10/3/24/7/3/40/24/2/7/2/0/-1/-1/0/moq-test-35a38caa803ae1ec
relay-1        | V1004 01:32:11.909909     8 MoQRelay.cpp:303] Pruning empty subtree at: moq-test-00
relay-1        | V1004 01:32:11.909916     8 MoQForwarder.cpp:610] publishDone pubDone reason=closed locally
relay-1        | V1004 01:32:11.909920     8 MoQForwarder.cpp:308] drainSubscriber from publishDone session=133
relay-1        | V1004 01:32:11.909923     8 MoQSession.cpp:6405] sendPublishDone sess=0x7fdc8c08b050
relay-1        | V1004 01:32:11.909932     8 MoQSession.cpp:6576] publisherDrained id=0 sess=0x7fdc8c08b050
relay-1        | V1004 01:32:11.909935     8 MoQForwarder.cpp:372] Resetting open subgroups for subscriber=0x7fdc8c091920
relay-1        | V1004 01:32:11.909938     8 MoQForwarder.cpp:391] subscribers_.size()=0
relay-1        | I1004 01:32:11.909944     8 MoQRelay.cpp:1938] Publisher terminated for moq-test-00/0/10/3/24/7/3/40/24/2/7/2/0/-1/-1/0/moq-test-35a38caa803ae1ec
relay-1        | V1004 01:32:11.909950     8 MoQSession.cpp:2187] cancel alias=0 requestID=0
relay-1        | V1004 01:32:11.909954     8 MoQSession.cpp:2655] requestCancellation from cleanup sess=0x7fdc8c05e9c0
test-client-1  | [2m2026-10-04T01:32:11.910408Z[0m [33m WARN[0m [2mweb_transport_quinn::session[0m[2m:[0m failed to read capsule [3me[0m[2m=[0mUnexpectedEnd
relay-1        | V1004 01:32:11.909963     8 MoQSession.cpp:2994] requestCancellation from close sess=0x7fdc8c05e9c0
relay-1        | E1004 01:32:11.910150     8 MoQServer.h:234] proxygen::HTTPException: Got error=ApplicationError: 260, HTTP error on control stream
relay-1        | V1004 01:32:11.910181     8 MoQSession.cpp:7339] onSessionEnderr=4294967295 sess=0x7fdc8c08b050
relay-1        | V1004 01:32:11.910185     8 MoQSession.cpp:2977] close sess=0x7fdc8c08b050
relay-1        | V1004 01:32:11.910218     8 MoQSession.cpp:2655] requestCancellation from cleanup sess=0x7fdc8c08b050
relay-1        | V1004 01:32:11.910290     8 MoQSession.cpp:2994] requestCancellation from close sess=0x7fdc8c08b050
relay-1        | V1004 01:32:11.910625     8 MoQSession.cpp:3415] exit controlReadLoop sess=0x7fdc8c05e9c0
relay-1        | V1004 01:32:11.910636     8 MoQSession.cpp:3415] exit controlReadLoop sess=0x7fdc8c08b050
relay-1        | V1004 01:32:11.910641     8 MoQSession.cpp:3415] exit controlReadLoop sess=0x7fdc8c08b050
relay-1        | V1004 01:32:11.910663     8 MoQSession.cpp:3003] exit controlWriteLoop sess=0x7fdc8c05e9c0
relay-1        | V1004 01:32:11.910669     8 MoQSession.cpp:2600] ~MoQSession sess=0x7fdc8c05e9c0
relay-1        | V1004 01:32:11.910682     8 MoQSession.cpp:3003] exit controlWriteLoop sess=0x7fdc8c08b050
test-client-1  | [2m2026-10-04T01:32:11.910715Z[0m [32m INFO[0m [2mmoq_native_ietf::quic[0m[2m:[0m UDP socket bound [3mbind[0m[2m=[0m[::]:0 [3mlocal[0m[2m=[0m[::]:48112 [3mdual_stack[0m[2m=[0mtrue
relay-1        | V1004 01:32:11.912327     8 MoQServer.cpp:334] MoQServer WebTransport: supported protocols: moqt-18, moqt-16, moqt-15, moq-00
relay-1        | V1004 01:32:11.912367     8 MoQServer.cpp:344] WebTransport: Negotiated protocol: moqt-18
relay-1        | V1004 01:32:11.912456     8 MoQSession.cpp:2701] start sess=0x7fdc8c050420
relay-1        | V1004 01:32:11.912501     8 MoQSession.cpp:3045] sendSetup sess=0x7fdc8c050420
relay-1        | V1004 01:32:11.912628     8 MoQSession.cpp:3001] controlWriteLoop sess=0x7fdc8c050420
relay-1        | V1004 01:32:11.912731     8 MoQSession.cpp:6889] onNewUniStream sess=0x7fdc8c050420
relay-1        | V1004 01:32:11.912814     8 MoQSession.cpp:3410] controlReadLoop sess=0x7fdc8c050420
relay-1        | V1004 01:32:11.912829     8 MoQSession.cpp:3197] onClientSetup sess=0x7fdc8c050420
relay-1        | V1004 01:32:11.912833     8 MoQServerBase.cpp:88] MoQServerBase::ClientSetup
relay-1        | V1004 01:32:11.912837     8 MoQServerBase.cpp:93] MoQServerBase::ClientSetup: Using ALPN-negotiated version: moqt-18
relay-1        | V1004 01:32:11.912842     8 MoQSession.cpp:3275] Negotiated Version=0xff000012 (draft-18)
relay-1        | V1004 01:32:11.912906     8 MoQSession.cpp:6919] onNewBidiStream sess=0x7fdc8c050420
relay-1        | V1004 01:32:11.912939     8 MoQSession.cpp:3410] controlReadLoop sess=0x7fdc8c050420
relay-1        | V1004 01:32:11.912955     8 MoQSession.cpp:4298] onSubscribeImpl ftn=moq-test-00/0/0/0/1/2/3/64/32/2/1/1/0/-1/-1/0/moq-test-25d8ad3eea9d9c93 sess=0x7fdc8c050420
relay-1        | V1004 01:32:11.918087     8 MoQSession.cpp:2600] ~MoQSession sess=0x7fdc8c08b050
test-client-1  | [2m2026-10-04T01:32:12.115125Z[0m [32m INFO[0m [2mmoq_native_ietf::quic[0m[2m:[0m UDP socket bound [3mbind[0m[2m=[0m[::]:0 [3mlocal[0m[2m=[0m[::]:34033 [3mdual_stack[0m[2m=[0mtrue
relay-1        | V1004 01:32:12.116675     8 MoQServer.cpp:334] MoQServer WebTransport: supported protocols: moqt-18, moqt-16, moqt-15, moq-00
relay-1        | V1004 01:32:12.116690     8 MoQServer.cpp:344] WebTransport: Negotiated protocol: moqt-18
relay-1        | V1004 01:32:12.116788     8 MoQSession.cpp:2701] start sess=0x7fdc8c087f40
relay-1        | V1004 01:32:12.116842     8 MoQSession.cpp:3045] sendSetup sess=0x7fdc8c087f40
relay-1        | V1004 01:32:12.116974     8 MoQSession.cpp:3001] controlWriteLoop sess=0x7fdc8c087f40
relay-1        | V1004 01:32:12.117117     8 MoQSession.cpp:6889] onNewUniStream sess=0x7fdc8c087f40
relay-1        | V1004 01:32:12.117204     8 MoQSession.cpp:3410] controlReadLoop sess=0x7fdc8c087f40
relay-1        | V1004 01:32:12.117246     8 MoQSession.cpp:3197] onClientSetup sess=0x7fdc8c087f40
relay-1        | V1004 01:32:12.117274     8 MoQServerBase.cpp:88] MoQServerBase::ClientSetup
relay-1        | V1004 01:32:12.117294     8 MoQServerBase.cpp:93] MoQServerBase::ClientSetup: Using ALPN-negotiated version: moqt-18
relay-1        | V1004 01:32:12.117317     8 MoQSession.cpp:3275] Negotiated Version=0xff000012 (draft-18)
relay-1        | V1004 01:32:12.117421     8 MoQSession.cpp:6919] onNewBidiStream sess=0x7fdc8c087f40
relay-1        | V1004 01:32:12.117488     8 MoQSession.cpp:3410] controlReadLoop sess=0x7fdc8c087f40
relay-1        | V1004 01:32:12.117522     8 MoQSession.cpp:4994] onPublishImpl reqID=0 sess=0x7fdc8c087f40
relay-1        | V1004 01:32:12.117558     8 MoQRelay.cpp:422] publish ftn=moq-test-00/0/0/0/1/2/3/64/32/2/1/1/0/-1/-1/0/moq-test-25d8ad3eea9d9c93
relay-1        | E1004 01:32:12.117597     8 MoQRelay.cpp:82] prefix not found in tree
relay-1        | V1004 01:32:12.117618     8 MoQSession.cpp:6110] publishOk reqID=0 sess=0x7fdc8c087f40
relay-1        | V1004 01:32:12.117722     8 MoQLocation.h:24] m=AbsoluteStart g=0 o=0
relay-1        | V1004 01:32:12.117765     8 MoQLocation.h:59] g=0 o=0 g=4611686018427387903 o=4611686018427387903
relay-1        | V1004 01:32:12.117781     8 MoQSession.cpp:6292] sendSubscribeOk sess=0x7fdc8c050420
test-client-1  | [2m2026-10-04T01:32:12.117919Z[0m [32m INFO[0m [2mmoq_test_client::moqtest[0m[2m:[0m PUBLISH accepted and subscription bound; generating objects [3mobjects[0m[2m=[0m6 [3mstreams[0m[2m=[0m2
relay-1        | V1004 01:32:12.118094     8 MoQSession.cpp:5148] PublishDone id=0 code=2 reason=publish ended
relay-1        | V1004 01:32:12.118110     8 MoQSession.cpp:2232] processPublishDone trackReceiveState=0x7fdc8c05c540
relay-1        | V1004 01:32:12.118115     8 MoQRelay.cpp:383] onPublishDoneImpl ftn=moq-test-00/0/0/0/1/2/3/64/32/2/1/1/0/-1/-1/0/moq-test-25d8ad3eea9d9c93
relay-1        | V1004 01:32:12.118123     8 MoQRelay.cpp:303] Pruning empty subtree at: moq-test-00
relay-1        | V1004 01:32:12.118131     8 MoQForwarder.cpp:610] publishDone pubDone reason=publish ended
relay-1        | V1004 01:32:12.118136     8 MoQForwarder.cpp:308] drainSubscriber from publishDone session=143
relay-1        | V1004 01:32:12.118140     8 MoQSession.cpp:6405] sendPublishDone sess=0x7fdc8c050420
relay-1        | V1004 01:32:12.118151     8 MoQSession.cpp:6576] publisherDrained id=0 sess=0x7fdc8c050420
relay-1        | V1004 01:32:12.118155     8 MoQForwarder.cpp:372] Resetting open subgroups for subscriber=0x7fdc8c034ab0
relay-1        | V1004 01:32:12.118158     8 MoQForwarder.cpp:391] subscribers_.size()=0
relay-1        | I1004 01:32:12.118164     8 MoQRelay.cpp:1938] Publisher terminated for moq-test-00/0/0/0/1/2/3/64/32/2/1/1/0/-1/-1/0/moq-test-25d8ad3eea9d9c93
relay-1        | V1004 01:32:12.118173     8 MoQSession.cpp:3415] exit controlReadLoop sess=0x7fdc8c087f40
relay-1        | V1004 01:32:12.118470     8 MoQSession.cpp:3415] exit controlReadLoop sess=0x7fdc8c050420
relay-1        | V1004 01:32:12.118488     8 MoQSession.cpp:3415] exit controlReadLoop sess=0x7fdc8c050420
test-client-1  | not ok 18 - moq-test-forward-zero
test-client-1  |   ---
test-client-1  |   duration_ms: 217
test-client-1  |   message: "failed to create subgroup: cancelled"
test-client-1  |   ...
relay-1        | E20261004 01:32:12.126893     8 HQControlCodec.h:58] Unexpected control stream EOF
relay-1        | E20261004 01:32:12.126979     8 HQSession.cpp:3175] Got error on control stream error=HTTP: Critical stream was closed streamID=2 sess=proto=h3, UA=, client CID=4535fc4047bd592a, server CID=4000000622e99a2d, downstream=[::ffff:172.18.0.3]:34033, [::]:4443=local, drain=none
relay-1        | E20261004 01:32:12.127043     8 HQControlCodec.h:58] Unexpected control stream EOF
relay-1        | E20261004 01:32:12.127102     8 HQSession.cpp:3175] Got error on control stream error=HTTP: Critical stream was closed streamID=2 sess=proto=h3, UA=, client CID=ef4349d491ed3223, server CID=4000000689f671fd, downstream=[::ffff:172.18.0.3]:48112, [::]:4443=local, drain=none
relay-1        | E1004 01:32:12.127173     8 MoQServer.h:234] proxygen::HTTPException: Got error=ApplicationError: 260, HTTP error on control stream
relay-1        | V1004 01:32:12.127187     8 MoQSession.cpp:7339] onSessionEnderr=4294967295 sess=0x7fdc8c087f40
relay-1        | V1004 01:32:12.127191     8 MoQSession.cpp:2977] close sess=0x7fdc8c087f40
relay-1        | V1004 01:32:12.127197     8 MoQSession.cpp:2655] requestCancellation from cleanup sess=0x7fdc8c087f40
relay-1        | V1004 01:32:12.127208     8 MoQSession.cpp:2994] requestCancellation from close sess=0x7fdc8c087f40
relay-1        | E1004 01:32:12.127315     8 MoQServer.h:234] proxygen::HTTPException: Got error=ApplicationError: 260, HTTP error on control stream
relay-1        | V1004 01:32:12.127331     8 MoQSession.cpp:7339] onSessionEnderr=4294967295 sess=0x7fdc8c050420
relay-1        | V1004 01:32:12.127336     8 MoQSession.cpp:2977] close sess=0x7fdc8c050420
relay-1        | V1004 01:32:12.127341     8 MoQSession.cpp:2655] requestCancellation from cleanup sess=0x7fdc8c050420
relay-1        | V1004 01:32:12.127350     8 MoQSession.cpp:2994] requestCancellation from close sess=0x7fdc8c050420
relay-1        | V1004 01:32:12.127447     8 MoQSession.cpp:3415] exit controlReadLoop sess=0x7fdc8c087f40
relay-1        | V1004 01:32:12.127480     8 MoQSession.cpp:3003] exit controlWriteLoop sess=0x7fdc8c087f40
relay-1        | V1004 01:32:12.127490     8 MoQSession.cpp:3003] exit controlWriteLoop sess=0x7fdc8c050420
relay-1        | V1004 01:32:12.127515     8 MoQSession.cpp:2600] ~MoQSession sess=0x7fdc8c050420
relay-1        | V1004 01:32:12.135628     8 MoQSession.cpp:2600] ~MoQSession sess=0x7fdc8c087f40
[Ktest-client-1 exited with code 1
Aborting on container exit...
 Container main-test-client-1  Stopping
 Container main-test-client-1  Stopped
 Container main-relay-1  Stopping
 Container main-relay-1  Stopped

make[1]: *** [Makefile:86: test] Error 1
make[1]: Leaving directory '/home/runner/work/moq-interop-runner/moq-interop-runner/main'
