make[1]: Entering directory '/home/runner/work/moq-interop-runner/moq-interop-runner/main'
rm -rf mlog/
mkdir -p mlog/relay mlog/client
Running interop tests...
  Relay:  moxygen-interop:latest
  Client: ghcr.io/englishm/moq-interop-runner-moq-test-client-draft-18:latest
  URL:    https://relay:4443
time="2026-09-14T00:55:31Z" level=warning msg="The \"PORT\" variable is not set. Defaulting to a blank string."
time="2026-09-14T00:55:31Z" level=warning msg="The \"PORT\" variable is not set. Defaulting to a blank string."
time="2026-09-14T00:55:31Z" level=warning msg="The \"PORT\" variable is not set. Defaulting to a blank string."
time="2026-09-14T00:55:31Z" level=warning msg="The \"HEX\" variable is not set. Defaulting to a blank string."
time="2026-09-14T00:55:31Z" level=warning msg="The \"HEX\" variable is not set. Defaulting to a blank string."
 Container main-relay-1  Recreate
 Container main-relay-1  Recreated
Attaching to relay-1, test-client-1
relay-1        | V0914 00:55:32.069631     7 MoQServer.cpp:121] MoQServer: Registering ALPN handlers: moqt-18, moqt-16, moqt-15, moq-00
relay-1        | W0914 00:55:32.070796     7 MoQServer.cpp:166] UDP send buffer for fd 15 is 425984 bytes (expected 2097152)
test-client-1  | TAP version 14
test-client-1  | # moq-test-client v0.1.12
test-client-1  | # Relay: https://relay:4443/
test-client-1  | 1..18
test-client-1  | [2m2026-09-14T00:55:37.680244Z[0m [32m INFO[0m [2mmoq_native_ietf::quic[0m[2m:[0m UDP socket bound [3mbind[0m[2m=[0m[::]:0 [3mlocal[0m[2m=[0m[::]:52114 [3mdual_stack[0m[2m=[0mtrue
relay-1        | V0914 00:55:37.683839     8 MoQServer.cpp:325] MoQServer WebTransport: supported protocols: moqt-18, moqt-16, moqt-15, moq-00
relay-1        | V0914 00:55:37.683862     8 MoQServer.cpp:335] WebTransport: Negotiated protocol: moqt-18
test-client-1  | [2m2026-09-14T00:55:37.684392Z[0m [32m INFO[0m [2mmoq_test_client::scenarios[0m[2m:[0m SETUP exchange completed successfully
test-client-1  | ok 1 - setup-only
test-client-1  |   ---
test-client-1  |   duration_ms: 5
test-client-1  |   connection_id: 2a2fbdf80b3336e0555c0ee98d34bb12
test-client-1  |   ...
relay-1        | V0914 00:55:37.684077     8 MoQSession.cpp:2648] start sess=0x7f26800535c0
relay-1        | V0914 00:55:37.684097     8 MoQSession.cpp:2991] sendSetup sess=0x7f26800535c0
relay-1        | V0914 00:55:37.684192     8 MoQSession.cpp:2947] controlWriteLoop sess=0x7f26800535c0
relay-1        | V0914 00:55:37.684309     8 MoQSession.cpp:6787] onNewUniStream sess=0x7f26800535c0
relay-1        | V0914 00:55:37.684379     8 MoQSession.cpp:3346] controlReadLoop sess=0x7f26800535c0
relay-1        | V0914 00:55:37.684395     8 MoQSession.cpp:3135] onClientSetup sess=0x7f26800535c0
relay-1        | V0914 00:55:37.684399     8 MoQServerBase.cpp:88] MoQServerBase::ClientSetup
relay-1        | V0914 00:55:37.684402     8 MoQServerBase.cpp:93] MoQServerBase::ClientSetup: Using ALPN-negotiated version: moqt-18
relay-1        | V0914 00:55:37.684406     8 MoQSession.cpp:3211] Negotiated Version=0xff000012 (draft-18)
relay-1        | E20260914 00:55:37.684559     8 HQControlCodec.h:58] Unexpected control stream EOF
relay-1        | E20260914 00:55:37.684780     8 HQSession.cpp:3158] Got error on control stream error=HTTP: Critical stream was closed streamID=2 sess=proto=h3, UA=, client CID=546f621f4bb5e9fa, server CID=40000006c7571072, downstream=[::ffff:172.18.0.3]:52114, [::]:4443=local, drain=none
relay-1        | E0914 00:55:37.684849     8 MoQServer.h:192] proxygen::HTTPException: Got error=ApplicationError: 260, HTTP error on control stream
relay-1        | V0914 00:55:37.684861     8 MoQSession.cpp:7213] onSessionEnderr=4294967295 sess=0x7f26800535c0
relay-1        | V0914 00:55:37.684865     8 MoQSession.cpp:2923] close sess=0x7f26800535c0
relay-1        | V0914 00:55:37.684897     8 MoQSession.cpp:2602] requestCancellation from cleanup sess=0x7f26800535c0
relay-1        | V0914 00:55:37.684926     8 MoQSession.cpp:2940] requestCancellation from close sess=0x7f26800535c0
relay-1        | V0914 00:55:37.685001     8 MoQSession.cpp:3348] exit controlReadLoop sess=0x7f26800535c0
relay-1        | V0914 00:55:37.685076     8 MoQSession.cpp:2949] exit controlWriteLoop sess=0x7f26800535c0
relay-1        | V0914 00:55:37.685088     8 MoQSession.cpp:2540] ~MoQSession sess=0x7f26800535c0
test-client-1  | [2m2026-09-14T00:55:37.685275Z[0m [33m WARN[0m [2mweb_transport_quinn::session[0m[2m:[0m failed to read capsule [3me[0m[2m=[0mUnexpectedEnd
test-client-1  | [2m2026-09-14T00:55:37.685835Z[0m [32m INFO[0m [2mmoq_native_ietf::quic[0m[2m:[0m UDP socket bound [3mbind[0m[2m=[0m[::]:0 [3mlocal[0m[2m=[0m[::]:57202 [3mdual_stack[0m[2m=[0mtrue
relay-1        | V0914 00:55:37.687794     8 MoQServer.cpp:325] MoQServer WebTransport: supported protocols: moqt-18, moqt-16, moqt-15, moq-00
relay-1        | V0914 00:55:37.687810     8 MoQServer.cpp:335] WebTransport: Negotiated protocol: moqt-18
relay-1        | V0914 00:55:37.687989     8 MoQSession.cpp:2648] start sess=0x7f268006b5a0
relay-1        | V0914 00:55:37.688016     8 MoQSession.cpp:2991] sendSetup sess=0x7f268006b5a0
relay-1        | V0914 00:55:37.688073     8 MoQSession.cpp:2947] controlWriteLoop sess=0x7f268006b5a0
relay-1        | V0914 00:55:37.688246     8 MoQSession.cpp:6787] onNewUniStream sess=0x7f268006b5a0
relay-1        | V0914 00:55:37.688277     8 MoQSession.cpp:3346] controlReadLoop sess=0x7f268006b5a0
relay-1        | V0914 00:55:37.688287     8 MoQSession.cpp:3135] onClientSetup sess=0x7f268006b5a0
relay-1        | V0914 00:55:37.688290     8 MoQServerBase.cpp:88] MoQServerBase::ClientSetup
relay-1        | V0914 00:55:37.688294     8 MoQServerBase.cpp:93] MoQServerBase::ClientSetup: Using ALPN-negotiated version: moqt-18
relay-1        | V0914 00:55:37.688299     8 MoQSession.cpp:3211] Negotiated Version=0xff000012 (draft-18)
test-client-1  | [2m2026-09-14T00:55:37.688213Z[0m [32m INFO[0m [2mmoq_test_client::scenarios[0m[2m:[0m Sending PUBLISH_NAMESPACE for: moq-test/interop
relay-1        | V0914 00:55:37.688421     8 MoQSession.cpp:6815] onNewBidiStream sess=0x7f268006b5a0
relay-1        | V0914 00:55:37.688472     8 MoQSession.cpp:3346] controlReadLoop sess=0x7f268006b5a0
relay-1        | V0914 00:55:37.688484     8 MoQRelaySession.cpp:1142] onPublishNamespaceImpl ns=moq-test/interop sess=0x7f268006b5a0
relay-1        | V0914 00:55:37.688498     8 MoQRelay.cpp:134] publishNamespace ns=moq-test/interop
relay-1        | V0914 00:55:37.688506     8 MoQRelaySession.cpp:1234] publishNamespaceOk reqID=0 sess=0x7f268006b5a0
test-client-1  | [2m2026-09-14T00:55:39.689590Z[0m [32m INFO[0m [2mmoq_test_client::scenarios[0m[2m:[0m PUBLISH_NAMESPACE succeeded (REQUEST_OK received, waiting for subscribers)
test-client-1  | ok 2 - publish-namespace-only
test-client-1  |   ---
test-client-1  |   duration_ms: 2005
test-client-1  |   connection_id: 91d1a052585bea0bd27a8d47199d7bfb
test-client-1  |   ...
relay-1        | E20260914 00:55:39.689750     8 HQControlCodec.h:58] Unexpected control stream EOF
relay-1        | E20260914 00:55:39.689828     8 HQSession.cpp:3158] Got error on control stream error=HTTP: Critical stream was closed streamID=2 sess=proto=h3, UA=, client CID=1baa819bc74f4419, server CID=400000175efc14e5, downstream=[::ffff:172.18.0.3]:57202, [::]:4443=local, drain=none
relay-1        | E0914 00:55:39.689918     8 MoQServer.h:192] proxygen::HTTPException: Got error=ApplicationError: 260, HTTP error on control stream
relay-1        | V0914 00:55:39.689934     8 MoQSession.cpp:7213] onSessionEnderr=4294967295 sess=0x7f268006b5a0
relay-1        | V0914 00:55:39.689939     8 MoQSession.cpp:2923] close sess=0x7f268006b5a0
relay-1        | V0914 00:55:39.689950     8 MoQRelay.cpp:310] publishNamespaceDone ns=moq-test/interop
relay-1        | V0914 00:55:39.689959     8 MoQRelay.cpp:303] Pruning empty subtree at: moq-test
relay-1        | V0914 00:55:39.689968     8 MoQSession.cpp:2602] requestCancellation from cleanup sess=0x7f268006b5a0
relay-1        | V0914 00:55:39.689989     8 BidiStreamControl.cpp:37] STOP_SENDING received on bidi stream id=4 code=386759528
relay-1        | V0914 00:55:39.689999     8 MoQSession.cpp:2940] requestCancellation from close sess=0x7f268006b5a0
relay-1        | V0914 00:55:39.690129     8 MoQSession.cpp:3348] exit controlReadLoop sess=0x7f268006b5a0
relay-1        | V0914 00:55:39.690157     8 MoQSession.cpp:3348] exit controlReadLoop sess=0x7f268006b5a0
relay-1        | V0914 00:55:39.690198     8 MoQSession.cpp:2949] exit controlWriteLoop sess=0x7f268006b5a0
test-client-1  | [2m2026-09-14T00:55:39.690316Z[0m [33m WARN[0m [2mweb_transport_quinn::session[0m[2m:[0m failed to read capsule [3me[0m[2m=[0mUnexpectedEnd
test-client-1  | [2m2026-09-14T00:55:39.690764Z[0m [32m INFO[0m [2mmoq_native_ietf::quic[0m[2m:[0m UDP socket bound [3mbind[0m[2m=[0m[::]:0 [3mlocal[0m[2m=[0m[::]:55679 [3mdual_stack[0m[2m=[0mtrue
relay-1        | V0914 00:55:39.692712     8 MoQServer.cpp:325] MoQServer WebTransport: supported protocols: moqt-18, moqt-16, moqt-15, moq-00
relay-1        | V0914 00:55:39.692729     8 MoQServer.cpp:335] WebTransport: Negotiated protocol: moqt-18
test-client-1  | [2m2026-09-14T00:55:39.693103Z[0m [32m INFO[0m [2mmoq_test_client::scenarios[0m[2m:[0m Subscribing to non-existent track: nonexistent/namespace/test-track
relay-1        | V0914 00:55:39.692840     8 MoQSession.cpp:2648] start sess=0x7f268006e150
relay-1        | V0914 00:55:39.692863     8 MoQSession.cpp:2991] sendSetup sess=0x7f268006e150
relay-1        | V0914 00:55:39.692972     8 MoQSession.cpp:2947] controlWriteLoop sess=0x7f268006e150
relay-1        | V0914 00:55:39.693106     8 MoQSession.cpp:6787] onNewUniStream sess=0x7f268006e150
relay-1        | V0914 00:55:39.693131     8 MoQSession.cpp:3346] controlReadLoop sess=0x7f268006e150
relay-1        | V0914 00:55:39.693141     8 MoQSession.cpp:3135] onClientSetup sess=0x7f268006e150
relay-1        | V0914 00:55:39.693145     8 MoQServerBase.cpp:88] MoQServerBase::ClientSetup
relay-1        | V0914 00:55:39.693149     8 MoQServerBase.cpp:93] MoQServerBase::ClientSetup: Using ALPN-negotiated version: moqt-18
relay-1        | V0914 00:55:39.693154     8 MoQSession.cpp:3211] Negotiated Version=0xff000012 (draft-18)
relay-1        | V0914 00:55:39.693256     8 MoQSession.cpp:6815] onNewBidiStream sess=0x7f268006e150
relay-1        | V0914 00:55:39.693307     8 MoQSession.cpp:3346] controlReadLoop sess=0x7f268006e150
relay-1        | V0914 00:55:39.693344     8 MoQSession.cpp:4242] onSubscribeImpl ftn=nonexistent/namespace/test-track sess=0x7f268006e150
relay-1        | V0914 00:55:39.693409     8 MoQSession.cpp:4379] Application subscribe error err=no such namespace or track
relay-1        | V0914 00:55:39.693433     8 MoQSession.cpp:6209] subscribeError sess=0x7f268006e150
relay-1        | V0914 00:55:39.693461     8 MoQSession.cpp:6474] publisherDrained id=0 sess=0x7f268006e150
test-client-1  | [2m2026-09-14T00:55:39.693604Z[0m [33m WARN[0m [2mmoq_transport::serve::error[0m[2m:[0m [d28cd32a-6aa8-4609-bde5-82598cc61108] Not found: no such namespace or track at moq-transport/src/session/subscriber.rs:1653
test-client-1  | [2m2026-09-14T00:55:39.693758Z[0m [32m INFO[0m [2mmoq_test_client::scenarios[0m[2m:[0m Got expected 'not found' error: not found: Track not found [error:d28cd32a-6aa8-4609-bde5-82598cc61108]
test-client-1  | ok 3 - subscribe-error
test-client-1  |   ---
test-client-1  |   duration_ms: 4
relay-1        | V0914 00:55:39.693796     8 MoQSession.cpp:3348] exit controlReadLoop sess=0x7f268006e150
test-client-1  |   connection_id: 02e86ca2e5f3e9efa8f2b84c108173ca
test-client-1  |   ...
relay-1        | E20260914 00:55:39.693907     8 HQControlCodec.h:58] Unexpected control stream EOF
relay-1        | E20260914 00:55:39.693980     8 HQSession.cpp:3158] Got error on control stream error=HTTP: Critical stream was closed streamID=2 sess=proto=h3, UA=, client CID=56d317e446783525, server CID=40000009baedd833, downstream=[::ffff:172.18.0.3]:55679, [::]:4443=local, drain=none
relay-1        | E0914 00:55:39.694052     8 MoQServer.h:192] proxygen::HTTPException: Got error=ApplicationError: 260, HTTP error on control stream
relay-1        | V0914 00:55:39.694092     8 MoQSession.cpp:7213] onSessionEnderr=4294967295 sess=0x7f268006e150
relay-1        | V0914 00:55:39.694102     8 MoQSession.cpp:2923] close sess=0x7f268006e150
relay-1        | V0914 00:55:39.694108     8 MoQSession.cpp:2602] requestCancellation from cleanup sess=0x7f268006e150
relay-1        | V0914 00:55:39.694118     8 MoQSession.cpp:2940] requestCancellation from close sess=0x7f268006e150
relay-1        | V0914 00:55:39.694181     8 MoQSession.cpp:3348] exit controlReadLoop sess=0x7f268006e150
relay-1        | V0914 00:55:39.694205     8 MoQSession.cpp:2949] exit controlWriteLoop sess=0x7f268006e150
test-client-1  | [2m2026-09-14T00:55:39.694270Z[0m [33m WARN[0m [2mweb_transport_quinn::session[0m[2m:[0m failed to read capsule [3me[0m[2m=[0mUnexpectedEnd
test-client-1  | [2m2026-09-14T00:55:39.694748Z[0m [32m INFO[0m [2mmoq_native_ietf::quic[0m[2m:[0m UDP socket bound [3mbind[0m[2m=[0m[::]:0 [3mlocal[0m[2m=[0m[::]:54214 [3mdual_stack[0m[2m=[0mtrue
relay-1        | V0914 00:55:39.696446     8 MoQServer.cpp:325] MoQServer WebTransport: supported protocols: moqt-18, moqt-16, moqt-15, moq-00
relay-1        | V0914 00:55:39.696464     8 MoQServer.cpp:335] WebTransport: Negotiated protocol: moqt-18
relay-1        | V0914 00:55:39.696572     8 MoQSession.cpp:2648] start sess=0x7f268007b840
relay-1        | V0914 00:55:39.696590     8 MoQSession.cpp:2991] sendSetup sess=0x7f268007b840
relay-1        | V0914 00:55:39.696641     8 MoQSession.cpp:2947] controlWriteLoop sess=0x7f268007b840
relay-1        | V0914 00:55:39.696898     8 MoQSession.cpp:6787] onNewUniStream sess=0x7f268007b840
relay-1        | V0914 00:55:39.696927     8 MoQSession.cpp:3346] controlReadLoop sess=0x7f268007b840
relay-1        | V0914 00:55:39.696933     8 MoQSession.cpp:3135] onClientSetup sess=0x7f268007b840
relay-1        | V0914 00:55:39.696936     8 MoQServerBase.cpp:88] MoQServerBase::ClientSetup
relay-1        | V0914 00:55:39.696939     8 MoQServerBase.cpp:93] MoQServerBase::ClientSetup: Using ALPN-negotiated version: moqt-18
relay-1        | V0914 00:55:39.696944     8 MoQSession.cpp:3211] Negotiated Version=0xff000012 (draft-18)
test-client-1  | [2m2026-09-14T00:55:39.697693Z[0m [32m INFO[0m [2mmoq_native_ietf::quic[0m[2m:[0m UDP socket bound [3mbind[0m[2m=[0m[::]:0 [3mlocal[0m[2m=[0m[::]:49020 [3mdual_stack[0m[2m=[0mtrue
relay-1        | V0914 00:55:39.699326     8 MoQServer.cpp:325] MoQServer WebTransport: supported protocols: moqt-18, moqt-16, moqt-15, moq-00
relay-1        | V0914 00:55:39.699369     8 MoQServer.cpp:335] WebTransport: Negotiated protocol: moqt-18
relay-1        | V0914 00:55:39.699518     8 MoQSession.cpp:2540] ~MoQSession sess=0x7f268006b5a0
relay-1        | V0914 00:55:39.699538     8 MoQSession.cpp:2648] start sess=0x7f268008e3d0
relay-1        | V0914 00:55:39.699553     8 MoQSession.cpp:2991] sendSetup sess=0x7f268008e3d0
relay-1        | V0914 00:55:39.699647     8 MoQSession.cpp:2947] controlWriteLoop sess=0x7f268008e3d0
test-client-1  | [2m2026-09-14T00:55:39.699852Z[0m [32m INFO[0m [2mmoq_test_client::scenarios[0m[2m:[0m Publisher sending PUBLISH_NAMESPACE: moq-test/interop
test-client-1  | [2m2026-09-14T00:55:39.699866Z[0m [32m INFO[0m [2mmoq_test_client::scenarios[0m[2m:[0m Subscriber subscribing to track: moq-test/interop/test-track
relay-1        | V0914 00:55:39.699856     8 MoQSession.cpp:6787] onNewUniStream sess=0x7f268008e3d0
relay-1        | V0914 00:55:39.699882     8 MoQSession.cpp:3346] controlReadLoop sess=0x7f268008e3d0
relay-1        | V0914 00:55:39.699887     8 MoQSession.cpp:3135] onClientSetup sess=0x7f268008e3d0
relay-1        | V0914 00:55:39.699891     8 MoQServerBase.cpp:88] MoQServerBase::ClientSetup
relay-1        | V0914 00:55:39.699894     8 MoQServerBase.cpp:93] MoQServerBase::ClientSetup: Using ALPN-negotiated version: moqt-18
relay-1        | V0914 00:55:39.699899     8 MoQSession.cpp:3211] Negotiated Version=0xff000012 (draft-18)
relay-1        | V0914 00:55:39.700152     8 MoQSession.cpp:6815] onNewBidiStream sess=0x7f268007b840
relay-1        | V0914 00:55:39.700166     8 MoQSession.cpp:6815] onNewBidiStream sess=0x7f268008e3d0
relay-1        | V0914 00:55:39.700186     8 MoQSession.cpp:3346] controlReadLoop sess=0x7f268007b840
relay-1        | V0914 00:55:39.700203     8 MoQRelaySession.cpp:1142] onPublishNamespaceImpl ns=moq-test/interop sess=0x7f268007b840
relay-1        | V0914 00:55:39.700211     8 MoQSession.cpp:3346] controlReadLoop sess=0x7f268008e3d0
relay-1        | V0914 00:55:39.700216     8 MoQSession.cpp:4242] onSubscribeImpl ftn=moq-test/interop/test-track sess=0x7f268008e3d0
relay-1        | V0914 00:55:39.700232     8 MoQRelay.cpp:134] publishNamespace ns=moq-test/interop
relay-1        | V0914 00:55:39.700246     8 MoQRelaySession.cpp:1234] publishNamespaceOk reqID=0 sess=0x7f268007b840
relay-1        | V0914 00:55:39.700279     8 MoQLocation.h:24] m=AbsoluteStart g=0 o=0
relay-1        | V0914 00:55:39.700288     8 MoQLocation.h:59] g=0 o=0 g=4611686018427387903 o=4611686018427387903
relay-1        | V0914 00:55:39.700303     8 MoQSession.cpp:6071] subscribe sess=0x7f268007b840
relay-1        | V0914 00:55:39.700426     8 MoQSession.cpp:3346] controlReadLoop sess=0x7f268007b840
relay-1        | V0914 00:55:39.700769     8 MoQSession.cpp:4753] onSubscribeOk id=1 sess=0x7f268007b840
relay-1        | V0914 00:55:39.700795     8 MoQSession.cpp:6171] Subscribe ready trackReceiveState=0x7f26800653b0 requestID=1
relay-1        | V0914 00:55:39.700809     8 MoQSession.cpp:6191] sendSubscribeOk sess=0x7f268008e3d0
relay-1        | V0914 00:55:39.710017     8 MoQSession.cpp:2540] ~MoQSession sess=0x7f268006e150
test-client-1  | ok 4 - publish-namespace-subscribe
test-client-1  |   ---
test-client-1  |   duration_ms: 3007
test-client-1  |   publisher_connection_id: 660c611897b58b52e65272ac89997ea5
test-client-1  |   subscriber_connection_id: 99b81fa966d13410b6c852e488fdd630
test-client-1  |   ...
test-client-1  | [2m2026-09-14T00:55:42.701144Z[0m [32m INFO[0m [2mmoq_test_client::scenarios[0m[2m:[0m Test timeout reached - subscription routing may still be in progress
relay-1        | E20260914 00:55:42.701329     8 HQControlCodec.h:58] Unexpected control stream EOF
relay-1        | E20260914 00:55:42.701529     8 HQSession.cpp:3158] Got error on control stream error=HTTP: Critical stream was closed streamID=2 sess=proto=h3, UA=, client CID=65b3fb446a961d1c, server CID=40000006e630b850, downstream=[::ffff:172.18.0.3]:54214, [::]:4443=local, drain=none
relay-1        | E20260914 00:55:42.701592     8 HQControlCodec.h:58] Unexpected control stream EOF
relay-1        | E20260914 00:55:42.701609     8 HQSession.cpp:3158] Got error on control stream error=HTTP: Critical stream was closed streamID=2 sess=proto=h3, UA=, client CID=f94d8409ada40e70, server CID=4000000dfb503900, downstream=[::ffff:172.18.0.3]:49020, [::]:4443=local, drain=none
relay-1        | E0914 00:55:42.701661     8 MoQServer.h:192] proxygen::HTTPException: Got error=ApplicationError: 260, HTTP error on control stream
relay-1        | V0914 00:55:42.701680     8 MoQSession.cpp:7213] onSessionEnderr=4294967295 sess=0x7f268007b840
relay-1        | V0914 00:55:42.701684     8 MoQSession.cpp:2923] close sess=0x7f268007b840
relay-1        | V0914 00:55:42.701694     8 MoQRelay.cpp:310] publishNamespaceDone ns=moq-test/interop
relay-1        | V0914 00:55:42.701701     8 MoQRelay.cpp:303] Pruning empty subtree at: moq-test
relay-1        | V0914 00:55:42.701708     8 MoQSession.cpp:2157] subscribeError trackReceiveState=0x7f26800653b0
relay-1        | V0914 00:55:42.701712     8 MoQSession.cpp:2186] processPublishDone trackReceiveState=0x7f26800653b0
relay-1        | V0914 00:55:42.701718     8 MoQRelay.cpp:383] onPublishDoneImpl ftn=moq-test/interop/test-track
relay-1        | V0914 00:55:42.701724     8 MoQForwarder.cpp:609] publishDone pubDone reason=closed locally
relay-1        | V0914 00:55:42.701728     8 MoQForwarder.cpp:318] drainSubscriber from publishDone session=0x7f268008e3d0
relay-1        | V0914 00:55:42.701732     8 MoQSession.cpp:6304] sendPublishDone sess=0x7f268008e3d0
test-client-1  | [2m2026-09-14T00:55:42.702194Z[0m [33m WARN[0m [2mweb_transport_quinn::session[0m[2m:[0m failed to read capsule [3me[0m[2m=[0mUnexpectedEnd
relay-1        | V0914 00:55:42.701755     8 MoQSession.cpp:6474] publisherDrained id=0 sess=0x7f268008e3d0
relay-1        | V0914 00:55:42.701767     8 MoQForwarder.cpp:384] Resetting open subgroups for subscriber=0x7f2680087660
relay-1        | V0914 00:55:42.701771     8 MoQForwarder.cpp:406] subscribers_.size()=0
relay-1        | I0914 00:55:42.701778     8 MoQRelay.cpp:1945] Publisher terminated for moq-test/interop/test-track
relay-1        | V0914 00:55:42.701792     8 MoQCache.cpp:2259] Added track to LRU: moq-test/interop/test-track
relay-1        | V0914 00:55:42.701798     8 MoQSession.cpp:2141] cancel alias=1 requestID=1
relay-1        | V0914 00:55:42.701803     8 MoQSession.cpp:2602] requestCancellation from cleanup sess=0x7f268007b840
relay-1        | V0914 00:55:42.701813     8 BidiStreamControl.cpp:37] STOP_SENDING received on bidi stream id=1 code=386759528
relay-1        | V0914 00:55:42.701819     8 BidiStreamControl.cpp:37] STOP_SENDING received on bidi stream id=4 code=386759528
relay-1        | V0914 00:55:42.701826     8 MoQSession.cpp:2940] requestCancellation from close sess=0x7f268007b840
relay-1        | E0914 00:55:42.701932     8 MoQServer.h:192] proxygen::HTTPException: Got error=ApplicationError: 260, HTTP error on control stream
relay-1        | V0914 00:55:42.701938     8 MoQSession.cpp:7213] onSessionEnderr=4294967295 sess=0x7f268008e3d0
relay-1        | V0914 00:55:42.701941     8 MoQSession.cpp:2923] close sess=0x7f268008e3d0
relay-1        | V0914 00:55:42.701946     8 MoQSession.cpp:2602] requestCancellation from cleanup sess=0x7f268008e3d0
relay-1        | V0914 00:55:42.701954     8 MoQSession.cpp:2940] requestCancellation from close sess=0x7f268008e3d0
relay-1        | V0914 00:55:42.702007     8 MoQSession.cpp:3348] exit controlReadLoop sess=0x7f268007b840
relay-1        | V0914 00:55:42.702018     8 MoQSession.cpp:3348] exit controlReadLoop sess=0x7f268007b840
relay-1        | V0914 00:55:42.702024     8 MoQSession.cpp:3348] exit controlReadLoop sess=0x7f268007b840
relay-1        | V0914 00:55:42.702030     8 MoQSession.cpp:3348] exit controlReadLoop sess=0x7f268008e3d0
relay-1        | V0914 00:55:42.702036     8 MoQSession.cpp:3348] exit controlReadLoop sess=0x7f268008e3d0
relay-1        | V0914 00:55:42.702065     8 MoQSession.cpp:2949] exit controlWriteLoop sess=0x7f268007b840
relay-1        | V0914 00:55:42.702079     8 MoQSession.cpp:2949] exit controlWriteLoop sess=0x7f268008e3d0
test-client-1  | [2m2026-09-14T00:55:42.702244Z[0m [33m WARN[0m [2mweb_transport_quinn::session[0m[2m:[0m failed to read capsule [3me[0m[2m=[0mUnexpectedEnd
test-client-1  | [2m2026-09-14T00:55:42.702476Z[0m [32m INFO[0m [2mmoq_native_ietf::quic[0m[2m:[0m UDP socket bound [3mbind[0m[2m=[0m[::]:0 [3mlocal[0m[2m=[0m[::]:45343 [3mdual_stack[0m[2m=[0mtrue
relay-1        | V0914 00:55:42.705742     8 MoQServer.cpp:325] MoQServer WebTransport: supported protocols: moqt-18, moqt-16, moqt-15, moq-00
relay-1        | V0914 00:55:42.705758     8 MoQServer.cpp:335] WebTransport: Negotiated protocol: moqt-18
relay-1        | V0914 00:55:42.705859     8 MoQSession.cpp:2648] start sess=0x7f2680008630
test-client-1  | [2m2026-09-14T00:55:42.706144Z[0m [32m INFO[0m [2mmoq_test_client::scenarios[0m[2m:[0m Subscriber subscribing BEFORE PUBLISH_NAMESPACE: moq-test/interop/test-track
relay-1        | V0914 00:55:42.705881     8 MoQSession.cpp:2991] sendSetup sess=0x7f2680008630
relay-1        | V0914 00:55:42.705972     8 MoQSession.cpp:2947] controlWriteLoop sess=0x7f2680008630
relay-1        | V0914 00:55:42.706143     8 MoQSession.cpp:6787] onNewUniStream sess=0x7f2680008630
relay-1        | V0914 00:55:42.706174     8 MoQSession.cpp:3346] controlReadLoop sess=0x7f2680008630
relay-1        | V0914 00:55:42.706183     8 MoQSession.cpp:3135] onClientSetup sess=0x7f2680008630
relay-1        | V0914 00:55:42.706187     8 MoQServerBase.cpp:88] MoQServerBase::ClientSetup
relay-1        | V0914 00:55:42.706191     8 MoQServerBase.cpp:93] MoQServerBase::ClientSetup: Using ALPN-negotiated version: moqt-18
relay-1        | V0914 00:55:42.706197     8 MoQSession.cpp:3211] Negotiated Version=0xff000012 (draft-18)
relay-1        | V0914 00:55:42.706470     8 MoQSession.cpp:6815] onNewBidiStream sess=0x7f2680008630
relay-1        | V0914 00:55:42.706505     8 MoQSession.cpp:3346] controlReadLoop sess=0x7f2680008630
test-client-1  | [2m2026-09-14T00:55:42.706688Z[0m [33m WARN[0m [2mmoq_transport::serve::error[0m[2m:[0m [9892ccb2-4b33-400b-b57c-ec8ea4f0687f] Not found: no such namespace or track at moq-transport/src/session/subscriber.rs:1653
relay-1        | V0914 00:55:42.706517     8 MoQSession.cpp:4242] onSubscribeImpl ftn=moq-test/interop/test-track sess=0x7f2680008630
relay-1        | V0914 00:55:42.706540     8 MoQSession.cpp:4379] Application subscribe error err=no such namespace or track
relay-1        | V0914 00:55:42.706546     8 MoQSession.cpp:6209] subscribeError sess=0x7f2680008630
relay-1        | V0914 00:55:42.706557     8 MoQSession.cpp:6474] publisherDrained id=0 sess=0x7f2680008630
relay-1        | V0914 00:55:42.706793     8 MoQSession.cpp:3348] exit controlReadLoop sess=0x7f2680008630
relay-1        | E20260914 00:55:42.706847     8 HQControlCodec.h:58] Unexpected control stream EOF
test-client-1  | [2m2026-09-14T00:55:42.707085Z[0m [33m WARN[0m [2mweb_transport_quinn::session[0m[2m:[0m failed to read capsule [3me[0m[2m=[0mUnexpectedEnd
relay-1        | E20260914 00:55:42.706888     8 HQSession.cpp:3158] Got error on control stream error=HTTP: Critical stream was closed streamID=2 sess=proto=h3, UA=, client CID=44abe666d34092f3, server CID=40000019db85c898, downstream=[::ffff:172.18.0.3]:45343, [::]:4443=local, drain=none
relay-1        | E0914 00:55:42.706940     8 MoQServer.h:192] proxygen::HTTPException: Got error=ApplicationError: 260, HTTP error on control stream
relay-1        | V0914 00:55:42.706960     8 MoQSession.cpp:7213] onSessionEnderr=4294967295 sess=0x7f2680008630
relay-1        | V0914 00:55:42.706964     8 MoQSession.cpp:2923] close sess=0x7f2680008630
relay-1        | V0914 00:55:42.706970     8 MoQSession.cpp:2602] requestCancellation from cleanup sess=0x7f2680008630
relay-1        | V0914 00:55:42.706982     8 MoQSession.cpp:2940] requestCancellation from close sess=0x7f2680008630
relay-1        | V0914 00:55:42.707049     8 MoQSession.cpp:3348] exit controlReadLoop sess=0x7f2680008630
relay-1        | V0914 00:55:42.707086     8 MoQSession.cpp:2949] exit controlWriteLoop sess=0x7f2680008630
relay-1        | V0914 00:55:42.722255     8 MoQSession.cpp:2540] ~MoQSession sess=0x7f268007b840
relay-1        | V0914 00:55:42.722306     8 MoQSession.cpp:2540] ~MoQSession sess=0x7f268008e3d0
relay-1        | V0914 00:55:42.722329     8 MoQSession.cpp:2540] ~MoQSession sess=0x7f2680008630
test-client-1  | [2m2026-09-14T00:55:43.208909Z[0m [32m INFO[0m [2mmoq_native_ietf::quic[0m[2m:[0m UDP socket bound [3mbind[0m[2m=[0m[::]:0 [3mlocal[0m[2m=[0m[::]:51414 [3mdual_stack[0m[2m=[0mtrue
relay-1        | V0914 00:55:43.212290     8 MoQServer.cpp:325] MoQServer WebTransport: supported protocols: moqt-18, moqt-16, moqt-15, moq-00
relay-1        | V0914 00:55:43.212312     8 MoQServer.cpp:335] WebTransport: Negotiated protocol: moqt-18
relay-1        | V0914 00:55:43.212443     8 MoQSession.cpp:2648] start sess=0x7f26800359b0
relay-1        | V0914 00:55:43.212537     8 MoQSession.cpp:2991] sendSetup sess=0x7f26800359b0
relay-1        | V0914 00:55:43.212755     8 MoQSession.cpp:2947] controlWriteLoop sess=0x7f26800359b0
relay-1        | V0914 00:55:43.212786     8 MoQSession.cpp:6787] onNewUniStream sess=0x7f26800359b0
relay-1        | V0914 00:55:43.212860     8 MoQSession.cpp:3346] controlReadLoop sess=0x7f26800359b0
relay-1        | V0914 00:55:43.212881     8 MoQSession.cpp:3135] onClientSetup sess=0x7f26800359b0
relay-1        | V0914 00:55:43.212886     8 MoQServerBase.cpp:88] MoQServerBase::ClientSetup
relay-1        | V0914 00:55:43.212890     8 MoQServerBase.cpp:93] MoQServerBase::ClientSetup: Using ALPN-negotiated version: moqt-18
relay-1        | V0914 00:55:43.212896     8 MoQSession.cpp:3211] Negotiated Version=0xff000012 (draft-18)
test-client-1  | [2m2026-09-14T00:55:43.213103Z[0m [32m INFO[0m [2mmoq_test_client::scenarios[0m[2m:[0m Publisher sending PUBLISH_NAMESPACE (after subscriber): moq-test/interop
relay-1        | V0914 00:55:43.213277     8 MoQSession.cpp:6815] onNewBidiStream sess=0x7f26800359b0
relay-1        | V0914 00:55:43.213318     8 MoQSession.cpp:3346] controlReadLoop sess=0x7f26800359b0
relay-1        | V0914 00:55:43.213360     8 MoQRelaySession.cpp:1142] onPublishNamespaceImpl ns=moq-test/interop sess=0x7f26800359b0
relay-1        | V0914 00:55:43.213376     8 MoQRelay.cpp:134] publishNamespace ns=moq-test/interop
relay-1        | V0914 00:55:43.213392     8 MoQRelaySession.cpp:1234] publishNamespaceOk reqID=0 sess=0x7f26800359b0
test-client-1  | [2m2026-09-14T00:55:46.215026Z[0m [32m INFO[0m [2mmoq_test_client::scenarios[0m[2m:[0m Publisher PUBLISH_NAMESPACE timeout (expected)
test-client-1  | [2m2026-09-14T00:55:46.215053Z[0m [32m INFO[0m [2mmoq_test_client::scenarios[0m[2m:[0m Subscriber got error: not found: Track not found [error:9892ccb2-4b33-400b-b57c-ec8ea4f0687f] (may be expected)
relay-1        | V0914 00:55:46.215293     8 MoQRelaySession.cpp:1300] onPublishNamespaceDone requestID=0 sess=0x7f26800359b0
relay-1        | V0914 00:55:46.215323     8 MoQRelay.cpp:310] publishNamespaceDone ns=moq-test/interop
relay-1        | V0914 00:55:46.215333     8 MoQRelay.cpp:303] Pruning empty subtree at: moq-test
relay-1        | V0914 00:55:46.215342     8 MoQSession.cpp:3348] exit controlReadLoop sess=0x7f26800359b0
relay-1        | V0914 00:55:46.215392     8 MoQSession.cpp:3348] exit controlReadLoop sess=0x7f26800359b0
relay-1        | E20260914 00:55:46.215456     8 HQControlCodec.h:58] Unexpected control stream EOF
relay-1        | E20260914 00:55:46.215515     8 HQSession.cpp:3158] Got error on control stream error=HTTP: Critical stream was closed streamID=2 sess=proto=h3, UA=, client CID=cff548b6ffe1bf7d, server CID=4000001975a09d46, downstream=[::ffff:172.18.0.3]:51414, [::]:4443=local, drain=none
relay-1        | E0914 00:55:46.215578     8 MoQServer.h:192] proxygen::HTTPException: Got error=ApplicationError: 260, HTTP error on control stream
relay-1        | V0914 00:55:46.215587     8 MoQSession.cpp:7213] onSessionEnderr=4294967295 sess=0x7f26800359b0
relay-1        | V0914 00:55:46.215592     8 MoQSession.cpp:2923] close sess=0x7f26800359b0
relay-1        | V0914 00:55:46.215600     8 MoQSession.cpp:2602] requestCancellation from cleanup sess=0x7f26800359b0
relay-1        | V0914 00:55:46.215617     8 MoQSession.cpp:2940] requestCancellation from close sess=0x7f26800359b0
relay-1        | V0914 00:55:46.215753     8 MoQSession.cpp:2949] exit controlWriteLoop sess=0x7f26800359b0
test-client-1  | ok 5 - subscribe-before-publish-namespace
test-client-1  |   ---
test-client-1  |   duration_ms: 3514
test-client-1  |   subscriber_connection_id: a5bbba2b7e73ec981f065e160f3f5c48
test-client-1  |   publisher_connection_id: dcf6b6014ed86af973bf6ccae8dbbb30
test-client-1  |   ...
test-client-1  | [2m2026-09-14T00:55:46.215762Z[0m [33m WARN[0m [2mweb_transport_quinn::session[0m[2m:[0m failed to read capsule [3me[0m[2m=[0mUnexpectedEnd
test-client-1  | [2m2026-09-14T00:55:46.216609Z[0m [32m INFO[0m [2mmoq_native_ietf::quic[0m[2m:[0m UDP socket bound [3mbind[0m[2m=[0m[::]:0 [3mlocal[0m[2m=[0m[::]:45026 [3mdual_stack[0m[2m=[0mtrue
relay-1        | V0914 00:55:46.218698     8 MoQServer.cpp:325] MoQServer WebTransport: supported protocols: moqt-18, moqt-16, moqt-15, moq-00
relay-1        | V0914 00:55:46.218716     8 MoQServer.cpp:335] WebTransport: Negotiated protocol: moqt-18
relay-1        | V0914 00:55:46.218820     8 MoQSession.cpp:2648] start sess=0x7f2680062fd0
relay-1        | V0914 00:55:46.218843     8 MoQSession.cpp:2991] sendSetup sess=0x7f2680062fd0
relay-1        | V0914 00:55:46.218951     8 MoQSession.cpp:2947] controlWriteLoop sess=0x7f2680062fd0
test-client-1  | [2m2026-09-14T00:55:46.219102Z[0m [32m INFO[0m [2mmoq_test_client::scenarios[0m[2m:[0m Sending PUBLISH_NAMESPACE: moq-test/interop
relay-1        | V0914 00:55:46.219118     8 MoQSession.cpp:6787] onNewUniStream sess=0x7f2680062fd0
relay-1        | V0914 00:55:46.219149     8 MoQSession.cpp:3346] controlReadLoop sess=0x7f2680062fd0
relay-1        | V0914 00:55:46.219158     8 MoQSession.cpp:3135] onClientSetup sess=0x7f2680062fd0
relay-1        | V0914 00:55:46.219162     8 MoQServerBase.cpp:88] MoQServerBase::ClientSetup
relay-1        | V0914 00:55:46.219166     8 MoQServerBase.cpp:93] MoQServerBase::ClientSetup: Using ALPN-negotiated version: moqt-18
relay-1        | V0914 00:55:46.219172     8 MoQSession.cpp:3211] Negotiated Version=0xff000012 (draft-18)
relay-1        | V0914 00:55:46.219249     8 MoQSession.cpp:6815] onNewBidiStream sess=0x7f2680062fd0
relay-1        | V0914 00:55:46.219284     8 MoQSession.cpp:3346] controlReadLoop sess=0x7f2680062fd0
relay-1        | V0914 00:55:46.219300     8 MoQRelaySession.cpp:1142] onPublishNamespaceImpl ns=moq-test/interop sess=0x7f2680062fd0
relay-1        | V0914 00:55:46.219312     8 MoQRelay.cpp:134] publishNamespace ns=moq-test/interop
relay-1        | V0914 00:55:46.219322     8 MoQRelaySession.cpp:1234] publishNamespaceOk reqID=0 sess=0x7f2680062fd0
relay-1        | V0914 00:55:46.307038     8 MoQSession.cpp:2540] ~MoQSession sess=0x7f26800359b0
test-client-1  | [2m2026-09-14T00:55:48.220311Z[0m [32m INFO[0m [2mmoq_test_client::scenarios[0m[2m:[0m PUBLISH_NAMESPACE active; sending PUBLISH_NAMESPACE_DONE
relay-1        | V0914 00:55:48.220512     8 MoQRelaySession.cpp:1300] onPublishNamespaceDone requestID=0 sess=0x7f2680062fd0
relay-1        | V0914 00:55:48.220594     8 MoQRelay.cpp:310] publishNamespaceDone ns=moq-test/interop
relay-1        | V0914 00:55:48.220607     8 MoQRelay.cpp:303] Pruning empty subtree at: moq-test
relay-1        | V0914 00:55:48.220621     8 MoQSession.cpp:3348] exit controlReadLoop sess=0x7f2680062fd0
relay-1        | V0914 00:55:48.220635     8 MoQSession.cpp:3348] exit controlReadLoop sess=0x7f2680062fd0
test-client-1  | [2m2026-09-14T00:55:48.321289Z[0m [32m INFO[0m [2mmoq_test_client::scenarios[0m[2m:[0m PUBLISH_NAMESPACE_DONE sent successfully
test-client-1  | ok 6 - publish-namespace-done
test-client-1  |   ---
test-client-1  |   duration_ms: 2105
test-client-1  |   connection_id: 99a80360bf147786df57f659131d315a
test-client-1  |   ...
relay-1        | E20260914 00:55:48.321496     8 HQControlCodec.h:58] Unexpected control stream EOF
relay-1        | E20260914 00:55:48.321568     8 HQSession.cpp:3158] Got error on control stream error=HTTP: Critical stream was closed streamID=2 sess=proto=h3, UA=, client CID=9646ff9fda0b08a2, server CID=400000094f791d10, downstream=[::ffff:172.18.0.3]:45026, [::]:4443=local, drain=none
relay-1        | E0914 00:55:48.321647     8 MoQServer.h:192] proxygen::HTTPException: Got error=ApplicationError: 260, HTTP error on control stream
relay-1        | V0914 00:55:48.321668     8 MoQSession.cpp:7213] onSessionEnderr=4294967295 sess=0x7f2680062fd0
relay-1        | V0914 00:55:48.321674     8 MoQSession.cpp:2923] close sess=0x7f2680062fd0
relay-1        | V0914 00:55:48.321684     8 MoQSession.cpp:2602] requestCancellation from cleanup sess=0x7f2680062fd0
relay-1        | V0914 00:55:48.321710     8 MoQSession.cpp:2940] requestCancellation from close sess=0x7f2680062fd0
relay-1        | V0914 00:55:48.321908     8 MoQSession.cpp:2949] exit controlWriteLoop sess=0x7f2680062fd0
test-client-1  | [2m2026-09-14T00:55:48.321845Z[0m [33m WARN[0m [2mweb_transport_quinn::session[0m[2m:[0m failed to read capsule [3me[0m[2m=[0mUnexpectedEnd
test-client-1  | [2m2026-09-14T00:55:48.322593Z[0m [32m INFO[0m [2mmoq_native_ietf::quic[0m[2m:[0m UDP socket bound [3mbind[0m[2m=[0m[::]:0 [3mlocal[0m[2m=[0m[::]:46114 [3mdual_stack[0m[2m=[0mtrue
relay-1        | V0914 00:55:48.324627     8 MoQServer.cpp:325] MoQServer WebTransport: supported protocols: moqt-18, moqt-16, moqt-15, moq-00
relay-1        | V0914 00:55:48.324644     8 MoQServer.cpp:335] WebTransport: Negotiated protocol: moqt-18
relay-1        | V0914 00:55:48.324747     8 MoQSession.cpp:2648] start sess=0x7f26800775c0
relay-1        | V0914 00:55:48.324769     8 MoQSession.cpp:2991] sendSetup sess=0x7f26800775c0
relay-1        | V0914 00:55:48.324871     8 MoQSession.cpp:2947] controlWriteLoop sess=0x7f26800775c0
relay-1        | V0914 00:55:48.325158     8 MoQSession.cpp:6787] onNewUniStream sess=0x7f26800775c0
relay-1        | V0914 00:55:48.325184     8 MoQSession.cpp:3346] controlReadLoop sess=0x7f26800775c0
relay-1        | V0914 00:55:48.325195     8 MoQSession.cpp:3135] onClientSetup sess=0x7f26800775c0
relay-1        | V0914 00:55:48.325201     8 MoQServerBase.cpp:88] MoQServerBase::ClientSetup
relay-1        | V0914 00:55:48.325204     8 MoQServerBase.cpp:93] MoQServerBase::ClientSetup: Using ALPN-negotiated version: moqt-18
relay-1        | V0914 00:55:48.325211     8 MoQSession.cpp:3211] Negotiated Version=0xff000012 (draft-18)
test-client-1  | [2m2026-09-14T00:55:48.325279Z[0m [32m INFO[0m [2mmoq_test_client::scenarios[0m[2m:[0m Publisher sending direct PUBLISH [3mnamespace[0m[2m=[0m/moq-test/publish [3mtrack[0m[2m=[0m"published-track"
relay-1        | V0914 00:55:48.325440     8 MoQSession.cpp:6815] onNewBidiStream sess=0x7f26800775c0
relay-1        | V0914 00:55:48.325491     8 MoQSession.cpp:3346] controlReadLoop sess=0x7f26800775c0
relay-1        | V0914 00:55:48.325504     8 MoQSession.cpp:4921] onPublishImpl reqID=0 sess=0x7f26800775c0
relay-1        | V0914 00:55:48.325518     8 MoQRelay.cpp:422] publish ftn=moq-test/publish/published-track
relay-1        | E0914 00:55:48.325526     8 MoQRelay.cpp:82] prefix not found in tree
relay-1        | V0914 00:55:48.325541     8 MoQSession.cpp:6014] publishOk reqID=0 sess=0x7f26800775c0
test-client-1  | [2m2026-09-14T00:55:48.325693Z[0m [32m INFO[0m [2mmoq_test_client::scenarios[0m[2m:[0m PUBLISH accepted [3mnamespace[0m[2m=[0m/moq-test/publish [3mtrack[0m[2m=[0m"published-track"
test-client-1  | ok 7 - publish-track-only
test-client-1  |   ---
relay-1        | V0914 00:55:48.325840     8 MoQSession.cpp:5054] PublishDone id=0 code=2 reason=publish ended
relay-1        | V0914 00:55:48.325852     8 MoQSession.cpp:2186] processPublishDone trackReceiveState=0x7f26800637f0
relay-1        | V0914 00:55:48.325858     8 MoQRelay.cpp:383] onPublishDoneImpl ftn=moq-test/publish/published-track
relay-1        | V0914 00:55:48.325864     8 MoQRelay.cpp:303] Pruning empty subtree at: moq-test
relay-1        | V0914 00:55:48.325869     8 MoQRelay.cpp:412] Publisher terminated with no subscribers, cleaning up moq-test/publish/published-track
relay-1        | V0914 00:55:48.325874     8 MoQForwarder.cpp:609] publishDone pubDone reason=publish ended
relay-1        | V0914 00:55:48.325882     8 MoQSession.cpp:3348] exit controlReadLoop sess=0x7f26800775c0
test-client-1  |   duration_ms: 4
test-client-1  |   connection_id: cc53ef8153b06e41a55c9743c9eabeeb
test-client-1  |   ...
test-client-1  | [2m2026-09-14T00:55:48.325878Z[0m [32m INFO[0m [2mmoq_test_client::scenarios[0m[2m:[0m PUBLISH completed [3mnamespace[0m[2m=[0m/moq-test/publish [3mtrack[0m[2m=[0m"published-track"
relay-1        | E20260914 00:55:48.326062     8 HQControlCodec.h:58] Unexpected control stream EOF
relay-1        | E20260914 00:55:48.326100     8 HQSession.cpp:3158] Got error on control stream error=HTTP: Critical stream was closed streamID=2 sess=proto=h3, UA=, client CID=92bbfa6253675523, server CID=40000017e286571e, downstream=[::ffff:172.18.0.3]:46114, [::]:4443=local, drain=none
relay-1        | E0914 00:55:48.326140     8 MoQServer.h:192] proxygen::HTTPException: Got error=ApplicationError: 260, HTTP error on control stream
relay-1        | V0914 00:55:48.326205     8 MoQSession.cpp:7213] onSessionEnderr=4294967295 sess=0x7f26800775c0
relay-1        | V0914 00:55:48.326210     8 MoQSession.cpp:2923] close sess=0x7f26800775c0
relay-1        | V0914 00:55:48.326215     8 MoQSession.cpp:2602] requestCancellation from cleanup sess=0x7f26800775c0
relay-1        | V0914 00:55:48.326224     8 MoQSession.cpp:2940] requestCancellation from close sess=0x7f26800775c0
test-client-1  | [2m2026-09-14T00:55:48.326329Z[0m [33m WARN[0m [2mweb_transport_quinn::session[0m[2m:[0m failed to read capsule [3me[0m[2m=[0mUnexpectedEnd
relay-1        | V0914 00:55:48.326424     8 MoQSession.cpp:3348] exit controlReadLoop sess=0x7f26800775c0
relay-1        | V0914 00:55:48.326452     8 MoQSession.cpp:2949] exit controlWriteLoop sess=0x7f26800775c0
test-client-1  | [2m2026-09-14T00:55:48.326865Z[0m [32m INFO[0m [2mmoq_native_ietf::quic[0m[2m:[0m UDP socket bound [3mbind[0m[2m=[0m[::]:0 [3mlocal[0m[2m=[0m[::]:44847 [3mdual_stack[0m[2m=[0mtrue
relay-1        | V0914 00:55:48.329649     8 MoQServer.cpp:325] MoQServer WebTransport: supported protocols: moqt-18, moqt-16, moqt-15, moq-00
relay-1        | V0914 00:55:48.329663     8 MoQServer.cpp:335] WebTransport: Negotiated protocol: moqt-18
relay-1        | V0914 00:55:48.329749     8 MoQSession.cpp:2648] start sess=0x7f2680086900
relay-1        | V0914 00:55:48.329799     8 MoQSession.cpp:2991] sendSetup sess=0x7f2680086900
relay-1        | V0914 00:55:48.329994     8 MoQSession.cpp:2947] controlWriteLoop sess=0x7f2680086900
relay-1        | V0914 00:55:48.330013     8 MoQSession.cpp:6787] onNewUniStream sess=0x7f2680086900
relay-1        | V0914 00:55:48.330092     8 MoQSession.cpp:3346] controlReadLoop sess=0x7f2680086900
relay-1        | V0914 00:55:48.330108     8 MoQSession.cpp:3135] onClientSetup sess=0x7f2680086900
relay-1        | V0914 00:55:48.330112     8 MoQServerBase.cpp:88] MoQServerBase::ClientSetup
relay-1        | V0914 00:55:48.330116     8 MoQServerBase.cpp:93] MoQServerBase::ClientSetup: Using ALPN-negotiated version: moqt-18
relay-1        | V0914 00:55:48.330121     8 MoQSession.cpp:3211] Negotiated Version=0xff000012 (draft-18)
test-client-1  | [2m2026-09-14T00:55:48.330924Z[0m [32m INFO[0m [2mmoq_native_ietf::quic[0m[2m:[0m UDP socket bound [3mbind[0m[2m=[0m[::]:0 [3mlocal[0m[2m=[0m[::]:59541 [3mdual_stack[0m[2m=[0mtrue
relay-1        | V0914 00:55:48.332407     8 MoQServer.cpp:325] MoQServer WebTransport: supported protocols: moqt-18, moqt-16, moqt-15, moq-00
relay-1        | V0914 00:55:48.332428     8 MoQServer.cpp:335] WebTransport: Negotiated protocol: moqt-18
relay-1        | V0914 00:55:48.332552     8 MoQSession.cpp:2648] start sess=0x7f2680091870
relay-1        | V0914 00:55:48.332572     8 MoQSession.cpp:2991] sendSetup sess=0x7f2680091870
relay-1        | V0914 00:55:48.332630     8 MoQSession.cpp:2947] controlWriteLoop sess=0x7f2680091870
test-client-1  | [2m2026-09-14T00:55:48.332857Z[0m [32m INFO[0m [2mmoq_test_client::scenarios[0m[2m:[0m Publisher sending direct PUBLISH before subscriber subscribes [3mnamespace[0m[2m=[0m/moq-test/publish [3mtrack[0m[2m=[0m"published-track"
relay-1        | V0914 00:55:48.332961     8 MoQSession.cpp:6787] onNewUniStream sess=0x7f2680091870
relay-1        | V0914 00:55:48.332975     8 MoQSession.cpp:6815] onNewBidiStream sess=0x7f2680086900
relay-1        | V0914 00:55:48.332995     8 MoQSession.cpp:3346] controlReadLoop sess=0x7f2680091870
relay-1        | V0914 00:55:48.333000     8 MoQSession.cpp:3135] onClientSetup sess=0x7f2680091870
relay-1        | V0914 00:55:48.333004     8 MoQServerBase.cpp:88] MoQServerBase::ClientSetup
relay-1        | V0914 00:55:48.333008     8 MoQServerBase.cpp:93] MoQServerBase::ClientSetup: Using ALPN-negotiated version: moqt-18
relay-1        | V0914 00:55:48.333013     8 MoQSession.cpp:3211] Negotiated Version=0xff000012 (draft-18)
relay-1        | V0914 00:55:48.333026     8 MoQSession.cpp:3346] controlReadLoop sess=0x7f2680086900
relay-1        | V0914 00:55:48.333034     8 MoQSession.cpp:4921] onPublishImpl reqID=0 sess=0x7f2680086900
relay-1        | V0914 00:55:48.333044     8 MoQRelay.cpp:422] publish ftn=moq-test/publish/published-track
relay-1        | E0914 00:55:48.333049     8 MoQRelay.cpp:82] prefix not found in tree
relay-1        | V0914 00:55:48.333058     8 MoQSession.cpp:6014] publishOk reqID=0 sess=0x7f2680086900
test-client-1  | [2m2026-09-14T00:55:48.333212Z[0m [32m INFO[0m [2mmoq_test_client::scenarios[0m[2m:[0m PUBLISH accepted; starting subscriber [3mnamespace[0m[2m=[0m/moq-test/publish [3mtrack[0m[2m=[0m"published-track"
relay-1        | V0914 00:55:48.333361     8 MoQSession.cpp:6815] onNewBidiStream sess=0x7f2680091870
relay-1        | V0914 00:55:48.333522     8 MoQSession.cpp:3346] controlReadLoop sess=0x7f2680091870
relay-1        | V0914 00:55:48.333567     8 MoQSession.cpp:4242] onSubscribeImpl ftn=moq-test/publish/published-track sess=0x7f2680091870
relay-1        | V0914 00:55:48.333594     8 MoQLocation.h:24] m=AbsoluteStart g=0 o=0
relay-1        | V0914 00:55:48.333600     8 MoQLocation.h:59] g=0 o=0 g=4611686018427387903 o=4611686018427387903
relay-1        | I0914 00:55:48.333608     8 MoQRelay.cpp:1982] Updating forward for moq-test/publish/published-track numForwardingSubs=1
relay-1        | V0914 00:55:48.333617     8 MoQSession.cpp:6191] sendSubscribeOk sess=0x7f2680091870
relay-1        | V0914 00:55:48.333707     8 MoQSession.cpp:6504] requestUpdate sess=0x7f2680086900
test-client-1  | [2m2026-09-14T00:55:48.333866Z[0m [33m WARN[0m [2mmoq_transport::session[0m[2m:[0m unexpected bidi response message type [3mmsg_type[0m[2m=[0m2
test-client-1  | [2m2026-09-14T00:55:48.333897Z[0m [33m WARN[0m [2mmoq_transport::serve::error[0m[2m:[0m [c2288acd-2152-4a08-82d5-c3bfbd076515] Not implemented: bidi response type 0x2 at moq-transport/src/session/error.rs:89
relay-1        | V0914 00:55:48.334087     8 MoQSession.cpp:3459] Failing pending request id=1 peer FINed without terminal reply sess=0x7f2680086900
relay-1        | V0914 00:55:48.334099     8 MoQSession.cpp:3348] exit controlReadLoop sess=0x7f2680086900
relay-1        | E0914 00:55:48.334105     8 MoQRelay.cpp:36] requestUpdate failed: peer FINed without terminal reply
relay-1        | V0914 00:55:48.342207     8 MoQSession.cpp:2540] ~MoQSession sess=0x7f2680062fd0
relay-1        | V0914 00:55:48.342231     8 MoQSession.cpp:2540] ~MoQSession sess=0x7f26800775c0
test-client-1  | not ok 8 - publish-track-subscribe
test-client-1  |   ---
test-client-1  |   duration_ms: 108
test-client-1  |   message: "failed serving PUBLISH track: serve error: cancelled: cancelled"
test-client-1  |   ...
relay-1        | E20260914 00:55:48.434389     8 HQControlCodec.h:58] Unexpected control stream EOF
relay-1        | E20260914 00:55:48.434453     8 HQSession.cpp:3158] Got error on control stream error=HTTP: Critical stream was closed streamID=2 sess=proto=h3, UA=, client CID=4f6c30d6265f27f9, server CID=400000062e4b7fb2, downstream=[::ffff:172.18.0.3]:44847, [::]:4443=local, drain=none
relay-1        | E20260914 00:55:48.434504     8 HQControlCodec.h:58] Unexpected control stream EOF
relay-1        | E20260914 00:55:48.434527     8 HQSession.cpp:3158] Got error on control stream error=HTTP: Critical stream was closed streamID=2 sess=proto=h3, UA=, client CID=6681448da4351287, server CID=4000000ae65283ff, downstream=[::ffff:172.18.0.3]:59541, [::]:4443=local, drain=none
relay-1        | E0914 00:55:48.434611     8 MoQServer.h:192] proxygen::HTTPException: Got error=ApplicationError: 260, HTTP error on control stream
relay-1        | V0914 00:55:48.434625     8 MoQSession.cpp:7213] onSessionEnderr=4294967295 sess=0x7f2680086900
test-client-1  | [2m2026-09-14T00:55:48.434858Z[0m [33m WARN[0m [2mweb_transport_quinn::session[0m[2m:[0m failed to read capsule [3me[0m[2m=[0mUnexpectedEnd
test-client-1  | [2m2026-09-14T00:55:48.434915Z[0m [33m WARN[0m [2mweb_transport_quinn::session[0m[2m:[0m failed to read capsule [3me[0m[2m=[0mUnexpectedEnd
relay-1        | V0914 00:55:48.434630     8 MoQSession.cpp:2923] close sess=0x7f2680086900
relay-1        | V0914 00:55:48.434638     8 MoQSession.cpp:2157] subscribeError trackReceiveState=0x7f26800637f0
relay-1        | V0914 00:55:48.434642     8 MoQSession.cpp:2186] processPublishDone trackReceiveState=0x7f26800637f0
relay-1        | V0914 00:55:48.434648     8 MoQRelay.cpp:383] onPublishDoneImpl ftn=moq-test/publish/published-track
relay-1        | V0914 00:55:48.434654     8 MoQRelay.cpp:303] Pruning empty subtree at: moq-test
relay-1        | V0914 00:55:48.434662     8 MoQForwarder.cpp:609] publishDone pubDone reason=closed locally
relay-1        | V0914 00:55:48.434667     8 MoQForwarder.cpp:318] drainSubscriber from publishDone session=0x7f2680091870
relay-1        | V0914 00:55:48.434670     8 MoQSession.cpp:6304] sendPublishDone sess=0x7f2680091870
relay-1        | V0914 00:55:48.434681     8 MoQSession.cpp:6474] publisherDrained id=0 sess=0x7f2680091870
relay-1        | V0914 00:55:48.434684     8 MoQForwarder.cpp:384] Resetting open subgroups for subscriber=0x7f2680087660
relay-1        | V0914 00:55:48.434687     8 MoQForwarder.cpp:406] subscribers_.size()=0
relay-1        | I0914 00:55:48.434692     8 MoQRelay.cpp:1945] Publisher terminated for moq-test/publish/published-track
relay-1        | V0914 00:55:48.434698     8 MoQSession.cpp:2141] cancel alias=0 requestID=0
relay-1        | V0914 00:55:48.434709     8 MoQSession.cpp:2602] requestCancellation from cleanup sess=0x7f2680086900
relay-1        | V0914 00:55:48.434722     8 MoQSession.cpp:2940] requestCancellation from close sess=0x7f2680086900
relay-1        | E0914 00:55:48.434813     8 MoQServer.h:192] proxygen::HTTPException: Got error=ApplicationError: 260, HTTP error on control stream
relay-1        | V0914 00:55:48.434822     8 MoQSession.cpp:7213] onSessionEnderr=4294967295 sess=0x7f2680091870
relay-1        | V0914 00:55:48.434824     8 MoQSession.cpp:2923] close sess=0x7f2680091870
relay-1        | V0914 00:55:48.434828     8 MoQSession.cpp:2602] requestCancellation from cleanup sess=0x7f2680091870
relay-1        | V0914 00:55:48.434836     8 MoQSession.cpp:2940] requestCancellation from close sess=0x7f2680091870
relay-1        | V0914 00:55:48.434936     8 MoQSession.cpp:3348] exit controlReadLoop sess=0x7f2680086900
relay-1        | V0914 00:55:48.434946     8 MoQSession.cpp:3348] exit controlReadLoop sess=0x7f2680091870
relay-1        | V0914 00:55:48.434953     8 MoQSession.cpp:3348] exit controlReadLoop sess=0x7f2680091870
relay-1        | V0914 00:55:48.434981     8 MoQSession.cpp:2949] exit controlWriteLoop sess=0x7f2680086900
relay-1        | V0914 00:55:48.434990     8 MoQSession.cpp:2540] ~MoQSession sess=0x7f2680086900
relay-1        | V0914 00:55:48.435002     8 MoQSession.cpp:2949] exit controlWriteLoop sess=0x7f2680091870
test-client-1  | [2m2026-09-14T00:55:48.435581Z[0m [32m INFO[0m [2mmoq_native_ietf::quic[0m[2m:[0m UDP socket bound [3mbind[0m[2m=[0m[::]:0 [3mlocal[0m[2m=[0m[::]:58438 [3mdual_stack[0m[2m=[0mtrue
relay-1        | V0914 00:55:48.437272     8 MoQServer.cpp:325] MoQServer WebTransport: supported protocols: moqt-18, moqt-16, moqt-15, moq-00
relay-1        | V0914 00:55:48.437292     8 MoQServer.cpp:335] WebTransport: Negotiated protocol: moqt-18
relay-1        | V0914 00:55:48.437433     8 MoQSession.cpp:2648] start sess=0x7f268005bdf0
relay-1        | V0914 00:55:48.437454     8 MoQSession.cpp:2991] sendSetup sess=0x7f268005bdf0
relay-1        | V0914 00:55:48.437551     8 MoQSession.cpp:2947] controlWriteLoop sess=0x7f268005bdf0
test-client-1  | [2m2026-09-14T00:55:48.437685Z[0m [32m INFO[0m [2mmoq_test_client::scenarios[0m[2m:[0m Subscribing with RENDEZVOUS_TIMEOUT to a track with no publisher [3mtimeout_ms[0m[2m=[0m500
relay-1        | V0914 00:55:48.437677     8 MoQSession.cpp:6787] onNewUniStream sess=0x7f268005bdf0
relay-1        | V0914 00:55:48.437725     8 MoQSession.cpp:3346] controlReadLoop sess=0x7f268005bdf0
relay-1        | V0914 00:55:48.437755     8 MoQSession.cpp:3135] onClientSetup sess=0x7f268005bdf0
relay-1        | V0914 00:55:48.437781     8 MoQServerBase.cpp:88] MoQServerBase::ClientSetup
relay-1        | V0914 00:55:48.437802     8 MoQServerBase.cpp:93] MoQServerBase::ClientSetup: Using ALPN-negotiated version: moqt-18
relay-1        | V0914 00:55:48.437833     8 MoQSession.cpp:3211] Negotiated Version=0xff000012 (draft-18)
relay-1        | V0914 00:55:48.437885     8 MoQSession.cpp:6815] onNewBidiStream sess=0x7f268005bdf0
relay-1        | V0914 00:55:48.437916     8 MoQSession.cpp:3346] controlReadLoop sess=0x7f268005bdf0
relay-1        | V0914 00:55:48.437931     8 MoQSession.cpp:4242] onSubscribeImpl ftn=nonexistent/rendezvous/test-track sess=0x7f268005bdf0
relay-1        | V0914 00:55:48.445268     8 MoQSession.cpp:2540] ~MoQSession sess=0x7f2680091870
relay-1        | V0914 00:55:48.938410     8 MoQSession.cpp:4379] Application subscribe error err=rendezvous timeout expired
relay-1        | V0914 00:55:48.938440     8 MoQSession.cpp:6209] subscribeError sess=0x7f268005bdf0
relay-1        | V0914 00:55:48.938472     8 MoQSession.cpp:6474] publisherDrained id=0 sess=0x7f268005bdf0
test-client-1  | ok 9 - rendezvous-timeout
test-client-1  |   ---
test-client-1  |   duration_ms: 504
test-client-1  |   connection_id: 19a74e973c242891d5a0e4f0c7520d51
test-client-1  |   ...
test-client-1  | [2m2026-09-14T00:55:48.938951Z[0m [32m INFO[0m [2mmoq_test_client::scenarios[0m[2m:[0m Received expected REQUEST_ERROR TIMEOUT
test-client-1  | [2m2026-09-14T00:55:48.939482Z[0m [33m WARN[0m [2mweb_transport_quinn::session[0m[2m:[0m failed to read capsule [3me[0m[2m=[0mUnexpectedEnd
relay-1        | V0914 00:55:48.938961     8 MoQSession.cpp:3348] exit controlReadLoop sess=0x7f268005bdf0
relay-1        | E20260914 00:55:48.939092     8 HQControlCodec.h:58] Unexpected control stream EOF
relay-1        | E20260914 00:55:48.939174     8 HQSession.cpp:3158] Got error on control stream error=HTTP: Critical stream was closed streamID=2 sess=proto=h3, UA=, client CID=643a7874f129b5b8, server CID=4000000423d9380b, downstream=[::ffff:172.18.0.3]:58438, [::]:4443=local, drain=none
relay-1        | E0914 00:55:48.939283     8 MoQServer.h:192] proxygen::HTTPException: Got error=ApplicationError: 260, HTTP error on control stream
relay-1        | V0914 00:55:48.939297     8 MoQSession.cpp:7213] onSessionEnderr=4294967295 sess=0x7f268005bdf0
relay-1        | V0914 00:55:48.939301     8 MoQSession.cpp:2923] close sess=0x7f268005bdf0
relay-1        | V0914 00:55:48.939311     8 MoQSession.cpp:2602] requestCancellation from cleanup sess=0x7f268005bdf0
relay-1        | V0914 00:55:48.939324     8 MoQSession.cpp:2940] requestCancellation from close sess=0x7f268005bdf0
relay-1        | V0914 00:55:48.939446     8 MoQSession.cpp:3348] exit controlReadLoop sess=0x7f268005bdf0
relay-1        | V0914 00:55:48.939576     8 MoQSession.cpp:2949] exit controlWriteLoop sess=0x7f268005bdf0
test-client-1  | [2m2026-09-14T00:55:48.940056Z[0m [32m INFO[0m [2mmoq_native_ietf::quic[0m[2m:[0m UDP socket bound [3mbind[0m[2m=[0m[::]:0 [3mlocal[0m[2m=[0m[::]:36325 [3mdual_stack[0m[2m=[0mtrue
relay-1        | V0914 00:55:48.942090     8 MoQServer.cpp:325] MoQServer WebTransport: supported protocols: moqt-18, moqt-16, moqt-15, moq-00
relay-1        | V0914 00:55:48.942114     8 MoQServer.cpp:335] WebTransport: Negotiated protocol: moqt-18
relay-1        | V0914 00:55:48.942219     8 MoQSession.cpp:2648] start sess=0x7f268007f280
relay-1        | V0914 00:55:48.942337     8 MoQSession.cpp:2991] sendSetup sess=0x7f268007f280
relay-1        | V0914 00:55:48.942493     8 MoQSession.cpp:2947] controlWriteLoop sess=0x7f268007f280
relay-1        | V0914 00:55:48.942542     8 MoQSession.cpp:6787] onNewUniStream sess=0x7f268007f280
relay-1        | V0914 00:55:48.942671     8 MoQSession.cpp:3346] controlReadLoop sess=0x7f268007f280
relay-1        | V0914 00:55:48.942710     8 MoQSession.cpp:3135] onClientSetup sess=0x7f268007f280
relay-1        | V0914 00:55:48.942740     8 MoQServerBase.cpp:88] MoQServerBase::ClientSetup
relay-1        | V0914 00:55:48.942760     8 MoQServerBase.cpp:93] MoQServerBase::ClientSetup: Using ALPN-negotiated version: moqt-18
relay-1        | V0914 00:55:48.942782     8 MoQSession.cpp:3211] Negotiated Version=0xff000012 (draft-18)
relay-1        | V0914 00:55:48.942870     8 MoQSession.cpp:6815] onNewBidiStream sess=0x7f268007f280
relay-1        | V0914 00:55:48.942930     8 MoQSession.cpp:3346] controlReadLoop sess=0x7f268007f280
relay-1        | V0914 00:55:48.942976     8 MoQSession.cpp:4242] onSubscribeImpl ftn=moq-test-00/0/0/0/2/4/5/64/32/2/1/1/0/-1/-1/0/moq-test-f369e67b0132ee7a sess=0x7f268007f280
relay-1        | V0914 00:55:48.950129     8 MoQSession.cpp:2540] ~MoQSession sess=0x7f268005bdf0
test-client-1  | [2m2026-09-14T00:55:49.144811Z[0m [32m INFO[0m [2mmoq_native_ietf::quic[0m[2m:[0m UDP socket bound [3mbind[0m[2m=[0m[::]:0 [3mlocal[0m[2m=[0m[::]:44416 [3mdual_stack[0m[2m=[0mtrue
relay-1        | V0914 00:55:49.146902     8 MoQServer.cpp:325] MoQServer WebTransport: supported protocols: moqt-18, moqt-16, moqt-15, moq-00
relay-1        | V0914 00:55:49.146928     8 MoQServer.cpp:335] WebTransport: Negotiated protocol: moqt-18
relay-1        | V0914 00:55:49.147038     8 MoQSession.cpp:2648] start sess=0x7f268005d6e0
relay-1        | V0914 00:55:49.147063     8 MoQSession.cpp:2991] sendSetup sess=0x7f268005d6e0
relay-1        | V0914 00:55:49.147167     8 MoQSession.cpp:2947] controlWriteLoop sess=0x7f268005d6e0
relay-1        | V0914 00:55:49.147295     8 MoQSession.cpp:6787] onNewUniStream sess=0x7f268005d6e0
relay-1        | V0914 00:55:49.147315     8 MoQSession.cpp:3346] controlReadLoop sess=0x7f268005d6e0
relay-1        | V0914 00:55:49.147320     8 MoQSession.cpp:3135] onClientSetup sess=0x7f268005d6e0
relay-1        | V0914 00:55:49.147323     8 MoQServerBase.cpp:88] MoQServerBase::ClientSetup
relay-1        | V0914 00:55:49.147325     8 MoQServerBase.cpp:93] MoQServerBase::ClientSetup: Using ALPN-negotiated version: moqt-18
relay-1        | V0914 00:55:49.147330     8 MoQSession.cpp:3211] Negotiated Version=0xff000012 (draft-18)
relay-1        | V0914 00:55:49.147458     8 MoQSession.cpp:6815] onNewBidiStream sess=0x7f268005d6e0
relay-1        | V0914 00:55:49.147510     8 MoQSession.cpp:3346] controlReadLoop sess=0x7f268005d6e0
relay-1        | V0914 00:55:49.147530     8 MoQSession.cpp:4921] onPublishImpl reqID=0 sess=0x7f268005d6e0
relay-1        | V0914 00:55:49.147545     8 MoQRelay.cpp:422] publish ftn=moq-test-00/0/0/0/2/4/5/64/32/2/1/1/0/-1/-1/0/moq-test-f369e67b0132ee7a
relay-1        | E0914 00:55:49.147555     8 MoQRelay.cpp:82] prefix not found in tree
relay-1        | V0914 00:55:49.147574     8 MoQSession.cpp:6014] publishOk reqID=0 sess=0x7f268005d6e0
relay-1        | V0914 00:55:49.147656     8 MoQLocation.h:24] m=AbsoluteStart g=0 o=0
relay-1        | V0914 00:55:49.147693     8 MoQLocation.h:59] g=0 o=0 g=4611686018427387903 o=4611686018427387903
relay-1        | I0914 00:55:49.147721     8 MoQRelay.cpp:1982] Updating forward for moq-test-00/0/0/0/2/4/5/64/32/2/1/1/0/-1/-1/0/moq-test-f369e67b0132ee7a numForwardingSubs=1
relay-1        | V0914 00:55:49.147752     8 MoQSession.cpp:6191] sendSubscribeOk sess=0x7f268007f280
relay-1        | V0914 00:55:49.147823     8 MoQSession.cpp:6504] requestUpdate sess=0x7f268005d6e0
test-client-1  | [2m2026-09-14T00:55:49.147947Z[0m [32m INFO[0m [2mmoq_test_client::moqtest[0m[2m:[0m PUBLISH accepted and subscription bound; generating objects [3mobjects[0m[2m=[0m15 [3mstreams[0m[2m=[0m3
relay-1        | V0914 00:55:49.148148     8 MoQSession.cpp:5054] PublishDone id=0 code=2 reason=publish ended
relay-1        | V0914 00:55:49.148164     8 MoQSession.cpp:2186] processPublishDone trackReceiveState=0x7f2680087920
relay-1        | V0914 00:55:49.148170     8 MoQRelay.cpp:383] onPublishDoneImpl ftn=moq-test-00/0/0/0/2/4/5/64/32/2/1/1/0/-1/-1/0/moq-test-f369e67b0132ee7a
relay-1        | V0914 00:55:49.148210     8 MoQRelay.cpp:303] Pruning empty subtree at: moq-test-00
relay-1        | V0914 00:55:49.148217     8 MoQForwarder.cpp:609] publishDone pubDone reason=publish ended
relay-1        | V0914 00:55:49.148221     8 MoQForwarder.cpp:318] drainSubscriber from publishDone session=0x7f268007f280
relay-1        | V0914 00:55:49.148226     8 MoQSession.cpp:6304] sendPublishDone sess=0x7f268007f280
relay-1        | V0914 00:55:49.148237     8 MoQSession.cpp:6474] publisherDrained id=0 sess=0x7f268007f280
relay-1        | V0914 00:55:49.148252     8 MoQForwarder.cpp:384] Resetting open subgroups for subscriber=0x7f2680087660
relay-1        | V0914 00:55:49.148256     8 MoQForwarder.cpp:406] subscribers_.size()=0
relay-1        | I0914 00:55:49.148264     8 MoQRelay.cpp:1945] Publisher terminated for moq-test-00/0/0/0/2/4/5/64/32/2/1/1/0/-1/-1/0/moq-test-f369e67b0132ee7a
relay-1        | V0914 00:55:49.148274     8 MoQSession.cpp:3459] Failing pending request id=1 peer FINed without terminal reply sess=0x7f268005d6e0
relay-1        | V0914 00:55:49.148283     8 MoQSession.cpp:3348] exit controlReadLoop sess=0x7f268005d6e0
relay-1        | E0914 00:55:49.148367     8 MoQRelay.cpp:36] requestUpdate failed: peer FINed without terminal reply
relay-1        | V0914 00:55:49.148631     8 MoQSession.cpp:3348] exit controlReadLoop sess=0x7f268007f280
relay-1        | V0914 00:55:49.148648     8 MoQSession.cpp:3348] exit controlReadLoop sess=0x7f268007f280
test-client-1  | not ok 10 - moq-test-subgroup-per-group
test-client-1  |   ---
test-client-1  |   duration_ms: 225
test-client-1  |   message: "failed to create subgroup: cancelled"
test-client-1  |   ...
relay-1        | E20260914 00:55:49.164192     8 HQControlCodec.h:58] Unexpected control stream EOF
relay-1        | E20260914 00:55:49.164258     8 HQSession.cpp:3158] Got error on control stream error=HTTP: Critical stream was closed streamID=2 sess=proto=h3, UA=, client CID=fbb145ccc9356afd, server CID=40000014c001e330, downstream=[::ffff:172.18.0.3]:44416, [::]:4443=local, drain=none
relay-1        | E20260914 00:55:49.164314     8 HQControlCodec.h:58] Unexpected control stream EOF
relay-1        | E20260914 00:55:49.164338     8 HQSession.cpp:3158] Got error on control stream error=HTTP: Critical stream was closed streamID=2 sess=proto=h3, UA=, client CID=e0b3a21c273fde61, server CID=4000000b7e065a3d, downstream=[::ffff:172.18.0.3]:36325, [::]:4443=local, drain=none
relay-1        | E0914 00:55:49.164459     8 MoQServer.h:192] proxygen::HTTPException: Got error=ApplicationError: 260, HTTP error on control stream
relay-1        | V0914 00:55:49.164498     8 MoQSession.cpp:7213] onSessionEnderr=4294967295 sess=0x7f268005d6e0
relay-1        | V0914 00:55:49.164521     8 MoQSession.cpp:2923] close sess=0x7f268005d6e0
relay-1        | V0914 00:55:49.164547     8 MoQSession.cpp:2602] requestCancellation from cleanup sess=0x7f268005d6e0
relay-1        | V0914 00:55:49.164579     8 MoQSession.cpp:2940] requestCancellation from close sess=0x7f268005d6e0
relay-1        | E0914 00:55:49.164679     8 MoQServer.h:192] proxygen::HTTPException: Got error=ApplicationError: 260, HTTP error on control stream
test-client-1  | [2m2026-09-14T00:55:49.164775Z[0m [33m WARN[0m [2mweb_transport_quinn::session[0m[2m:[0m failed to read capsule [3me[0m[2m=[0mUnexpectedEnd
test-client-1  | [2m2026-09-14T00:55:49.164990Z[0m [33m WARN[0m [2mweb_transport_quinn::session[0m[2m:[0m failed to read capsule [3me[0m[2m=[0mUnexpectedEnd
relay-1        | V0914 00:55:49.164808     8 MoQSession.cpp:7213] onSessionEnderr=4294967295 sess=0x7f268007f280
relay-1        | V0914 00:55:49.164817     8 MoQSession.cpp:2923] close sess=0x7f268007f280
relay-1        | V0914 00:55:49.164823     8 MoQSession.cpp:2602] requestCancellation from cleanup sess=0x7f268007f280
relay-1        | V0914 00:55:49.164837     8 MoQSession.cpp:2940] requestCancellation from close sess=0x7f268007f280
relay-1        | V0914 00:55:49.164925     8 MoQSession.cpp:3348] exit controlReadLoop sess=0x7f268005d6e0
relay-1        | V0914 00:55:49.164958     8 MoQSession.cpp:2949] exit controlWriteLoop sess=0x7f268005d6e0
relay-1        | V0914 00:55:49.164966     8 MoQSession.cpp:2540] ~MoQSession sess=0x7f268005d6e0
relay-1        | V0914 00:55:49.164981     8 MoQSession.cpp:2949] exit controlWriteLoop sess=0x7f268007f280
test-client-1  | [2m2026-09-14T00:55:49.165310Z[0m [32m INFO[0m [2mmoq_native_ietf::quic[0m[2m:[0m UDP socket bound [3mbind[0m[2m=[0m[::]:0 [3mlocal[0m[2m=[0m[::]:55515 [3mdual_stack[0m[2m=[0mtrue
relay-1        | V0914 00:55:49.169778     8 MoQServer.cpp:325] MoQServer WebTransport: supported protocols: moqt-18, moqt-16, moqt-15, moq-00
relay-1        | V0914 00:55:49.169794     8 MoQServer.cpp:335] WebTransport: Negotiated protocol: moqt-18
relay-1        | V0914 00:55:49.169888     8 MoQSession.cpp:2648] start sess=0x7f2680062fb0
relay-1        | V0914 00:55:49.169955     8 MoQSession.cpp:2991] sendSetup sess=0x7f2680062fb0
relay-1        | V0914 00:55:49.170102     8 MoQSession.cpp:2947] controlWriteLoop sess=0x7f2680062fb0
relay-1        | V0914 00:55:49.170212     8 MoQSession.cpp:6787] onNewUniStream sess=0x7f2680062fb0
relay-1        | V0914 00:55:49.170268     8 MoQSession.cpp:3346] controlReadLoop sess=0x7f2680062fb0
relay-1        | V0914 00:55:49.170276     8 MoQSession.cpp:3135] onClientSetup sess=0x7f2680062fb0
relay-1        | V0914 00:55:49.170280     8 MoQServerBase.cpp:88] MoQServerBase::ClientSetup
relay-1        | V0914 00:55:49.170284     8 MoQServerBase.cpp:93] MoQServerBase::ClientSetup: Using ALPN-negotiated version: moqt-18
relay-1        | V0914 00:55:49.170289     8 MoQSession.cpp:3211] Negotiated Version=0xff000012 (draft-18)
relay-1        | V0914 00:55:49.170488     8 MoQSession.cpp:6815] onNewBidiStream sess=0x7f2680062fb0
relay-1        | V0914 00:55:49.170517     8 MoQSession.cpp:3346] controlReadLoop sess=0x7f2680062fb0
relay-1        | V0914 00:55:49.170532     8 MoQSession.cpp:4242] onSubscribeImpl ftn=moq-test-00/0/0/0/2/5/5/64/32/2/1/1/1/-1/-1/0/moq-test-a2e50caf186d40f9 sess=0x7f2680062fb0
relay-1        | V0914 00:55:49.177669     8 MoQSession.cpp:2540] ~MoQSession sess=0x7f268007f280
test-client-1  | [2m2026-09-14T00:55:49.372282Z[0m [32m INFO[0m [2mmoq_native_ietf::quic[0m[2m:[0m UDP socket bound [3mbind[0m[2m=[0m[::]:0 [3mlocal[0m[2m=[0m[::]:58635 [3mdual_stack[0m[2m=[0mtrue
relay-1        | V0914 00:55:49.374578     8 MoQServer.cpp:325] MoQServer WebTransport: supported protocols: moqt-18, moqt-16, moqt-15, moq-00
relay-1        | V0914 00:55:49.374605     8 MoQServer.cpp:335] WebTransport: Negotiated protocol: moqt-18
relay-1        | V0914 00:55:49.374711     8 MoQSession.cpp:2648] start sess=0x7f268007f280
relay-1        | V0914 00:55:49.374760     8 MoQSession.cpp:2991] sendSetup sess=0x7f268007f280
relay-1        | V0914 00:55:49.374912     8 MoQSession.cpp:2947] controlWriteLoop sess=0x7f268007f280
relay-1        | V0914 00:55:49.375141     8 MoQSession.cpp:6787] onNewUniStream sess=0x7f268007f280
relay-1        | V0914 00:55:49.375174     8 MoQSession.cpp:3346] controlReadLoop sess=0x7f268007f280
relay-1        | V0914 00:55:49.375182     8 MoQSession.cpp:3135] onClientSetup sess=0x7f268007f280
relay-1        | V0914 00:55:49.375187     8 MoQServerBase.cpp:88] MoQServerBase::ClientSetup
relay-1        | V0914 00:55:49.375190     8 MoQServerBase.cpp:93] MoQServerBase::ClientSetup: Using ALPN-negotiated version: moqt-18
relay-1        | V0914 00:55:49.375196     8 MoQSession.cpp:3211] Negotiated Version=0xff000012 (draft-18)
relay-1        | V0914 00:55:49.375241     8 MoQSession.cpp:6815] onNewBidiStream sess=0x7f268007f280
relay-1        | V0914 00:55:49.375272     8 MoQSession.cpp:3346] controlReadLoop sess=0x7f268007f280
relay-1        | V0914 00:55:49.375287     8 MoQSession.cpp:4921] onPublishImpl reqID=0 sess=0x7f268007f280
relay-1        | V0914 00:55:49.375307     8 MoQRelay.cpp:422] publish ftn=moq-test-00/0/0/0/2/5/5/64/32/2/1/1/1/-1/-1/0/moq-test-a2e50caf186d40f9
relay-1        | E0914 00:55:49.375314     8 MoQRelay.cpp:82] prefix not found in tree
relay-1        | V0914 00:55:49.375369     8 MoQSession.cpp:6014] publishOk reqID=0 sess=0x7f268007f280
relay-1        | V0914 00:55:49.375512     8 MoQLocation.h:24] m=AbsoluteStart g=0 o=0
relay-1        | V0914 00:55:49.375549     8 MoQLocation.h:59] g=0 o=0 g=4611686018427387903 o=4611686018427387903
relay-1        | I0914 00:55:49.375575     8 MoQRelay.cpp:1982] Updating forward for moq-test-00/0/0/0/2/5/5/64/32/2/1/1/1/-1/-1/0/moq-test-a2e50caf186d40f9 numForwardingSubs=1
relay-1        | V0914 00:55:49.375595     8 MoQSession.cpp:6191] sendSubscribeOk sess=0x7f2680062fb0
relay-1        | V0914 00:55:49.375674     8 MoQSession.cpp:6504] requestUpdate sess=0x7f268007f280
test-client-1  | [2m2026-09-14T00:55:49.375737Z[0m [32m INFO[0m [2mmoq_test_client::moqtest[0m[2m:[0m PUBLISH accepted and subscription bound; generating objects [3mobjects[0m[2m=[0m15 [3mstreams[0m[2m=[0m3
relay-1        | V0914 00:55:49.376004     8 MoQSession.cpp:5054] PublishDone id=0 code=2 reason=publish ended
relay-1        | V0914 00:55:49.376033     8 MoQSession.cpp:2186] processPublishDone trackReceiveState=0x7f26800637f0
relay-1        | V0914 00:55:49.376040     8 MoQRelay.cpp:383] onPublishDoneImpl ftn=moq-test-00/0/0/0/2/5/5/64/32/2/1/1/1/-1/-1/0/moq-test-a2e50caf186d40f9
relay-1        | V0914 00:55:49.376047     8 MoQRelay.cpp:303] Pruning empty subtree at: moq-test-00
relay-1        | V0914 00:55:49.376054     8 MoQForwarder.cpp:609] publishDone pubDone reason=publish ended
relay-1        | V0914 00:55:49.376059     8 MoQForwarder.cpp:318] drainSubscriber from publishDone session=0x7f2680062fb0
relay-1        | V0914 00:55:49.376063     8 MoQSession.cpp:6304] sendPublishDone sess=0x7f2680062fb0
relay-1        | V0914 00:55:49.376073     8 MoQSession.cpp:6474] publisherDrained id=0 sess=0x7f2680062fb0
relay-1        | V0914 00:55:49.376084     8 MoQForwarder.cpp:384] Resetting open subgroups for subscriber=0x7f2680087660
relay-1        | V0914 00:55:49.376088     8 MoQForwarder.cpp:406] subscribers_.size()=0
relay-1        | I0914 00:55:49.376095     8 MoQRelay.cpp:1945] Publisher terminated for moq-test-00/0/0/0/2/5/5/64/32/2/1/1/1/-1/-1/0/moq-test-a2e50caf186d40f9
relay-1        | V0914 00:55:49.376105     8 MoQSession.cpp:3459] Failing pending request id=1 peer FINed without terminal reply sess=0x7f268007f280
relay-1        | V0914 00:55:49.376115     8 MoQSession.cpp:3348] exit controlReadLoop sess=0x7f268007f280
relay-1        | E0914 00:55:49.376176     8 MoQRelay.cpp:36] requestUpdate failed: peer FINed without terminal reply
relay-1        | V0914 00:55:49.376365     8 MoQSession.cpp:3348] exit controlReadLoop sess=0x7f2680062fb0
relay-1        | V0914 00:55:49.376380     8 MoQSession.cpp:3348] exit controlReadLoop sess=0x7f2680062fb0
test-client-1  | not ok 11 - moq-test-subgroup-per-group-eog
test-client-1  |   ---
test-client-1  |   duration_ms: 229
test-client-1  |   message: "failed to create subgroup: cancelled"
test-client-1  |   ...
relay-1        | E20260914 00:55:49.393766     8 HQControlCodec.h:58] Unexpected control stream EOF
relay-1        | E20260914 00:55:49.393819     8 HQSession.cpp:3158] Got error on control stream error=HTTP: Critical stream was closed streamID=2 sess=proto=h3, UA=, client CID=be96fab03ecc9642, server CID=40000000a4110066, downstream=[::ffff:172.18.0.3]:58635, [::]:4443=local, drain=none
relay-1        | E20260914 00:55:49.393864     8 HQControlCodec.h:58] Unexpected control stream EOF
relay-1        | E20260914 00:55:49.393890     8 HQSession.cpp:3158] Got error on control stream error=HTTP: Critical stream was closed streamID=2 sess=proto=h3, UA=, client CID=9cd5f0d698cca5a2, server CID=4000001194841f7e, downstream=[::ffff:172.18.0.3]:55515, [::]:4443=local, drain=none
test-client-1  | [2m2026-09-14T00:55:49.394143Z[0m [33m WARN[0m [2mweb_transport_quinn::session[0m[2m:[0m failed to read capsule [3me[0m[2m=[0mUnexpectedEnd
test-client-1  | [2m2026-09-14T00:55:49.394203Z[0m [33m WARN[0m [2mweb_transport_quinn::session[0m[2m:[0m failed to read capsule [3me[0m[2m=[0mUnexpectedEnd
relay-1        | E0914 00:55:49.393950     8 MoQServer.h:192] proxygen::HTTPException: Got error=ApplicationError: 260, HTTP error on control stream
relay-1        | V0914 00:55:49.393961     8 MoQSession.cpp:7213] onSessionEnderr=4294967295 sess=0x7f268007f280
relay-1        | V0914 00:55:49.393966     8 MoQSession.cpp:2923] close sess=0x7f268007f280
relay-1        | V0914 00:55:49.393974     8 MoQSession.cpp:2602] requestCancellation from cleanup sess=0x7f268007f280
relay-1        | V0914 00:55:49.393990     8 MoQSession.cpp:2940] requestCancellation from close sess=0x7f268007f280
relay-1        | E0914 00:55:49.394091     8 MoQServer.h:192] proxygen::HTTPException: Got error=ApplicationError: 260, HTTP error on control stream
relay-1        | V0914 00:55:49.394099     8 MoQSession.cpp:7213] onSessionEnderr=4294967295 sess=0x7f2680062fb0
relay-1        | V0914 00:55:49.394103     8 MoQSession.cpp:2923] close sess=0x7f2680062fb0
relay-1        | V0914 00:55:49.394109     8 MoQSession.cpp:2602] requestCancellation from cleanup sess=0x7f2680062fb0
relay-1        | V0914 00:55:49.394118     8 MoQSession.cpp:2940] requestCancellation from close sess=0x7f2680062fb0
relay-1        | V0914 00:55:49.394198     8 MoQSession.cpp:3348] exit controlReadLoop sess=0x7f268007f280
relay-1        | V0914 00:55:49.394230     8 MoQSession.cpp:2949] exit controlWriteLoop sess=0x7f268007f280
relay-1        | V0914 00:55:49.394238     8 MoQSession.cpp:2540] ~MoQSession sess=0x7f268007f280
relay-1        | V0914 00:55:49.394251     8 MoQSession.cpp:2949] exit controlWriteLoop sess=0x7f2680062fb0
test-client-1  | [2m2026-09-14T00:55:49.394886Z[0m [32m INFO[0m [2mmoq_native_ietf::quic[0m[2m:[0m UDP socket bound [3mbind[0m[2m=[0m[::]:0 [3mlocal[0m[2m=[0m[::]:57271 [3mdual_stack[0m[2m=[0mtrue
relay-1        | V0914 00:55:49.396917     8 MoQServer.cpp:325] MoQServer WebTransport: supported protocols: moqt-18, moqt-16, moqt-15, moq-00
relay-1        | V0914 00:55:49.396938     8 MoQServer.cpp:335] WebTransport: Negotiated protocol: moqt-18
relay-1        | V0914 00:55:49.397030     8 MoQSession.cpp:2648] start sess=0x7f2680089150
relay-1        | V0914 00:55:49.397056     8 MoQSession.cpp:2991] sendSetup sess=0x7f2680089150
relay-1        | V0914 00:55:49.397108     8 MoQSession.cpp:2947] controlWriteLoop sess=0x7f2680089150
relay-1        | V0914 00:55:49.397328     8 MoQSession.cpp:6787] onNewUniStream sess=0x7f2680089150
relay-1        | V0914 00:55:49.397367     8 MoQSession.cpp:6815] onNewBidiStream sess=0x7f2680089150
relay-1        | V0914 00:55:49.397379     8 MoQSession.cpp:3346] controlReadLoop sess=0x7f2680089150
relay-1        | V0914 00:55:49.397384     8 MoQSession.cpp:3135] onClientSetup sess=0x7f2680089150
relay-1        | V0914 00:55:49.397388     8 MoQServerBase.cpp:88] MoQServerBase::ClientSetup
relay-1        | V0914 00:55:49.397422     8 MoQServerBase.cpp:93] MoQServerBase::ClientSetup: Using ALPN-negotiated version: moqt-18
relay-1        | V0914 00:55:49.397429     8 MoQSession.cpp:3211] Negotiated Version=0xff000012 (draft-18)
relay-1        | V0914 00:55:49.397449     8 MoQSession.cpp:3346] controlReadLoop sess=0x7f2680089150
relay-1        | V0914 00:55:49.397463     8 MoQSession.cpp:4242] onSubscribeImpl ftn=moq-test-00/1/0/0/1/3/4/64/32/2/1/1/0/-1/-1/0/moq-test-338d8119ce1e276e sess=0x7f2680089150
relay-1        | V0914 00:55:49.403586     8 MoQSession.cpp:2540] ~MoQSession sess=0x7f2680062fb0
test-client-1  | [2m2026-09-14T00:55:49.599570Z[0m [32m INFO[0m [2mmoq_native_ietf::quic[0m[2m:[0m UDP socket bound [3mbind[0m[2m=[0m[::]:0 [3mlocal[0m[2m=[0m[::]:59985 [3mdual_stack[0m[2m=[0mtrue
relay-1        | V0914 00:55:49.601453     8 MoQServer.cpp:325] MoQServer WebTransport: supported protocols: moqt-18, moqt-16, moqt-15, moq-00
relay-1        | V0914 00:55:49.601471     8 MoQServer.cpp:335] WebTransport: Negotiated protocol: moqt-18
relay-1        | V0914 00:55:49.601591     8 MoQSession.cpp:2648] start sess=0x7f2680037f70
relay-1        | V0914 00:55:49.601615     8 MoQSession.cpp:2991] sendSetup sess=0x7f2680037f70
relay-1        | V0914 00:55:49.601721     8 MoQSession.cpp:2947] controlWriteLoop sess=0x7f2680037f70
relay-1        | V0914 00:55:49.601802     8 MoQSession.cpp:6787] onNewUniStream sess=0x7f2680037f70
relay-1        | V0914 00:55:49.601851     8 MoQSession.cpp:3346] controlReadLoop sess=0x7f2680037f70
relay-1        | V0914 00:55:49.601857     8 MoQSession.cpp:3135] onClientSetup sess=0x7f2680037f70
relay-1        | V0914 00:55:49.601860     8 MoQServerBase.cpp:88] MoQServerBase::ClientSetup
relay-1        | V0914 00:55:49.601862     8 MoQServerBase.cpp:93] MoQServerBase::ClientSetup: Using ALPN-negotiated version: moqt-18
relay-1        | V0914 00:55:49.601866     8 MoQSession.cpp:3211] Negotiated Version=0xff000012 (draft-18)
relay-1        | V0914 00:55:49.601969     8 MoQSession.cpp:6815] onNewBidiStream sess=0x7f2680037f70
relay-1        | V0914 00:55:49.602006     8 MoQSession.cpp:3346] controlReadLoop sess=0x7f2680037f70
relay-1        | V0914 00:55:49.602019     8 MoQSession.cpp:4921] onPublishImpl reqID=0 sess=0x7f2680037f70
relay-1        | V0914 00:55:49.602071     8 MoQRelay.cpp:422] publish ftn=moq-test-00/1/0/0/1/3/4/64/32/2/1/1/0/-1/-1/0/moq-test-338d8119ce1e276e
relay-1        | E0914 00:55:49.602081     8 MoQRelay.cpp:82] prefix not found in tree
relay-1        | V0914 00:55:49.602102     8 MoQSession.cpp:6014] publishOk reqID=0 sess=0x7f2680037f70
relay-1        | V0914 00:55:49.602214     8 MoQLocation.h:24] m=AbsoluteStart g=0 o=0
relay-1        | V0914 00:55:49.602225     8 MoQLocation.h:59] g=0 o=0 g=4611686018427387903 o=4611686018427387903
relay-1        | I0914 00:55:49.602233     8 MoQRelay.cpp:1982] Updating forward for moq-test-00/1/0/0/1/3/4/64/32/2/1/1/0/-1/-1/0/moq-test-338d8119ce1e276e numForwardingSubs=1
relay-1        | V0914 00:55:49.602243     8 MoQSession.cpp:6191] sendSubscribeOk sess=0x7f2680089150
relay-1        | V0914 00:55:49.602316     8 MoQSession.cpp:6504] requestUpdate sess=0x7f2680037f70
test-client-1  | [2m2026-09-14T00:55:49.602378Z[0m [32m INFO[0m [2mmoq_test_client::moqtest[0m[2m:[0m PUBLISH accepted and subscription bound; generating objects [3mobjects[0m[2m=[0m8 [3mstreams[0m[2m=[0m8
test-client-1  | [2m2026-09-14T00:55:49.602538Z[0m [33m WARN[0m [2mmoq_transport::session[0m[2m:[0m unexpected bidi response message type [3mmsg_type[0m[2m=[0m2
test-client-1  | [2m2026-09-14T00:55:49.602575Z[0m [33m WARN[0m [2mmoq_transport::serve::error[0m[2m:[0m [9aef5058-1837-417c-b1f4-f1c2004b3797] Not implemented: bidi response type 0x2 at moq-transport/src/session/error.rs:89
relay-1        | V0914 00:55:49.602704     8 MoQSession.cpp:3459] Failing pending request id=1 peer FINed without terminal reply sess=0x7f2680037f70
relay-1        | V0914 00:55:49.602718     8 MoQSession.cpp:3348] exit controlReadLoop sess=0x7f2680037f70
relay-1        | E0914 00:55:49.602725     8 MoQRelay.cpp:36] requestUpdate failed: peer FINed without terminal reply
test-client-1  | not ok 12 - moq-test-subgroup-per-object
test-client-1  |   ---
test-client-1  |   duration_ms: 212
test-client-1  |   message: "failed to create subgroup: cancelled"
test-client-1  |   ...
test-client-1  | [2m2026-09-14T00:55:49.606404Z[0m [33m WARN[0m [2mweb_transport_quinn::session[0m[2m:[0m failed to read capsule [3me[0m[2m=[0mUnexpectedEnd
test-client-1  | [2m2026-09-14T00:55:49.606622Z[0m [33m WARN[0m [2mweb_transport_quinn::session[0m[2m:[0m failed to read capsule [3me[0m[2m=[0mUnexpectedEnd
relay-1        | E20260914 00:55:49.606040     8 HQControlCodec.h:58] Unexpected control stream EOF
relay-1        | E20260914 00:55:49.606098     8 HQSession.cpp:3158] Got error on control stream error=HTTP: Critical stream was closed streamID=2 sess=proto=h3, UA=, client CID=0b22391ae0665348, server CID=4000001f863cf35d, downstream=[::ffff:172.18.0.3]:59985, [::]:4443=local, drain=none
relay-1        | E20260914 00:55:49.606149     8 HQControlCodec.h:58] Unexpected control stream EOF
relay-1        | E20260914 00:55:49.606165     8 HQSession.cpp:3158] Got error on control stream error=HTTP: Critical stream was closed streamID=2 sess=proto=h3, UA=, client CID=2f2e9a632f49120c, server CID=400000093cd31616, downstream=[::ffff:172.18.0.3]:57271, [::]:4443=local, drain=none
relay-1        | E0914 00:55:49.606199     8 MoQServer.h:192] proxygen::HTTPException: Got error=ApplicationError: 260, HTTP error on control stream
relay-1        | V0914 00:55:49.606205     8 MoQSession.cpp:7213] onSessionEnderr=4294967295 sess=0x7f2680037f70
relay-1        | V0914 00:55:49.606208     8 MoQSession.cpp:2923] close sess=0x7f2680037f70
relay-1        | V0914 00:55:49.606214     8 MoQSession.cpp:2157] subscribeError trackReceiveState=0x7f268008e920
relay-1        | V0914 00:55:49.606216     8 MoQSession.cpp:2186] processPublishDone trackReceiveState=0x7f268008e920
relay-1        | V0914 00:55:49.606221     8 MoQRelay.cpp:383] onPublishDoneImpl ftn=moq-test-00/1/0/0/1/3/4/64/32/2/1/1/0/-1/-1/0/moq-test-338d8119ce1e276e
test-client-1  | [2m2026-09-14T00:55:49.606772Z[0m [32m INFO[0m [2mmoq_native_ietf::quic[0m[2m:[0m UDP socket bound [3mbind[0m[2m=[0m[::]:0 [3mlocal[0m[2m=[0m[::]:40595 [3mdual_stack[0m[2m=[0mtrue
relay-1        | V0914 00:55:49.606227     8 MoQRelay.cpp:303] Pruning empty subtree at: moq-test-00
relay-1        | V0914 00:55:49.606233     8 MoQForwarder.cpp:609] publishDone pubDone reason=closed locally
relay-1        | V0914 00:55:49.606236     8 MoQForwarder.cpp:318] drainSubscriber from publishDone session=0x7f2680089150
relay-1        | V0914 00:55:49.606239     8 MoQSession.cpp:6304] sendPublishDone sess=0x7f2680089150
relay-1        | V0914 00:55:49.606248     8 MoQSession.cpp:6474] publisherDrained id=0 sess=0x7f2680089150
relay-1        | V0914 00:55:49.606251     8 MoQForwarder.cpp:384] Resetting open subgroups for subscriber=0x7f2680087660
relay-1        | V0914 00:55:49.606254     8 MoQForwarder.cpp:406] subscribers_.size()=0
relay-1        | I0914 00:55:49.606259     8 MoQRelay.cpp:1945] Publisher terminated for moq-test-00/1/0/0/1/3/4/64/32/2/1/1/0/-1/-1/0/moq-test-338d8119ce1e276e
relay-1        | V0914 00:55:49.606264     8 MoQSession.cpp:2141] cancel alias=0 requestID=0
relay-1        | V0914 00:55:49.606268     8 MoQSession.cpp:2602] requestCancellation from cleanup sess=0x7f2680037f70
relay-1        | V0914 00:55:49.606277     8 MoQSession.cpp:2940] requestCancellation from close sess=0x7f2680037f70
relay-1        | E0914 00:55:49.606380     8 MoQServer.h:192] proxygen::HTTPException: Got error=ApplicationError: 260, HTTP error on control stream
relay-1        | V0914 00:55:49.606388     8 MoQSession.cpp:7213] onSessionEnderr=4294967295 sess=0x7f2680089150
relay-1        | V0914 00:55:49.606391     8 MoQSession.cpp:2923] close sess=0x7f2680089150
relay-1        | V0914 00:55:49.606397     8 MoQSession.cpp:2602] requestCancellation from cleanup sess=0x7f2680089150
relay-1        | V0914 00:55:49.606406     8 MoQSession.cpp:2940] requestCancellation from close sess=0x7f2680089150
relay-1        | V0914 00:55:49.606490     8 MoQSession.cpp:3348] exit controlReadLoop sess=0x7f2680037f70
relay-1        | V0914 00:55:49.606499     8 MoQSession.cpp:3348] exit controlReadLoop sess=0x7f2680089150
relay-1        | V0914 00:55:49.606505     8 MoQSession.cpp:3348] exit controlReadLoop sess=0x7f2680089150
relay-1        | V0914 00:55:49.606533     8 MoQSession.cpp:2949] exit controlWriteLoop sess=0x7f2680037f70
relay-1        | V0914 00:55:49.606540     8 MoQSession.cpp:2540] ~MoQSession sess=0x7f2680037f70
relay-1        | V0914 00:55:49.606553     8 MoQSession.cpp:2949] exit controlWriteLoop sess=0x7f2680089150
relay-1        | V0914 00:55:49.608426     8 MoQServer.cpp:325] MoQServer WebTransport: supported protocols: moqt-18, moqt-16, moqt-15, moq-00
relay-1        | V0914 00:55:49.608439     8 MoQServer.cpp:335] WebTransport: Negotiated protocol: moqt-18
relay-1        | V0914 00:55:49.608518     8 MoQSession.cpp:2648] start sess=0x7f2680070620
relay-1        | V0914 00:55:49.608534     8 MoQSession.cpp:2991] sendSetup sess=0x7f2680070620
relay-1        | V0914 00:55:49.608591     8 MoQSession.cpp:2947] controlWriteLoop sess=0x7f2680070620
relay-1        | V0914 00:55:49.608854     8 MoQSession.cpp:6787] onNewUniStream sess=0x7f2680070620
relay-1        | V0914 00:55:49.608911     8 MoQSession.cpp:3346] controlReadLoop sess=0x7f2680070620
relay-1        | V0914 00:55:49.608925     8 MoQSession.cpp:3135] onClientSetup sess=0x7f2680070620
relay-1        | V0914 00:55:49.608928     8 MoQServerBase.cpp:88] MoQServerBase::ClientSetup
relay-1        | V0914 00:55:49.608932     8 MoQServerBase.cpp:93] MoQServerBase::ClientSetup: Using ALPN-negotiated version: moqt-18
relay-1        | V0914 00:55:49.608938     8 MoQSession.cpp:3211] Negotiated Version=0xff000012 (draft-18)
relay-1        | V0914 00:55:49.608949     8 MoQSession.cpp:6815] onNewBidiStream sess=0x7f2680070620
relay-1        | V0914 00:55:49.608968     8 MoQSession.cpp:3346] controlReadLoop sess=0x7f2680070620
relay-1        | V0914 00:55:49.608980     8 MoQSession.cpp:4242] onSubscribeImpl ftn=moq-test-00/2/0/0/2/6/6/64/32/2/1/1/1/-1/-1/0/moq-test-8730cc2a06f8d650 sess=0x7f2680070620
relay-1        | V0914 00:55:49.620122     8 MoQSession.cpp:2540] ~MoQSession sess=0x7f2680089150
test-client-1  | [2m2026-09-14T00:55:49.810216Z[0m [32m INFO[0m [2mmoq_native_ietf::quic[0m[2m:[0m UDP socket bound [3mbind[0m[2m=[0m[::]:0 [3mlocal[0m[2m=[0m[::]:44919 [3mdual_stack[0m[2m=[0mtrue
relay-1        | V0914 00:55:49.812475     8 MoQServer.cpp:325] MoQServer WebTransport: supported protocols: moqt-18, moqt-16, moqt-15, moq-00
relay-1        | V0914 00:55:49.812505     8 MoQServer.cpp:335] WebTransport: Negotiated protocol: moqt-18
relay-1        | V0914 00:55:49.812612     8 MoQSession.cpp:2648] start sess=0x7f2680062e70
relay-1        | V0914 00:55:49.812638     8 MoQSession.cpp:2991] sendSetup sess=0x7f2680062e70
relay-1        | V0914 00:55:49.812743     8 MoQSession.cpp:2947] controlWriteLoop sess=0x7f2680062e70
relay-1        | V0914 00:55:49.812924     8 MoQSession.cpp:6787] onNewUniStream sess=0x7f2680062e70
relay-1        | V0914 00:55:49.812985     8 MoQSession.cpp:3346] controlReadLoop sess=0x7f2680062e70
relay-1        | V0914 00:55:49.813025     8 MoQSession.cpp:3135] onClientSetup sess=0x7f2680062e70
relay-1        | V0914 00:55:49.813033     8 MoQServerBase.cpp:88] MoQServerBase::ClientSetup
relay-1        | V0914 00:55:49.813038     8 MoQServerBase.cpp:93] MoQServerBase::ClientSetup: Using ALPN-negotiated version: moqt-18
relay-1        | V0914 00:55:49.813043     8 MoQSession.cpp:3211] Negotiated Version=0xff000012 (draft-18)
relay-1        | V0914 00:55:49.813118     8 MoQSession.cpp:6815] onNewBidiStream sess=0x7f2680062e70
relay-1        | V0914 00:55:49.813153     8 MoQSession.cpp:3346] controlReadLoop sess=0x7f2680062e70
relay-1        | V0914 00:55:49.813167     8 MoQSession.cpp:4921] onPublishImpl reqID=0 sess=0x7f2680062e70
relay-1        | V0914 00:55:49.813186     8 MoQRelay.cpp:422] publish ftn=moq-test-00/2/0/0/2/6/6/64/32/2/1/1/1/-1/-1/0/moq-test-8730cc2a06f8d650
relay-1        | E0914 00:55:49.813198     8 MoQRelay.cpp:82] prefix not found in tree
relay-1        | V0914 00:55:49.813222     8 MoQSession.cpp:6014] publishOk reqID=0 sess=0x7f2680062e70
relay-1        | V0914 00:55:49.813383     8 MoQLocation.h:24] m=AbsoluteStart g=0 o=0
relay-1        | V0914 00:55:49.813393     8 MoQLocation.h:59] g=0 o=0 g=4611686018427387903 o=4611686018427387903
relay-1        | I0914 00:55:49.813401     8 MoQRelay.cpp:1982] Updating forward for moq-test-00/2/0/0/2/6/6/64/32/2/1/1/1/-1/-1/0/moq-test-8730cc2a06f8d650 numForwardingSubs=1
relay-1        | V0914 00:55:49.813415     8 MoQSession.cpp:6191] sendSubscribeOk sess=0x7f2680070620
test-client-1  | [2m2026-09-14T00:55:49.813586Z[0m [32m INFO[0m [2mmoq_test_client::moqtest[0m[2m:[0m PUBLISH accepted and subscription bound; generating objects [3mobjects[0m[2m=[0m18 [3mstreams[0m[2m=[0m6
relay-1        | V0914 00:55:49.813666     8 MoQSession.cpp:6504] requestUpdate sess=0x7f2680062e70
relay-1        | V0914 00:55:49.813911     8 MoQSession.cpp:5054] PublishDone id=0 code=2 reason=publish ended
relay-1        | V0914 00:55:49.813929     8 MoQSession.cpp:2186] processPublishDone trackReceiveState=0x7f268005ea70
relay-1        | V0914 00:55:49.813935     8 MoQRelay.cpp:383] onPublishDoneImpl ftn=moq-test-00/2/0/0/2/6/6/64/32/2/1/1/1/-1/-1/0/moq-test-8730cc2a06f8d650
relay-1        | V0914 00:55:49.813943     8 MoQRelay.cpp:303] Pruning empty subtree at: moq-test-00
relay-1        | V0914 00:55:49.813950     8 MoQForwarder.cpp:609] publishDone pubDone reason=publish ended
relay-1        | V0914 00:55:49.813955     8 MoQForwarder.cpp:318] drainSubscriber from publishDone session=0x7f2680070620
relay-1        | V0914 00:55:49.813959     8 MoQSession.cpp:6304] sendPublishDone sess=0x7f2680070620
relay-1        | V0914 00:55:49.813971     8 MoQSession.cpp:6474] publisherDrained id=0 sess=0x7f2680070620
relay-1        | V0914 00:55:49.813980     8 MoQForwarder.cpp:384] Resetting open subgroups for subscriber=0x7f2680087660
relay-1        | V0914 00:55:49.813983     8 MoQForwarder.cpp:406] subscribers_.size()=0
relay-1        | I0914 00:55:49.813991     8 MoQRelay.cpp:1945] Publisher terminated for moq-test-00/2/0/0/2/6/6/64/32/2/1/1/1/-1/-1/0/moq-test-8730cc2a06f8d650
relay-1        | V0914 00:55:49.814000     8 MoQSession.cpp:3459] Failing pending request id=1 peer FINed without terminal reply sess=0x7f2680062e70
relay-1        | V0914 00:55:49.814006     8 MoQSession.cpp:3348] exit controlReadLoop sess=0x7f2680062e70
relay-1        | E0914 00:55:49.814284     8 MoQRelay.cpp:36] requestUpdate failed: peer FINed without terminal reply
relay-1        | V0914 00:55:49.814310     8 MoQSession.cpp:3348] exit controlReadLoop sess=0x7f2680070620
relay-1        | V0914 00:55:49.814315     8 MoQSession.cpp:3348] exit controlReadLoop sess=0x7f2680070620
test-client-1  | not ok 13 - moq-test-two-subgroups-eog
test-client-1  |   ---
test-client-1  |   duration_ms: 229
test-client-1  |   message: "failed to create subgroup 0: cancelled"
test-client-1  |   ...
relay-1        | E20260914 00:55:49.835206     8 HQControlCodec.h:58] Unexpected control stream EOF
relay-1        | E20260914 00:55:49.835276     8 HQSession.cpp:3158] Got error on control stream error=HTTP: Critical stream was closed streamID=2 sess=proto=h3, UA=, client CID=6912978fcbdbd628, server CID=40000017a2a48776, downstream=[::ffff:172.18.0.3]:44919, [::]:4443=local, drain=none
relay-1        | E20260914 00:55:49.835335     8 HQControlCodec.h:58] Unexpected control stream EOF
relay-1        | E20260914 00:55:49.835405     8 HQSession.cpp:3158] Got error on control stream error=HTTP: Critical stream was closed streamID=2 sess=proto=h3, UA=, client CID=026801c09a9c73ed, server CID=40000003682e7dda, downstream=[::ffff:172.18.0.3]:40595, [::]:4443=local, drain=none
relay-1        | E0914 00:55:49.835504     8 MoQServer.h:192] proxygen::HTTPException: Got error=ApplicationError: 260, HTTP error on control stream
relay-1        | V0914 00:55:49.835521     8 MoQSession.cpp:7213] onSessionEnderr=4294967295 sess=0x7f2680062e70
relay-1        | V0914 00:55:49.835526     8 MoQSession.cpp:2923] close sess=0x7f2680062e70
relay-1        | V0914 00:55:49.835535     8 MoQSession.cpp:2602] requestCancellation from cleanup sess=0x7f2680062e70
relay-1        | V0914 00:55:49.835552     8 MoQSession.cpp:2940] requestCancellation from close sess=0x7f2680062e70
relay-1        | E0914 00:55:49.835756     8 MoQServer.h:192] proxygen::HTTPException: Got error=ApplicationError: 260, HTTP error on control stream
relay-1        | V0914 00:55:49.835792     8 MoQSession.cpp:7213] onSessionEnderr=4294967295 sess=0x7f2680070620
relay-1        | V0914 00:55:49.835816     8 MoQSession.cpp:2923] close sess=0x7f2680070620
relay-1        | V0914 00:55:49.835844     8 MoQSession.cpp:2602] requestCancellation from cleanup sess=0x7f2680070620
relay-1        | V0914 00:55:49.835879     8 MoQSession.cpp:2940] requestCancellation from close sess=0x7f2680070620
test-client-1  | [2m2026-09-14T00:55:49.835684Z[0m [33m WARN[0m [2mweb_transport_quinn::session[0m[2m:[0m failed to read capsule [3me[0m[2m=[0mUnexpectedEnd
relay-1        | V0914 00:55:49.835994     8 MoQSession.cpp:3348] exit controlReadLoop sess=0x7f2680062e70
relay-1        | V0914 00:55:49.836035     8 MoQSession.cpp:2949] exit controlWriteLoop sess=0x7f2680062e70
relay-1        | V0914 00:55:49.836046     8 MoQSession.cpp:2540] ~MoQSession sess=0x7f2680062e70
relay-1        | V0914 00:55:49.836060     8 MoQSession.cpp:2949] exit controlWriteLoop sess=0x7f2680070620
test-client-1  | [2m2026-09-14T00:55:49.836124Z[0m [33m WARN[0m [2mweb_transport_quinn::session[0m[2m:[0m failed to read capsule [3me[0m[2m=[0mUnexpectedEnd
test-client-1  | [2m2026-09-14T00:55:49.836396Z[0m [32m INFO[0m [2mmoq_native_ietf::quic[0m[2m:[0m UDP socket bound [3mbind[0m[2m=[0m[::]:0 [3mlocal[0m[2m=[0m[::]:58032 [3mdual_stack[0m[2m=[0mtrue
relay-1        | V0914 00:55:49.838271     8 MoQServer.cpp:325] MoQServer WebTransport: supported protocols: moqt-18, moqt-16, moqt-15, moq-00
relay-1        | V0914 00:55:49.838286     8 MoQServer.cpp:335] WebTransport: Negotiated protocol: moqt-18
relay-1        | V0914 00:55:49.838403     8 MoQSession.cpp:2648] start sess=0x7f2680086900
relay-1        | V0914 00:55:49.838425     8 MoQSession.cpp:2991] sendSetup sess=0x7f2680086900
relay-1        | V0914 00:55:49.838514     8 MoQSession.cpp:2947] controlWriteLoop sess=0x7f2680086900
relay-1        | V0914 00:55:49.838764     8 MoQSession.cpp:6787] onNewUniStream sess=0x7f2680086900
relay-1        | V0914 00:55:49.838792     8 MoQSession.cpp:3346] controlReadLoop sess=0x7f2680086900
relay-1        | V0914 00:55:49.838799     8 MoQSession.cpp:3135] onClientSetup sess=0x7f2680086900
relay-1        | V0914 00:55:49.838803     8 MoQServerBase.cpp:88] MoQServerBase::ClientSetup
relay-1        | V0914 00:55:49.838807     8 MoQServerBase.cpp:93] MoQServerBase::ClientSetup: Using ALPN-negotiated version: moqt-18
relay-1        | V0914 00:55:49.838813     8 MoQSession.cpp:3211] Negotiated Version=0xff000012 (draft-18)
relay-1        | V0914 00:55:49.838905     8 MoQSession.cpp:6815] onNewBidiStream sess=0x7f2680086900
relay-1        | V0914 00:55:49.838940     8 MoQSession.cpp:3346] controlReadLoop sess=0x7f2680086900
relay-1        | V0914 00:55:49.838954     8 MoQSession.cpp:4242] onSubscribeImpl ftn=moq-test-00/3/0/0/2/4/5/64/32/20/1/1/0/-1/-1/0/moq-test-d53565c6a2284b46 sess=0x7f2680086900
relay-1        | V0914 00:55:49.842081     8 MoQSession.cpp:2540] ~MoQSession sess=0x7f2680070620
test-client-1  | [2m2026-09-14T00:55:50.040309Z[0m [32m INFO[0m [2mmoq_native_ietf::quic[0m[2m:[0m UDP socket bound [3mbind[0m[2m=[0m[::]:0 [3mlocal[0m[2m=[0m[::]:56645 [3mdual_stack[0m[2m=[0mtrue
relay-1        | V0914 00:55:50.042619     8 MoQServer.cpp:325] MoQServer WebTransport: supported protocols: moqt-18, moqt-16, moqt-15, moq-00
relay-1        | V0914 00:55:50.042644     8 MoQServer.cpp:335] WebTransport: Negotiated protocol: moqt-18
relay-1        | V0914 00:55:50.042765     8 MoQSession.cpp:2648] start sess=0x7f26800674c0
relay-1        | V0914 00:55:50.042786     8 MoQSession.cpp:2991] sendSetup sess=0x7f26800674c0
relay-1        | V0914 00:55:50.042846     8 MoQSession.cpp:2947] controlWriteLoop sess=0x7f26800674c0
relay-1        | V0914 00:55:50.043138     8 MoQSession.cpp:6787] onNewUniStream sess=0x7f26800674c0
relay-1        | V0914 00:55:50.043169     8 MoQSession.cpp:3346] controlReadLoop sess=0x7f26800674c0
relay-1        | V0914 00:55:50.043178     8 MoQSession.cpp:3135] onClientSetup sess=0x7f26800674c0
relay-1        | V0914 00:55:50.043182     8 MoQServerBase.cpp:88] MoQServerBase::ClientSetup
relay-1        | V0914 00:55:50.043186     8 MoQServerBase.cpp:93] MoQServerBase::ClientSetup: Using ALPN-negotiated version: moqt-18
relay-1        | V0914 00:55:50.043200     8 MoQSession.cpp:3211] Negotiated Version=0xff000012 (draft-18)
relay-1        | V0914 00:55:50.043243     8 MoQSession.cpp:6815] onNewBidiStream sess=0x7f26800674c0
relay-1        | V0914 00:55:50.043261     8 MoQSession.cpp:3346] controlReadLoop sess=0x7f26800674c0
relay-1        | V0914 00:55:50.043276     8 MoQSession.cpp:4921] onPublishImpl reqID=0 sess=0x7f26800674c0
relay-1        | V0914 00:55:50.043287     8 MoQRelay.cpp:422] publish ftn=moq-test-00/3/0/0/2/4/5/64/32/20/1/1/0/-1/-1/0/moq-test-d53565c6a2284b46
relay-1        | E0914 00:55:50.043294     8 MoQRelay.cpp:82] prefix not found in tree
relay-1        | V0914 00:55:50.043310     8 MoQSession.cpp:6014] publishOk reqID=0 sess=0x7f26800674c0
relay-1        | V0914 00:55:50.043477     8 MoQLocation.h:24] m=AbsoluteStart g=0 o=0
relay-1        | V0914 00:55:50.043521     8 MoQLocation.h:59] g=0 o=0 g=4611686018427387903 o=4611686018427387903
relay-1        | I0914 00:55:50.043535     8 MoQRelay.cpp:1982] Updating forward for moq-test-00/3/0/0/2/4/5/64/32/20/1/1/0/-1/-1/0/moq-test-d53565c6a2284b46 numForwardingSubs=1
relay-1        | V0914 00:55:50.043551     8 MoQSession.cpp:6191] sendSubscribeOk sess=0x7f2680086900
relay-1        | V0914 00:55:50.043627     8 MoQSession.cpp:6504] requestUpdate sess=0x7f26800674c0
test-client-1  | [2m2026-09-14T00:55:50.043768Z[0m [33m WARN[0m [2mmoq_transport::session[0m[2m:[0m unexpected bidi response message type [3mmsg_type[0m[2m=[0m2
test-client-1  | [2m2026-09-14T00:55:50.043783Z[0m [33m WARN[0m [2mmoq_transport::serve::error[0m[2m:[0m [8e121d92-261d-4d81-9bad-d2ab56296c7c] Not implemented: bidi response type 0x2 at moq-transport/src/session/error.rs:89
test-client-1  | [2m2026-09-14T00:55:50.043963Z[0m [32m INFO[0m [2mmoq_test_client::moqtest[0m[2m:[0m PUBLISH accepted and subscription bound; generating objects [3mobjects[0m[2m=[0m15 [3mstreams[0m[2m=[0m0
relay-1        | V0914 00:55:50.043911     8 MoQSession.cpp:3459] Failing pending request id=1 peer FINed without terminal reply sess=0x7f26800674c0
relay-1        | V0914 00:55:50.043929     8 MoQSession.cpp:3348] exit controlReadLoop sess=0x7f26800674c0
relay-1        | E0914 00:55:50.043941     8 MoQRelay.cpp:36] requestUpdate failed: peer FINed without terminal reply
test-client-1  | not ok 14 - moq-test-datagram
test-client-1  |   ---
test-client-1  |   duration_ms: 230
test-client-1  |   message: "failed to write datagram: cancelled"
test-client-1  |   ...
relay-1        | E20260914 00:55:50.065315     8 HQControlCodec.h:58] Unexpected control stream EOF
relay-1        | E20260914 00:55:50.065416     8 HQSession.cpp:3158] Got error on control stream error=HTTP: Critical stream was closed streamID=2 sess=proto=h3, UA=, client CID=afa051f6ed7d91b0, server CID=4000001a3314d61b, downstream=[::ffff:172.18.0.3]:56645, [::]:4443=local, drain=none
relay-1        | E20260914 00:55:50.065527     8 HQControlCodec.h:58] Unexpected control stream EOF
relay-1        | E20260914 00:55:50.065573     8 HQSession.cpp:3158] Got error on control stream error=HTTP: Critical stream was closed streamID=2 sess=proto=h3, UA=, client CID=ea8006a3f0423802, server CID=400000063fb90812, downstream=[::ffff:172.18.0.3]:58032, [::]:4443=local, drain=none
relay-1        | E0914 00:55:50.065649     8 MoQServer.h:192] proxygen::HTTPException: Got error=ApplicationError: 260, HTTP error on control stream
relay-1        | V0914 00:55:50.065666     8 MoQSession.cpp:7213] onSessionEnderr=4294967295 sess=0x7f26800674c0
relay-1        | V0914 00:55:50.065671     8 MoQSession.cpp:2923] close sess=0x7f26800674c0
relay-1        | V0914 00:55:50.065679     8 MoQSession.cpp:2157] subscribeError trackReceiveState=0x7f268008e920
relay-1        | V0914 00:55:50.065683     8 MoQSession.cpp:2186] processPublishDone trackReceiveState=0x7f268008e920
relay-1        | V0914 00:55:50.065690     8 MoQRelay.cpp:383] onPublishDoneImpl ftn=moq-test-00/3/0/0/2/4/5/64/32/20/1/1/0/-1/-1/0/moq-test-d53565c6a2284b46
relay-1        | V0914 00:55:50.065699     8 MoQRelay.cpp:303] Pruning empty subtree at: moq-test-00
relay-1        | V0914 00:55:50.065709     8 MoQForwarder.cpp:609] publishDone pubDone reason=closed locally
relay-1        | V0914 00:55:50.065714     8 MoQForwarder.cpp:318] drainSubscriber from publishDone session=0x7f2680086900
relay-1        | V0914 00:55:50.065719     8 MoQSession.cpp:6304] sendPublishDone sess=0x7f2680086900
relay-1        | V0914 00:55:50.065732     8 MoQSession.cpp:6474] publisherDrained id=0 sess=0x7f2680086900
test-client-1  | [2m2026-09-14T00:55:50.066125Z[0m [33m WARN[0m [2mweb_transport_quinn::session[0m[2m:[0m failed to read capsule [3me[0m[2m=[0mUnexpectedEnd
test-client-1  | [2m2026-09-14T00:55:50.066194Z[0m [33m WARN[0m [2mweb_transport_quinn::session[0m[2m:[0m failed to read capsule [3me[0m[2m=[0mUnexpectedEnd
relay-1        | V0914 00:55:50.065767     8 MoQForwarder.cpp:384] Resetting open subgroups for subscriber=0x7f2680087660
relay-1        | V0914 00:55:50.065776     8 MoQForwarder.cpp:406] subscribers_.size()=0
relay-1        | I0914 00:55:50.065785     8 MoQRelay.cpp:1945] Publisher terminated for moq-test-00/3/0/0/2/4/5/64/32/20/1/1/0/-1/-1/0/moq-test-d53565c6a2284b46
relay-1        | V0914 00:55:50.065793     8 MoQSession.cpp:2141] cancel alias=0 requestID=0
relay-1        | V0914 00:55:50.065799     8 MoQSession.cpp:2602] requestCancellation from cleanup sess=0x7f26800674c0
relay-1        | V0914 00:55:50.065814     8 MoQSession.cpp:2940] requestCancellation from close sess=0x7f26800674c0
relay-1        | E0914 00:55:50.065907     8 MoQServer.h:192] proxygen::HTTPException: Got error=ApplicationError: 260, HTTP error on control stream
relay-1        | V0914 00:55:50.065914     8 MoQSession.cpp:7213] onSessionEnderr=4294967295 sess=0x7f2680086900
relay-1        | V0914 00:55:50.065918     8 MoQSession.cpp:2923] close sess=0x7f2680086900
relay-1        | V0914 00:55:50.065924     8 MoQSession.cpp:2602] requestCancellation from cleanup sess=0x7f2680086900
relay-1        | V0914 00:55:50.065933     8 MoQSession.cpp:2940] requestCancellation from close sess=0x7f2680086900
relay-1        | V0914 00:55:50.066017     8 MoQSession.cpp:3348] exit controlReadLoop sess=0x7f26800674c0
relay-1        | V0914 00:55:50.066028     8 MoQSession.cpp:3348] exit controlReadLoop sess=0x7f2680086900
relay-1        | V0914 00:55:50.066036     8 MoQSession.cpp:3348] exit controlReadLoop sess=0x7f2680086900
relay-1        | V0914 00:55:50.066067     8 MoQSession.cpp:2949] exit controlWriteLoop sess=0x7f26800674c0
relay-1        | V0914 00:55:50.066074     8 MoQSession.cpp:2540] ~MoQSession sess=0x7f26800674c0
relay-1        | V0914 00:55:50.066088     8 MoQSession.cpp:2949] exit controlWriteLoop sess=0x7f2680086900
test-client-1  | [2m2026-09-14T00:55:50.066563Z[0m [32m INFO[0m [2mmoq_native_ietf::quic[0m[2m:[0m UDP socket bound [3mbind[0m[2m=[0m[::]:0 [3mlocal[0m[2m=[0m[::]:33421 [3mdual_stack[0m[2m=[0mtrue
relay-1        | V0914 00:55:50.068497     8 MoQServer.cpp:325] MoQServer WebTransport: supported protocols: moqt-18, moqt-16, moqt-15, moq-00
relay-1        | V0914 00:55:50.068519     8 MoQServer.cpp:335] WebTransport: Negotiated protocol: moqt-18
relay-1        | V0914 00:55:50.068620     8 MoQSession.cpp:2648] start sess=0x7f26800674c0
relay-1        | V0914 00:55:50.068665     8 MoQSession.cpp:2991] sendSetup sess=0x7f26800674c0
relay-1        | V0914 00:55:50.068790     8 MoQSession.cpp:2947] controlWriteLoop sess=0x7f26800674c0
relay-1        | V0914 00:55:50.068936     8 MoQSession.cpp:6787] onNewUniStream sess=0x7f26800674c0
relay-1        | V0914 00:55:50.069075     8 MoQSession.cpp:3346] controlReadLoop sess=0x7f26800674c0
relay-1        | V0914 00:55:50.069092     8 MoQSession.cpp:3135] onClientSetup sess=0x7f26800674c0
relay-1        | V0914 00:55:50.069096     8 MoQServerBase.cpp:88] MoQServerBase::ClientSetup
relay-1        | V0914 00:55:50.069100     8 MoQServerBase.cpp:93] MoQServerBase::ClientSetup: Using ALPN-negotiated version: moqt-18
relay-1        | V0914 00:55:50.069106     8 MoQSession.cpp:3211] Negotiated Version=0xff000012 (draft-18)
relay-1        | V0914 00:55:50.069217     8 MoQSession.cpp:6815] onNewBidiStream sess=0x7f26800674c0
relay-1        | V0914 00:55:50.069298     8 MoQSession.cpp:3346] controlReadLoop sess=0x7f26800674c0
relay-1        | V0914 00:55:50.069313     8 MoQSession.cpp:4242] onSubscribeImpl ftn=moq-test-00/3/0/0/2/5/5/64/32/20/1/1/1/-1/-1/0/moq-test-55f89d8706217eb6 sess=0x7f26800674c0
relay-1        | V0914 00:55:50.082602     8 MoQSession.cpp:2540] ~MoQSession sess=0x7f2680086900
test-client-1  | [2m2026-09-14T00:55:50.271311Z[0m [32m INFO[0m [2mmoq_native_ietf::quic[0m[2m:[0m UDP socket bound [3mbind[0m[2m=[0m[::]:0 [3mlocal[0m[2m=[0m[::]:40589 [3mdual_stack[0m[2m=[0mtrue
relay-1        | V0914 00:55:50.273601     8 MoQServer.cpp:325] MoQServer WebTransport: supported protocols: moqt-18, moqt-16, moqt-15, moq-00
relay-1        | V0914 00:55:50.273624     8 MoQServer.cpp:335] WebTransport: Negotiated protocol: moqt-18
relay-1        | V0914 00:55:50.273730     8 MoQSession.cpp:2648] start sess=0x7f268004fa90
relay-1        | V0914 00:55:50.273757     8 MoQSession.cpp:2991] sendSetup sess=0x7f268004fa90
relay-1        | V0914 00:55:50.273815     8 MoQSession.cpp:2947] controlWriteLoop sess=0x7f268004fa90
relay-1        | V0914 00:55:50.274076     8 MoQSession.cpp:6787] onNewUniStream sess=0x7f268004fa90
relay-1        | V0914 00:55:50.274106     8 MoQSession.cpp:3346] controlReadLoop sess=0x7f268004fa90
relay-1        | V0914 00:55:50.274114     8 MoQSession.cpp:3135] onClientSetup sess=0x7f268004fa90
relay-1        | V0914 00:55:50.274118     8 MoQServerBase.cpp:88] MoQServerBase::ClientSetup
relay-1        | V0914 00:55:50.274122     8 MoQServerBase.cpp:93] MoQServerBase::ClientSetup: Using ALPN-negotiated version: moqt-18
relay-1        | V0914 00:55:50.274129     8 MoQSession.cpp:3211] Negotiated Version=0xff000012 (draft-18)
relay-1        | V0914 00:55:50.274306     8 MoQSession.cpp:6815] onNewBidiStream sess=0x7f268004fa90
relay-1        | V0914 00:55:50.274362     8 MoQSession.cpp:3346] controlReadLoop sess=0x7f268004fa90
relay-1        | V0914 00:55:50.274405     8 MoQSession.cpp:4921] onPublishImpl reqID=0 sess=0x7f268004fa90
relay-1        | V0914 00:55:50.274481     8 MoQRelay.cpp:422] publish ftn=moq-test-00/3/0/0/2/5/5/64/32/20/1/1/1/-1/-1/0/moq-test-55f89d8706217eb6
relay-1        | E0914 00:55:50.274517     8 MoQRelay.cpp:82] prefix not found in tree
relay-1        | V0914 00:55:50.274563     8 MoQSession.cpp:6014] publishOk reqID=0 sess=0x7f268004fa90
relay-1        | V0914 00:55:50.274671     8 MoQLocation.h:24] m=AbsoluteStart g=0 o=0
relay-1        | V0914 00:55:50.274712     8 MoQLocation.h:59] g=0 o=0 g=4611686018427387903 o=4611686018427387903
relay-1        | I0914 00:55:50.274743     8 MoQRelay.cpp:1982] Updating forward for moq-test-00/3/0/0/2/5/5/64/32/20/1/1/1/-1/-1/0/moq-test-55f89d8706217eb6 numForwardingSubs=1
relay-1        | V0914 00:55:50.274780     8 MoQSession.cpp:6191] sendSubscribeOk sess=0x7f26800674c0
test-client-1  | [2m2026-09-14T00:55:50.274959Z[0m [32m INFO[0m [2mmoq_test_client::moqtest[0m[2m:[0m PUBLISH accepted and subscription bound; generating objects [3mobjects[0m[2m=[0m15 [3mstreams[0m[2m=[0m0
relay-1        | V0914 00:55:50.274997     8 MoQSession.cpp:6504] requestUpdate sess=0x7f268004fa90
relay-1        | V0914 00:55:50.275130     8 MoQSession.cpp:5054] PublishDone id=0 code=2 reason=publish ended
relay-1        | V0914 00:55:50.275146     8 MoQSession.cpp:2186] processPublishDone trackReceiveState=0x7f2680087920
relay-1        | V0914 00:55:50.275152     8 MoQRelay.cpp:383] onPublishDoneImpl ftn=moq-test-00/3/0/0/2/5/5/64/32/20/1/1/1/-1/-1/0/moq-test-55f89d8706217eb6
relay-1        | V0914 00:55:50.275160     8 MoQRelay.cpp:303] Pruning empty subtree at: moq-test-00
relay-1        | V0914 00:55:50.275168     8 MoQForwarder.cpp:609] publishDone pubDone reason=publish ended
relay-1        | V0914 00:55:50.275173     8 MoQForwarder.cpp:318] drainSubscriber from publishDone session=0x7f26800674c0
relay-1        | V0914 00:55:50.275178     8 MoQSession.cpp:6304] sendPublishDone sess=0x7f26800674c0
relay-1        | V0914 00:55:50.275190     8 MoQSession.cpp:6474] publisherDrained id=0 sess=0x7f26800674c0
relay-1        | V0914 00:55:50.275194     8 MoQForwarder.cpp:384] Resetting open subgroups for subscriber=0x7f2680087660
relay-1        | V0914 00:55:50.275198     8 MoQForwarder.cpp:406] subscribers_.size()=0
relay-1        | I0914 00:55:50.275205     8 MoQRelay.cpp:1945] Publisher terminated for moq-test-00/3/0/0/2/5/5/64/32/20/1/1/1/-1/-1/0/moq-test-55f89d8706217eb6
relay-1        | V0914 00:55:50.275218     8 MoQSession.cpp:3459] Failing pending request id=1 peer FINed without terminal reply sess=0x7f268004fa90
relay-1        | V0914 00:55:50.275224     8 MoQSession.cpp:3348] exit controlReadLoop sess=0x7f268004fa90
relay-1        | E0914 00:55:50.275280     8 MoQRelay.cpp:36] requestUpdate failed: peer FINed without terminal reply
relay-1        | V0914 00:55:50.275510     8 MoQSession.cpp:3348] exit controlReadLoop sess=0x7f26800674c0
relay-1        | V0914 00:55:50.275532     8 MoQSession.cpp:3348] exit controlReadLoop sess=0x7f26800674c0
test-client-1  | not ok 15 - moq-test-datagram-eog
test-client-1  |   ---
test-client-1  |   duration_ms: 231
test-client-1  |   message: "failed to write datagram: cancelled"
test-client-1  |   ...
relay-1        | E20260914 00:55:50.296254     8 HQControlCodec.h:58] Unexpected control stream EOF
relay-1        | E20260914 00:55:50.296381     8 HQSession.cpp:3158] Got error on control stream error=HTTP: Critical stream was closed streamID=2 sess=proto=h3, UA=, client CID=c9454c432a6aa46c, server CID=4000001aba4664bf, downstream=[::ffff:172.18.0.3]:40589, [::]:4443=local, drain=none
relay-1        | E0914 00:55:50.296523     8 MoQServer.h:192] proxygen::HTTPException: Got error=ApplicationError: 260, HTTP error on control stream
relay-1        | V0914 00:55:50.296565     8 MoQSession.cpp:7213] onSessionEnderr=4294967295 sess=0x7f268004fa90
relay-1        | V0914 00:55:50.296590     8 MoQSession.cpp:2923] close sess=0x7f268004fa90
relay-1        | V0914 00:55:50.296621     8 MoQSession.cpp:2602] requestCancellation from cleanup sess=0x7f268004fa90
relay-1        | V0914 00:55:50.296654     8 MoQSession.cpp:2940] requestCancellation from close sess=0x7f268004fa90
relay-1        | V0914 00:55:50.296794     8 MoQSession.cpp:3348] exit controlReadLoop sess=0x7f268004fa90
relay-1        | V0914 00:55:50.296838     8 MoQSession.cpp:2949] exit controlWriteLoop sess=0x7f268004fa90
relay-1        | V0914 00:55:50.296846     8 MoQSession.cpp:2540] ~MoQSession sess=0x7f268004fa90
relay-1        | E20260914 00:55:50.296859     8 HQControlCodec.h:58] Unexpected control stream EOF
relay-1        | E20260914 00:55:50.296882     8 HQSession.cpp:3158] Got error on control stream error=HTTP: Critical stream was closed streamID=2 sess=proto=h3, UA=, client CID=8b0e1898b883f894, server CID=40000017438d4963, downstream=[::ffff:172.18.0.3]:33421, [::]:4443=local, drain=none
relay-1        | E0914 00:55:50.296946     8 MoQServer.h:192] proxygen::HTTPException: Got error=ApplicationError: 260, HTTP error on control stream
relay-1        | V0914 00:55:50.296970     8 MoQSession.cpp:7213] onSessionEnderr=4294967295 sess=0x7f26800674c0
relay-1        | V0914 00:55:50.296980     8 MoQSession.cpp:2923] close sess=0x7f26800674c0
relay-1        | V0914 00:55:50.296986     8 MoQSession.cpp:2602] requestCancellation from cleanup sess=0x7f26800674c0
relay-1        | V0914 00:55:50.296995     8 MoQSession.cpp:2940] requestCancellation from close sess=0x7f26800674c0
test-client-1  | [2m2026-09-14T00:55:50.296847Z[0m [33m WARN[0m [2mweb_transport_quinn::session[0m[2m:[0m failed to read capsule [3me[0m[2m=[0mUnexpectedEnd
relay-1        | V0914 00:55:50.297093     8 MoQSession.cpp:2949] exit controlWriteLoop sess=0x7f26800674c0
test-client-1  | [2m2026-09-14T00:55:50.297165Z[0m [33m WARN[0m [2mweb_transport_quinn::session[0m[2m:[0m failed to read capsule [3me[0m[2m=[0mUnexpectedEnd
test-client-1  | [2m2026-09-14T00:55:50.297536Z[0m [32m INFO[0m [2mmoq_native_ietf::quic[0m[2m:[0m UDP socket bound [3mbind[0m[2m=[0m[::]:0 [3mlocal[0m[2m=[0m[::]:50942 [3mdual_stack[0m[2m=[0mtrue
relay-1        | V0914 00:55:50.299513     8 MoQServer.cpp:325] MoQServer WebTransport: supported protocols: moqt-18, moqt-16, moqt-15, moq-00
relay-1        | V0914 00:55:50.299530     8 MoQServer.cpp:335] WebTransport: Negotiated protocol: moqt-18
relay-1        | V0914 00:55:50.299631     8 MoQSession.cpp:2648] start sess=0x7f2680007320
relay-1        | V0914 00:55:50.299655     8 MoQSession.cpp:2991] sendSetup sess=0x7f2680007320
relay-1        | V0914 00:55:50.299711     8 MoQSession.cpp:2947] controlWriteLoop sess=0x7f2680007320
relay-1        | V0914 00:55:50.300020     8 MoQSession.cpp:6787] onNewUniStream sess=0x7f2680007320
relay-1        | V0914 00:55:50.300044     8 MoQSession.cpp:3346] controlReadLoop sess=0x7f2680007320
relay-1        | V0914 00:55:50.300050     8 MoQSession.cpp:3135] onClientSetup sess=0x7f2680007320
relay-1        | V0914 00:55:50.300054     8 MoQServerBase.cpp:88] MoQServerBase::ClientSetup
relay-1        | V0914 00:55:50.300056     8 MoQServerBase.cpp:93] MoQServerBase::ClientSetup: Using ALPN-negotiated version: moqt-18
relay-1        | V0914 00:55:50.300061     8 MoQSession.cpp:3211] Negotiated Version=0xff000012 (draft-18)
relay-1        | V0914 00:55:50.300290     8 MoQSession.cpp:6815] onNewBidiStream sess=0x7f2680007320
relay-1        | V0914 00:55:50.300341     8 MoQSession.cpp:3346] controlReadLoop sess=0x7f2680007320
relay-1        | V0914 00:55:50.300362     8 MoQSession.cpp:4242] onSubscribeImpl ftn=moq-test-00/0/0/0/2/5/5/64/32/2/1/1/1/1/2/0/moq-test-a89d7f748e3e970d sess=0x7f2680007320
relay-1        | V0914 00:55:50.306514     8 MoQSession.cpp:2540] ~MoQSession sess=0x7f26800674c0
test-client-1  | [2m2026-09-14T00:55:50.502010Z[0m [32m INFO[0m [2mmoq_native_ietf::quic[0m[2m:[0m UDP socket bound [3mbind[0m[2m=[0m[::]:0 [3mlocal[0m[2m=[0m[::]:41880 [3mdual_stack[0m[2m=[0mtrue
relay-1        | V0914 00:55:50.504232     8 MoQServer.cpp:325] MoQServer WebTransport: supported protocols: moqt-18, moqt-16, moqt-15, moq-00
relay-1        | V0914 00:55:50.504256     8 MoQServer.cpp:335] WebTransport: Negotiated protocol: moqt-18
relay-1        | V0914 00:55:50.504385     8 MoQSession.cpp:2648] start sess=0x7f2680045e80
relay-1        | V0914 00:55:50.504410     8 MoQSession.cpp:2991] sendSetup sess=0x7f2680045e80
relay-1        | V0914 00:55:50.504512     8 MoQSession.cpp:2947] controlWriteLoop sess=0x7f2680045e80
relay-1        | V0914 00:55:50.504884     8 MoQSession.cpp:6815] onNewBidiStream sess=0x7f2680045e80
relay-1        | V0914 00:55:50.504900     8 MoQSession.cpp:6787] onNewUniStream sess=0x7f2680045e80
relay-1        | V0914 00:55:50.504917     8 MoQSession.cpp:3346] controlReadLoop sess=0x7f2680045e80
relay-1        | V0914 00:55:50.504927     8 MoQSession.cpp:3135] onClientSetup sess=0x7f2680045e80
relay-1        | V0914 00:55:50.504932     8 MoQServerBase.cpp:88] MoQServerBase::ClientSetup
relay-1        | V0914 00:55:50.504936     8 MoQServerBase.cpp:93] MoQServerBase::ClientSetup: Using ALPN-negotiated version: moqt-18
relay-1        | V0914 00:55:50.504943     8 MoQSession.cpp:3211] Negotiated Version=0xff000012 (draft-18)
relay-1        | V0914 00:55:50.504968     8 MoQSession.cpp:3346] controlReadLoop sess=0x7f2680045e80
relay-1        | V0914 00:55:50.504981     8 MoQSession.cpp:4921] onPublishImpl reqID=0 sess=0x7f2680045e80
relay-1        | V0914 00:55:50.504995     8 MoQRelay.cpp:422] publish ftn=moq-test-00/0/0/0/2/5/5/64/32/2/1/1/1/1/2/0/moq-test-a89d7f748e3e970d
relay-1        | E0914 00:55:50.505007     8 MoQRelay.cpp:82] prefix not found in tree
relay-1        | V0914 00:55:50.505044     8 MoQSession.cpp:6014] publishOk reqID=0 sess=0x7f2680045e80
relay-1        | V0914 00:55:50.505143     8 MoQLocation.h:24] m=AbsoluteStart g=0 o=0
relay-1        | V0914 00:55:50.505158     8 MoQLocation.h:59] g=0 o=0 g=4611686018427387903 o=4611686018427387903
relay-1        | I0914 00:55:50.505166     8 MoQRelay.cpp:1982] Updating forward for moq-test-00/0/0/0/2/5/5/64/32/2/1/1/1/1/2/0/moq-test-a89d7f748e3e970d numForwardingSubs=1
relay-1        | V0914 00:55:50.505178     8 MoQSession.cpp:6191] sendSubscribeOk sess=0x7f2680007320
relay-1        | V0914 00:55:50.505256     8 MoQSession.cpp:6504] requestUpdate sess=0x7f2680045e80
test-client-1  | [2m2026-09-14T00:55:50.505334Z[0m [32m INFO[0m [2mmoq_test_client::moqtest[0m[2m:[0m PUBLISH accepted and subscription bound; generating objects [3mobjects[0m[2m=[0m15 [3mstreams[0m[2m=[0m3
relay-1        | V0914 00:55:50.505562     8 MoQSession.cpp:5054] PublishDone id=0 code=2 reason=publish ended
relay-1        | V0914 00:55:50.505575     8 MoQSession.cpp:2186] processPublishDone trackReceiveState=0x7f2680062550
relay-1        | V0914 00:55:50.505579     8 MoQRelay.cpp:383] onPublishDoneImpl ftn=moq-test-00/0/0/0/2/5/5/64/32/2/1/1/1/1/2/0/moq-test-a89d7f748e3e970d
relay-1        | V0914 00:55:50.505584     8 MoQRelay.cpp:303] Pruning empty subtree at: moq-test-00
relay-1        | V0914 00:55:50.505589     8 MoQForwarder.cpp:609] publishDone pubDone reason=publish ended
relay-1        | V0914 00:55:50.505591     8 MoQForwarder.cpp:318] drainSubscriber from publishDone session=0x7f2680007320
relay-1        | V0914 00:55:50.505594     8 MoQSession.cpp:6304] sendPublishDone sess=0x7f2680007320
relay-1        | V0914 00:55:50.505603     8 MoQSession.cpp:6474] publisherDrained id=0 sess=0x7f2680007320
relay-1        | V0914 00:55:50.505611     8 MoQForwarder.cpp:384] Resetting open subgroups for subscriber=0x7f2680087660
relay-1        | V0914 00:55:50.505615     8 MoQForwarder.cpp:406] subscribers_.size()=0
relay-1        | I0914 00:55:50.505622     8 MoQRelay.cpp:1945] Publisher terminated for moq-test-00/0/0/0/2/5/5/64/32/2/1/1/1/1/2/0/moq-test-a89d7f748e3e970d
relay-1        | V0914 00:55:50.505633     8 MoQSession.cpp:3459] Failing pending request id=1 peer FINed without terminal reply sess=0x7f2680045e80
relay-1        | V0914 00:55:50.505639     8 MoQSession.cpp:3348] exit controlReadLoop sess=0x7f2680045e80
relay-1        | E0914 00:55:50.505883     8 MoQRelay.cpp:36] requestUpdate failed: peer FINed without terminal reply
relay-1        | V0914 00:55:50.505919     8 MoQSession.cpp:3348] exit controlReadLoop sess=0x7f2680007320
relay-1        | V0914 00:55:50.505928     8 MoQSession.cpp:3348] exit controlReadLoop sess=0x7f2680007320
test-client-1  | not ok 16 - moq-test-extensions
test-client-1  |   ---
test-client-1  |   duration_ms: 226
test-client-1  |   message: "failed to create subgroup: cancelled"
test-client-1  |   ...
test-client-1  | [2m2026-09-14T00:55:50.523682Z[0m [33m WARN[0m [2mweb_transport_quinn::session[0m[2m:[0m failed to read capsule [3me[0m[2m=[0mUnexpectedEnd
test-client-1  | [2m2026-09-14T00:55:50.523773Z[0m [33m WARN[0m [2mweb_transport_quinn::session[0m[2m:[0m failed to read capsule [3me[0m[2m=[0mUnexpectedEnd
relay-1        | V0914 00:55:50.523264     8 MoQSession.cpp:3348] exit controlReadLoop sess=0x7f2680045e80
relay-1        | E20260914 00:55:50.523336     8 HQControlCodec.h:58] Unexpected control stream EOF
relay-1        | E20260914 00:55:50.523428     8 HQSession.cpp:3158] Got error on control stream error=HTTP: Critical stream was closed streamID=2 sess=proto=h3, UA=, client CID=b2ec97c2e98f3359, server CID=40000015be388fc2, downstream=[::ffff:172.18.0.3]:41880, [::]:4443=local, drain=none
relay-1        | E20260914 00:55:50.523470     8 HQControlCodec.h:58] Unexpected control stream EOF
relay-1        | E20260914 00:55:50.523488     8 HQSession.cpp:3158] Got error on control stream error=HTTP: Critical stream was closed streamID=2 sess=proto=h3, UA=, client CID=bf2657a7b1d88e66, server CID=4000001e2ec2121c, downstream=[::ffff:172.18.0.3]:50942, [::]:4443=local, drain=none
relay-1        | E0914 00:55:50.523534     8 MoQServer.h:192] proxygen::HTTPException: Got error=ApplicationError: 260, HTTP error on control stream
relay-1        | V0914 00:55:50.523541     8 MoQSession.cpp:7213] onSessionEnderr=4294967295 sess=0x7f2680045e80
relay-1        | V0914 00:55:50.523546     8 MoQSession.cpp:2923] close sess=0x7f2680045e80
relay-1        | V0914 00:55:50.523554     8 MoQSession.cpp:2602] requestCancellation from cleanup sess=0x7f2680045e80
relay-1        | V0914 00:55:50.523569     8 MoQSession.cpp:2940] requestCancellation from close sess=0x7f2680045e80
relay-1        | E0914 00:55:50.523658     8 MoQServer.h:192] proxygen::HTTPException: Got error=ApplicationError: 260, HTTP error on control stream
relay-1        | V0914 00:55:50.523664     8 MoQSession.cpp:7213] onSessionEnderr=4294967295 sess=0x7f2680007320
relay-1        | V0914 00:55:50.523668     8 MoQSession.cpp:2923] close sess=0x7f2680007320
relay-1        | V0914 00:55:50.523673     8 MoQSession.cpp:2602] requestCancellation from cleanup sess=0x7f2680007320
relay-1        | V0914 00:55:50.523682     8 MoQSession.cpp:2940] requestCancellation from close sess=0x7f2680007320
relay-1        | V0914 00:55:50.523787     8 MoQSession.cpp:2949] exit controlWriteLoop sess=0x7f2680045e80
relay-1        | V0914 00:55:50.523797     8 MoQSession.cpp:2540] ~MoQSession sess=0x7f2680045e80
relay-1        | V0914 00:55:50.523812     8 MoQSession.cpp:2949] exit controlWriteLoop sess=0x7f2680007320
test-client-1  | [2m2026-09-14T00:55:50.524467Z[0m [32m INFO[0m [2mmoq_native_ietf::quic[0m[2m:[0m UDP socket bound [3mbind[0m[2m=[0m[::]:0 [3mlocal[0m[2m=[0m[::]:51367 [3mdual_stack[0m[2m=[0mtrue
relay-1        | V0914 00:55:50.526297     8 MoQServer.cpp:325] MoQServer WebTransport: supported protocols: moqt-18, moqt-16, moqt-15, moq-00
relay-1        | V0914 00:55:50.526319     8 MoQServer.cpp:335] WebTransport: Negotiated protocol: moqt-18
relay-1        | V0914 00:55:50.526449     8 MoQSession.cpp:2648] start sess=0x7f268005d560
relay-1        | V0914 00:55:50.526477     8 MoQSession.cpp:2991] sendSetup sess=0x7f268005d560
relay-1        | V0914 00:55:50.526599     8 MoQSession.cpp:2947] controlWriteLoop sess=0x7f268005d560
relay-1        | V0914 00:55:50.526704     8 MoQSession.cpp:6787] onNewUniStream sess=0x7f268005d560
relay-1        | V0914 00:55:50.526731     8 MoQSession.cpp:3346] controlReadLoop sess=0x7f268005d560
relay-1        | V0914 00:55:50.526739     8 MoQSession.cpp:3135] onClientSetup sess=0x7f268005d560
relay-1        | V0914 00:55:50.526744     8 MoQServerBase.cpp:88] MoQServerBase::ClientSetup
relay-1        | V0914 00:55:50.526747     8 MoQServerBase.cpp:93] MoQServerBase::ClientSetup: Using ALPN-negotiated version: moqt-18
relay-1        | V0914 00:55:50.526753     8 MoQSession.cpp:3211] Negotiated Version=0xff000012 (draft-18)
relay-1        | V0914 00:55:50.526944     8 MoQSession.cpp:6815] onNewBidiStream sess=0x7f268005d560
relay-1        | V0914 00:55:50.527013     8 MoQSession.cpp:3346] controlReadLoop sess=0x7f268005d560
relay-1        | V0914 00:55:50.527038     8 MoQSession.cpp:4242] onSubscribeImpl ftn=moq-test-00/0/10/3/24/7/3/40/24/2/7/2/0/-1/-1/0/moq-test-c7b3d21cf5f5bcc9 sess=0x7f268005d560
relay-1        | V0914 00:55:50.534171     8 MoQSession.cpp:2540] ~MoQSession sess=0x7f2680007320
test-client-1  | [2m2026-09-14T00:55:50.728262Z[0m [32m INFO[0m [2mmoq_native_ietf::quic[0m[2m:[0m UDP socket bound [3mbind[0m[2m=[0m[::]:0 [3mlocal[0m[2m=[0m[::]:56865 [3mdual_stack[0m[2m=[0mtrue
relay-1        | V0914 00:55:50.730632     8 MoQServer.cpp:325] MoQServer WebTransport: supported protocols: moqt-18, moqt-16, moqt-15, moq-00
relay-1        | V0914 00:55:50.730656     8 MoQServer.cpp:335] WebTransport: Negotiated protocol: moqt-18
relay-1        | V0914 00:55:50.730763     8 MoQSession.cpp:2648] start sess=0x7f2680089e10
relay-1        | V0914 00:55:50.730788     8 MoQSession.cpp:2991] sendSetup sess=0x7f2680089e10
relay-1        | V0914 00:55:50.730896     8 MoQSession.cpp:2947] controlWriteLoop sess=0x7f2680089e10
relay-1        | V0914 00:55:50.731208     8 MoQSession.cpp:6815] onNewBidiStream sess=0x7f2680089e10
relay-1        | V0914 00:55:50.731228     8 MoQSession.cpp:6787] onNewUniStream sess=0x7f2680089e10
relay-1        | V0914 00:55:50.731255     8 MoQSession.cpp:3346] controlReadLoop sess=0x7f2680089e10
relay-1        | V0914 00:55:50.731269     8 MoQSession.cpp:3135] onClientSetup sess=0x7f2680089e10
relay-1        | V0914 00:55:50.731273     8 MoQServerBase.cpp:88] MoQServerBase::ClientSetup
relay-1        | V0914 00:55:50.731279     8 MoQServerBase.cpp:93] MoQServerBase::ClientSetup: Using ALPN-negotiated version: moqt-18
relay-1        | V0914 00:55:50.731284     8 MoQSession.cpp:3211] Negotiated Version=0xff000012 (draft-18)
relay-1        | V0914 00:55:50.731297     8 MoQSession.cpp:3346] controlReadLoop sess=0x7f2680089e10
relay-1        | V0914 00:55:50.731317     8 MoQSession.cpp:4921] onPublishImpl reqID=0 sess=0x7f2680089e10
relay-1        | V0914 00:55:50.731332     8 MoQRelay.cpp:422] publish ftn=moq-test-00/0/10/3/24/7/3/40/24/2/7/2/0/-1/-1/0/moq-test-c7b3d21cf5f5bcc9
relay-1        | E0914 00:55:50.731370     8 MoQRelay.cpp:82] prefix not found in tree
test-client-1  | [2m2026-09-14T00:55:50.731656Z[0m [32m INFO[0m [2mmoq_test_client::moqtest[0m[2m:[0m PUBLISH accepted and subscription bound; generating objects [3mobjects[0m[2m=[0m9 [3mstreams[0m[2m=[0m3
relay-1        | V0914 00:55:50.731401     8 MoQSession.cpp:6014] publishOk reqID=0 sess=0x7f2680089e10
relay-1        | V0914 00:55:50.731488     8 MoQLocation.h:24] m=AbsoluteStart g=0 o=0
relay-1        | V0914 00:55:50.731496     8 MoQLocation.h:59] g=0 o=0 g=4611686018427387903 o=4611686018427387903
relay-1        | I0914 00:55:50.731504     8 MoQRelay.cpp:1982] Updating forward for moq-test-00/0/10/3/24/7/3/40/24/2/7/2/0/-1/-1/0/moq-test-c7b3d21cf5f5bcc9 numForwardingSubs=1
relay-1        | V0914 00:55:50.731518     8 MoQSession.cpp:6191] sendSubscribeOk sess=0x7f268005d560
relay-1        | V0914 00:55:50.731593     8 MoQSession.cpp:6504] requestUpdate sess=0x7f2680089e10
relay-1        | V0914 00:55:50.731858     8 MoQSession.cpp:5054] PublishDone id=0 code=2 reason=publish ended
relay-1        | V0914 00:55:50.731880     8 MoQSession.cpp:2186] processPublishDone trackReceiveState=0x7f26800637f0
relay-1        | V0914 00:55:50.731887     8 MoQRelay.cpp:383] onPublishDoneImpl ftn=moq-test-00/0/10/3/24/7/3/40/24/2/7/2/0/-1/-1/0/moq-test-c7b3d21cf5f5bcc9
relay-1        | V0914 00:55:50.731895     8 MoQRelay.cpp:303] Pruning empty subtree at: moq-test-00
relay-1        | V0914 00:55:50.731902     8 MoQForwarder.cpp:609] publishDone pubDone reason=publish ended
relay-1        | V0914 00:55:50.731918     8 MoQForwarder.cpp:318] drainSubscriber from publishDone session=0x7f268005d560
relay-1        | V0914 00:55:50.731922     8 MoQSession.cpp:6304] sendPublishDone sess=0x7f268005d560
relay-1        | V0914 00:55:50.731934     8 MoQSession.cpp:6474] publisherDrained id=0 sess=0x7f268005d560
relay-1        | V0914 00:55:50.731942     8 MoQForwarder.cpp:384] Resetting open subgroups for subscriber=0x7f2680087660
relay-1        | V0914 00:55:50.731946     8 MoQForwarder.cpp:406] subscribers_.size()=0
relay-1        | I0914 00:55:50.731953     8 MoQRelay.cpp:1945] Publisher terminated for moq-test-00/0/10/3/24/7/3/40/24/2/7/2/0/-1/-1/0/moq-test-c7b3d21cf5f5bcc9
relay-1        | V0914 00:55:50.731966     8 MoQSession.cpp:3459] Failing pending request id=1 peer FINed without terminal reply sess=0x7f2680089e10
relay-1        | V0914 00:55:50.731972     8 MoQSession.cpp:3348] exit controlReadLoop sess=0x7f2680089e10
relay-1        | E0914 00:55:50.732036     8 MoQRelay.cpp:36] requestUpdate failed: peer FINed without terminal reply
relay-1        | V0914 00:55:50.732357     8 MoQSession.cpp:3348] exit controlReadLoop sess=0x7f268005d560
relay-1        | V0914 00:55:50.732373     8 MoQSession.cpp:3348] exit controlReadLoop sess=0x7f268005d560
test-client-1  | not ok 17 - moq-test-increments
test-client-1  |   ---
test-client-1  |   duration_ms: 217
test-client-1  |   message: "failed to create subgroup: cancelled"
test-client-1  |   ...
relay-1        | E20260914 00:55:50.740862     8 HQControlCodec.h:58] Unexpected control stream EOF
relay-1        | E20260914 00:55:50.740947     8 HQSession.cpp:3158] Got error on control stream error=HTTP: Critical stream was closed streamID=2 sess=proto=h3, UA=, client CID=398e7fb6fa8096bd, server CID=400000130e5fad5b, downstream=[::ffff:172.18.0.3]:56865, [::]:4443=local, drain=none
relay-1        | E20260914 00:55:50.741077     8 HQControlCodec.h:58] Unexpected control stream EOF
relay-1        | E20260914 00:55:50.741109     8 HQSession.cpp:3158] Got error on control stream error=HTTP: Critical stream was closed streamID=2 sess=proto=h3, UA=, client CID=dac75ddbc63f55f5, server CID=400000022d0a640f, downstream=[::ffff:172.18.0.3]:51367, [::]:4443=local, drain=none
relay-1        | E0914 00:55:50.741284     8 MoQServer.h:192] proxygen::HTTPException: Got error=ApplicationError: 260, HTTP error on control stream
relay-1        | V0914 00:55:50.741319     8 MoQSession.cpp:7213] onSessionEnderr=4294967295 sess=0x7f2680089e10
relay-1        | V0914 00:55:50.741326     8 MoQSession.cpp:2923] close sess=0x7f2680089e10
relay-1        | V0914 00:55:50.741335     8 MoQSession.cpp:2602] requestCancellation from cleanup sess=0x7f2680089e10
relay-1        | V0914 00:55:50.741351     8 MoQSession.cpp:2940] requestCancellation from close sess=0x7f2680089e10
relay-1        | E0914 00:55:50.741491     8 MoQServer.h:192] proxygen::HTTPException: Got error=ApplicationError: 260, HTTP error on control stream
test-client-1  | [2m2026-09-14T00:55:50.741565Z[0m [33m WARN[0m [2mweb_transport_quinn::session[0m[2m:[0m failed to read capsule [3me[0m[2m=[0mUnexpectedEnd
relay-1        | V0914 00:55:50.741642     8 MoQSession.cpp:7213] onSessionEnderr=4294967295 sess=0x7f268005d560
relay-1        | V0914 00:55:50.741652     8 MoQSession.cpp:2923] close sess=0x7f268005d560
relay-1        | V0914 00:55:50.741657     8 MoQSession.cpp:2602] requestCancellation from cleanup sess=0x7f268005d560
relay-1        | V0914 00:55:50.741666     8 MoQSession.cpp:2940] requestCancellation from close sess=0x7f268005d560
relay-1        | V0914 00:55:50.741757     8 MoQSession.cpp:3348] exit controlReadLoop sess=0x7f2680089e10
relay-1        | V0914 00:55:50.741790     8 MoQSession.cpp:2949] exit controlWriteLoop sess=0x7f2680089e10
relay-1        | V0914 00:55:50.741798     8 MoQSession.cpp:2540] ~MoQSession sess=0x7f2680089e10
relay-1        | V0914 00:55:50.741807     8 MoQSession.cpp:2949] exit controlWriteLoop sess=0x7f268005d560
test-client-1  | [2m2026-09-14T00:55:50.741873Z[0m [32m INFO[0m [2mmoq_native_ietf::quic[0m[2m:[0m UDP socket bound [3mbind[0m[2m=[0m[::]:0 [3mlocal[0m[2m=[0m[::]:46714 [3mdual_stack[0m[2m=[0mtrue
test-client-1  | [2m2026-09-14T00:55:50.741900Z[0m [33m WARN[0m [2mweb_transport_quinn::session[0m[2m:[0m failed to read capsule [3me[0m[2m=[0mUnexpectedEnd
relay-1        | V0914 00:55:50.743678     8 MoQServer.cpp:325] MoQServer WebTransport: supported protocols: moqt-18, moqt-16, moqt-15, moq-00
relay-1        | V0914 00:55:50.743693     8 MoQServer.cpp:335] WebTransport: Negotiated protocol: moqt-18
relay-1        | V0914 00:55:50.743781     8 MoQSession.cpp:2648] start sess=0x7f2680073010
relay-1        | V0914 00:55:50.743803     8 MoQSession.cpp:2991] sendSetup sess=0x7f2680073010
relay-1        | V0914 00:55:50.743901     8 MoQSession.cpp:2947] controlWriteLoop sess=0x7f2680073010
relay-1        | V0914 00:55:50.744093     8 MoQSession.cpp:6787] onNewUniStream sess=0x7f2680073010
relay-1        | V0914 00:55:50.744120     8 MoQSession.cpp:3346] controlReadLoop sess=0x7f2680073010
relay-1        | V0914 00:55:50.744126     8 MoQSession.cpp:3135] onClientSetup sess=0x7f2680073010
relay-1        | V0914 00:55:50.744130     8 MoQServerBase.cpp:88] MoQServerBase::ClientSetup
relay-1        | V0914 00:55:50.744133     8 MoQServerBase.cpp:93] MoQServerBase::ClientSetup: Using ALPN-negotiated version: moqt-18
relay-1        | V0914 00:55:50.744139     8 MoQSession.cpp:3211] Negotiated Version=0xff000012 (draft-18)
relay-1        | V0914 00:55:50.744304     8 MoQSession.cpp:6815] onNewBidiStream sess=0x7f2680073010
relay-1        | V0914 00:55:50.744341     8 MoQSession.cpp:3346] controlReadLoop sess=0x7f2680073010
relay-1        | V0914 00:55:50.744355     8 MoQSession.cpp:4242] onSubscribeImpl ftn=moq-test-00/0/0/0/1/2/3/64/32/2/1/1/0/-1/-1/0/moq-test-620b754c765e879b sess=0x7f2680073010
relay-1        | V0914 00:55:50.748487     8 MoQSession.cpp:2540] ~MoQSession sess=0x7f268005d560
test-client-1  | [2m2026-09-14T00:55:50.947007Z[0m [32m INFO[0m [2mmoq_native_ietf::quic[0m[2m:[0m UDP socket bound [3mbind[0m[2m=[0m[::]:0 [3mlocal[0m[2m=[0m[::]:42598 [3mdual_stack[0m[2m=[0mtrue
relay-1        | V0914 00:55:50.949374     8 MoQServer.cpp:325] MoQServer WebTransport: supported protocols: moqt-18, moqt-16, moqt-15, moq-00
relay-1        | V0914 00:55:50.949396     8 MoQServer.cpp:335] WebTransport: Negotiated protocol: moqt-18
relay-1        | V0914 00:55:50.949521     8 MoQSession.cpp:2648] start sess=0x7f2680087a40
relay-1        | V0914 00:55:50.949676     8 MoQSession.cpp:2991] sendSetup sess=0x7f2680087a40
relay-1        | V0914 00:55:50.949823     8 MoQSession.cpp:2947] controlWriteLoop sess=0x7f2680087a40
relay-1        | V0914 00:55:50.949846     8 MoQSession.cpp:6787] onNewUniStream sess=0x7f2680087a40
relay-1        | V0914 00:55:50.949916     8 MoQSession.cpp:3346] controlReadLoop sess=0x7f2680087a40
relay-1        | V0914 00:55:50.949923     8 MoQSession.cpp:3135] onClientSetup sess=0x7f2680087a40
relay-1        | V0914 00:55:50.949926     8 MoQServerBase.cpp:88] MoQServerBase::ClientSetup
relay-1        | V0914 00:55:50.949929     8 MoQServerBase.cpp:93] MoQServerBase::ClientSetup: Using ALPN-negotiated version: moqt-18
relay-1        | V0914 00:55:50.949933     8 MoQSession.cpp:3211] Negotiated Version=0xff000012 (draft-18)
relay-1        | V0914 00:55:50.950160     8 MoQSession.cpp:6815] onNewBidiStream sess=0x7f2680087a40
relay-1        | V0914 00:55:50.950211     8 MoQSession.cpp:3346] controlReadLoop sess=0x7f2680087a40
relay-1        | V0914 00:55:50.950232     8 MoQSession.cpp:4921] onPublishImpl reqID=0 sess=0x7f2680087a40
relay-1        | V0914 00:55:50.950249     8 MoQRelay.cpp:422] publish ftn=moq-test-00/0/0/0/1/2/3/64/32/2/1/1/0/-1/-1/0/moq-test-620b754c765e879b
relay-1        | E0914 00:55:50.950264     8 MoQRelay.cpp:82] prefix not found in tree
relay-1        | V0914 00:55:50.950288     8 MoQSession.cpp:6014] publishOk reqID=0 sess=0x7f2680087a40
relay-1        | V0914 00:55:50.950414     8 MoQLocation.h:24] m=AbsoluteStart g=0 o=0
relay-1        | V0914 00:55:50.950440     8 MoQLocation.h:59] g=0 o=0 g=4611686018427387903 o=4611686018427387903
relay-1        | V0914 00:55:50.950454     8 MoQSession.cpp:6191] sendSubscribeOk sess=0x7f2680073010
test-client-1  | [2m2026-09-14T00:55:50.950667Z[0m [32m INFO[0m [2mmoq_test_client::moqtest[0m[2m:[0m PUBLISH accepted and subscription bound; generating objects [3mobjects[0m[2m=[0m6 [3mstreams[0m[2m=[0m2
relay-1        | V0914 00:55:50.950821     8 MoQSession.cpp:5054] PublishDone id=0 code=2 reason=publish ended
relay-1        | V0914 00:55:50.950836     8 MoQSession.cpp:2186] processPublishDone trackReceiveState=0x7f2680087920
relay-1        | V0914 00:55:50.950842     8 MoQRelay.cpp:383] onPublishDoneImpl ftn=moq-test-00/0/0/0/1/2/3/64/32/2/1/1/0/-1/-1/0/moq-test-620b754c765e879b
relay-1        | V0914 00:55:50.950851     8 MoQRelay.cpp:303] Pruning empty subtree at: moq-test-00
relay-1        | V0914 00:55:50.950861     8 MoQForwarder.cpp:609] publishDone pubDone reason=publish ended
relay-1        | V0914 00:55:50.950865     8 MoQForwarder.cpp:318] drainSubscriber from publishDone session=0x7f2680073010
relay-1        | V0914 00:55:50.950870     8 MoQSession.cpp:6304] sendPublishDone sess=0x7f2680073010
relay-1        | V0914 00:55:50.950882     8 MoQSession.cpp:6474] publisherDrained id=0 sess=0x7f2680073010
relay-1        | V0914 00:55:50.950889     8 MoQForwarder.cpp:384] Resetting open subgroups for subscriber=0x7f2680087660
relay-1        | V0914 00:55:50.950892     8 MoQForwarder.cpp:406] subscribers_.size()=0
relay-1        | I0914 00:55:50.950900     8 MoQRelay.cpp:1945] Publisher terminated for moq-test-00/0/0/0/1/2/3/64/32/2/1/1/0/-1/-1/0/moq-test-620b754c765e879b
relay-1        | V0914 00:55:50.950909     8 MoQSession.cpp:3348] exit controlReadLoop sess=0x7f2680087a40
relay-1        | V0914 00:55:50.951128     8 MoQSession.cpp:3348] exit controlReadLoop sess=0x7f2680073010
relay-1        | V0914 00:55:50.951190     8 MoQSession.cpp:3348] exit controlReadLoop sess=0x7f2680073010
test-client-1  | not ok 18 - moq-test-forward-zero
test-client-1  |   ---
test-client-1  |   duration_ms: 218
test-client-1  |   message: "failed to create subgroup: cancelled"
test-client-1  |   ...
relay-1        | E20260914 00:55:50.959678     8 HQControlCodec.h:58] Unexpected control stream EOF
relay-1        | E20260914 00:55:50.959744     8 HQSession.cpp:3158] Got error on control stream error=HTTP: Critical stream was closed streamID=2 sess=proto=h3, UA=, client CID=2babad8e84752371, server CID=4000000e7d58216c, downstream=[::ffff:172.18.0.3]:42598, [::]:4443=local, drain=none
relay-1        | E20260914 00:55:50.959789     8 HQControlCodec.h:58] Unexpected control stream EOF
relay-1        | E20260914 00:55:50.959813     8 HQSession.cpp:3158] Got error on control stream error=HTTP: Critical stream was closed streamID=2 sess=proto=h3, UA=, client CID=ea5aabf2e9dd8873, server CID=4000001a5a9709aa, downstream=[::ffff:172.18.0.3]:46714, [::]:4443=local, drain=none
relay-1        | E0914 00:55:50.959857     8 MoQServer.h:192] proxygen::HTTPException: Got error=ApplicationError: 260, HTTP error on control stream
relay-1        | V0914 00:55:50.959865     8 MoQSession.cpp:7213] onSessionEnderr=4294967295 sess=0x7f2680087a40
relay-1        | V0914 00:55:50.959869     8 MoQSession.cpp:2923] close sess=0x7f2680087a40
relay-1        | V0914 00:55:50.959876     8 MoQSession.cpp:2602] requestCancellation from cleanup sess=0x7f2680087a40
relay-1        | V0914 00:55:50.959888     8 MoQSession.cpp:2940] requestCancellation from close sess=0x7f2680087a40
relay-1        | E0914 00:55:50.959951     8 MoQServer.h:192] proxygen::HTTPException: Got error=ApplicationError: 260, HTTP error on control stream
relay-1        | V0914 00:55:50.959962     8 MoQSession.cpp:7213] onSessionEnderr=4294967295 sess=0x7f2680073010
relay-1        | V0914 00:55:50.959965     8 MoQSession.cpp:2923] close sess=0x7f2680073010
relay-1        | V0914 00:55:50.959969     8 MoQSession.cpp:2602] requestCancellation from cleanup sess=0x7f2680073010
relay-1        | V0914 00:55:50.959975     8 MoQSession.cpp:2940] requestCancellation from close sess=0x7f2680073010
relay-1        | V0914 00:55:50.960017     8 MoQSession.cpp:3348] exit controlReadLoop sess=0x7f2680087a40
relay-1        | V0914 00:55:50.960047     8 MoQSession.cpp:2949] exit controlWriteLoop sess=0x7f2680087a40
relay-1        | V0914 00:55:50.960057     8 MoQSession.cpp:2949] exit controlWriteLoop sess=0x7f2680073010
relay-1        | V0914 00:55:50.960062     8 MoQSession.cpp:2540] ~MoQSession sess=0x7f2680073010
relay-1        | V0914 00:55:50.968209     8 MoQSession.cpp:2540] ~MoQSession sess=0x7f2680087a40
[Ktest-client-1 exited with code 1
Aborting on container exit...
 Container main-test-client-1  Stopping
 Container main-test-client-1  Stopped
 Container main-relay-1  Stopping
 Container main-relay-1  Stopped

make[1]: *** [Makefile:86: test] Error 1
make[1]: Leaving directory '/home/runner/work/moq-interop-runner/moq-interop-runner/main'
