make[1]: Entering directory '/home/runner/work/moq-interop-runner/moq-interop-runner/main'
rm -rf mlog/
mkdir -p mlog/relay mlog/client
Running interop tests...
  Relay:  moxygen-interop:latest
  Client: ghcr.io/englishm/moq-interop-runner-moq-test-client-draft-18:latest
  URL:    https://relay:4443
time="2026-09-23T00:51:46Z" level=warning msg="The \"PORT\" variable is not set. Defaulting to a blank string."
time="2026-09-23T00:51:46Z" level=warning msg="The \"PORT\" variable is not set. Defaulting to a blank string."
time="2026-09-23T00:51:46Z" level=warning msg="The \"PORT\" variable is not set. Defaulting to a blank string."
time="2026-09-23T00:51:46Z" level=warning msg="The \"HEX\" variable is not set. Defaulting to a blank string."
time="2026-09-23T00:51:46Z" level=warning msg="The \"HEX\" variable is not set. Defaulting to a blank string."
 Container main-relay-1  Recreate
 Container main-relay-1  Recreated
Attaching to relay-1, test-client-1
relay-1        | V0923 00:51:46.534337     7 MoQServer.cpp:121] MoQServer: Registering ALPN handlers: moqt-18, moqt-16, moqt-15, moq-00
relay-1        | W0923 00:51:46.535589     7 MoQServer.cpp:166] UDP send buffer for fd 15 is 425984 bytes (expected 2097152)
test-client-1  | TAP version 14
test-client-1  | # moq-test-client v0.1.12
test-client-1  | # Relay: https://relay:4443/
test-client-1  | 1..18
test-client-1  | [2m2026-09-23T00:51:52.127652Z[0m [32m INFO[0m [2mmoq_native_ietf::quic[0m[2m:[0m UDP socket bound [3mbind[0m[2m=[0m[::]:0 [3mlocal[0m[2m=[0m[::]:39069 [3mdual_stack[0m[2m=[0mtrue
relay-1        | V0923 00:51:52.131043     8 MoQServer.cpp:325] MoQServer WebTransport: supported protocols: moqt-18, moqt-16, moqt-15, moq-00
relay-1        | V0923 00:51:52.131074     8 MoQServer.cpp:335] WebTransport: Negotiated protocol: moqt-18
relay-1        | V0923 00:51:52.131371     8 MoQSession.cpp:2674] start sess=0x7feab8051ce0
relay-1        | V0923 00:51:52.131403     8 MoQSession.cpp:3018] sendSetup sess=0x7feab8051ce0
relay-1        | V0923 00:51:52.131632     8 MoQSession.cpp:2974] controlWriteLoop sess=0x7feab8051ce0
relay-1        | V0923 00:51:52.131666     8 MoQSession.cpp:6839] onNewUniStream sess=0x7feab8051ce0
relay-1        | V0923 00:51:52.131856     8 MoQSession.cpp:3373] controlReadLoop sess=0x7feab8051ce0
relay-1        | V0923 00:51:52.131875     8 MoQSession.cpp:3162] onClientSetup sess=0x7feab8051ce0
relay-1        | V0923 00:51:52.131879     8 MoQServerBase.cpp:88] MoQServerBase::ClientSetup
relay-1        | V0923 00:51:52.131881     8 MoQServerBase.cpp:93] MoQServerBase::ClientSetup: Using ALPN-negotiated version: moqt-18
relay-1        | V0923 00:51:52.131884     8 MoQSession.cpp:3238] Negotiated Version=0xff000012 (draft-18)
test-client-1  | [2m2026-09-23T00:51:52.131898Z[0m [32m INFO[0m [2mmoq_test_client::scenarios[0m[2m:[0m SETUP exchange completed successfully
test-client-1  | ok 1 - setup-only
test-client-1  |   ---
test-client-1  |   duration_ms: 4
test-client-1  |   connection_id: f25e8c5884c5960d654c4432988c7c2d
test-client-1  |   ...
relay-1        | V0923 00:51:52.132070     8 MoQSession.cpp:3376] exit controlReadLoop sess=0x7feab8051ce0
test-client-1  | [2m2026-09-23T00:51:52.132558Z[0m [32m INFO[0m [2mmoq_native_ietf::quic[0m[2m:[0m UDP socket bound [3mbind[0m[2m=[0m[::]:0 [3mlocal[0m[2m=[0m[::]:46189 [3mdual_stack[0m[2m=[0mtrue
relay-1        | E20260923 00:51:52.132813     8 HQControlCodec.h:58] Unexpected control stream EOF
relay-1        | E20260923 00:51:52.132966     8 HQSession.cpp:3158] Got error on control stream error=HTTP: Critical stream was closed streamID=2 sess=proto=h3, UA=, client CID=ec688734addf317b, server CID=40000015398a9d80, downstream=[::ffff:172.18.0.3]:39069, [::]:4443=local, drain=none
relay-1        | E0923 00:51:52.133035     8 MoQServer.h:192] proxygen::HTTPException: Got error=ApplicationError: 260, HTTP error on control stream
relay-1        | V0923 00:51:52.133047     8 MoQSession.cpp:7289] onSessionEnderr=4294967295 sess=0x7feab8051ce0
relay-1        | V0923 00:51:52.133049     8 MoQSession.cpp:2950] close sess=0x7feab8051ce0
relay-1        | V0923 00:51:52.133082     8 MoQSession.cpp:2628] requestCancellation from cleanup sess=0x7feab8051ce0
relay-1        | V0923 00:51:52.133119     8 MoQSession.cpp:2967] requestCancellation from close sess=0x7feab8051ce0
test-client-1  | [2m2026-09-23T00:51:52.133228Z[0m [33m WARN[0m [2mweb_transport_quinn::session[0m[2m:[0m failed to read capsule [3me[0m[2m=[0mUnexpectedEnd
relay-1        | V0923 00:51:52.133524     8 MoQSession.cpp:2976] exit controlWriteLoop sess=0x7feab8051ce0
relay-1        | V0923 00:51:52.133543     8 MoQSession.cpp:2566] ~MoQSession sess=0x7feab8051ce0
relay-1        | V0923 00:51:52.134486     8 MoQServer.cpp:325] MoQServer WebTransport: supported protocols: moqt-18, moqt-16, moqt-15, moq-00
relay-1        | V0923 00:51:52.134517     8 MoQServer.cpp:335] WebTransport: Negotiated protocol: moqt-18
relay-1        | V0923 00:51:52.134737     8 MoQSession.cpp:2674] start sess=0x7feab806ad00
relay-1        | V0923 00:51:52.134764     8 MoQSession.cpp:3018] sendSetup sess=0x7feab806ad00
relay-1        | V0923 00:51:52.134776     8 MoQSession.cpp:6839] onNewUniStream sess=0x7feab806ad00
relay-1        | V0923 00:51:52.134875     8 MoQSession.cpp:2974] controlWriteLoop sess=0x7feab806ad00
test-client-1  | [2m2026-09-23T00:51:52.134953Z[0m [32m INFO[0m [2mmoq_test_client::scenarios[0m[2m:[0m Sending PUBLISH_NAMESPACE for: moq-test/interop
relay-1        | V0923 00:51:52.135137     8 MoQSession.cpp:3373] controlReadLoop sess=0x7feab806ad00
relay-1        | V0923 00:51:52.135148     8 MoQSession.cpp:3162] onClientSetup sess=0x7feab806ad00
relay-1        | V0923 00:51:52.135150     8 MoQServerBase.cpp:88] MoQServerBase::ClientSetup
relay-1        | V0923 00:51:52.135152     8 MoQServerBase.cpp:93] MoQServerBase::ClientSetup: Using ALPN-negotiated version: moqt-18
relay-1        | V0923 00:51:52.135154     8 MoQSession.cpp:3238] Negotiated Version=0xff000012 (draft-18)
relay-1        | V0923 00:51:52.135166     8 MoQSession.cpp:6869] onNewBidiStream sess=0x7feab806ad00
relay-1        | V0923 00:51:52.135182     8 MoQSession.cpp:3373] controlReadLoop sess=0x7feab806ad00
relay-1        | V0923 00:51:52.135195     8 MoQRelaySession.cpp:1142] onPublishNamespaceImpl ns=moq-test/interop sess=0x7feab806ad00
relay-1        | V0923 00:51:52.135214     8 MoQRelay.cpp:134] publishNamespace ns=moq-test/interop
relay-1        | V0923 00:51:52.135226     8 MoQRelaySession.cpp:1234] publishNamespaceOk reqID=0 sess=0x7feab806ad00
test-client-1  | [2m2026-09-23T00:51:54.135599Z[0m [32m INFO[0m [2mmoq_test_client::scenarios[0m[2m:[0m PUBLISH_NAMESPACE succeeded (REQUEST_OK received, waiting for subscribers)
test-client-1  | ok 2 - publish-namespace-only
test-client-1  |   ---
test-client-1  |   duration_ms: 2003
test-client-1  |   connection_id: e892e475f3df9b25338d91c1617b9a35
test-client-1  |   ...
relay-1        | E20260923 00:51:54.136077     8 HQControlCodec.h:58] Unexpected control stream EOF
relay-1        | E20260923 00:51:54.136149     8 HQSession.cpp:3158] Got error on control stream error=HTTP: Critical stream was closed streamID=2 sess=proto=h3, UA=, client CID=5ad09ddaa5f6ae74, server CID=4000000dfe582744, downstream=[::ffff:172.18.0.3]:46189, [::]:4443=local, drain=none
test-client-1  | [2m2026-09-23T00:51:54.136383Z[0m [32m INFO[0m [2mmoq_native_ietf::quic[0m[2m:[0m UDP socket bound [3mbind[0m[2m=[0m[::]:0 [3mlocal[0m[2m=[0m[::]:45839 [3mdual_stack[0m[2m=[0mtrue
relay-1        | E0923 00:51:54.136242     8 MoQServer.h:192] proxygen::HTTPException: Got error=ApplicationError: 260, HTTP error on control stream
relay-1        | V0923 00:51:54.136262     8 MoQSession.cpp:7289] onSessionEnderr=4294967295 sess=0x7feab806ad00
relay-1        | V0923 00:51:54.136265     8 MoQSession.cpp:2950] close sess=0x7feab806ad00
relay-1        | V0923 00:51:54.136275     8 MoQRelay.cpp:310] publishNamespaceDone ns=moq-test/interop
relay-1        | V0923 00:51:54.136281     8 MoQRelay.cpp:303] Pruning empty subtree at: moq-test
relay-1        | V0923 00:51:54.136287     8 MoQSession.cpp:2628] requestCancellation from cleanup sess=0x7feab806ad00
relay-1        | V0923 00:51:54.136311     8 BidiStreamControl.cpp:37] STOP_SENDING received on bidi stream id=4 code=386759528
relay-1        | V0923 00:51:54.136320     8 MoQSession.cpp:2967] requestCancellation from close sess=0x7feab806ad00
relay-1        | V0923 00:51:54.136441     8 MoQSession.cpp:3376] exit controlReadLoop sess=0x7feab806ad00
relay-1        | V0923 00:51:54.136453     8 MoQSession.cpp:3376] exit controlReadLoop sess=0x7feab806ad00
relay-1        | V0923 00:51:54.136489     8 MoQSession.cpp:2976] exit controlWriteLoop sess=0x7feab806ad00
test-client-1  | [2m2026-09-23T00:51:54.136574Z[0m [33m WARN[0m [2mweb_transport_quinn::session[0m[2m:[0m failed to read capsule [3me[0m[2m=[0mUnexpectedEnd
relay-1        | V0923 00:51:54.138298     8 MoQServer.cpp:325] MoQServer WebTransport: supported protocols: moqt-18, moqt-16, moqt-15, moq-00
relay-1        | V0923 00:51:54.138321     8 MoQServer.cpp:335] WebTransport: Negotiated protocol: moqt-18
relay-1        | V0923 00:51:54.138440     8 MoQSession.cpp:2674] start sess=0x7feab806e880
relay-1        | V0923 00:51:54.138458     8 MoQSession.cpp:3018] sendSetup sess=0x7feab806e880
relay-1        | V0923 00:51:54.138530     8 MoQSession.cpp:2974] controlWriteLoop sess=0x7feab806e880
relay-1        | V0923 00:51:54.138621     8 MoQSession.cpp:6839] onNewUniStream sess=0x7feab806e880
relay-1        | V0923 00:51:54.138671     8 MoQSession.cpp:3373] controlReadLoop sess=0x7feab806e880
relay-1        | V0923 00:51:54.138683     8 MoQSession.cpp:3162] onClientSetup sess=0x7feab806e880
relay-1        | V0923 00:51:54.138686     8 MoQServerBase.cpp:88] MoQServerBase::ClientSetup
relay-1        | V0923 00:51:54.138689     8 MoQServerBase.cpp:93] MoQServerBase::ClientSetup: Using ALPN-negotiated version: moqt-18
relay-1        | V0923 00:51:54.138692     8 MoQSession.cpp:3238] Negotiated Version=0xff000012 (draft-18)
test-client-1  | [2m2026-09-23T00:51:54.138698Z[0m [32m INFO[0m [2mmoq_test_client::scenarios[0m[2m:[0m Subscribing to non-existent track: nonexistent/namespace/test-track
relay-1        | V0923 00:51:54.138831     8 MoQSession.cpp:6869] onNewBidiStream sess=0x7feab806e880
relay-1        | V0923 00:51:54.138857     8 MoQSession.cpp:3373] controlReadLoop sess=0x7feab806e880
relay-1        | V0923 00:51:54.138869     8 MoQSession.cpp:4260] onSubscribeImpl ftn=nonexistent/namespace/test-track sess=0x7feab806e880
relay-1        | V0923 00:51:54.138905     8 MoQSession.cpp:4402] Application subscribe error err=no such namespace or track
relay-1        | V0923 00:51:54.138923     8 MoQSession.cpp:6260] subscribeError sess=0x7feab806e880
relay-1        | V0923 00:51:54.138935     8 MoQSession.cpp:6526] publisherDrained id=0 sess=0x7feab806e880
test-client-1  | [2m2026-09-23T00:51:54.139037Z[0m [33m WARN[0m [2mmoq_transport::serve::error[0m[2m:[0m [bca6fc61-4a14-40af-b0ef-707e65c4eaca] Not found: no such namespace or track at moq-transport/src/session/subscriber.rs:1653
test-client-1  | [2m2026-09-23T00:51:54.139118Z[0m [32m INFO[0m [2mmoq_test_client::scenarios[0m[2m:[0m Got expected 'not found' error: not found: Track not found [error:bca6fc61-4a14-40af-b0ef-707e65c4eaca]
relay-1        | V0923 00:51:54.139123     8 MoQSession.cpp:3376] exit controlReadLoop sess=0x7feab806e880
relay-1        | V0923 00:51:54.139148     8 MoQSession.cpp:3376] exit controlReadLoop sess=0x7feab806e880
relay-1        | E20260923 00:51:54.139246     8 HQControlCodec.h:58] Unexpected control stream EOF
relay-1        | E20260923 00:51:54.139288     8 HQSession.cpp:3158] Got error on control stream error=HTTP: Critical stream was closed streamID=2 sess=proto=h3, UA=, client CID=18b0b7d06110bfda, server CID=40000018041f56cc, downstream=[::ffff:172.18.0.3]:45839, [::]:4443=local, drain=none
relay-1        | E0923 00:51:54.139322     8 MoQServer.h:192] proxygen::HTTPException: Got error=ApplicationError: 260, HTTP error on control stream
relay-1        | V0923 00:51:54.139328     8 MoQSession.cpp:7289] onSessionEnderr=4294967295 sess=0x7feab806e880
relay-1        | V0923 00:51:54.139330     8 MoQSession.cpp:2950] close sess=0x7feab806e880
relay-1        | V0923 00:51:54.139335     8 MoQSession.cpp:2628] requestCancellation from cleanup sess=0x7feab806e880
relay-1        | V0923 00:51:54.139347     8 MoQSession.cpp:2967] requestCancellation from close sess=0x7feab806e880
relay-1        | V0923 00:51:54.139424     8 MoQSession.cpp:2976] exit controlWriteLoop sess=0x7feab806e880
test-client-1  | [2m2026-09-23T00:51:54.139479Z[0m [33m WARN[0m [2mweb_transport_quinn::session[0m[2m:[0m failed to read capsule [3me[0m[2m=[0mUnexpectedEnd
test-client-1  | [2m2026-09-23T00:51:54.139744Z[0m [32m INFO[0m [2mmoq_native_ietf::quic[0m[2m:[0m UDP socket bound [3mbind[0m[2m=[0m[::]:0 [3mlocal[0m[2m=[0m[::]:46634 [3mdual_stack[0m[2m=[0mtrue
test-client-1  | ok 3 - subscribe-error
test-client-1  |   ---
test-client-1  |   duration_ms: 3
test-client-1  |   connection_id: 885e83d98266f92840c8659769252f8c
test-client-1  |   ...
relay-1        | V0923 00:51:54.141265     8 MoQServer.cpp:325] MoQServer WebTransport: supported protocols: moqt-18, moqt-16, moqt-15, moq-00
relay-1        | V0923 00:51:54.141280     8 MoQServer.cpp:335] WebTransport: Negotiated protocol: moqt-18
relay-1        | V0923 00:51:54.141334     8 MoQSession.cpp:2674] start sess=0x7feab807b780
relay-1        | V0923 00:51:54.141348     8 MoQSession.cpp:3018] sendSetup sess=0x7feab807b780
relay-1        | V0923 00:51:54.141396     8 MoQSession.cpp:2974] controlWriteLoop sess=0x7feab807b780
relay-1        | V0923 00:51:54.141516     8 MoQSession.cpp:6839] onNewUniStream sess=0x7feab807b780
relay-1        | V0923 00:51:54.141535     8 MoQSession.cpp:3373] controlReadLoop sess=0x7feab807b780
relay-1        | V0923 00:51:54.141539     8 MoQSession.cpp:3162] onClientSetup sess=0x7feab807b780
relay-1        | V0923 00:51:54.141542     8 MoQServerBase.cpp:88] MoQServerBase::ClientSetup
relay-1        | V0923 00:51:54.141544     8 MoQServerBase.cpp:93] MoQServerBase::ClientSetup: Using ALPN-negotiated version: moqt-18
relay-1        | V0923 00:51:54.141551     8 MoQSession.cpp:3238] Negotiated Version=0xff000012 (draft-18)
test-client-1  | [2m2026-09-23T00:51:54.142072Z[0m [32m INFO[0m [2mmoq_native_ietf::quic[0m[2m:[0m UDP socket bound [3mbind[0m[2m=[0m[::]:0 [3mlocal[0m[2m=[0m[::]:33809 [3mdual_stack[0m[2m=[0mtrue
relay-1        | V0923 00:51:54.143330     8 MoQServer.cpp:325] MoQServer WebTransport: supported protocols: moqt-18, moqt-16, moqt-15, moq-00
relay-1        | V0923 00:51:54.143346     8 MoQServer.cpp:335] WebTransport: Negotiated protocol: moqt-18
relay-1        | V0923 00:51:54.143406     8 MoQSession.cpp:2674] start sess=0x7feab808e970
relay-1        | V0923 00:51:54.143418     8 MoQSession.cpp:3018] sendSetup sess=0x7feab808e970
relay-1        | V0923 00:51:54.143439     8 MoQSession.cpp:2974] controlWriteLoop sess=0x7feab808e970
relay-1        | V0923 00:51:54.143709     8 MoQSession.cpp:6839] onNewUniStream sess=0x7feab808e970
relay-1        | V0923 00:51:54.143742     8 MoQSession.cpp:3373] controlReadLoop sess=0x7feab808e970
test-client-1  | [2m2026-09-23T00:51:54.143716Z[0m [32m INFO[0m [2mmoq_test_client::scenarios[0m[2m:[0m Publisher sending PUBLISH_NAMESPACE: moq-test/interop
test-client-1  | [2m2026-09-23T00:51:54.143727Z[0m [32m INFO[0m [2mmoq_test_client::scenarios[0m[2m:[0m Subscriber subscribing to track: moq-test/interop/test-track
relay-1        | V0923 00:51:54.143746     8 MoQSession.cpp:3162] onClientSetup sess=0x7feab808e970
relay-1        | V0923 00:51:54.143748     8 MoQServerBase.cpp:88] MoQServerBase::ClientSetup
relay-1        | V0923 00:51:54.143750     8 MoQServerBase.cpp:93] MoQServerBase::ClientSetup: Using ALPN-negotiated version: moqt-18
relay-1        | V0923 00:51:54.143754     8 MoQSession.cpp:3238] Negotiated Version=0xff000012 (draft-18)
relay-1        | V0923 00:51:54.143818     8 MoQSession.cpp:6869] onNewBidiStream sess=0x7feab808e970
relay-1        | V0923 00:51:54.143837     8 MoQSession.cpp:3373] controlReadLoop sess=0x7feab808e970
relay-1        | V0923 00:51:54.143855     8 MoQSession.cpp:4260] onSubscribeImpl ftn=moq-test/interop/test-track sess=0x7feab808e970
relay-1        | V0923 00:51:54.143880     8 MoQSession.cpp:4402] Application subscribe error err=no such namespace or track
relay-1        | V0923 00:51:54.143886     8 MoQSession.cpp:6260] subscribeError sess=0x7feab808e970
relay-1        | V0923 00:51:54.143896     8 MoQSession.cpp:6526] publisherDrained id=0 sess=0x7feab808e970
relay-1        | V0923 00:51:54.143902     8 MoQSession.cpp:6869] onNewBidiStream sess=0x7feab807b780
test-client-1  | [2m2026-09-23T00:51:54.144015Z[0m [33m WARN[0m [2mmoq_transport::serve::error[0m[2m:[0m [2271f722-c526-48f5-80f7-657b5753b13d] Not found: no such namespace or track at moq-transport/src/session/subscriber.rs:1653
relay-1        | V0923 00:51:54.143989     8 MoQSession.cpp:3373] controlReadLoop sess=0x7feab807b780
relay-1        | V0923 00:51:54.144003     8 MoQRelaySession.cpp:1142] onPublishNamespaceImpl ns=moq-test/interop sess=0x7feab807b780
relay-1        | V0923 00:51:54.144013     8 MoQRelay.cpp:134] publishNamespace ns=moq-test/interop
test-client-1  | [2m2026-09-23T00:51:54.144101Z[0m [32m INFO[0m [2mmoq_test_client::scenarios[0m[2m:[0m Subscriber got error: not found: Track not found [error:2271f722-c526-48f5-80f7-657b5753b13d] - subscription was processed
relay-1        | V0923 00:51:54.144030     8 MoQRelaySession.cpp:1234] publishNamespaceOk reqID=0 sess=0x7feab807b780
relay-1        | V0923 00:51:54.144104     8 MoQSession.cpp:3376] exit controlReadLoop sess=0x7feab808e970
test-client-1  | ok 4 - publish-namespace-subscribe
relay-1        | E20260923 00:51:54.144181     8 HQControlCodec.h:58] Unexpected control stream EOF
relay-1        | E20260923 00:51:54.144222     8 HQSession.cpp:3158] Got error on control stream error=HTTP: Critical stream was closed streamID=2 sess=proto=h3, UA=, client CID=a010cff32c7146a5, server CID=400000082c535ce3, downstream=[::ffff:172.18.0.3]:33809, [::]:4443=local, drain=none
relay-1        | E0923 00:51:54.144257     8 MoQServer.h:192] proxygen::HTTPException: Got error=ApplicationError: 260, HTTP error on control stream
relay-1        | V0923 00:51:54.144269     8 MoQSession.cpp:7289] onSessionEnderr=4294967295 sess=0x7feab808e970
relay-1        | V0923 00:51:54.144271     8 MoQSession.cpp:2950] close sess=0x7feab808e970
test-client-1  |   ---
test-client-1  |   duration_ms: 4
test-client-1  |   publisher_connection_id: 1b0c06e92718c85adafefd58df8b90cb
test-client-1  |   subscriber_connection_id: 9fd7976ec7883557a8689c2c131c259d
test-client-1  |   ...
test-client-1  | [2m2026-09-23T00:51:54.144375Z[0m [33m WARN[0m [2mweb_transport_quinn::session[0m[2m:[0m failed to read capsule [3me[0m[2m=[0mUnexpectedEnd
relay-1        | V0923 00:51:54.144276     8 MoQSession.cpp:2628] requestCancellation from cleanup sess=0x7feab808e970
relay-1        | V0923 00:51:54.144288     8 MoQSession.cpp:2967] requestCancellation from close sess=0x7feab808e970
relay-1        | V0923 00:51:54.144363     8 MoQRelaySession.cpp:1300] onPublishNamespaceDone requestID=0 sess=0x7feab807b780
relay-1        | V0923 00:51:54.144370     8 MoQRelay.cpp:310] publishNamespaceDone ns=moq-test/interop
relay-1        | V0923 00:51:54.144374     8 MoQRelay.cpp:303] Pruning empty subtree at: moq-test
relay-1        | V0923 00:51:54.144378     8 MoQSession.cpp:3376] exit controlReadLoop sess=0x7feab807b780
relay-1        | V0923 00:51:54.144383     8 MoQSession.cpp:3376] exit controlReadLoop sess=0x7feab807b780
relay-1        | V0923 00:51:54.144386     8 MoQSession.cpp:3376] exit controlReadLoop sess=0x7feab808e970
relay-1        | V0923 00:51:54.144408     8 MoQSession.cpp:2976] exit controlWriteLoop sess=0x7feab808e970
relay-1        | E20260923 00:51:54.144413     8 HQControlCodec.h:58] Unexpected control stream EOF
relay-1        | E20260923 00:51:54.144430     8 HQSession.cpp:3158] Got error on control stream error=HTTP: Critical stream was closed streamID=2 sess=proto=h3, UA=, client CID=b3e1d079197f57e0, server CID=400000113ea4776a, downstream=[::ffff:172.18.0.3]:46634, [::]:4443=local, drain=none
relay-1        | E0923 00:51:54.144456     8 MoQServer.h:192] proxygen::HTTPException: Got error=ApplicationError: 260, HTTP error on control stream
relay-1        | V0923 00:51:54.144462     8 MoQSession.cpp:7289] onSessionEnderr=4294967295 sess=0x7feab807b780
relay-1        | V0923 00:51:54.144464     8 MoQSession.cpp:2950] close sess=0x7feab807b780
relay-1        | V0923 00:51:54.144467     8 MoQSession.cpp:2628] requestCancellation from cleanup sess=0x7feab807b780
relay-1        | V0923 00:51:54.144473     8 MoQSession.cpp:2967] requestCancellation from close sess=0x7feab807b780
relay-1        | V0923 00:51:54.144625     8 MoQSession.cpp:2976] exit controlWriteLoop sess=0x7feab807b780
test-client-1  | [2m2026-09-23T00:51:54.144552Z[0m [33m WARN[0m [2mweb_transport_quinn::session[0m[2m:[0m failed to read capsule [3me[0m[2m=[0mUnexpectedEnd
test-client-1  | [2m2026-09-23T00:51:54.144844Z[0m [32m INFO[0m [2mmoq_native_ietf::quic[0m[2m:[0m UDP socket bound [3mbind[0m[2m=[0m[::]:0 [3mlocal[0m[2m=[0m[::]:57677 [3mdual_stack[0m[2m=[0mtrue
relay-1        | V0923 00:51:54.146086     8 MoQSession.cpp:2566] ~MoQSession sess=0x7feab806ad00
relay-1        | V0923 00:51:54.146441     8 MoQServer.cpp:325] MoQServer WebTransport: supported protocols: moqt-18, moqt-16, moqt-15, moq-00
relay-1        | V0923 00:51:54.146454     8 MoQServer.cpp:335] WebTransport: Negotiated protocol: moqt-18
relay-1        | V0923 00:51:54.146506     8 MoQSession.cpp:2674] start sess=0x7feab804f2a0
relay-1        | V0923 00:51:54.146517     8 MoQSession.cpp:3018] sendSetup sess=0x7feab804f2a0
relay-1        | V0923 00:51:54.146537     8 MoQSession.cpp:2974] controlWriteLoop sess=0x7feab804f2a0
test-client-1  | [2m2026-09-23T00:51:54.146624Z[0m [32m INFO[0m [2mmoq_test_client::scenarios[0m[2m:[0m Subscriber subscribing BEFORE PUBLISH_NAMESPACE: moq-test/interop/test-track
relay-1        | V0923 00:51:54.146711     8 MoQSession.cpp:6839] onNewUniStream sess=0x7feab804f2a0
relay-1        | V0923 00:51:54.146728     8 MoQSession.cpp:3373] controlReadLoop sess=0x7feab804f2a0
relay-1        | V0923 00:51:54.146732     8 MoQSession.cpp:3162] onClientSetup sess=0x7feab804f2a0
relay-1        | V0923 00:51:54.146733     8 MoQServerBase.cpp:88] MoQServerBase::ClientSetup
relay-1        | V0923 00:51:54.146735     8 MoQServerBase.cpp:93] MoQServerBase::ClientSetup: Using ALPN-negotiated version: moqt-18
relay-1        | V0923 00:51:54.146738     8 MoQSession.cpp:3238] Negotiated Version=0xff000012 (draft-18)
relay-1        | V0923 00:51:54.146828     8 MoQSession.cpp:6869] onNewBidiStream sess=0x7feab804f2a0
relay-1        | V0923 00:51:54.146856     8 MoQSession.cpp:3373] controlReadLoop sess=0x7feab804f2a0
relay-1        | V0923 00:51:54.146865     8 MoQSession.cpp:4260] onSubscribeImpl ftn=moq-test/interop/test-track sess=0x7feab804f2a0
relay-1        | V0923 00:51:54.146877     8 MoQSession.cpp:4402] Application subscribe error err=no such namespace or track
relay-1        | V0923 00:51:54.146878     8 MoQSession.cpp:6260] subscribeError sess=0x7feab804f2a0
relay-1        | V0923 00:51:54.146884     8 MoQSession.cpp:6526] publisherDrained id=0 sess=0x7feab804f2a0
test-client-1  | [2m2026-09-23T00:51:54.146996Z[0m [33m WARN[0m [2mmoq_transport::serve::error[0m[2m:[0m [f0a5d22d-2f62-4398-94cf-5320819667b3] Not found: no such namespace or track at moq-transport/src/session/subscriber.rs:1653
relay-1        | E20260923 00:51:54.147115     8 HQControlCodec.h:58] Unexpected control stream EOF
relay-1        | E20260923 00:51:54.147143     8 HQSession.cpp:3158] Got error on control stream error=HTTP: Critical stream was closed streamID=2 sess=proto=h3, UA=, client CID=ddad4994d61822a5, server CID=4000001ba5c63bea, downstream=[::ffff:172.18.0.3]:57677, [::]:4443=local, drain=none
relay-1        | E0923 00:51:54.147176     8 MoQServer.h:192] proxygen::HTTPException: Got error=ApplicationError: 260, HTTP error on control stream
relay-1        | V0923 00:51:54.147186     8 MoQSession.cpp:7289] onSessionEnderr=4294967295 sess=0x7feab804f2a0
relay-1        | V0923 00:51:54.147188     8 MoQSession.cpp:2950] close sess=0x7feab804f2a0
relay-1        | V0923 00:51:54.147193     8 MoQSession.cpp:2628] requestCancellation from cleanup sess=0x7feab804f2a0
relay-1        | V0923 00:51:54.147201     8 MoQSession.cpp:2967] requestCancellation from close sess=0x7feab804f2a0
test-client-1  | [2m2026-09-23T00:51:54.147282Z[0m [33m WARN[0m [2mweb_transport_quinn::session[0m[2m:[0m failed to read capsule [3me[0m[2m=[0mUnexpectedEnd
relay-1        | V0923 00:51:54.147260     8 MoQSession.cpp:3376] exit controlReadLoop sess=0x7feab804f2a0
relay-1        | V0923 00:51:54.147269     8 MoQSession.cpp:3376] exit controlReadLoop sess=0x7feab804f2a0
relay-1        | V0923 00:51:54.147289     8 MoQSession.cpp:2976] exit controlWriteLoop sess=0x7feab804f2a0
relay-1        | V0923 00:51:54.156418     8 MoQSession.cpp:2566] ~MoQSession sess=0x7feab806e880
relay-1        | V0923 00:51:54.156445     8 MoQSession.cpp:2566] ~MoQSession sess=0x7feab808e970
relay-1        | V0923 00:51:54.156461     8 MoQSession.cpp:2566] ~MoQSession sess=0x7feab807b780
relay-1        | V0923 00:51:54.156481     8 MoQSession.cpp:2566] ~MoQSession sess=0x7feab804f2a0
test-client-1  | [2m2026-09-23T00:51:54.647880Z[0m [32m INFO[0m [2mmoq_native_ietf::quic[0m[2m:[0m UDP socket bound [3mbind[0m[2m=[0m[::]:0 [3mlocal[0m[2m=[0m[::]:34158 [3mdual_stack[0m[2m=[0mtrue
relay-1        | V0923 00:51:54.652055     8 MoQServer.cpp:325] MoQServer WebTransport: supported protocols: moqt-18, moqt-16, moqt-15, moq-00
relay-1        | V0923 00:51:54.652089     8 MoQServer.cpp:335] WebTransport: Negotiated protocol: moqt-18
relay-1        | V0923 00:51:54.652174     8 MoQSession.cpp:2674] start sess=0x7feab805e180
relay-1        | V0923 00:51:54.652190     8 MoQSession.cpp:3018] sendSetup sess=0x7feab805e180
relay-1        | V0923 00:51:54.652248     8 MoQSession.cpp:2974] controlWriteLoop sess=0x7feab805e180
relay-1        | V0923 00:51:54.652434     8 MoQSession.cpp:6839] onNewUniStream sess=0x7feab805e180
relay-1        | V0923 00:51:54.652460     8 MoQSession.cpp:3373] controlReadLoop sess=0x7feab805e180
relay-1        | V0923 00:51:54.652473     8 MoQSession.cpp:3162] onClientSetup sess=0x7feab805e180
relay-1        | V0923 00:51:54.652479     8 MoQServerBase.cpp:88] MoQServerBase::ClientSetup
relay-1        | V0923 00:51:54.652482     8 MoQServerBase.cpp:93] MoQServerBase::ClientSetup: Using ALPN-negotiated version: moqt-18
relay-1        | V0923 00:51:54.652486     8 MoQSession.cpp:3238] Negotiated Version=0xff000012 (draft-18)
test-client-1  | [2m2026-09-23T00:51:54.652557Z[0m [32m INFO[0m [2mmoq_test_client::scenarios[0m[2m:[0m Publisher sending PUBLISH_NAMESPACE (after subscriber): moq-test/interop
relay-1        | V0923 00:51:54.652806     8 MoQSession.cpp:6869] onNewBidiStream sess=0x7feab805e180
relay-1        | V0923 00:51:54.652850     8 MoQSession.cpp:3373] controlReadLoop sess=0x7feab805e180
relay-1        | V0923 00:51:54.652866     8 MoQRelaySession.cpp:1142] onPublishNamespaceImpl ns=moq-test/interop sess=0x7feab805e180
relay-1        | V0923 00:51:54.652880     8 MoQRelay.cpp:134] publishNamespace ns=moq-test/interop
relay-1        | V0923 00:51:54.652896     8 MoQRelaySession.cpp:1234] publishNamespaceOk reqID=0 sess=0x7feab805e180
test-client-1  | [2m2026-09-23T00:51:57.654124Z[0m [32m INFO[0m [2mmoq_test_client::scenarios[0m[2m:[0m Publisher PUBLISH_NAMESPACE timeout (expected)
test-client-1  | [2m2026-09-23T00:51:57.654143Z[0m [32m INFO[0m [2mmoq_test_client::scenarios[0m[2m:[0m Subscriber got error: not found: Track not found [error:f0a5d22d-2f62-4398-94cf-5320819667b3] (may be expected)
test-client-1  | ok 5 - subscribe-before-publish-namespace
test-client-1  |   ---
test-client-1  |   duration_ms: 3509
test-client-1  |   subscriber_connection_id: 555345141dd88f4d2575a024498d8bde
test-client-1  |   publisher_connection_id: f6337c225d0f8d7b60cfa517f8a2de69
test-client-1  |   ...
relay-1        | E20260923 00:51:57.654559     8 HQControlCodec.h:58] Unexpected control stream EOF
relay-1        | E20260923 00:51:57.654624     8 HQSession.cpp:3158] Got error on control stream error=HTTP: Critical stream was closed streamID=2 sess=proto=h3, UA=, client CID=2fd0d17dc2162848, server CID=400000125f7c0d19, downstream=[::ffff:172.18.0.3]:34158, [::]:4443=local, drain=none
relay-1        | E0923 00:51:57.654718     8 MoQServer.h:192] proxygen::HTTPException: Got error=ApplicationError: 260, HTTP error on control stream
test-client-1  | [2m2026-09-23T00:51:57.654865Z[0m [32m INFO[0m [2mmoq_native_ietf::quic[0m[2m:[0m UDP socket bound [3mbind[0m[2m=[0m[::]:0 [3mlocal[0m[2m=[0m[::]:60772 [3mdual_stack[0m[2m=[0mtrue
relay-1        | V0923 00:51:57.654736     8 MoQSession.cpp:7289] onSessionEnderr=4294967295 sess=0x7feab805e180
relay-1        | V0923 00:51:57.654744     8 MoQSession.cpp:2950] close sess=0x7feab805e180
relay-1        | V0923 00:51:57.654754     8 MoQRelay.cpp:310] publishNamespaceDone ns=moq-test/interop
relay-1        | V0923 00:51:57.654761     8 MoQRelay.cpp:303] Pruning empty subtree at: moq-test
relay-1        | V0923 00:51:57.654770     8 MoQSession.cpp:2628] requestCancellation from cleanup sess=0x7feab805e180
relay-1        | V0923 00:51:57.654801     8 BidiStreamControl.cpp:37] STOP_SENDING received on bidi stream id=4 code=386759528
relay-1        | V0923 00:51:57.654811     8 MoQSession.cpp:2967] requestCancellation from close sess=0x7feab805e180
relay-1        | V0923 00:51:57.654944     8 MoQSession.cpp:3376] exit controlReadLoop sess=0x7feab805e180
relay-1        | V0923 00:51:57.654956     8 MoQSession.cpp:3376] exit controlReadLoop sess=0x7feab805e180
relay-1        | V0923 00:51:57.654996     8 MoQSession.cpp:2976] exit controlWriteLoop sess=0x7feab805e180
test-client-1  | [2m2026-09-23T00:51:57.655053Z[0m [33m WARN[0m [2mweb_transport_quinn::session[0m[2m:[0m failed to read capsule [3me[0m[2m=[0mUnexpectedEnd
relay-1        | V0923 00:51:57.658537     8 MoQServer.cpp:325] MoQServer WebTransport: supported protocols: moqt-18, moqt-16, moqt-15, moq-00
relay-1        | V0923 00:51:57.658565     8 MoQServer.cpp:335] WebTransport: Negotiated protocol: moqt-18
relay-1        | V0923 00:51:57.658650     8 MoQSession.cpp:2674] start sess=0x7feab80767a0
relay-1        | V0923 00:51:57.658683     8 MoQSession.cpp:3018] sendSetup sess=0x7feab80767a0
relay-1        | V0923 00:51:57.658757     8 MoQSession.cpp:2974] controlWriteLoop sess=0x7feab80767a0
relay-1        | V0923 00:51:57.659034     8 MoQSession.cpp:6839] onNewUniStream sess=0x7feab80767a0
test-client-1  | [2m2026-09-23T00:51:57.658975Z[0m [32m INFO[0m [2mmoq_test_client::scenarios[0m[2m:[0m Sending PUBLISH_NAMESPACE: moq-test/interop
relay-1        | V0923 00:51:57.659078     8 MoQSession.cpp:3373] controlReadLoop sess=0x7feab80767a0
relay-1        | V0923 00:51:57.659093     8 MoQSession.cpp:3162] onClientSetup sess=0x7feab80767a0
relay-1        | V0923 00:51:57.659102     8 MoQServerBase.cpp:88] MoQServerBase::ClientSetup
relay-1        | V0923 00:51:57.659110     8 MoQServerBase.cpp:93] MoQServerBase::ClientSetup: Using ALPN-negotiated version: moqt-18
relay-1        | V0923 00:51:57.659120     8 MoQSession.cpp:3238] Negotiated Version=0xff000012 (draft-18)
relay-1        | V0923 00:51:57.659157     8 MoQSession.cpp:6869] onNewBidiStream sess=0x7feab80767a0
relay-1        | V0923 00:51:57.659257     8 MoQSession.cpp:3373] controlReadLoop sess=0x7feab80767a0
relay-1        | V0923 00:51:57.659272     8 MoQRelaySession.cpp:1142] onPublishNamespaceImpl ns=moq-test/interop sess=0x7feab80767a0
relay-1        | V0923 00:51:57.659283     8 MoQRelay.cpp:134] publishNamespace ns=moq-test/interop
relay-1        | V0923 00:51:57.659292     8 MoQRelaySession.cpp:1234] publishNamespaceOk reqID=0 sess=0x7feab80767a0
relay-1        | V0923 00:51:57.665482     8 MoQSession.cpp:2566] ~MoQSession sess=0x7feab805e180
relay-1        | V0923 00:51:59.660782     8 MoQRelaySession.cpp:1300] onPublishNamespaceDone requestID=0 sess=0x7feab80767a0
relay-1        | V0923 00:51:59.660826     8 MoQRelay.cpp:310] publishNamespaceDone ns=moq-test/interop
test-client-1  | [2m2026-09-23T00:51:59.660390Z[0m [32m INFO[0m [2mmoq_test_client::scenarios[0m[2m:[0m PUBLISH_NAMESPACE active; sending PUBLISH_NAMESPACE_DONE
relay-1        | V0923 00:51:59.660836     8 MoQRelay.cpp:303] Pruning empty subtree at: moq-test
relay-1        | V0923 00:51:59.660844     8 MoQSession.cpp:3376] exit controlReadLoop sess=0x7feab80767a0
relay-1        | V0923 00:51:59.660855     8 MoQSession.cpp:3376] exit controlReadLoop sess=0x7feab80767a0
test-client-1  | [2m2026-09-23T00:51:59.761555Z[0m [32m INFO[0m [2mmoq_test_client::scenarios[0m[2m:[0m PUBLISH_NAMESPACE_DONE sent successfully
test-client-1  | ok 6 - publish-namespace-done
test-client-1  |   ---
test-client-1  |   duration_ms: 2107
test-client-1  |   connection_id: 1943fce69eaedc0fbf05641716b02bec
test-client-1  |   ...
relay-1        | E20260923 00:51:59.761983     8 HQControlCodec.h:58] Unexpected control stream EOF
relay-1        | E20260923 00:51:59.762035     8 HQSession.cpp:3158] Got error on control stream error=HTTP: Critical stream was closed streamID=2 sess=proto=h3, UA=, client CID=2825f5c0111157e6, server CID=40000004e70a8c97, downstream=[::ffff:172.18.0.3]:60772, [::]:4443=local, drain=none
relay-1        | E0923 00:51:59.762107     8 MoQServer.h:192] proxygen::HTTPException: Got error=ApplicationError: 260, HTTP error on control stream
relay-1        | V0923 00:51:59.762125     8 MoQSession.cpp:7289] onSessionEnderr=4294967295 sess=0x7feab80767a0
relay-1        | V0923 00:51:59.762128     8 MoQSession.cpp:2950] close sess=0x7feab80767a0
relay-1        | V0923 00:51:59.762138     8 MoQSession.cpp:2628] requestCancellation from cleanup sess=0x7feab80767a0
relay-1        | V0923 00:51:59.762157     8 MoQSession.cpp:2967] requestCancellation from close sess=0x7feab80767a0
relay-1        | V0923 00:51:59.762294     8 MoQSession.cpp:2976] exit controlWriteLoop sess=0x7feab80767a0
test-client-1  | [2m2026-09-23T00:51:59.762304Z[0m [32m INFO[0m [2mmoq_native_ietf::quic[0m[2m:[0m UDP socket bound [3mbind[0m[2m=[0m[::]:0 [3mlocal[0m[2m=[0m[::]:33872 [3mdual_stack[0m[2m=[0mtrue
test-client-1  | [2m2026-09-23T00:51:59.762315Z[0m [33m WARN[0m [2mweb_transport_quinn::session[0m[2m:[0m failed to read capsule [3me[0m[2m=[0mUnexpectedEnd
relay-1        | V0923 00:51:59.764484     8 MoQServer.cpp:325] MoQServer WebTransport: supported protocols: moqt-18, moqt-16, moqt-15, moq-00
relay-1        | V0923 00:51:59.764505     8 MoQServer.cpp:335] WebTransport: Negotiated protocol: moqt-18
relay-1        | V0923 00:51:59.764597     8 MoQSession.cpp:2674] start sess=0x7feab804f2a0
relay-1        | V0923 00:51:59.764637     8 MoQSession.cpp:3018] sendSetup sess=0x7feab804f2a0
relay-1        | V0923 00:51:59.764730     8 MoQSession.cpp:2974] controlWriteLoop sess=0x7feab804f2a0
relay-1        | V0923 00:51:59.764767     8 MoQSession.cpp:6839] onNewUniStream sess=0x7feab804f2a0
relay-1        | V0923 00:51:59.764839     8 MoQSession.cpp:3373] controlReadLoop sess=0x7feab804f2a0
relay-1        | V0923 00:51:59.764853     8 MoQSession.cpp:3162] onClientSetup sess=0x7feab804f2a0
relay-1        | V0923 00:51:59.764856     8 MoQServerBase.cpp:88] MoQServerBase::ClientSetup
relay-1        | V0923 00:51:59.764858     8 MoQServerBase.cpp:93] MoQServerBase::ClientSetup: Using ALPN-negotiated version: moqt-18
test-client-1  | [2m2026-09-23T00:51:59.764903Z[0m [32m INFO[0m [2mmoq_test_client::scenarios[0m[2m:[0m Publisher sending direct PUBLISH [3mnamespace[0m[2m=[0m/moq-test/publish [3mtrack[0m[2m=[0m"published-track"
relay-1        | V0923 00:51:59.764861     8 MoQSession.cpp:3238] Negotiated Version=0xff000012 (draft-18)
relay-1        | V0923 00:51:59.764997     8 MoQSession.cpp:6869] onNewBidiStream sess=0x7feab804f2a0
relay-1        | V0923 00:51:59.765028     8 MoQSession.cpp:3373] controlReadLoop sess=0x7feab804f2a0
relay-1        | V0923 00:51:59.765046     8 MoQSession.cpp:4944] onPublishImpl reqID=0 sess=0x7feab804f2a0
relay-1        | V0923 00:51:59.765058     8 MoQRelay.cpp:422] publish ftn=moq-test/publish/published-track
relay-1        | E0923 00:51:59.765063     8 MoQRelay.cpp:82] prefix not found in tree
relay-1        | V0923 00:51:59.765094     8 MoQSession.cpp:6060] publishOk reqID=0 sess=0x7feab804f2a0
test-client-1  | [2m2026-09-23T00:51:59.765273Z[0m [32m INFO[0m [2mmoq_test_client::scenarios[0m[2m:[0m PUBLISH accepted [3mnamespace[0m[2m=[0m/moq-test/publish [3mtrack[0m[2m=[0m"published-track"
test-client-1  | [2m2026-09-23T00:51:59.765379Z[0m [32m INFO[0m [2mmoq_test_client::scenarios[0m[2m:[0m PUBLISH completed [3mnamespace[0m[2m=[0m/moq-test/publish [3mtrack[0m[2m=[0m"published-track"
test-client-1  | ok 7 - publish-track-only
test-client-1  |   ---
test-client-1  |   duration_ms: 3
test-client-1  |   connection_id: a226d9509541979cf13ccca0f5fb56ea
test-client-1  |   ...
relay-1        | V0923 00:51:59.765470     8 MoQSession.cpp:5098] PublishDone id=0 code=2 reason=publish ended
relay-1        | V0923 00:51:59.765486     8 MoQSession.cpp:2212] processPublishDone trackReceiveState=0x7feab800a040
relay-1        | V0923 00:51:59.765491     8 MoQRelay.cpp:383] onPublishDoneImpl ftn=moq-test/publish/published-track
relay-1        | V0923 00:51:59.765497     8 MoQRelay.cpp:303] Pruning empty subtree at: moq-test
relay-1        | V0923 00:51:59.765502     8 MoQRelay.cpp:412] Publisher terminated with no subscribers, cleaning up moq-test/publish/published-track
relay-1        | V0923 00:51:59.765510     8 MoQForwarder.cpp:614] publishDone pubDone reason=publish ended
relay-1        | V0923 00:51:59.765517     8 MoQSession.cpp:3376] exit controlReadLoop sess=0x7feab804f2a0
relay-1        | E20260923 00:51:59.765595     8 HQControlCodec.h:58] Unexpected control stream EOF
relay-1        | E20260923 00:51:59.765640     8 HQSession.cpp:3158] Got error on control stream error=HTTP: Critical stream was closed streamID=2 sess=proto=h3, UA=, client CID=9dac6f1e5ed48a9e, server CID=400000077450e3b1, downstream=[::ffff:172.18.0.3]:33872, [::]:4443=local, drain=none
relay-1        | E0923 00:51:59.765678     8 MoQServer.h:192] proxygen::HTTPException: Got error=ApplicationError: 260, HTTP error on control stream
relay-1        | V0923 00:51:59.765696     8 MoQSession.cpp:7289] onSessionEnderr=4294967295 sess=0x7feab804f2a0
relay-1        | V0923 00:51:59.765706     8 MoQSession.cpp:2950] close sess=0x7feab804f2a0
relay-1        | V0923 00:51:59.765717     8 MoQSession.cpp:2628] requestCancellation from cleanup sess=0x7feab804f2a0
relay-1        | V0923 00:51:59.765732     8 MoQSession.cpp:2967] requestCancellation from close sess=0x7feab804f2a0
relay-1        | V0923 00:51:59.765817     8 MoQSession.cpp:3376] exit controlReadLoop sess=0x7feab804f2a0
relay-1        | V0923 00:51:59.765860     8 MoQSession.cpp:2976] exit controlWriteLoop sess=0x7feab804f2a0
test-client-1  | [2m2026-09-23T00:51:59.765869Z[0m [33m WARN[0m [2mweb_transport_quinn::session[0m[2m:[0m failed to read capsule [3me[0m[2m=[0mUnexpectedEnd
test-client-1  | [2m2026-09-23T00:51:59.766099Z[0m [32m INFO[0m [2mmoq_native_ietf::quic[0m[2m:[0m UDP socket bound [3mbind[0m[2m=[0m[::]:0 [3mlocal[0m[2m=[0m[::]:41666 [3mdual_stack[0m[2m=[0mtrue
relay-1        | V0923 00:51:59.768662     8 MoQServer.cpp:325] MoQServer WebTransport: supported protocols: moqt-18, moqt-16, moqt-15, moq-00
relay-1        | V0923 00:51:59.768680     8 MoQServer.cpp:335] WebTransport: Negotiated protocol: moqt-18
relay-1        | V0923 00:51:59.768731     8 MoQSession.cpp:2674] start sess=0x7feab80608a0
relay-1        | V0923 00:51:59.768745     8 MoQSession.cpp:3018] sendSetup sess=0x7feab80608a0
relay-1        | V0923 00:51:59.768764     8 MoQSession.cpp:2974] controlWriteLoop sess=0x7feab80608a0
relay-1        | V0923 00:51:59.768994     8 MoQSession.cpp:6839] onNewUniStream sess=0x7feab80608a0
relay-1        | V0923 00:51:59.769019     8 MoQSession.cpp:3373] controlReadLoop sess=0x7feab80608a0
relay-1        | V0923 00:51:59.769023     8 MoQSession.cpp:3162] onClientSetup sess=0x7feab80608a0
relay-1        | V0923 00:51:59.769025     8 MoQServerBase.cpp:88] MoQServerBase::ClientSetup
relay-1        | V0923 00:51:59.769027     8 MoQServerBase.cpp:93] MoQServerBase::ClientSetup: Using ALPN-negotiated version: moqt-18
relay-1        | V0923 00:51:59.769031     8 MoQSession.cpp:3238] Negotiated Version=0xff000012 (draft-18)
test-client-1  | [2m2026-09-23T00:51:59.769482Z[0m [32m INFO[0m [2mmoq_native_ietf::quic[0m[2m:[0m UDP socket bound [3mbind[0m[2m=[0m[::]:0 [3mlocal[0m[2m=[0m[::]:56501 [3mdual_stack[0m[2m=[0mtrue
relay-1        | V0923 00:51:59.771231     8 MoQServer.cpp:325] MoQServer WebTransport: supported protocols: moqt-18, moqt-16, moqt-15, moq-00
relay-1        | V0923 00:51:59.771247     8 MoQServer.cpp:335] WebTransport: Negotiated protocol: moqt-18
relay-1        | V0923 00:51:59.771294     8 MoQSession.cpp:2674] start sess=0x7feab8092170
relay-1        | V0923 00:51:59.771309     8 MoQSession.cpp:3018] sendSetup sess=0x7feab8092170
relay-1        | V0923 00:51:59.771331     8 MoQSession.cpp:2974] controlWriteLoop sess=0x7feab8092170
relay-1        | V0923 00:51:59.771564     8 MoQSession.cpp:6839] onNewUniStream sess=0x7feab8092170
relay-1        | V0923 00:51:59.771590     8 MoQSession.cpp:3373] controlReadLoop sess=0x7feab8092170
relay-1        | V0923 00:51:59.771594     8 MoQSession.cpp:3162] onClientSetup sess=0x7feab8092170
relay-1        | V0923 00:51:59.771596     8 MoQServerBase.cpp:88] MoQServerBase::ClientSetup
relay-1        | V0923 00:51:59.771598     8 MoQServerBase.cpp:93] MoQServerBase::ClientSetup: Using ALPN-negotiated version: moqt-18
relay-1        | V0923 00:51:59.771601     8 MoQSession.cpp:3238] Negotiated Version=0xff000012 (draft-18)
test-client-1  | [2m2026-09-23T00:51:59.771638Z[0m [32m INFO[0m [2mmoq_test_client::scenarios[0m[2m:[0m Publisher sending direct PUBLISH before subscriber subscribes [3mnamespace[0m[2m=[0m/moq-test/publish [3mtrack[0m[2m=[0m"published-track"
relay-1        | V0923 00:51:59.771834     8 MoQSession.cpp:6869] onNewBidiStream sess=0x7feab80608a0
relay-1        | V0923 00:51:59.771862     8 MoQSession.cpp:3373] controlReadLoop sess=0x7feab80608a0
relay-1        | V0923 00:51:59.771871     8 MoQSession.cpp:4944] onPublishImpl reqID=0 sess=0x7feab80608a0
relay-1        | V0923 00:51:59.771880     8 MoQRelay.cpp:422] publish ftn=moq-test/publish/published-track
relay-1        | E0923 00:51:59.771889     8 MoQRelay.cpp:82] prefix not found in tree
relay-1        | V0923 00:51:59.771901     8 MoQSession.cpp:6060] publishOk reqID=0 sess=0x7feab80608a0
test-client-1  | [2m2026-09-23T00:51:59.772083Z[0m [32m INFO[0m [2mmoq_test_client::scenarios[0m[2m:[0m PUBLISH accepted; starting subscriber [3mnamespace[0m[2m=[0m/moq-test/publish [3mtrack[0m[2m=[0m"published-track"
relay-1        | V0923 00:51:59.772198     8 MoQSession.cpp:6869] onNewBidiStream sess=0x7feab8092170
relay-1        | V0923 00:51:59.772258     8 MoQSession.cpp:3373] controlReadLoop sess=0x7feab8092170
relay-1        | V0923 00:51:59.772324     8 MoQSession.cpp:4260] onSubscribeImpl ftn=moq-test/publish/published-track sess=0x7feab8092170
relay-1        | V0923 00:51:59.772347     8 MoQLocation.h:24] m=AbsoluteStart g=0 o=0
relay-1        | V0923 00:51:59.772350     8 MoQLocation.h:59] g=0 o=0 g=4611686018427387903 o=4611686018427387903
relay-1        | I0923 00:51:59.772354     8 MoQRelay.cpp:1970] Updating forward for moq-test/publish/published-track numForwardingSubs=1
relay-1        | V0923 00:51:59.772365     8 MoQSession.cpp:6242] sendSubscribeOk sess=0x7feab8092170
relay-1        | V0923 00:51:59.772444     8 MoQSession.cpp:6556] requestUpdate sess=0x7feab80608a0
test-client-1  | [2m2026-09-23T00:51:59.772589Z[0m [33m WARN[0m [2mmoq_transport::session[0m[2m:[0m unexpected bidi response message type [3mmsg_type[0m[2m=[0m2
test-client-1  | [2m2026-09-23T00:51:59.772602Z[0m [33m WARN[0m [2mmoq_transport::serve::error[0m[2m:[0m [a7a0b6d3-57f5-4931-8a28-6fc3c1311d20] Not implemented: bidi response type 0x2 at moq-transport/src/session/error.rs:89
relay-1        | V0923 00:51:59.772714     8 MoQSession.cpp:3489] Failing pending request id=1 peer FINed without terminal reply sess=0x7feab80608a0
relay-1        | V0923 00:51:59.772723     8 MoQSession.cpp:3376] exit controlReadLoop sess=0x7feab80608a0
relay-1        | E0923 00:51:59.772730     8 MoQRelay.cpp:36] requestUpdate failed: peer FINed without terminal reply
relay-1        | V0923 00:51:59.776838     8 MoQSession.cpp:2566] ~MoQSession sess=0x7feab804f2a0
relay-1        | V0923 00:51:59.858496     8 MoQSession.cpp:2566] ~MoQSession sess=0x7feab80767a0
test-client-1  | not ok 8 - publish-track-subscribe
test-client-1  |   ---
test-client-1  |   duration_ms: 108
test-client-1  |   message: "failed serving PUBLISH track: serve error: cancelled: cancelled"
test-client-1  |   ...
test-client-1  | [2m2026-09-23T00:51:59.874451Z[0m [33m WARN[0m [2mweb_transport_quinn::session[0m[2m:[0m failed to read capsule [3me[0m[2m=[0mUnexpectedEnd
test-client-1  | [2m2026-09-23T00:51:59.874508Z[0m [33m WARN[0m [2mweb_transport_quinn::session[0m[2m:[0m failed to read capsule [3me[0m[2m=[0mUnexpectedEnd
test-client-1  | [2m2026-09-23T00:51:59.874669Z[0m [32m INFO[0m [2mmoq_native_ietf::quic[0m[2m:[0m UDP socket bound [3mbind[0m[2m=[0m[::]:0 [3mlocal[0m[2m=[0m[::]:52599 [3mdual_stack[0m[2m=[0mtrue
relay-1        | E20260923 00:51:59.874017     8 HQControlCodec.h:58] Unexpected control stream EOF
relay-1        | E20260923 00:51:59.874070     8 HQSession.cpp:3158] Got error on control stream error=HTTP: Critical stream was closed streamID=2 sess=proto=h3, UA=, client CID=7aa33f1889138213, server CID=4000000428d08884, downstream=[::ffff:172.18.0.3]:41666, [::]:4443=local, drain=none
relay-1        | E20260923 00:51:59.874132     8 HQControlCodec.h:58] Unexpected control stream EOF
relay-1        | E20260923 00:51:59.874140     8 HQSession.cpp:3158] Got error on control stream error=HTTP: Critical stream was closed streamID=2 sess=proto=h3, UA=, client CID=31bec5ea149356dc, server CID=4000001aa2753d24, downstream=[::ffff:172.18.0.3]:56501, [::]:4443=local, drain=none
relay-1        | E0923 00:51:59.874196     8 MoQServer.h:192] proxygen::HTTPException: Got error=ApplicationError: 260, HTTP error on control stream
relay-1        | V0923 00:51:59.874206     8 MoQSession.cpp:7289] onSessionEnderr=4294967295 sess=0x7feab80608a0
relay-1        | V0923 00:51:59.874208     8 MoQSession.cpp:2950] close sess=0x7feab80608a0
relay-1        | V0923 00:51:59.874215     8 MoQSession.cpp:2183] subscribeError trackReceiveState=0x7feab800a040
relay-1        | V0923 00:51:59.874218     8 MoQSession.cpp:2212] processPublishDone trackReceiveState=0x7feab800a040
relay-1        | V0923 00:51:59.874223     8 MoQRelay.cpp:383] onPublishDoneImpl ftn=moq-test/publish/published-track
relay-1        | V0923 00:51:59.874229     8 MoQRelay.cpp:303] Pruning empty subtree at: moq-test
relay-1        | V0923 00:51:59.874236     8 MoQForwarder.cpp:614] publishDone pubDone reason=closed locally
relay-1        | V0923 00:51:59.874239     8 MoQForwarder.cpp:310] drainSubscriber from publishDone session=0x7feab8092170
relay-1        | V0923 00:51:59.874242     8 MoQSession.cpp:6355] sendPublishDone sess=0x7feab8092170
relay-1        | V0923 00:51:59.874259     8 MoQSession.cpp:6526] publisherDrained id=0 sess=0x7feab8092170
relay-1        | V0923 00:51:59.874262     8 MoQForwarder.cpp:376] Resetting open subgroups for subscriber=0x7feab805cda0
relay-1        | V0923 00:51:59.874264     8 MoQForwarder.cpp:395] subscribers_.size()=0
relay-1        | I0923 00:51:59.874270     8 MoQRelay.cpp:1933] Publisher terminated for moq-test/publish/published-track
relay-1        | V0923 00:51:59.874277     8 MoQSession.cpp:2167] cancel alias=0 requestID=0
relay-1        | V0923 00:51:59.874280     8 MoQSession.cpp:2628] requestCancellation from cleanup sess=0x7feab80608a0
relay-1        | V0923 00:51:59.874309     8 MoQSession.cpp:2967] requestCancellation from close sess=0x7feab80608a0
relay-1        | E0923 00:51:59.874422     8 MoQServer.h:192] proxygen::HTTPException: Got error=ApplicationError: 260, HTTP error on control stream
relay-1        | V0923 00:51:59.874425     8 MoQSession.cpp:7289] onSessionEnderr=4294967295 sess=0x7feab8092170
relay-1        | V0923 00:51:59.874426     8 MoQSession.cpp:2950] close sess=0x7feab8092170
relay-1        | V0923 00:51:59.874429     8 MoQSession.cpp:2628] requestCancellation from cleanup sess=0x7feab8092170
relay-1        | V0923 00:51:59.874435     8 MoQSession.cpp:2967] requestCancellation from close sess=0x7feab8092170
relay-1        | V0923 00:51:59.874503     8 MoQSession.cpp:3376] exit controlReadLoop sess=0x7feab80608a0
relay-1        | V0923 00:51:59.874512     8 MoQSession.cpp:3376] exit controlReadLoop sess=0x7feab8092170
relay-1        | V0923 00:51:59.874518     8 MoQSession.cpp:3376] exit controlReadLoop sess=0x7feab8092170
relay-1        | V0923 00:51:59.874549     8 MoQSession.cpp:2976] exit controlWriteLoop sess=0x7feab80608a0
relay-1        | V0923 00:51:59.874554     8 MoQSession.cpp:2566] ~MoQSession sess=0x7feab80608a0
relay-1        | V0923 00:51:59.874563     8 MoQSession.cpp:2976] exit controlWriteLoop sess=0x7feab8092170
relay-1        | V0923 00:51:59.876937     8 MoQServer.cpp:325] MoQServer WebTransport: supported protocols: moqt-18, moqt-16, moqt-15, moq-00
relay-1        | V0923 00:51:59.876960     8 MoQServer.cpp:335] WebTransport: Negotiated protocol: moqt-18
relay-1        | V0923 00:51:59.877049     8 MoQSession.cpp:2674] start sess=0x7feab8077490
relay-1        | V0923 00:51:59.877072     8 MoQSession.cpp:3018] sendSetup sess=0x7feab8077490
relay-1        | V0923 00:51:59.877100     8 MoQSession.cpp:2974] controlWriteLoop sess=0x7feab8077490
relay-1        | V0923 00:51:59.877318     8 MoQSession.cpp:6839] onNewUniStream sess=0x7feab8077490
relay-1        | V0923 00:51:59.877352     8 MoQSession.cpp:3373] controlReadLoop sess=0x7feab8077490
relay-1        | V0923 00:51:59.877358     8 MoQSession.cpp:3162] onClientSetup sess=0x7feab8077490
relay-1        | V0923 00:51:59.877361     8 MoQServerBase.cpp:88] MoQServerBase::ClientSetup
relay-1        | V0923 00:51:59.877364     8 MoQServerBase.cpp:93] MoQServerBase::ClientSetup: Using ALPN-negotiated version: moqt-18
test-client-1  | [2m2026-09-23T00:51:59.877360Z[0m [32m INFO[0m [2mmoq_test_client::scenarios[0m[2m:[0m Subscribing with RENDEZVOUS_TIMEOUT to a track with no publisher [3mtimeout_ms[0m[2m=[0m500
relay-1        | V0923 00:51:59.877368     8 MoQSession.cpp:3238] Negotiated Version=0xff000012 (draft-18)
relay-1        | V0923 00:51:59.877443     8 MoQSession.cpp:6869] onNewBidiStream sess=0x7feab8077490
relay-1        | V0923 00:51:59.877460     8 MoQSession.cpp:3373] controlReadLoop sess=0x7feab8077490
relay-1        | V0923 00:51:59.877476     8 MoQSession.cpp:4260] onSubscribeImpl ftn=nonexistent/rendezvous/test-track sess=0x7feab8077490
relay-1        | V0923 00:51:59.884867     8 MoQSession.cpp:2566] ~MoQSession sess=0x7feab8092170
relay-1        | V0923 00:52:00.378139     8 MoQSession.cpp:4402] Application subscribe error err=rendezvous timeout expired
relay-1        | V0923 00:52:00.378174     8 MoQSession.cpp:6260] subscribeError sess=0x7feab8077490
relay-1        | V0923 00:52:00.378209     8 MoQSession.cpp:6526] publisherDrained id=0 sess=0x7feab8077490
relay-1        | V0923 00:52:00.378863     8 MoQSession.cpp:3376] exit controlReadLoop sess=0x7feab8077490
test-client-1  | [2m2026-09-23T00:52:00.378823Z[0m [32m INFO[0m [2mmoq_test_client::scenarios[0m[2m:[0m Received expected REQUEST_ERROR TIMEOUT
test-client-1  | ok 9 - rendezvous-timeout
test-client-1  |   ---
test-client-1  |   duration_ms: 504
test-client-1  |   connection_id: cf26c287f2eb3ca343a0fd16a5eec9eb
test-client-1  |   ...
relay-1        | E20260923 00:52:00.379211     8 HQControlCodec.h:58] Unexpected control stream EOF
test-client-1  | [2m2026-09-23T00:52:00.379519Z[0m [33m WARN[0m [2mweb_transport_quinn::session[0m[2m:[0m failed to read capsule [3me[0m[2m=[0mUnexpectedEnd
relay-1        | E20260923 00:52:00.379268     8 HQSession.cpp:3158] Got error on control stream error=HTTP: Critical stream was closed streamID=2 sess=proto=h3, UA=, client CID=e1567046b4708490, server CID=4000001b0e76bd53, downstream=[::ffff:172.18.0.3]:52599, [::]:4443=local, drain=none
test-client-1  | [2m2026-09-23T00:52:00.379592Z[0m [32m INFO[0m [2mmoq_native_ietf::quic[0m[2m:[0m UDP socket bound [3mbind[0m[2m=[0m[::]:0 [3mlocal[0m[2m=[0m[::]:33970 [3mdual_stack[0m[2m=[0mtrue
relay-1        | E0923 00:52:00.379358     8 MoQServer.h:192] proxygen::HTTPException: Got error=ApplicationError: 260, HTTP error on control stream
relay-1        | V0923 00:52:00.379365     8 MoQSession.cpp:7289] onSessionEnderr=4294967295 sess=0x7feab8077490
relay-1        | V0923 00:52:00.379367     8 MoQSession.cpp:2950] close sess=0x7feab8077490
relay-1        | V0923 00:52:00.379377     8 MoQSession.cpp:2628] requestCancellation from cleanup sess=0x7feab8077490
relay-1        | V0923 00:52:00.379392     8 MoQSession.cpp:2967] requestCancellation from close sess=0x7feab8077490
relay-1        | V0923 00:52:00.379492     8 MoQSession.cpp:3376] exit controlReadLoop sess=0x7feab8077490
relay-1        | V0923 00:52:00.379532     8 MoQSession.cpp:2976] exit controlWriteLoop sess=0x7feab8077490
relay-1        | V0923 00:52:00.382020     8 MoQServer.cpp:325] MoQServer WebTransport: supported protocols: moqt-18, moqt-16, moqt-15, moq-00
relay-1        | V0923 00:52:00.382040     8 MoQServer.cpp:335] WebTransport: Negotiated protocol: moqt-18
relay-1        | V0923 00:52:00.382121     8 MoQSession.cpp:2674] start sess=0x7feab8078b00
relay-1        | V0923 00:52:00.382139     8 MoQSession.cpp:3018] sendSetup sess=0x7feab8078b00
relay-1        | V0923 00:52:00.382179     8 MoQSession.cpp:2974] controlWriteLoop sess=0x7feab8078b00
relay-1        | V0923 00:52:00.382396     8 MoQSession.cpp:6839] onNewUniStream sess=0x7feab8078b00
relay-1        | V0923 00:52:00.382425     8 MoQSession.cpp:3373] controlReadLoop sess=0x7feab8078b00
relay-1        | V0923 00:52:00.382432     8 MoQSession.cpp:3162] onClientSetup sess=0x7feab8078b00
relay-1        | V0923 00:52:00.382440     8 MoQServerBase.cpp:88] MoQServerBase::ClientSetup
relay-1        | V0923 00:52:00.382443     8 MoQServerBase.cpp:93] MoQServerBase::ClientSetup: Using ALPN-negotiated version: moqt-18
relay-1        | V0923 00:52:00.382447     8 MoQSession.cpp:3238] Negotiated Version=0xff000012 (draft-18)
relay-1        | V0923 00:52:00.382590     8 MoQSession.cpp:6869] onNewBidiStream sess=0x7feab8078b00
relay-1        | V0923 00:52:00.382609     8 MoQSession.cpp:3373] controlReadLoop sess=0x7feab8078b00
relay-1        | V0923 00:52:00.382626     8 MoQSession.cpp:4260] onSubscribeImpl ftn=moq-test-00/0/0/0/2/4/5/64/32/2/1/1/0/-1/-1/0/moq-test-5ddecf5862e01f4e sess=0x7feab8078b00
relay-1        | V0923 00:52:00.398781     8 MoQSession.cpp:2566] ~MoQSession sess=0x7feab8077490
test-client-1  | [2m2026-09-23T00:52:00.584419Z[0m [32m INFO[0m [2mmoq_native_ietf::quic[0m[2m:[0m UDP socket bound [3mbind[0m[2m=[0m[::]:0 [3mlocal[0m[2m=[0m[::]:47802 [3mdual_stack[0m[2m=[0mtrue
relay-1        | V0923 00:52:00.587114     8 MoQServer.cpp:325] MoQServer WebTransport: supported protocols: moqt-18, moqt-16, moqt-15, moq-00
relay-1        | V0923 00:52:00.587142     8 MoQServer.cpp:335] WebTransport: Negotiated protocol: moqt-18
relay-1        | V0923 00:52:00.587231     8 MoQSession.cpp:2674] start sess=0x7feab808ed90
relay-1        | V0923 00:52:00.587251     8 MoQSession.cpp:3018] sendSetup sess=0x7feab808ed90
relay-1        | V0923 00:52:00.587311     8 MoQSession.cpp:2974] controlWriteLoop sess=0x7feab808ed90
relay-1        | V0923 00:52:00.587499     8 MoQSession.cpp:6839] onNewUniStream sess=0x7feab808ed90
relay-1        | V0923 00:52:00.587535     8 MoQSession.cpp:3373] controlReadLoop sess=0x7feab808ed90
test-client-1  | [2m2026-09-23T00:52:00.587868Z[0m [32m INFO[0m [2mmoq_test_client::moqtest[0m[2m:[0m PUBLISH accepted and subscription bound; generating objects [3mobjects[0m[2m=[0m15 [3mstreams[0m[2m=[0m3
relay-1        | V0923 00:52:00.587545     8 MoQSession.cpp:3162] onClientSetup sess=0x7feab808ed90
relay-1        | V0923 00:52:00.587548     8 MoQServerBase.cpp:88] MoQServerBase::ClientSetup
relay-1        | V0923 00:52:00.587550     8 MoQServerBase.cpp:93] MoQServerBase::ClientSetup: Using ALPN-negotiated version: moqt-18
relay-1        | V0923 00:52:00.587554     8 MoQSession.cpp:3238] Negotiated Version=0xff000012 (draft-18)
relay-1        | V0923 00:52:00.587575     8 MoQSession.cpp:6869] onNewBidiStream sess=0x7feab808ed90
relay-1        | V0923 00:52:00.587587     8 MoQSession.cpp:3373] controlReadLoop sess=0x7feab808ed90
relay-1        | V0923 00:52:00.587596     8 MoQSession.cpp:4944] onPublishImpl reqID=0 sess=0x7feab808ed90
relay-1        | V0923 00:52:00.587607     8 MoQRelay.cpp:422] publish ftn=moq-test-00/0/0/0/2/4/5/64/32/2/1/1/0/-1/-1/0/moq-test-5ddecf5862e01f4e
relay-1        | E0923 00:52:00.587616     8 MoQRelay.cpp:82] prefix not found in tree
relay-1        | V0923 00:52:00.587636     8 MoQSession.cpp:6060] publishOk reqID=0 sess=0x7feab808ed90
relay-1        | V0923 00:52:00.587751     8 MoQLocation.h:24] m=AbsoluteStart g=0 o=0
relay-1        | V0923 00:52:00.587753     8 MoQLocation.h:59] g=0 o=0 g=4611686018427387903 o=4611686018427387903
relay-1        | I0923 00:52:00.587757     8 MoQRelay.cpp:1970] Updating forward for moq-test-00/0/0/0/2/4/5/64/32/2/1/1/0/-1/-1/0/moq-test-5ddecf5862e01f4e numForwardingSubs=1
relay-1        | V0923 00:52:00.587765     8 MoQSession.cpp:6242] sendSubscribeOk sess=0x7feab8078b00
relay-1        | V0923 00:52:00.587810     8 MoQSession.cpp:6556] requestUpdate sess=0x7feab808ed90
relay-1        | V0923 00:52:00.588131     8 MoQSession.cpp:5098] PublishDone id=0 code=2 reason=publish ended
relay-1        | V0923 00:52:00.588141     8 MoQSession.cpp:2212] processPublishDone trackReceiveState=0x7feab8085850
relay-1        | V0923 00:52:00.588145     8 MoQRelay.cpp:383] onPublishDoneImpl ftn=moq-test-00/0/0/0/2/4/5/64/32/2/1/1/0/-1/-1/0/moq-test-5ddecf5862e01f4e
relay-1        | V0923 00:52:00.588149     8 MoQRelay.cpp:303] Pruning empty subtree at: moq-test-00
relay-1        | V0923 00:52:00.588153     8 MoQForwarder.cpp:614] publishDone pubDone reason=publish ended
relay-1        | V0923 00:52:00.588156     8 MoQForwarder.cpp:310] drainSubscriber from publishDone session=0x7feab8078b00
relay-1        | V0923 00:52:00.588158     8 MoQSession.cpp:6355] sendPublishDone sess=0x7feab8078b00
relay-1        | V0923 00:52:00.588168     8 MoQSession.cpp:6526] publisherDrained id=0 sess=0x7feab8078b00
relay-1        | V0923 00:52:00.588171     8 MoQForwarder.cpp:376] Resetting open subgroups for subscriber=0x7feab805cda0
relay-1        | V0923 00:52:00.588173     8 MoQForwarder.cpp:395] subscribers_.size()=0
relay-1        | I0923 00:52:00.588178     8 MoQRelay.cpp:1933] Publisher terminated for moq-test-00/0/0/0/2/4/5/64/32/2/1/1/0/-1/-1/0/moq-test-5ddecf5862e01f4e
relay-1        | V0923 00:52:00.588188     8 MoQSession.cpp:3489] Failing pending request id=1 peer FINed without terminal reply sess=0x7feab808ed90
relay-1        | V0923 00:52:00.588196     8 MoQSession.cpp:3376] exit controlReadLoop sess=0x7feab808ed90
relay-1        | E0923 00:52:00.588243     8 MoQRelay.cpp:36] requestUpdate failed: peer FINed without terminal reply
relay-1        | V0923 00:52:00.588422     8 MoQSession.cpp:3376] exit controlReadLoop sess=0x7feab8078b00
relay-1        | V0923 00:52:00.588435     8 MoQSession.cpp:3376] exit controlReadLoop sess=0x7feab8078b00
test-client-1  | not ok 10 - moq-test-subgroup-per-group
test-client-1  |   ---
test-client-1  |   duration_ms: 224
test-client-1  |   message: "failed to create subgroup: cancelled"
test-client-1  |   ...
relay-1        | E20260923 00:52:00.603075     8 HQControlCodec.h:58] Unexpected control stream EOF
relay-1        | E20260923 00:52:00.603137     8 HQSession.cpp:3158] Got error on control stream error=HTTP: Critical stream was closed streamID=2 sess=proto=h3, UA=, client CID=1fdc0f997f3f4f2a, server CID=40000016e4b63c77, downstream=[::ffff:172.18.0.3]:47802, [::]:4443=local, drain=none
relay-1        | E20260923 00:52:00.603171     8 HQControlCodec.h:58] Unexpected control stream EOF
relay-1        | E20260923 00:52:00.603209     8 HQSession.cpp:3158] Got error on control stream error=HTTP: Critical stream was closed streamID=2 sess=proto=h3, UA=, client CID=d3e0d6251c6e66ba, server CID=400000050296c1c1, downstream=[::ffff:172.18.0.3]:33970, [::]:4443=local, drain=none
relay-1        | E0923 00:52:00.603313     8 MoQServer.h:192] proxygen::HTTPException: Got error=ApplicationError: 260, HTTP error on control stream
relay-1        | V0923 00:52:00.603327     8 MoQSession.cpp:7289] onSessionEnderr=4294967295 sess=0x7feab808ed90
relay-1        | V0923 00:52:00.603329     8 MoQSession.cpp:2950] close sess=0x7feab808ed90
relay-1        | V0923 00:52:00.603337     8 MoQSession.cpp:2628] requestCancellation from cleanup sess=0x7feab808ed90
relay-1        | V0923 00:52:00.603351     8 MoQSession.cpp:2967] requestCancellation from close sess=0x7feab808ed90
test-client-1  | [2m2026-09-23T00:52:00.603414Z[0m [33m WARN[0m [2mweb_transport_quinn::session[0m[2m:[0m failed to read capsule [3me[0m[2m=[0mUnexpectedEnd
relay-1        | E0923 00:52:00.603409     8 MoQServer.h:192] proxygen::HTTPException: Got error=ApplicationError: 260, HTTP error on control stream
relay-1        | V0923 00:52:00.603432     8 MoQSession.cpp:7289] onSessionEnderr=4294967295 sess=0x7feab8078b00
relay-1        | V0923 00:52:00.603440     8 MoQSession.cpp:2950] close sess=0x7feab8078b00
relay-1        | V0923 00:52:00.603449     8 MoQSession.cpp:2628] requestCancellation from cleanup sess=0x7feab8078b00
relay-1        | V0923 00:52:00.603460     8 MoQSession.cpp:2967] requestCancellation from close sess=0x7feab8078b00
test-client-1  | [2m2026-09-23T00:52:00.603530Z[0m [33m WARN[0m [2mweb_transport_quinn::session[0m[2m:[0m failed to read capsule [3me[0m[2m=[0mUnexpectedEnd
relay-1        | V0923 00:52:00.603515     8 MoQSession.cpp:3376] exit controlReadLoop sess=0x7feab808ed90
relay-1        | V0923 00:52:00.603549     8 MoQSession.cpp:2976] exit controlWriteLoop sess=0x7feab808ed90
relay-1        | V0923 00:52:00.603554     8 MoQSession.cpp:2566] ~MoQSession sess=0x7feab808ed90
relay-1        | V0923 00:52:00.603577     8 MoQSession.cpp:2976] exit controlWriteLoop sess=0x7feab8078b00
test-client-1  | [2m2026-09-23T00:52:00.603657Z[0m [32m INFO[0m [2mmoq_native_ietf::quic[0m[2m:[0m UDP socket bound [3mbind[0m[2m=[0m[::]:0 [3mlocal[0m[2m=[0m[::]:45570 [3mdual_stack[0m[2m=[0mtrue
relay-1        | V0923 00:52:00.605534     8 MoQServer.cpp:325] MoQServer WebTransport: supported protocols: moqt-18, moqt-16, moqt-15, moq-00
relay-1        | V0923 00:52:00.605553     8 MoQServer.cpp:335] WebTransport: Negotiated protocol: moqt-18
relay-1        | V0923 00:52:00.605616     8 MoQSession.cpp:2674] start sess=0x7feab8045b40
relay-1        | V0923 00:52:00.605628     8 MoQSession.cpp:3018] sendSetup sess=0x7feab8045b40
relay-1        | V0923 00:52:00.605648     8 MoQSession.cpp:2974] controlWriteLoop sess=0x7feab8045b40
relay-1        | V0923 00:52:00.605869     8 MoQSession.cpp:6839] onNewUniStream sess=0x7feab8045b40
relay-1        | V0923 00:52:00.605890     8 MoQSession.cpp:3373] controlReadLoop sess=0x7feab8045b40
relay-1        | V0923 00:52:00.605893     8 MoQSession.cpp:3162] onClientSetup sess=0x7feab8045b40
relay-1        | V0923 00:52:00.605895     8 MoQServerBase.cpp:88] MoQServerBase::ClientSetup
relay-1        | V0923 00:52:00.605896     8 MoQServerBase.cpp:93] MoQServerBase::ClientSetup: Using ALPN-negotiated version: moqt-18
relay-1        | V0923 00:52:00.605899     8 MoQSession.cpp:3238] Negotiated Version=0xff000012 (draft-18)
relay-1        | V0923 00:52:00.606038     8 MoQSession.cpp:6869] onNewBidiStream sess=0x7feab8045b40
relay-1        | V0923 00:52:00.606080     8 MoQSession.cpp:3373] controlReadLoop sess=0x7feab8045b40
relay-1        | V0923 00:52:00.606094     8 MoQSession.cpp:4260] onSubscribeImpl ftn=moq-test-00/0/0/0/2/5/5/64/32/2/1/1/1/-1/-1/0/moq-test-e285367c4ec49dc2 sess=0x7feab8045b40
relay-1        | V0923 00:52:00.616231     8 MoQSession.cpp:2566] ~MoQSession sess=0x7feab8078b00
test-client-1  | [2m2026-09-23T00:52:00.807755Z[0m [32m INFO[0m [2mmoq_native_ietf::quic[0m[2m:[0m UDP socket bound [3mbind[0m[2m=[0m[::]:0 [3mlocal[0m[2m=[0m[::]:59877 [3mdual_stack[0m[2m=[0mtrue
relay-1        | V0923 00:52:00.810366     8 MoQServer.cpp:325] MoQServer WebTransport: supported protocols: moqt-18, moqt-16, moqt-15, moq-00
relay-1        | V0923 00:52:00.810398     8 MoQServer.cpp:335] WebTransport: Negotiated protocol: moqt-18
relay-1        | V0923 00:52:00.810490     8 MoQSession.cpp:2674] start sess=0x7feab807e700
relay-1        | V0923 00:52:00.810510     8 MoQSession.cpp:3018] sendSetup sess=0x7feab807e700
relay-1        | V0923 00:52:00.810545     8 MoQSession.cpp:2974] controlWriteLoop sess=0x7feab807e700
relay-1        | V0923 00:52:00.810707     8 MoQSession.cpp:6839] onNewUniStream sess=0x7feab807e700
relay-1        | V0923 00:52:00.810732     8 MoQSession.cpp:3373] controlReadLoop sess=0x7feab807e700
relay-1        | V0923 00:52:00.810740     8 MoQSession.cpp:3162] onClientSetup sess=0x7feab807e700
relay-1        | V0923 00:52:00.810748     8 MoQServerBase.cpp:88] MoQServerBase::ClientSetup
relay-1        | V0923 00:52:00.810752     8 MoQServerBase.cpp:93] MoQServerBase::ClientSetup: Using ALPN-negotiated version: moqt-18
relay-1        | V0923 00:52:00.810759     8 MoQSession.cpp:3238] Negotiated Version=0xff000012 (draft-18)
relay-1        | V0923 00:52:00.810967     8 MoQSession.cpp:6869] onNewBidiStream sess=0x7feab807e700
relay-1        | V0923 00:52:00.810990     8 MoQSession.cpp:3373] controlReadLoop sess=0x7feab807e700
relay-1        | V0923 00:52:00.811004     8 MoQSession.cpp:4944] onPublishImpl reqID=0 sess=0x7feab807e700
relay-1        | V0923 00:52:00.811021     8 MoQRelay.cpp:422] publish ftn=moq-test-00/0/0/0/2/5/5/64/32/2/1/1/1/-1/-1/0/moq-test-e285367c4ec49dc2
relay-1        | E0923 00:52:00.811034     8 MoQRelay.cpp:82] prefix not found in tree
relay-1        | V0923 00:52:00.811067     8 MoQSession.cpp:6060] publishOk reqID=0 sess=0x7feab807e700
relay-1        | V0923 00:52:00.811230     8 MoQLocation.h:24] m=AbsoluteStart g=0 o=0
relay-1        | V0923 00:52:00.811239     8 MoQLocation.h:59] g=0 o=0 g=4611686018427387903 o=4611686018427387903
relay-1        | I0923 00:52:00.811246     8 MoQRelay.cpp:1970] Updating forward for moq-test-00/0/0/0/2/5/5/64/32/2/1/1/1/-1/-1/0/moq-test-e285367c4ec49dc2 numForwardingSubs=1
relay-1        | V0923 00:52:00.811258     8 MoQSession.cpp:6242] sendSubscribeOk sess=0x7feab8045b40
relay-1        | V0923 00:52:00.811391     8 MoQSession.cpp:6556] requestUpdate sess=0x7feab807e700
test-client-1  | [2m2026-09-23T00:52:00.811425Z[0m [32m INFO[0m [2mmoq_test_client::moqtest[0m[2m:[0m PUBLISH accepted and subscription bound; generating objects [3mobjects[0m[2m=[0m15 [3mstreams[0m[2m=[0m3
relay-1        | V0923 00:52:00.811597     8 MoQSession.cpp:5098] PublishDone id=0 code=2 reason=publish ended
relay-1        | V0923 00:52:00.811625     8 MoQSession.cpp:2212] processPublishDone trackReceiveState=0x7feab808f4f0
relay-1        | V0923 00:52:00.811630     8 MoQRelay.cpp:383] onPublishDoneImpl ftn=moq-test-00/0/0/0/2/5/5/64/32/2/1/1/1/-1/-1/0/moq-test-e285367c4ec49dc2
relay-1        | V0923 00:52:00.811639     8 MoQRelay.cpp:303] Pruning empty subtree at: moq-test-00
relay-1        | V0923 00:52:00.811644     8 MoQForwarder.cpp:614] publishDone pubDone reason=publish ended
relay-1        | V0923 00:52:00.811651     8 MoQForwarder.cpp:310] drainSubscriber from publishDone session=0x7feab8045b40
relay-1        | V0923 00:52:00.811654     8 MoQSession.cpp:6355] sendPublishDone sess=0x7feab8045b40
relay-1        | V0923 00:52:00.811667     8 MoQSession.cpp:6526] publisherDrained id=0 sess=0x7feab8045b40
relay-1        | V0923 00:52:00.811676     8 MoQForwarder.cpp:376] Resetting open subgroups for subscriber=0x7feab8052450
relay-1        | V0923 00:52:00.811679     8 MoQForwarder.cpp:395] subscribers_.size()=0
relay-1        | I0923 00:52:00.811685     8 MoQRelay.cpp:1933] Publisher terminated for moq-test-00/0/0/0/2/5/5/64/32/2/1/1/1/-1/-1/0/moq-test-e285367c4ec49dc2
relay-1        | V0923 00:52:00.811697     8 MoQSession.cpp:3489] Failing pending request id=1 peer FINed without terminal reply sess=0x7feab807e700
relay-1        | V0923 00:52:00.811720     8 MoQSession.cpp:3376] exit controlReadLoop sess=0x7feab807e700
relay-1        | E0923 00:52:00.811808     8 MoQRelay.cpp:36] requestUpdate failed: peer FINed without terminal reply
relay-1        | V0923 00:52:00.812007     8 MoQSession.cpp:3376] exit controlReadLoop sess=0x7feab8045b40
relay-1        | V0923 00:52:00.812022     8 MoQSession.cpp:3376] exit controlReadLoop sess=0x7feab8045b40
test-client-1  | not ok 11 - moq-test-subgroup-per-group-eog
test-client-1  |   ---
test-client-1  |   duration_ms: 227
test-client-1  |   message: "failed to create subgroup: cancelled"
test-client-1  |   ...
relay-1        | E20260923 00:52:00.830513     8 HQControlCodec.h:58] Unexpected control stream EOF
relay-1        | E20260923 00:52:00.830577     8 HQSession.cpp:3158] Got error on control stream error=HTTP: Critical stream was closed streamID=2 sess=proto=h3, UA=, client CID=eb7396da62ede592, server CID=4000000bc3d91d61, downstream=[::ffff:172.18.0.3]:59877, [::]:4443=local, drain=none
relay-1        | E20260923 00:52:00.830617     8 HQControlCodec.h:58] Unexpected control stream EOF
relay-1        | E20260923 00:52:00.830622     8 HQSession.cpp:3158] Got error on control stream error=HTTP: Critical stream was closed streamID=2 sess=proto=h3, UA=, client CID=d9b2cab261604ab1, server CID=4000000b2f23e109, downstream=[::ffff:172.18.0.3]:45570, [::]:4443=local, drain=none
relay-1        | E0923 00:52:00.830660     8 MoQServer.h:192] proxygen::HTTPException: Got error=ApplicationError: 260, HTTP error on control stream
relay-1        | V0923 00:52:00.830673     8 MoQSession.cpp:7289] onSessionEnderr=4294967295 sess=0x7feab807e700
relay-1        | V0923 00:52:00.830676     8 MoQSession.cpp:2950] close sess=0x7feab807e700
relay-1        | V0923 00:52:00.830684     8 MoQSession.cpp:2628] requestCancellation from cleanup sess=0x7feab807e700
relay-1        | V0923 00:52:00.830699     8 MoQSession.cpp:2967] requestCancellation from close sess=0x7feab807e700
relay-1        | E0923 00:52:00.830781     8 MoQServer.h:192] proxygen::HTTPException: Got error=ApplicationError: 260, HTTP error on control stream
relay-1        | V0923 00:52:00.830800     8 MoQSession.cpp:7289] onSessionEnderr=4294967295 sess=0x7feab8045b40
relay-1        | V0923 00:52:00.830802     8 MoQSession.cpp:2950] close sess=0x7feab8045b40
relay-1        | V0923 00:52:00.830805     8 MoQSession.cpp:2628] requestCancellation from cleanup sess=0x7feab8045b40
relay-1        | V0923 00:52:00.830811     8 MoQSession.cpp:2967] requestCancellation from close sess=0x7feab8045b40
relay-1        | V0923 00:52:00.830848     8 MoQSession.cpp:3376] exit controlReadLoop sess=0x7feab807e700
relay-1        | V0923 00:52:00.830885     8 MoQSession.cpp:2976] exit controlWriteLoop sess=0x7feab807e700
relay-1        | V0923 00:52:00.830896     8 MoQSession.cpp:2566] ~MoQSession sess=0x7feab807e700
relay-1        | V0923 00:52:00.830907     8 MoQSession.cpp:2976] exit controlWriteLoop sess=0x7feab8045b40
test-client-1  | [2m2026-09-23T00:52:00.830969Z[0m [33m WARN[0m [2mweb_transport_quinn::session[0m[2m:[0m failed to read capsule [3me[0m[2m=[0mUnexpectedEnd
test-client-1  | [2m2026-09-23T00:52:00.831005Z[0m [33m WARN[0m [2mweb_transport_quinn::session[0m[2m:[0m failed to read capsule [3me[0m[2m=[0mUnexpectedEnd
test-client-1  | [2m2026-09-23T00:52:00.831125Z[0m [32m INFO[0m [2mmoq_native_ietf::quic[0m[2m:[0m UDP socket bound [3mbind[0m[2m=[0m[::]:0 [3mlocal[0m[2m=[0m[::]:52252 [3mdual_stack[0m[2m=[0mtrue
relay-1        | V0923 00:52:00.832971     8 MoQServer.cpp:325] MoQServer WebTransport: supported protocols: moqt-18, moqt-16, moqt-15, moq-00
relay-1        | V0923 00:52:00.832990     8 MoQServer.cpp:335] WebTransport: Negotiated protocol: moqt-18
relay-1        | V0923 00:52:00.833053     8 MoQSession.cpp:2674] start sess=0x7feab8068da0
relay-1        | V0923 00:52:00.833072     8 MoQSession.cpp:3018] sendSetup sess=0x7feab8068da0
relay-1        | V0923 00:52:00.833099     8 MoQSession.cpp:2974] controlWriteLoop sess=0x7feab8068da0
relay-1        | V0923 00:52:00.833298     8 MoQSession.cpp:6839] onNewUniStream sess=0x7feab8068da0
relay-1        | V0923 00:52:00.833318     8 MoQSession.cpp:3373] controlReadLoop sess=0x7feab8068da0
relay-1        | V0923 00:52:00.833324     8 MoQSession.cpp:3162] onClientSetup sess=0x7feab8068da0
relay-1        | V0923 00:52:00.833326     8 MoQServerBase.cpp:88] MoQServerBase::ClientSetup
relay-1        | V0923 00:52:00.833328     8 MoQServerBase.cpp:93] MoQServerBase::ClientSetup: Using ALPN-negotiated version: moqt-18
relay-1        | V0923 00:52:00.833333     8 MoQSession.cpp:3238] Negotiated Version=0xff000012 (draft-18)
relay-1        | V0923 00:52:00.833520     8 MoQSession.cpp:6869] onNewBidiStream sess=0x7feab8068da0
relay-1        | V0923 00:52:00.833553     8 MoQSession.cpp:3373] controlReadLoop sess=0x7feab8068da0
relay-1        | V0923 00:52:00.833572     8 MoQSession.cpp:4260] onSubscribeImpl ftn=moq-test-00/1/0/0/1/3/4/64/32/2/1/1/0/-1/-1/0/moq-test-093afe5ddbacfda0 sess=0x7feab8068da0
relay-1        | V0923 00:52:00.841715     8 MoQSession.cpp:2566] ~MoQSession sess=0x7feab8045b40
test-client-1  | [2m2026-09-23T00:52:01.035742Z[0m [32m INFO[0m [2mmoq_native_ietf::quic[0m[2m:[0m UDP socket bound [3mbind[0m[2m=[0m[::]:0 [3mlocal[0m[2m=[0m[::]:60222 [3mdual_stack[0m[2m=[0mtrue
relay-1        | V0923 00:52:01.038250     8 MoQServer.cpp:325] MoQServer WebTransport: supported protocols: moqt-18, moqt-16, moqt-15, moq-00
relay-1        | V0923 00:52:01.038284     8 MoQServer.cpp:335] WebTransport: Negotiated protocol: moqt-18
relay-1        | V0923 00:52:01.038386     8 MoQSession.cpp:2674] start sess=0x7feab804f2a0
relay-1        | V0923 00:52:01.038407     8 MoQSession.cpp:3018] sendSetup sess=0x7feab804f2a0
relay-1        | V0923 00:52:01.038444     8 MoQSession.cpp:2974] controlWriteLoop sess=0x7feab804f2a0
relay-1        | V0923 00:52:01.038758     8 MoQSession.cpp:6839] onNewUniStream sess=0x7feab804f2a0
relay-1        | V0923 00:52:01.038801     8 MoQSession.cpp:3373] controlReadLoop sess=0x7feab804f2a0
relay-1        | V0923 00:52:01.038811     8 MoQSession.cpp:3162] onClientSetup sess=0x7feab804f2a0
relay-1        | V0923 00:52:01.038819     8 MoQServerBase.cpp:88] MoQServerBase::ClientSetup
relay-1        | V0923 00:52:01.038822     8 MoQServerBase.cpp:93] MoQServerBase::ClientSetup: Using ALPN-negotiated version: moqt-18
relay-1        | V0923 00:52:01.038826     8 MoQSession.cpp:3238] Negotiated Version=0xff000012 (draft-18)
relay-1        | V0923 00:52:01.038852     8 MoQSession.cpp:6869] onNewBidiStream sess=0x7feab804f2a0
relay-1        | V0923 00:52:01.038873     8 MoQSession.cpp:3373] controlReadLoop sess=0x7feab804f2a0
relay-1        | V0923 00:52:01.038927     8 MoQSession.cpp:4944] onPublishImpl reqID=0 sess=0x7feab804f2a0
relay-1        | V0923 00:52:01.038943     8 MoQRelay.cpp:422] publish ftn=moq-test-00/1/0/0/1/3/4/64/32/2/1/1/0/-1/-1/0/moq-test-093afe5ddbacfda0
relay-1        | E0923 00:52:01.038965     8 MoQRelay.cpp:82] prefix not found in tree
relay-1        | V0923 00:52:01.039019     8 MoQSession.cpp:6060] publishOk reqID=0 sess=0x7feab804f2a0
relay-1        | V0923 00:52:01.039120     8 MoQLocation.h:24] m=AbsoluteStart g=0 o=0
relay-1        | V0923 00:52:01.039128     8 MoQLocation.h:59] g=0 o=0 g=4611686018427387903 o=4611686018427387903
relay-1        | I0923 00:52:01.039134     8 MoQRelay.cpp:1970] Updating forward for moq-test-00/1/0/0/1/3/4/64/32/2/1/1/0/-1/-1/0/moq-test-093afe5ddbacfda0 numForwardingSubs=1
relay-1        | V0923 00:52:01.039145     8 MoQSession.cpp:6242] sendSubscribeOk sess=0x7feab8068da0
relay-1        | V0923 00:52:01.039233     8 MoQSession.cpp:6556] requestUpdate sess=0x7feab804f2a0
test-client-1  | [2m2026-09-23T00:52:01.039332Z[0m [32m INFO[0m [2mmoq_test_client::moqtest[0m[2m:[0m PUBLISH accepted and subscription bound; generating objects [3mobjects[0m[2m=[0m8 [3mstreams[0m[2m=[0m8
relay-1        | V0923 00:52:01.039540     8 MoQSession.cpp:5098] PublishDone id=0 code=2 reason=publish ended
relay-1        | V0923 00:52:01.039583     8 MoQSession.cpp:2212] processPublishDone trackReceiveState=0x7feab8087ce0
relay-1        | V0923 00:52:01.039592     8 MoQRelay.cpp:383] onPublishDoneImpl ftn=moq-test-00/1/0/0/1/3/4/64/32/2/1/1/0/-1/-1/0/moq-test-093afe5ddbacfda0
relay-1        | V0923 00:52:01.039600     8 MoQRelay.cpp:303] Pruning empty subtree at: moq-test-00
relay-1        | V0923 00:52:01.039616     8 MoQForwarder.cpp:614] publishDone pubDone reason=publish ended
relay-1        | V0923 00:52:01.039629     8 MoQForwarder.cpp:310] drainSubscriber from publishDone session=0x7feab8068da0
relay-1        | V0923 00:52:01.039636     8 MoQSession.cpp:6355] sendPublishDone sess=0x7feab8068da0
relay-1        | V0923 00:52:01.039650     8 MoQSession.cpp:6526] publisherDrained id=0 sess=0x7feab8068da0
relay-1        | V0923 00:52:01.039653     8 MoQForwarder.cpp:376] Resetting open subgroups for subscriber=0x7feab8070050
relay-1        | V0923 00:52:01.039655     8 MoQForwarder.cpp:395] subscribers_.size()=0
relay-1        | I0923 00:52:01.039661     8 MoQRelay.cpp:1933] Publisher terminated for moq-test-00/1/0/0/1/3/4/64/32/2/1/1/0/-1/-1/0/moq-test-093afe5ddbacfda0
relay-1        | V0923 00:52:01.039679     8 MoQSession.cpp:3489] Failing pending request id=1 peer FINed without terminal reply sess=0x7feab804f2a0
relay-1        | V0923 00:52:01.039690     8 MoQSession.cpp:3376] exit controlReadLoop sess=0x7feab804f2a0
relay-1        | E0923 00:52:01.039761     8 MoQRelay.cpp:36] requestUpdate failed: peer FINed without terminal reply
relay-1        | V0923 00:52:01.039982     8 MoQSession.cpp:3376] exit controlReadLoop sess=0x7feab8068da0
relay-1        | V0923 00:52:01.039992     8 MoQSession.cpp:3376] exit controlReadLoop sess=0x7feab8068da0
test-client-1  | not ok 12 - moq-test-subgroup-per-object
test-client-1  |   ---
relay-1        | E20260923 00:52:01.043143     8 HQControlCodec.h:58] Unexpected control stream EOF
test-client-1  |   duration_ms: 212
test-client-1  |   message: "failed to create subgroup: cancelled"
test-client-1  |   ...
relay-1        | E20260923 00:52:01.043216     8 HQSession.cpp:3158] Got error on control stream error=HTTP: Critical stream was closed streamID=2 sess=proto=h3, UA=, client CID=701bb6e297b735dd, server CID=4000000dd4f7b9d8, downstream=[::ffff:172.18.0.3]:60222, [::]:4443=local, drain=none
relay-1        | E20260923 00:52:01.043256     8 HQControlCodec.h:58] Unexpected control stream EOF
relay-1        | E20260923 00:52:01.043269     8 HQSession.cpp:3158] Got error on control stream error=HTTP: Critical stream was closed streamID=2 sess=proto=h3, UA=, client CID=6cf58c297bd24d5a, server CID=4000000a9f4cf993, downstream=[::ffff:172.18.0.3]:52252, [::]:4443=local, drain=none
relay-1        | E0923 00:52:01.043315     8 MoQServer.h:192] proxygen::HTTPException: Got error=ApplicationError: 260, HTTP error on control stream
relay-1        | V0923 00:52:01.043328     8 MoQSession.cpp:7289] onSessionEnderr=4294967295 sess=0x7feab804f2a0
relay-1        | V0923 00:52:01.043336     8 MoQSession.cpp:2950] close sess=0x7feab804f2a0
relay-1        | V0923 00:52:01.043347     8 MoQSession.cpp:2628] requestCancellation from cleanup sess=0x7feab804f2a0
relay-1        | V0923 00:52:01.043360     8 MoQSession.cpp:2967] requestCancellation from close sess=0x7feab804f2a0
relay-1        | E0923 00:52:01.043448     8 MoQServer.h:192] proxygen::HTTPException: Got error=ApplicationError: 260, HTTP error on control stream
relay-1        | V0923 00:52:01.043455     8 MoQSession.cpp:7289] onSessionEnderr=4294967295 sess=0x7feab8068da0
relay-1        | V0923 00:52:01.043457     8 MoQSession.cpp:2950] close sess=0x7feab8068da0
relay-1        | V0923 00:52:01.043460     8 MoQSession.cpp:2628] requestCancellation from cleanup sess=0x7feab8068da0
relay-1        | V0923 00:52:01.043466     8 MoQSession.cpp:2967] requestCancellation from close sess=0x7feab8068da0
relay-1        | V0923 00:52:01.043509     8 MoQSession.cpp:3376] exit controlReadLoop sess=0x7feab804f2a0
test-client-1  | [2m2026-09-23T00:52:01.043501Z[0m [33m WARN[0m [2mweb_transport_quinn::session[0m[2m:[0m failed to read capsule [3me[0m[2m=[0mUnexpectedEnd
relay-1        | V0923 00:52:01.043556     8 MoQSession.cpp:2976] exit controlWriteLoop sess=0x7feab804f2a0
relay-1        | V0923 00:52:01.043568     8 MoQSession.cpp:2566] ~MoQSession sess=0x7feab804f2a0
test-client-1  | [2m2026-09-23T00:52:01.043552Z[0m [33m WARN[0m [2mweb_transport_quinn::session[0m[2m:[0m failed to read capsule [3me[0m[2m=[0mUnexpectedEnd
relay-1        | V0923 00:52:01.043585     8 MoQSession.cpp:2976] exit controlWriteLoop sess=0x7feab8068da0
test-client-1  | [2m2026-09-23T00:52:01.043758Z[0m [32m INFO[0m [2mmoq_native_ietf::quic[0m[2m:[0m UDP socket bound [3mbind[0m[2m=[0m[::]:0 [3mlocal[0m[2m=[0m[::]:47227 [3mdual_stack[0m[2m=[0mtrue
relay-1        | V0923 00:52:01.045442     8 MoQServer.cpp:325] MoQServer WebTransport: supported protocols: moqt-18, moqt-16, moqt-15, moq-00
relay-1        | V0923 00:52:01.045459     8 MoQServer.cpp:335] WebTransport: Negotiated protocol: moqt-18
relay-1        | V0923 00:52:01.045509     8 MoQSession.cpp:2674] start sess=0x7feab807da90
relay-1        | V0923 00:52:01.045522     8 MoQSession.cpp:3018] sendSetup sess=0x7feab807da90
relay-1        | V0923 00:52:01.045540     8 MoQSession.cpp:2974] controlWriteLoop sess=0x7feab807da90
relay-1        | V0923 00:52:01.045707     8 MoQSession.cpp:6839] onNewUniStream sess=0x7feab807da90
relay-1        | V0923 00:52:01.045758     8 MoQSession.cpp:6869] onNewBidiStream sess=0x7feab807da90
relay-1        | V0923 00:52:01.045770     8 MoQSession.cpp:3373] controlReadLoop sess=0x7feab807da90
relay-1        | V0923 00:52:01.045778     8 MoQSession.cpp:3162] onClientSetup sess=0x7feab807da90
relay-1        | V0923 00:52:01.045781     8 MoQServerBase.cpp:88] MoQServerBase::ClientSetup
relay-1        | V0923 00:52:01.045783     8 MoQServerBase.cpp:93] MoQServerBase::ClientSetup: Using ALPN-negotiated version: moqt-18
relay-1        | V0923 00:52:01.045797     8 MoQSession.cpp:3238] Negotiated Version=0xff000012 (draft-18)
relay-1        | V0923 00:52:01.045813     8 MoQSession.cpp:3373] controlReadLoop sess=0x7feab807da90
relay-1        | V0923 00:52:01.045824     8 MoQSession.cpp:4260] onSubscribeImpl ftn=moq-test-00/2/0/0/2/6/6/64/32/2/1/1/1/-1/-1/0/moq-test-562de6ae2c278c9c sess=0x7feab807da90
relay-1        | V0923 00:52:01.056966     8 MoQSession.cpp:2566] ~MoQSession sess=0x7feab8068da0
test-client-1  | [2m2026-09-23T00:52:01.247682Z[0m [32m INFO[0m [2mmoq_native_ietf::quic[0m[2m:[0m UDP socket bound [3mbind[0m[2m=[0m[::]:0 [3mlocal[0m[2m=[0m[::]:52181 [3mdual_stack[0m[2m=[0mtrue
relay-1        | V0923 00:52:01.250711     8 MoQServer.cpp:325] MoQServer WebTransport: supported protocols: moqt-18, moqt-16, moqt-15, moq-00
relay-1        | V0923 00:52:01.250742     8 MoQServer.cpp:335] WebTransport: Negotiated protocol: moqt-18
relay-1        | V0923 00:52:01.250841     8 MoQSession.cpp:2674] start sess=0x7feab8059cc0
relay-1        | V0923 00:52:01.250863     8 MoQSession.cpp:3018] sendSetup sess=0x7feab8059cc0
relay-1        | V0923 00:52:01.250922     8 MoQSession.cpp:2974] controlWriteLoop sess=0x7feab8059cc0
relay-1        | V0923 00:52:01.251060     8 MoQSession.cpp:6839] onNewUniStream sess=0x7feab8059cc0
relay-1        | V0923 00:52:01.251109     8 MoQSession.cpp:3373] controlReadLoop sess=0x7feab8059cc0
relay-1        | V0923 00:52:01.251135     8 MoQSession.cpp:3162] onClientSetup sess=0x7feab8059cc0
relay-1        | V0923 00:52:01.251141     8 MoQServerBase.cpp:88] MoQServerBase::ClientSetup
relay-1        | V0923 00:52:01.251144     8 MoQServerBase.cpp:93] MoQServerBase::ClientSetup: Using ALPN-negotiated version: moqt-18
relay-1        | V0923 00:52:01.251148     8 MoQSession.cpp:3238] Negotiated Version=0xff000012 (draft-18)
relay-1        | V0923 00:52:01.251345     8 MoQSession.cpp:6869] onNewBidiStream sess=0x7feab8059cc0
relay-1        | V0923 00:52:01.251393     8 MoQSession.cpp:3373] controlReadLoop sess=0x7feab8059cc0
relay-1        | V0923 00:52:01.251415     8 MoQSession.cpp:4944] onPublishImpl reqID=0 sess=0x7feab8059cc0
relay-1        | V0923 00:52:01.251429     8 MoQRelay.cpp:422] publish ftn=moq-test-00/2/0/0/2/6/6/64/32/2/1/1/1/-1/-1/0/moq-test-562de6ae2c278c9c
relay-1        | E0923 00:52:01.251441     8 MoQRelay.cpp:82] prefix not found in tree
relay-1        | V0923 00:52:01.251476     8 MoQSession.cpp:6060] publishOk reqID=0 sess=0x7feab8059cc0
relay-1        | V0923 00:52:01.251562     8 MoQLocation.h:24] m=AbsoluteStart g=0 o=0
relay-1        | V0923 00:52:01.251565     8 MoQLocation.h:59] g=0 o=0 g=4611686018427387903 o=4611686018427387903
relay-1        | I0923 00:52:01.251575     8 MoQRelay.cpp:1970] Updating forward for moq-test-00/2/0/0/2/6/6/64/32/2/1/1/1/-1/-1/0/moq-test-562de6ae2c278c9c numForwardingSubs=1
relay-1        | V0923 00:52:01.251586     8 MoQSession.cpp:6242] sendSubscribeOk sess=0x7feab807da90
relay-1        | V0923 00:52:01.251631     8 MoQSession.cpp:6556] requestUpdate sess=0x7feab8059cc0
test-client-1  | [2m2026-09-23T00:52:01.251692Z[0m [32m INFO[0m [2mmoq_test_client::moqtest[0m[2m:[0m PUBLISH accepted and subscription bound; generating objects [3mobjects[0m[2m=[0m18 [3mstreams[0m[2m=[0m6
test-client-1  | [2m2026-09-23T00:52:01.251743Z[0m [33m WARN[0m [2mmoq_transport::session[0m[2m:[0m unexpected bidi response message type [3mmsg_type[0m[2m=[0m2
test-client-1  | [2m2026-09-23T00:52:01.251755Z[0m [33m WARN[0m [2mmoq_transport::serve::error[0m[2m:[0m [5d940843-9bfe-4841-aa03-d30616a6c46b] Not implemented: bidi response type 0x2 at moq-transport/src/session/error.rs:89
relay-1        | V0923 00:52:01.251818     8 MoQSession.cpp:3489] Failing pending request id=1 peer FINed without terminal reply sess=0x7feab8059cc0
relay-1        | V0923 00:52:01.251832     8 MoQSession.cpp:3376] exit controlReadLoop sess=0x7feab8059cc0
relay-1        | E0923 00:52:01.251845     8 MoQRelay.cpp:36] requestUpdate failed: peer FINed without terminal reply
test-client-1  | not ok 13 - moq-test-two-subgroups-eog
test-client-1  |   ---
test-client-1  |   duration_ms: 230
test-client-1  |   message: "failed to create subgroup 0: cancelled"
test-client-1  |   ...
relay-1        | E20260923 00:52:01.273417     8 HQControlCodec.h:58] Unexpected control stream EOF
relay-1        | E20260923 00:52:01.273478     8 HQSession.cpp:3158] Got error on control stream error=HTTP: Critical stream was closed streamID=2 sess=proto=h3, UA=, client CID=a2e1d42d29ce95d0, server CID=40000018c6039b39, downstream=[::ffff:172.18.0.3]:52181, [::]:4443=local, drain=none
relay-1        | E0923 00:52:01.273543     8 MoQServer.h:192] proxygen::HTTPException: Got error=ApplicationError: 260, HTTP error on control stream
relay-1        | V0923 00:52:01.273555     8 MoQSession.cpp:7289] onSessionEnderr=4294967295 sess=0x7feab8059cc0
relay-1        | V0923 00:52:01.273558     8 MoQSession.cpp:2950] close sess=0x7feab8059cc0
relay-1        | V0923 00:52:01.273565     8 MoQSession.cpp:2183] subscribeError trackReceiveState=0x7feab8085850
relay-1        | V0923 00:52:01.273569     8 MoQSession.cpp:2212] processPublishDone trackReceiveState=0x7feab8085850
relay-1        | V0923 00:52:01.273573     8 MoQRelay.cpp:383] onPublishDoneImpl ftn=moq-test-00/2/0/0/2/6/6/64/32/2/1/1/1/-1/-1/0/moq-test-562de6ae2c278c9c
relay-1        | V0923 00:52:01.273583     8 MoQRelay.cpp:303] Pruning empty subtree at: moq-test-00
relay-1        | V0923 00:52:01.273599     8 MoQForwarder.cpp:614] publishDone pubDone reason=closed locally
relay-1        | V0923 00:52:01.273602     8 MoQForwarder.cpp:310] drainSubscriber from publishDone session=0x7feab807da90
relay-1        | V0923 00:52:01.273605     8 MoQSession.cpp:6355] sendPublishDone sess=0x7feab807da90
relay-1        | V0923 00:52:01.273618     8 MoQSession.cpp:6526] publisherDrained id=0 sess=0x7feab807da90
relay-1        | V0923 00:52:01.273621     8 MoQForwarder.cpp:376] Resetting open subgroups for subscriber=0x7feab8036700
relay-1        | V0923 00:52:01.273623     8 MoQForwarder.cpp:395] subscribers_.size()=0
relay-1        | I0923 00:52:01.273629     8 MoQRelay.cpp:1933] Publisher terminated for moq-test-00/2/0/0/2/6/6/64/32/2/1/1/1/-1/-1/0/moq-test-562de6ae2c278c9c
relay-1        | V0923 00:52:01.273636     8 MoQSession.cpp:2167] cancel alias=0 requestID=0
relay-1        | V0923 00:52:01.273640     8 MoQSession.cpp:2628] requestCancellation from cleanup sess=0x7feab8059cc0
relay-1        | V0923 00:52:01.273653     8 MoQSession.cpp:2967] requestCancellation from close sess=0x7feab8059cc0
test-client-1  | [2m2026-09-23T00:52:01.273747Z[0m [33m WARN[0m [2mweb_transport_quinn::session[0m[2m:[0m failed to read capsule [3me[0m[2m=[0mUnexpectedEnd
relay-1        | V0923 00:52:01.273780     8 MoQSession.cpp:3376] exit controlReadLoop sess=0x7feab8059cc0
relay-1        | V0923 00:52:01.273837     8 MoQSession.cpp:2976] exit controlWriteLoop sess=0x7feab8059cc0
relay-1        | E20260923 00:52:01.273844     8 HQControlCodec.h:58] Unexpected control stream EOF
relay-1        | E20260923 00:52:01.273862     8 HQSession.cpp:3158] Got error on control stream error=HTTP: Critical stream was closed streamID=2 sess=proto=h3, UA=, client CID=345cf991c90738ba, server CID=40000006baab7198, downstream=[::ffff:172.18.0.3]:47227, [::]:4443=local, drain=none
relay-1        | E0923 00:52:01.273889     8 MoQServer.h:192] proxygen::HTTPException: Got error=ApplicationError: 260, HTTP error on control stream
relay-1        | V0923 00:52:01.273896     8 MoQSession.cpp:7289] onSessionEnderr=4294967295 sess=0x7feab807da90
relay-1        | V0923 00:52:01.273897     8 MoQSession.cpp:2950] close sess=0x7feab807da90
relay-1        | V0923 00:52:01.273901     8 MoQSession.cpp:2628] requestCancellation from cleanup sess=0x7feab807da90
relay-1        | V0923 00:52:01.273907     8 MoQSession.cpp:2967] requestCancellation from close sess=0x7feab807da90
test-client-1  | [2m2026-09-23T00:52:01.273995Z[0m [33m WARN[0m [2mweb_transport_quinn::session[0m[2m:[0m failed to read capsule [3me[0m[2m=[0mUnexpectedEnd
test-client-1  | [2m2026-09-23T00:52:01.274045Z[0m [32m INFO[0m [2mmoq_native_ietf::quic[0m[2m:[0m UDP socket bound [3mbind[0m[2m=[0m[::]:0 [3mlocal[0m[2m=[0m[::]:35753 [3mdual_stack[0m[2m=[0mtrue
relay-1        | V0923 00:52:01.274065     8 MoQSession.cpp:3376] exit controlReadLoop sess=0x7feab807da90
relay-1        | V0923 00:52:01.274099     8 MoQSession.cpp:3376] exit controlReadLoop sess=0x7feab807da90
relay-1        | V0923 00:52:01.274159     8 MoQSession.cpp:2976] exit controlWriteLoop sess=0x7feab807da90
relay-1        | V0923 00:52:01.275964     8 MoQServer.cpp:325] MoQServer WebTransport: supported protocols: moqt-18, moqt-16, moqt-15, moq-00
relay-1        | V0923 00:52:01.275983     8 MoQServer.cpp:335] WebTransport: Negotiated protocol: moqt-18
relay-1        | V0923 00:52:01.276053     8 MoQSession.cpp:2674] start sess=0x7feab805f3d0
relay-1        | V0923 00:52:01.276069     8 MoQSession.cpp:3018] sendSetup sess=0x7feab805f3d0
relay-1        | V0923 00:52:01.276094     8 MoQSession.cpp:2974] controlWriteLoop sess=0x7feab805f3d0
relay-1        | V0923 00:52:01.276363     8 MoQSession.cpp:6839] onNewUniStream sess=0x7feab805f3d0
relay-1        | V0923 00:52:01.276390     8 MoQSession.cpp:3373] controlReadLoop sess=0x7feab805f3d0
relay-1        | V0923 00:52:01.276401     8 MoQSession.cpp:3162] onClientSetup sess=0x7feab805f3d0
relay-1        | V0923 00:52:01.276403     8 MoQServerBase.cpp:88] MoQServerBase::ClientSetup
relay-1        | V0923 00:52:01.276412     8 MoQServerBase.cpp:93] MoQServerBase::ClientSetup: Using ALPN-negotiated version: moqt-18
relay-1        | V0923 00:52:01.276417     8 MoQSession.cpp:3238] Negotiated Version=0xff000012 (draft-18)
relay-1        | V0923 00:52:01.276451     8 MoQSession.cpp:6869] onNewBidiStream sess=0x7feab805f3d0
relay-1        | V0923 00:52:01.276469     8 MoQSession.cpp:3373] controlReadLoop sess=0x7feab805f3d0
relay-1        | V0923 00:52:01.276481     8 MoQSession.cpp:4260] onSubscribeImpl ftn=moq-test-00/3/0/0/2/4/5/64/32/20/1/1/0/-1/-1/0/moq-test-60879d0c31ad241a sess=0x7feab805f3d0
relay-1        | V0923 00:52:01.284623     8 MoQSession.cpp:2566] ~MoQSession sess=0x7feab807da90
relay-1        | V0923 00:52:01.284654     8 MoQSession.cpp:2566] ~MoQSession sess=0x7feab8059cc0
test-client-1  | [2m2026-09-23T00:52:01.478318Z[0m [32m INFO[0m [2mmoq_native_ietf::quic[0m[2m:[0m UDP socket bound [3mbind[0m[2m=[0m[::]:0 [3mlocal[0m[2m=[0m[::]:56056 [3mdual_stack[0m[2m=[0mtrue
relay-1        | V0923 00:52:01.480769     8 MoQServer.cpp:325] MoQServer WebTransport: supported protocols: moqt-18, moqt-16, moqt-15, moq-00
relay-1        | V0923 00:52:01.480818     8 MoQServer.cpp:335] WebTransport: Negotiated protocol: moqt-18
relay-1        | V0923 00:52:01.480918     8 MoQSession.cpp:2674] start sess=0x7feab8037a20
relay-1        | V0923 00:52:01.480938     8 MoQSession.cpp:3018] sendSetup sess=0x7feab8037a20
relay-1        | V0923 00:52:01.481006     8 MoQSession.cpp:2974] controlWriteLoop sess=0x7feab8037a20
relay-1        | V0923 00:52:01.481071     8 MoQSession.cpp:6839] onNewUniStream sess=0x7feab8037a20
relay-1        | V0923 00:52:01.481102     8 MoQSession.cpp:3373] controlReadLoop sess=0x7feab8037a20
relay-1        | V0923 00:52:01.481107     8 MoQSession.cpp:3162] onClientSetup sess=0x7feab8037a20
relay-1        | V0923 00:52:01.481109     8 MoQServerBase.cpp:88] MoQServerBase::ClientSetup
relay-1        | V0923 00:52:01.481111     8 MoQServerBase.cpp:93] MoQServerBase::ClientSetup: Using ALPN-negotiated version: moqt-18
relay-1        | V0923 00:52:01.481114     8 MoQSession.cpp:3238] Negotiated Version=0xff000012 (draft-18)
relay-1        | V0923 00:52:01.481269     8 MoQSession.cpp:6869] onNewBidiStream sess=0x7feab8037a20
relay-1        | V0923 00:52:01.481327     8 MoQSession.cpp:3373] controlReadLoop sess=0x7feab8037a20
relay-1        | V0923 00:52:01.481346     8 MoQSession.cpp:4944] onPublishImpl reqID=0 sess=0x7feab8037a20
relay-1        | V0923 00:52:01.481367     8 MoQRelay.cpp:422] publish ftn=moq-test-00/3/0/0/2/4/5/64/32/20/1/1/0/-1/-1/0/moq-test-60879d0c31ad241a
relay-1        | E0923 00:52:01.481386     8 MoQRelay.cpp:82] prefix not found in tree
relay-1        | V0923 00:52:01.481422     8 MoQSession.cpp:6060] publishOk reqID=0 sess=0x7feab8037a20
relay-1        | V0923 00:52:01.481543     8 MoQLocation.h:24] m=AbsoluteStart g=0 o=0
relay-1        | V0923 00:52:01.481551     8 MoQLocation.h:59] g=0 o=0 g=4611686018427387903 o=4611686018427387903
relay-1        | I0923 00:52:01.481560     8 MoQRelay.cpp:1970] Updating forward for moq-test-00/3/0/0/2/4/5/64/32/20/1/1/0/-1/-1/0/moq-test-60879d0c31ad241a numForwardingSubs=1
relay-1        | V0923 00:52:01.481571     8 MoQSession.cpp:6242] sendSubscribeOk sess=0x7feab805f3d0
relay-1        | V0923 00:52:01.481617     8 MoQSession.cpp:6556] requestUpdate sess=0x7feab8037a20
test-client-1  | [2m2026-09-23T00:52:01.481732Z[0m [33m WARN[0m [2mmoq_transport::session[0m[2m:[0m unexpected bidi response message type [3mmsg_type[0m[2m=[0m2
test-client-1  | [2m2026-09-23T00:52:01.481748Z[0m [33m WARN[0m [2mmoq_transport::serve::error[0m[2m:[0m [fd265e7f-36af-4c5c-9128-fd5c9296c4f0] Not implemented: bidi response type 0x2 at moq-transport/src/session/error.rs:89
test-client-1  | [2m2026-09-23T00:52:01.481794Z[0m [32m INFO[0m [2mmoq_test_client::moqtest[0m[2m:[0m PUBLISH accepted and subscription bound; generating objects [3mobjects[0m[2m=[0m15 [3mstreams[0m[2m=[0m0
relay-1        | V0923 00:52:01.481858     8 MoQSession.cpp:3489] Failing pending request id=1 peer FINed without terminal reply sess=0x7feab8037a20
relay-1        | V0923 00:52:01.481873     8 MoQSession.cpp:3376] exit controlReadLoop sess=0x7feab8037a20
relay-1        | E0923 00:52:01.481883     8 MoQRelay.cpp:36] requestUpdate failed: peer FINed without terminal reply
relay-1        | V0923 00:52:01.503275     8 MoQSession.cpp:3376] exit controlReadLoop sess=0x7feab8037a20
test-client-1  | not ok 14 - moq-test-datagram
test-client-1  |   ---
test-client-1  |   duration_ms: 229
test-client-1  |   message: "failed to write datagram: cancelled"
test-client-1  |   ...
relay-1        | E20260923 00:52:01.503312     8 HQControlCodec.h:58] Unexpected control stream EOF
relay-1        | E20260923 00:52:01.503376     8 HQSession.cpp:3158] Got error on control stream error=HTTP: Critical stream was closed streamID=2 sess=proto=h3, UA=, client CID=05ef11dc07e9ac9b, server CID=4000000d9853e2a3, downstream=[::ffff:172.18.0.3]:56056, [::]:4443=local, drain=none
relay-1        | E0923 00:52:01.503444     8 MoQServer.h:192] proxygen::HTTPException: Got error=ApplicationError: 260, HTTP error on control stream
relay-1        | V0923 00:52:01.503453     8 MoQSession.cpp:7289] onSessionEnderr=4294967295 sess=0x7feab8037a20
relay-1        | V0923 00:52:01.503455     8 MoQSession.cpp:2950] close sess=0x7feab8037a20
relay-1        | V0923 00:52:01.503462     8 MoQSession.cpp:2183] subscribeError trackReceiveState=0x7feab808f4f0
relay-1        | V0923 00:52:01.503465     8 MoQSession.cpp:2212] processPublishDone trackReceiveState=0x7feab808f4f0
relay-1        | V0923 00:52:01.503470     8 MoQRelay.cpp:383] onPublishDoneImpl ftn=moq-test-00/3/0/0/2/4/5/64/32/20/1/1/0/-1/-1/0/moq-test-60879d0c31ad241a
relay-1        | V0923 00:52:01.503479     8 MoQRelay.cpp:303] Pruning empty subtree at: moq-test-00
relay-1        | V0923 00:52:01.503500     8 MoQForwarder.cpp:614] publishDone pubDone reason=closed locally
relay-1        | V0923 00:52:01.503509     8 MoQForwarder.cpp:310] drainSubscriber from publishDone session=0x7feab805f3d0
relay-1        | V0923 00:52:01.503519     8 MoQSession.cpp:6355] sendPublishDone sess=0x7feab805f3d0
relay-1        | V0923 00:52:01.503536     8 MoQSession.cpp:6526] publisherDrained id=0 sess=0x7feab805f3d0
relay-1        | V0923 00:52:01.503541     8 MoQForwarder.cpp:376] Resetting open subgroups for subscriber=0x7feab8070050
relay-1        | V0923 00:52:01.503544     8 MoQForwarder.cpp:395] subscribers_.size()=0
relay-1        | I0923 00:52:01.503551     8 MoQRelay.cpp:1933] Publisher terminated for moq-test-00/3/0/0/2/4/5/64/32/20/1/1/0/-1/-1/0/moq-test-60879d0c31ad241a
relay-1        | V0923 00:52:01.503560     8 MoQSession.cpp:2167] cancel alias=0 requestID=0
relay-1        | V0923 00:52:01.503564     8 MoQSession.cpp:2628] requestCancellation from cleanup sess=0x7feab8037a20
relay-1        | V0923 00:52:01.503578     8 MoQSession.cpp:2967] requestCancellation from close sess=0x7feab8037a20
relay-1        | V0923 00:52:01.503755     8 MoQSession.cpp:2976] exit controlWriteLoop sess=0x7feab8037a20
test-client-1  | [2m2026-09-23T00:52:01.503868Z[0m [33m WARN[0m [2mweb_transport_quinn::session[0m[2m:[0m failed to read capsule [3me[0m[2m=[0mUnexpectedEnd
relay-1        | E20260923 00:52:01.503901     8 HQControlCodec.h:58] Unexpected control stream EOF
relay-1        | E20260923 00:52:01.503928     8 HQSession.cpp:3158] Got error on control stream error=HTTP: Critical stream was closed streamID=2 sess=proto=h3, UA=, client CID=aa205b4990c53403, server CID=40000002e1c928e6, downstream=[::ffff:172.18.0.3]:35753, [::]:4443=local, drain=none
relay-1        | E0923 00:52:01.503971     8 MoQServer.h:192] proxygen::HTTPException: Got error=ApplicationError: 260, HTTP error on control stream
relay-1        | V0923 00:52:01.503987     8 MoQSession.cpp:7289] onSessionEnderr=4294967295 sess=0x7feab805f3d0
relay-1        | V0923 00:52:01.504001     8 MoQSession.cpp:2950] close sess=0x7feab805f3d0
relay-1        | V0923 00:52:01.504007     8 MoQSession.cpp:2628] requestCancellation from cleanup sess=0x7feab805f3d0
relay-1        | V0923 00:52:01.504015     8 MoQSession.cpp:2967] requestCancellation from close sess=0x7feab805f3d0
relay-1        | V0923 00:52:01.504089     8 MoQSession.cpp:3376] exit controlReadLoop sess=0x7feab805f3d0
relay-1        | V0923 00:52:01.504099     8 MoQSession.cpp:3376] exit controlReadLoop sess=0x7feab805f3d0
relay-1        | V0923 00:52:01.504116     8 MoQSession.cpp:2976] exit controlWriteLoop sess=0x7feab805f3d0
test-client-1  | [2m2026-09-23T00:52:01.503909Z[0m [32m INFO[0m [2mmoq_native_ietf::quic[0m[2m:[0m UDP socket bound [3mbind[0m[2m=[0m[::]:0 [3mlocal[0m[2m=[0m[::]:48007 [3mdual_stack[0m[2m=[0mtrue
test-client-1  | [2m2026-09-23T00:52:01.504155Z[0m [33m WARN[0m [2mweb_transport_quinn::session[0m[2m:[0m failed to read capsule [3me[0m[2m=[0mUnexpectedEnd
relay-1        | V0923 00:52:01.505695     8 MoQServer.cpp:325] MoQServer WebTransport: supported protocols: moqt-18, moqt-16, moqt-15, moq-00
relay-1        | V0923 00:52:01.505712     8 MoQServer.cpp:335] WebTransport: Negotiated protocol: moqt-18
relay-1        | V0923 00:52:01.505770     8 MoQSession.cpp:2674] start sess=0x7feab808f610
relay-1        | V0923 00:52:01.505820     8 MoQSession.cpp:3018] sendSetup sess=0x7feab808f610
relay-1        | V0923 00:52:01.505879     8 MoQSession.cpp:2974] controlWriteLoop sess=0x7feab808f610
relay-1        | V0923 00:52:01.506055     8 MoQSession.cpp:6839] onNewUniStream sess=0x7feab808f610
relay-1        | V0923 00:52:01.506079     8 MoQSession.cpp:3373] controlReadLoop sess=0x7feab808f610
relay-1        | V0923 00:52:01.506084     8 MoQSession.cpp:3162] onClientSetup sess=0x7feab808f610
relay-1        | V0923 00:52:01.506088     8 MoQServerBase.cpp:88] MoQServerBase::ClientSetup
relay-1        | V0923 00:52:01.506090     8 MoQServerBase.cpp:93] MoQServerBase::ClientSetup: Using ALPN-negotiated version: moqt-18
relay-1        | V0923 00:52:01.506094     8 MoQSession.cpp:3238] Negotiated Version=0xff000012 (draft-18)
relay-1        | V0923 00:52:01.506119     8 MoQSession.cpp:6869] onNewBidiStream sess=0x7feab808f610
relay-1        | V0923 00:52:01.506154     8 MoQSession.cpp:3373] controlReadLoop sess=0x7feab808f610
relay-1        | V0923 00:52:01.506170     8 MoQSession.cpp:4260] onSubscribeImpl ftn=moq-test-00/3/0/0/2/5/5/64/32/20/1/1/1/-1/-1/0/moq-test-d5f4a622dbfdb829 sess=0x7feab808f610
relay-1        | V0923 00:52:01.514304     8 MoQSession.cpp:2566] ~MoQSession sess=0x7feab805f3d0
relay-1        | V0923 00:52:01.514331     8 MoQSession.cpp:2566] ~MoQSession sess=0x7feab8037a20
test-client-1  | [2m2026-09-23T00:52:01.707084Z[0m [32m INFO[0m [2mmoq_native_ietf::quic[0m[2m:[0m UDP socket bound [3mbind[0m[2m=[0m[::]:0 [3mlocal[0m[2m=[0m[::]:45856 [3mdual_stack[0m[2m=[0mtrue
relay-1        | V0923 00:52:01.710453     8 MoQServer.cpp:325] MoQServer WebTransport: supported protocols: moqt-18, moqt-16, moqt-15, moq-00
relay-1        | V0923 00:52:01.710483     8 MoQServer.cpp:335] WebTransport: Negotiated protocol: moqt-18
relay-1        | V0923 00:52:01.710584     8 MoQSession.cpp:2674] start sess=0x7feab8059cc0
relay-1        | V0923 00:52:01.710605     8 MoQSession.cpp:3018] sendSetup sess=0x7feab8059cc0
relay-1        | V0923 00:52:01.710635     8 MoQSession.cpp:2974] controlWriteLoop sess=0x7feab8059cc0
relay-1        | V0923 00:52:01.710880     8 MoQSession.cpp:6839] onNewUniStream sess=0x7feab8059cc0
relay-1        | V0923 00:52:01.710935     8 MoQSession.cpp:3373] controlReadLoop sess=0x7feab8059cc0
relay-1        | V0923 00:52:01.710946     8 MoQSession.cpp:3162] onClientSetup sess=0x7feab8059cc0
relay-1        | V0923 00:52:01.710948     8 MoQServerBase.cpp:88] MoQServerBase::ClientSetup
relay-1        | V0923 00:52:01.710951     8 MoQServerBase.cpp:93] MoQServerBase::ClientSetup: Using ALPN-negotiated version: moqt-18
relay-1        | V0923 00:52:01.710955     8 MoQSession.cpp:3238] Negotiated Version=0xff000012 (draft-18)
relay-1        | V0923 00:52:01.710964     8 MoQSession.cpp:6869] onNewBidiStream sess=0x7feab8059cc0
relay-1        | V0923 00:52:01.710994     8 MoQSession.cpp:3373] controlReadLoop sess=0x7feab8059cc0
relay-1        | V0923 00:52:01.711016     8 MoQSession.cpp:4944] onPublishImpl reqID=0 sess=0x7feab8059cc0
relay-1        | V0923 00:52:01.711034     8 MoQRelay.cpp:422] publish ftn=moq-test-00/3/0/0/2/5/5/64/32/20/1/1/1/-1/-1/0/moq-test-d5f4a622dbfdb829
relay-1        | E0923 00:52:01.711049     8 MoQRelay.cpp:82] prefix not found in tree
relay-1        | V0923 00:52:01.711086     8 MoQSession.cpp:6060] publishOk reqID=0 sess=0x7feab8059cc0
relay-1        | V0923 00:52:01.711194     8 MoQLocation.h:24] m=AbsoluteStart g=0 o=0
relay-1        | V0923 00:52:01.711202     8 MoQLocation.h:59] g=0 o=0 g=4611686018427387903 o=4611686018427387903
relay-1        | I0923 00:52:01.711208     8 MoQRelay.cpp:1970] Updating forward for moq-test-00/3/0/0/2/5/5/64/32/20/1/1/1/-1/-1/0/moq-test-d5f4a622dbfdb829 numForwardingSubs=1
relay-1        | V0923 00:52:01.711219     8 MoQSession.cpp:6242] sendSubscribeOk sess=0x7feab808f610
relay-1        | V0923 00:52:01.711279     8 MoQSession.cpp:6556] requestUpdate sess=0x7feab8059cc0
test-client-1  | [2m2026-09-23T00:52:01.711357Z[0m [32m INFO[0m [2mmoq_test_client::moqtest[0m[2m:[0m PUBLISH accepted and subscription bound; generating objects [3mobjects[0m[2m=[0m15 [3mstreams[0m[2m=[0m0
relay-1        | V0923 00:52:01.711473     8 MoQSession.cpp:5098] PublishDone id=0 code=2 reason=publish ended
relay-1        | V0923 00:52:01.711485     8 MoQSession.cpp:2212] processPublishDone trackReceiveState=0x7feab8044640
relay-1        | V0923 00:52:01.711490     8 MoQRelay.cpp:383] onPublishDoneImpl ftn=moq-test-00/3/0/0/2/5/5/64/32/20/1/1/1/-1/-1/0/moq-test-d5f4a622dbfdb829
relay-1        | V0923 00:52:01.711498     8 MoQRelay.cpp:303] Pruning empty subtree at: moq-test-00
relay-1        | V0923 00:52:01.711504     8 MoQForwarder.cpp:614] publishDone pubDone reason=publish ended
relay-1        | V0923 00:52:01.711510     8 MoQForwarder.cpp:310] drainSubscriber from publishDone session=0x7feab808f610
relay-1        | V0923 00:52:01.711517     8 MoQSession.cpp:6355] sendPublishDone sess=0x7feab808f610
relay-1        | V0923 00:52:01.711529     8 MoQSession.cpp:6526] publisherDrained id=0 sess=0x7feab808f610
relay-1        | V0923 00:52:01.711537     8 MoQForwarder.cpp:376] Resetting open subgroups for subscriber=0x7feab8070050
relay-1        | V0923 00:52:01.711539     8 MoQForwarder.cpp:395] subscribers_.size()=0
relay-1        | I0923 00:52:01.711545     8 MoQRelay.cpp:1933] Publisher terminated for moq-test-00/3/0/0/2/5/5/64/32/20/1/1/1/-1/-1/0/moq-test-d5f4a622dbfdb829
relay-1        | V0923 00:52:01.711558     8 MoQSession.cpp:3489] Failing pending request id=1 peer FINed without terminal reply sess=0x7feab8059cc0
relay-1        | V0923 00:52:01.711565     8 MoQSession.cpp:3376] exit controlReadLoop sess=0x7feab8059cc0
relay-1        | E0923 00:52:01.711625     8 MoQRelay.cpp:36] requestUpdate failed: peer FINed without terminal reply
relay-1        | V0923 00:52:01.711849     8 MoQSession.cpp:3376] exit controlReadLoop sess=0x7feab808f610
relay-1        | V0923 00:52:01.711861     8 MoQSession.cpp:3376] exit controlReadLoop sess=0x7feab808f610
test-client-1  | not ok 15 - moq-test-datagram-eog
test-client-1  |   ---
test-client-1  |   duration_ms: 229
test-client-1  |   message: "failed to write datagram: cancelled"
test-client-1  |   ...
relay-1        | E20260923 00:52:01.733086     8 HQControlCodec.h:58] Unexpected control stream EOF
relay-1        | E20260923 00:52:01.733146     8 HQSession.cpp:3158] Got error on control stream error=HTTP: Critical stream was closed streamID=2 sess=proto=h3, UA=, client CID=f21f28342c922d2b, server CID=4000000e2ee2e67d, downstream=[::ffff:172.18.0.3]:45856, [::]:4443=local, drain=none
relay-1        | E20260923 00:52:01.733189     8 HQControlCodec.h:58] Unexpected control stream EOF
relay-1        | E20260923 00:52:01.733196     8 HQSession.cpp:3158] Got error on control stream error=HTTP: Critical stream was closed streamID=2 sess=proto=h3, UA=, client CID=4f16524525f98b75, server CID=40000005f85960aa, downstream=[::ffff:172.18.0.3]:48007, [::]:4443=local, drain=none
relay-1        | E0923 00:52:01.733232     8 MoQServer.h:192] proxygen::HTTPException: Got error=ApplicationError: 260, HTTP error on control stream
relay-1        | V0923 00:52:01.733241     8 MoQSession.cpp:7289] onSessionEnderr=4294967295 sess=0x7feab8059cc0
relay-1        | V0923 00:52:01.733243     8 MoQSession.cpp:2950] close sess=0x7feab8059cc0
relay-1        | V0923 00:52:01.733253     8 MoQSession.cpp:2628] requestCancellation from cleanup sess=0x7feab8059cc0
relay-1        | V0923 00:52:01.733273     8 MoQSession.cpp:2967] requestCancellation from close sess=0x7feab8059cc0
test-client-1  | [2m2026-09-23T00:52:01.733389Z[0m [33m WARN[0m [2mweb_transport_quinn::session[0m[2m:[0m failed to read capsule [3me[0m[2m=[0mUnexpectedEnd
relay-1        | E0923 00:52:01.733449     8 MoQServer.h:192] proxygen::HTTPException: Got error=ApplicationError: 260, HTTP error on control stream
relay-1        | V0923 00:52:01.733455     8 MoQSession.cpp:7289] onSessionEnderr=4294967295 sess=0x7feab808f610
relay-1        | V0923 00:52:01.733456     8 MoQSession.cpp:2950] close sess=0x7feab808f610
relay-1        | V0923 00:52:01.733459     8 MoQSession.cpp:2628] requestCancellation from cleanup sess=0x7feab808f610
relay-1        | V0923 00:52:01.733465     8 MoQSession.cpp:2967] requestCancellation from close sess=0x7feab808f610
test-client-1  | [2m2026-09-23T00:52:01.733512Z[0m [33m WARN[0m [2mweb_transport_quinn::session[0m[2m:[0m failed to read capsule [3me[0m[2m=[0mUnexpectedEnd
test-client-1  | [2m2026-09-23T00:52:01.733570Z[0m [32m INFO[0m [2mmoq_native_ietf::quic[0m[2m:[0m UDP socket bound [3mbind[0m[2m=[0m[::]:0 [3mlocal[0m[2m=[0m[::]:51200 [3mdual_stack[0m[2m=[0mtrue
relay-1        | V0923 00:52:01.733566     8 MoQSession.cpp:3376] exit controlReadLoop sess=0x7feab8059cc0
relay-1        | V0923 00:52:01.733599     8 MoQSession.cpp:2976] exit controlWriteLoop sess=0x7feab8059cc0
relay-1        | V0923 00:52:01.733611     8 MoQSession.cpp:2566] ~MoQSession sess=0x7feab8059cc0
relay-1        | V0923 00:52:01.733625     8 MoQSession.cpp:2976] exit controlWriteLoop sess=0x7feab808f610
relay-1        | V0923 00:52:01.735411     8 MoQServer.cpp:325] MoQServer WebTransport: supported protocols: moqt-18, moqt-16, moqt-15, moq-00
relay-1        | V0923 00:52:01.735430     8 MoQServer.cpp:335] WebTransport: Negotiated protocol: moqt-18
relay-1        | V0923 00:52:01.735494     8 MoQSession.cpp:2674] start sess=0x7feab8059cc0
relay-1        | V0923 00:52:01.735509     8 MoQSession.cpp:3018] sendSetup sess=0x7feab8059cc0
relay-1        | V0923 00:52:01.735564     8 MoQSession.cpp:2974] controlWriteLoop sess=0x7feab8059cc0
relay-1        | V0923 00:52:01.735690     8 MoQSession.cpp:6839] onNewUniStream sess=0x7feab8059cc0
relay-1        | V0923 00:52:01.735719     8 MoQSession.cpp:3373] controlReadLoop sess=0x7feab8059cc0
relay-1        | V0923 00:52:01.735725     8 MoQSession.cpp:3162] onClientSetup sess=0x7feab8059cc0
relay-1        | V0923 00:52:01.735727     8 MoQServerBase.cpp:88] MoQServerBase::ClientSetup
relay-1        | V0923 00:52:01.735731     8 MoQServerBase.cpp:93] MoQServerBase::ClientSetup: Using ALPN-negotiated version: moqt-18
relay-1        | V0923 00:52:01.735735     8 MoQSession.cpp:3238] Negotiated Version=0xff000012 (draft-18)
relay-1        | V0923 00:52:01.735863     8 MoQSession.cpp:6869] onNewBidiStream sess=0x7feab8059cc0
relay-1        | V0923 00:52:01.735895     8 MoQSession.cpp:3373] controlReadLoop sess=0x7feab8059cc0
relay-1        | V0923 00:52:01.735909     8 MoQSession.cpp:4260] onSubscribeImpl ftn=moq-test-00/0/0/0/2/5/5/64/32/2/1/1/1/1/2/0/moq-test-a4052e447c0e2c6b sess=0x7feab8059cc0
relay-1        | V0923 00:52:01.745056     8 MoQSession.cpp:2566] ~MoQSession sess=0x7feab808f610
test-client-1  | [2m2026-09-23T00:52:01.937913Z[0m [32m INFO[0m [2mmoq_native_ietf::quic[0m[2m:[0m UDP socket bound [3mbind[0m[2m=[0m[::]:0 [3mlocal[0m[2m=[0m[::]:38263 [3mdual_stack[0m[2m=[0mtrue
relay-1        | V0923 00:52:01.940851     8 MoQServer.cpp:325] MoQServer WebTransport: supported protocols: moqt-18, moqt-16, moqt-15, moq-00
relay-1        | V0923 00:52:01.940884     8 MoQServer.cpp:335] WebTransport: Negotiated protocol: moqt-18
relay-1        | V0923 00:52:01.940991     8 MoQSession.cpp:2674] start sess=0x7feab804f2a0
relay-1        | V0923 00:52:01.941060     8 MoQSession.cpp:3018] sendSetup sess=0x7feab804f2a0
relay-1        | V0923 00:52:01.941147     8 MoQSession.cpp:2974] controlWriteLoop sess=0x7feab804f2a0
relay-1        | V0923 00:52:01.941162     8 MoQSession.cpp:6839] onNewUniStream sess=0x7feab804f2a0
relay-1        | V0923 00:52:01.941201     8 MoQSession.cpp:3373] controlReadLoop sess=0x7feab804f2a0
relay-1        | V0923 00:52:01.941212     8 MoQSession.cpp:3162] onClientSetup sess=0x7feab804f2a0
relay-1        | V0923 00:52:01.941215     8 MoQServerBase.cpp:88] MoQServerBase::ClientSetup
relay-1        | V0923 00:52:01.941217     8 MoQServerBase.cpp:93] MoQServerBase::ClientSetup: Using ALPN-negotiated version: moqt-18
relay-1        | V0923 00:52:01.941221     8 MoQSession.cpp:3238] Negotiated Version=0xff000012 (draft-18)
relay-1        | V0923 00:52:01.941380     8 MoQSession.cpp:6869] onNewBidiStream sess=0x7feab804f2a0
relay-1        | V0923 00:52:01.941406     8 MoQSession.cpp:3373] controlReadLoop sess=0x7feab804f2a0
relay-1        | V0923 00:52:01.941422     8 MoQSession.cpp:4944] onPublishImpl reqID=0 sess=0x7feab804f2a0
relay-1        | V0923 00:52:01.941437     8 MoQRelay.cpp:422] publish ftn=moq-test-00/0/0/0/2/5/5/64/32/2/1/1/1/1/2/0/moq-test-a4052e447c0e2c6b
relay-1        | E0923 00:52:01.941449     8 MoQRelay.cpp:82] prefix not found in tree
relay-1        | V0923 00:52:01.941480     8 MoQSession.cpp:6060] publishOk reqID=0 sess=0x7feab804f2a0
relay-1        | V0923 00:52:01.941556     8 MoQLocation.h:24] m=AbsoluteStart g=0 o=0
relay-1        | V0923 00:52:01.941562     8 MoQLocation.h:59] g=0 o=0 g=4611686018427387903 o=4611686018427387903
relay-1        | I0923 00:52:01.941571     8 MoQRelay.cpp:1970] Updating forward for moq-test-00/0/0/0/2/5/5/64/32/2/1/1/1/1/2/0/moq-test-a4052e447c0e2c6b numForwardingSubs=1
relay-1        | V0923 00:52:01.941581     8 MoQSession.cpp:6242] sendSubscribeOk sess=0x7feab8059cc0
relay-1        | V0923 00:52:01.941625     8 MoQSession.cpp:6556] requestUpdate sess=0x7feab804f2a0
test-client-1  | [2m2026-09-23T00:52:01.941713Z[0m [32m INFO[0m [2mmoq_test_client::moqtest[0m[2m:[0m PUBLISH accepted and subscription bound; generating objects [3mobjects[0m[2m=[0m15 [3mstreams[0m[2m=[0m3
test-client-1  | [2m2026-09-23T00:52:01.941762Z[0m [33m WARN[0m [2mmoq_transport::session[0m[2m:[0m unexpected bidi response message type [3mmsg_type[0m[2m=[0m2
test-client-1  | [2m2026-09-23T00:52:01.941769Z[0m [33m WARN[0m [2mmoq_transport::serve::error[0m[2m:[0m [93d3105b-cfa5-4a7c-9608-553729289323] Not implemented: bidi response type 0x2 at moq-transport/src/session/error.rs:89
relay-1        | V0923 00:52:01.941890     8 MoQSession.cpp:3489] Failing pending request id=1 peer FINed without terminal reply sess=0x7feab804f2a0
relay-1        | V0923 00:52:01.941906     8 MoQSession.cpp:3376] exit controlReadLoop sess=0x7feab804f2a0
relay-1        | E0923 00:52:01.941915     8 MoQRelay.cpp:36] requestUpdate failed: peer FINed without terminal reply
test-client-1  | not ok 16 - moq-test-extensions
test-client-1  |   ---
test-client-1  |   duration_ms: 226
test-client-1  |   message: "failed to create subgroup: cancelled"
test-client-1  |   ...
relay-1        | E20260923 00:52:01.959349     8 HQControlCodec.h:58] Unexpected control stream EOF
test-client-1  | [2m2026-09-23T00:52:01.959714Z[0m [33m WARN[0m [2mweb_transport_quinn::session[0m[2m:[0m failed to read capsule [3me[0m[2m=[0mUnexpectedEnd
test-client-1  | [2m2026-09-23T00:52:01.959749Z[0m [33m WARN[0m [2mweb_transport_quinn::session[0m[2m:[0m failed to read capsule [3me[0m[2m=[0mUnexpectedEnd
relay-1        | E20260923 00:52:01.959432     8 HQSession.cpp:3158] Got error on control stream error=HTTP: Critical stream was closed streamID=2 sess=proto=h3, UA=, client CID=3ba804f55f1ac990, server CID=400000132f762dd2, downstream=[::ffff:172.18.0.3]:38263, [::]:4443=local, drain=none
relay-1        | E20260923 00:52:01.959471     8 HQControlCodec.h:58] Unexpected control stream EOF
relay-1        | E20260923 00:52:01.959476     8 HQSession.cpp:3158] Got error on control stream error=HTTP: Critical stream was closed streamID=2 sess=proto=h3, UA=, client CID=188f724e8832d581, server CID=40000003abd992e8, downstream=[::ffff:172.18.0.3]:51200, [::]:4443=local, drain=none
relay-1        | E0923 00:52:01.959515     8 MoQServer.h:192] proxygen::HTTPException: Got error=ApplicationError: 260, HTTP error on control stream
relay-1        | V0923 00:52:01.959524     8 MoQSession.cpp:7289] onSessionEnderr=4294967295 sess=0x7feab804f2a0
relay-1        | V0923 00:52:01.959527     8 MoQSession.cpp:2950] close sess=0x7feab804f2a0
relay-1        | V0923 00:52:01.959535     8 MoQSession.cpp:2183] subscribeError trackReceiveState=0x7feab808f4f0
relay-1        | V0923 00:52:01.959537     8 MoQSession.cpp:2212] processPublishDone trackReceiveState=0x7feab808f4f0
relay-1        | V0923 00:52:01.959542     8 MoQRelay.cpp:383] onPublishDoneImpl ftn=moq-test-00/0/0/0/2/5/5/64/32/2/1/1/1/1/2/0/moq-test-a4052e447c0e2c6b
relay-1        | V0923 00:52:01.959548     8 MoQRelay.cpp:303] Pruning empty subtree at: moq-test-00
relay-1        | V0923 00:52:01.959556     8 MoQForwarder.cpp:614] publishDone pubDone reason=closed locally
relay-1        | V0923 00:52:01.959559     8 MoQForwarder.cpp:310] drainSubscriber from publishDone session=0x7feab8059cc0
relay-1        | V0923 00:52:01.959562     8 MoQSession.cpp:6355] sendPublishDone sess=0x7feab8059cc0
relay-1        | V0923 00:52:01.959574     8 MoQSession.cpp:6526] publisherDrained id=0 sess=0x7feab8059cc0
relay-1        | V0923 00:52:01.959577     8 MoQForwarder.cpp:376] Resetting open subgroups for subscriber=0x7feab8036700
relay-1        | V0923 00:52:01.959579     8 MoQForwarder.cpp:395] subscribers_.size()=0
relay-1        | I0923 00:52:01.959584     8 MoQRelay.cpp:1933] Publisher terminated for moq-test-00/0/0/0/2/5/5/64/32/2/1/1/1/1/2/0/moq-test-a4052e447c0e2c6b
relay-1        | V0923 00:52:01.959590     8 MoQSession.cpp:2167] cancel alias=0 requestID=0
relay-1        | V0923 00:52:01.959594     8 MoQSession.cpp:2628] requestCancellation from cleanup sess=0x7feab804f2a0
relay-1        | V0923 00:52:01.959606     8 MoQSession.cpp:2967] requestCancellation from close sess=0x7feab804f2a0
relay-1        | E0923 00:52:01.959698     8 MoQServer.h:192] proxygen::HTTPException: Got error=ApplicationError: 260, HTTP error on control stream
relay-1        | V0923 00:52:01.959700     8 MoQSession.cpp:7289] onSessionEnderr=4294967295 sess=0x7feab8059cc0
relay-1        | V0923 00:52:01.959701     8 MoQSession.cpp:2950] close sess=0x7feab8059cc0
relay-1        | V0923 00:52:01.959704     8 MoQSession.cpp:2628] requestCancellation from cleanup sess=0x7feab8059cc0
relay-1        | V0923 00:52:01.959708     8 MoQSession.cpp:2967] requestCancellation from close sess=0x7feab8059cc0
relay-1        | V0923 00:52:01.959757     8 MoQSession.cpp:3376] exit controlReadLoop sess=0x7feab804f2a0
relay-1        | V0923 00:52:01.959762     8 MoQSession.cpp:3376] exit controlReadLoop sess=0x7feab8059cc0
relay-1        | V0923 00:52:01.959766     8 MoQSession.cpp:3376] exit controlReadLoop sess=0x7feab8059cc0
relay-1        | V0923 00:52:01.959813     8 MoQSession.cpp:2976] exit controlWriteLoop sess=0x7feab804f2a0
relay-1        | V0923 00:52:01.959819     8 MoQSession.cpp:2566] ~MoQSession sess=0x7feab804f2a0
relay-1        | V0923 00:52:01.959829     8 MoQSession.cpp:2976] exit controlWriteLoop sess=0x7feab8059cc0
test-client-1  | [2m2026-09-23T00:52:01.959852Z[0m [32m INFO[0m [2mmoq_native_ietf::quic[0m[2m:[0m UDP socket bound [3mbind[0m[2m=[0m[::]:0 [3mlocal[0m[2m=[0m[::]:34611 [3mdual_stack[0m[2m=[0mtrue
relay-1        | V0923 00:52:01.961635     8 MoQServer.cpp:325] MoQServer WebTransport: supported protocols: moqt-18, moqt-16, moqt-15, moq-00
relay-1        | V0923 00:52:01.961654     8 MoQServer.cpp:335] WebTransport: Negotiated protocol: moqt-18
relay-1        | V0923 00:52:01.961714     8 MoQSession.cpp:2674] start sess=0x7feab8073810
relay-1        | V0923 00:52:01.961751     8 MoQSession.cpp:3018] sendSetup sess=0x7feab8073810
relay-1        | V0923 00:52:01.961841     8 MoQSession.cpp:2974] controlWriteLoop sess=0x7feab8073810
relay-1        | V0923 00:52:01.961860     8 MoQSession.cpp:6839] onNewUniStream sess=0x7feab8073810
relay-1        | V0923 00:52:01.961985     8 MoQSession.cpp:3373] controlReadLoop sess=0x7feab8073810
relay-1        | V0923 00:52:01.961997     8 MoQSession.cpp:3162] onClientSetup sess=0x7feab8073810
relay-1        | V0923 00:52:01.962000     8 MoQServerBase.cpp:88] MoQServerBase::ClientSetup
relay-1        | V0923 00:52:01.962002     8 MoQServerBase.cpp:93] MoQServerBase::ClientSetup: Using ALPN-negotiated version: moqt-18
relay-1        | V0923 00:52:01.962005     8 MoQSession.cpp:3238] Negotiated Version=0xff000012 (draft-18)
relay-1        | V0923 00:52:01.962122     8 MoQSession.cpp:6869] onNewBidiStream sess=0x7feab8073810
relay-1        | V0923 00:52:01.962142     8 MoQSession.cpp:3373] controlReadLoop sess=0x7feab8073810
relay-1        | V0923 00:52:01.962154     8 MoQSession.cpp:4260] onSubscribeImpl ftn=moq-test-00/0/10/3/24/7/3/40/24/2/7/2/0/-1/-1/0/moq-test-d03d0cd27f7aca08 sess=0x7feab8073810
relay-1        | V0923 00:52:01.969306     8 MoQSession.cpp:2566] ~MoQSession sess=0x7feab8059cc0
test-client-1  | [2m2026-09-23T00:52:02.162870Z[0m [32m INFO[0m [2mmoq_native_ietf::quic[0m[2m:[0m UDP socket bound [3mbind[0m[2m=[0m[::]:0 [3mlocal[0m[2m=[0m[::]:32936 [3mdual_stack[0m[2m=[0mtrue
relay-1        | V0923 00:52:02.165245     8 MoQServer.cpp:325] MoQServer WebTransport: supported protocols: moqt-18, moqt-16, moqt-15, moq-00
relay-1        | V0923 00:52:02.165274     8 MoQServer.cpp:335] WebTransport: Negotiated protocol: moqt-18
relay-1        | V0923 00:52:02.165361     8 MoQSession.cpp:2674] start sess=0x7feab8037980
relay-1        | V0923 00:52:02.165382     8 MoQSession.cpp:3018] sendSetup sess=0x7feab8037980
relay-1        | V0923 00:52:02.165409     8 MoQSession.cpp:2974] controlWriteLoop sess=0x7feab8037980
relay-1        | V0923 00:52:02.165754     8 MoQSession.cpp:6839] onNewUniStream sess=0x7feab8037980
relay-1        | V0923 00:52:02.165804     8 MoQSession.cpp:3373] controlReadLoop sess=0x7feab8037980
relay-1        | V0923 00:52:02.165818     8 MoQSession.cpp:3162] onClientSetup sess=0x7feab8037980
relay-1        | V0923 00:52:02.165821     8 MoQServerBase.cpp:88] MoQServerBase::ClientSetup
relay-1        | V0923 00:52:02.165824     8 MoQServerBase.cpp:93] MoQServerBase::ClientSetup: Using ALPN-negotiated version: moqt-18
relay-1        | V0923 00:52:02.165828     8 MoQSession.cpp:3238] Negotiated Version=0xff000012 (draft-18)
relay-1        | V0923 00:52:02.165847     8 MoQSession.cpp:6869] onNewBidiStream sess=0x7feab8037980
relay-1        | V0923 00:52:02.165867     8 MoQSession.cpp:3373] controlReadLoop sess=0x7feab8037980
relay-1        | V0923 00:52:02.165879     8 MoQSession.cpp:4944] onPublishImpl reqID=0 sess=0x7feab8037980
relay-1        | V0923 00:52:02.165890     8 MoQRelay.cpp:422] publish ftn=moq-test-00/0/10/3/24/7/3/40/24/2/7/2/0/-1/-1/0/moq-test-d03d0cd27f7aca08
relay-1        | E0923 00:52:02.165899     8 MoQRelay.cpp:82] prefix not found in tree
relay-1        | V0923 00:52:02.165926     8 MoQSession.cpp:6060] publishOk reqID=0 sess=0x7feab8037980
relay-1        | V0923 00:52:02.166020     8 MoQLocation.h:24] m=AbsoluteStart g=0 o=0
relay-1        | V0923 00:52:02.166026     8 MoQLocation.h:59] g=0 o=0 g=4611686018427387903 o=4611686018427387903
relay-1        | I0923 00:52:02.166032     8 MoQRelay.cpp:1970] Updating forward for moq-test-00/0/10/3/24/7/3/40/24/2/7/2/0/-1/-1/0/moq-test-d03d0cd27f7aca08 numForwardingSubs=1
relay-1        | V0923 00:52:02.166045     8 MoQSession.cpp:6242] sendSubscribeOk sess=0x7feab8073810
relay-1        | V0923 00:52:02.166118     8 MoQSession.cpp:6556] requestUpdate sess=0x7feab8037980
test-client-1  | [2m2026-09-23T00:52:02.166247Z[0m [33m WARN[0m [2mmoq_transport::session[0m[2m:[0m unexpected bidi response message type [3mmsg_type[0m[2m=[0m2
test-client-1  | [2m2026-09-23T00:52:02.166262Z[0m [33m WARN[0m [2mmoq_transport::serve::error[0m[2m:[0m [bf82760c-2178-4cb1-ae9b-e52f03802e8f] Not implemented: bidi response type 0x2 at moq-transport/src/session/error.rs:89
test-client-1  | [2m2026-09-23T00:52:02.166301Z[0m [32m INFO[0m [2mmoq_test_client::moqtest[0m[2m:[0m PUBLISH accepted and subscription bound; generating objects [3mobjects[0m[2m=[0m9 [3mstreams[0m[2m=[0m3
relay-1        | V0923 00:52:02.166407     8 MoQSession.cpp:3489] Failing pending request id=1 peer FINed without terminal reply sess=0x7feab8037980
relay-1        | V0923 00:52:02.166421     8 MoQSession.cpp:3376] exit controlReadLoop sess=0x7feab8037980
relay-1        | E0923 00:52:02.166429     8 MoQRelay.cpp:36] requestUpdate failed: peer FINed without terminal reply
test-client-1  | not ok 17 - moq-test-increments
test-client-1  |   ---
test-client-1  |   duration_ms: 216
test-client-1  |   message: "failed to create subgroup: cancelled"
test-client-1  |   ...
relay-1        | E20260923 00:52:02.176025     8 HQControlCodec.h:58] Unexpected control stream EOF
relay-1        | E20260923 00:52:02.176082     8 HQSession.cpp:3158] Got error on control stream error=HTTP: Critical stream was closed streamID=2 sess=proto=h3, UA=, client CID=625899683f1ced31, server CID=4000000402832f91, downstream=[::ffff:172.18.0.3]:32936, [::]:4443=local, drain=none
relay-1        | E20260923 00:52:02.176127     8 HQControlCodec.h:58] Unexpected control stream EOF
relay-1        | E20260923 00:52:02.176163     8 HQSession.cpp:3158] Got error on control stream error=HTTP: Critical stream was closed streamID=2 sess=proto=h3, UA=, client CID=929919306f6c795f, server CID=4000000bb25b26b7, downstream=[::ffff:172.18.0.3]:34611, [::]:4443=local, drain=none
relay-1        | E0923 00:52:02.176213     8 MoQServer.h:192] proxygen::HTTPException: Got error=ApplicationError: 260, HTTP error on control stream
relay-1        | V0923 00:52:02.176225     8 MoQSession.cpp:7289] onSessionEnderr=4294967295 sess=0x7feab8037980
relay-1        | V0923 00:52:02.176228     8 MoQSession.cpp:2950] close sess=0x7feab8037980
relay-1        | V0923 00:52:02.176234     8 MoQSession.cpp:2183] subscribeError trackReceiveState=0x7feab8063230
relay-1        | V0923 00:52:02.176237     8 MoQSession.cpp:2212] processPublishDone trackReceiveState=0x7feab8063230
relay-1        | V0923 00:52:02.176241     8 MoQRelay.cpp:383] onPublishDoneImpl ftn=moq-test-00/0/10/3/24/7/3/40/24/2/7/2/0/-1/-1/0/moq-test-d03d0cd27f7aca08
relay-1        | V0923 00:52:02.176249     8 MoQRelay.cpp:303] Pruning empty subtree at: moq-test-00
relay-1        | V0923 00:52:02.176257     8 MoQForwarder.cpp:614] publishDone pubDone reason=closed locally
relay-1        | V0923 00:52:02.176260     8 MoQForwarder.cpp:310] drainSubscriber from publishDone session=0x7feab8073810
relay-1        | V0923 00:52:02.176264     8 MoQSession.cpp:6355] sendPublishDone sess=0x7feab8073810
relay-1        | V0923 00:52:02.176274     8 MoQSession.cpp:6526] publisherDrained id=0 sess=0x7feab8073810
relay-1        | V0923 00:52:02.176289     8 MoQForwarder.cpp:376] Resetting open subgroups for subscriber=0x7feab8036700
relay-1        | V0923 00:52:02.176295     8 MoQForwarder.cpp:395] subscribers_.size()=0
relay-1        | I0923 00:52:02.176302     8 MoQRelay.cpp:1933] Publisher terminated for moq-test-00/0/10/3/24/7/3/40/24/2/7/2/0/-1/-1/0/moq-test-d03d0cd27f7aca08
relay-1        | V0923 00:52:02.176308     8 MoQSession.cpp:2167] cancel alias=0 requestID=0
relay-1        | V0923 00:52:02.176312     8 MoQSession.cpp:2628] requestCancellation from cleanup sess=0x7feab8037980
relay-1        | V0923 00:52:02.176325     8 MoQSession.cpp:2967] requestCancellation from close sess=0x7feab8037980
test-client-1  | [2m2026-09-23T00:52:02.176464Z[0m [33m WARN[0m [2mweb_transport_quinn::session[0m[2m:[0m failed to read capsule [3me[0m[2m=[0mUnexpectedEnd
test-client-1  | [2m2026-09-23T00:52:02.176547Z[0m [32m INFO[0m [2mmoq_native_ietf::quic[0m[2m:[0m UDP socket bound [3mbind[0m[2m=[0m[::]:0 [3mlocal[0m[2m=[0m[::]:37045 [3mdual_stack[0m[2m=[0mtrue
test-client-1  | [2m2026-09-23T00:52:02.176633Z[0m [33m WARN[0m [2mweb_transport_quinn::session[0m[2m:[0m failed to read capsule [3me[0m[2m=[0mUnexpectedEnd
relay-1        | E0923 00:52:02.176523     8 MoQServer.h:192] proxygen::HTTPException: Got error=ApplicationError: 260, HTTP error on control stream
relay-1        | V0923 00:52:02.176528     8 MoQSession.cpp:7289] onSessionEnderr=4294967295 sess=0x7feab8073810
relay-1        | V0923 00:52:02.176529     8 MoQSession.cpp:2950] close sess=0x7feab8073810
relay-1        | V0923 00:52:02.176532     8 MoQSession.cpp:2628] requestCancellation from cleanup sess=0x7feab8073810
relay-1        | V0923 00:52:02.176538     8 MoQSession.cpp:2967] requestCancellation from close sess=0x7feab8073810
relay-1        | V0923 00:52:02.176611     8 MoQSession.cpp:3376] exit controlReadLoop sess=0x7feab8037980
relay-1        | V0923 00:52:02.176623     8 MoQSession.cpp:3376] exit controlReadLoop sess=0x7feab8073810
relay-1        | V0923 00:52:02.176636     8 MoQSession.cpp:3376] exit controlReadLoop sess=0x7feab8073810
relay-1        | V0923 00:52:02.176682     8 MoQSession.cpp:2976] exit controlWriteLoop sess=0x7feab8037980
relay-1        | V0923 00:52:02.176694     8 MoQSession.cpp:2566] ~MoQSession sess=0x7feab8037980
relay-1        | V0923 00:52:02.176710     8 MoQSession.cpp:2976] exit controlWriteLoop sess=0x7feab8073810
relay-1        | V0923 00:52:02.178197     8 MoQServer.cpp:325] MoQServer WebTransport: supported protocols: moqt-18, moqt-16, moqt-15, moq-00
relay-1        | V0923 00:52:02.178212     8 MoQServer.cpp:335] WebTransport: Negotiated protocol: moqt-18
relay-1        | V0923 00:52:02.178263     8 MoQSession.cpp:2674] start sess=0x7feab805f490
relay-1        | V0923 00:52:02.178298     8 MoQSession.cpp:3018] sendSetup sess=0x7feab805f490
relay-1        | V0923 00:52:02.178358     8 MoQSession.cpp:2974] controlWriteLoop sess=0x7feab805f490
relay-1        | V0923 00:52:02.178557     8 MoQSession.cpp:6839] onNewUniStream sess=0x7feab805f490
relay-1        | V0923 00:52:02.178579     8 MoQSession.cpp:3373] controlReadLoop sess=0x7feab805f490
relay-1        | V0923 00:52:02.178583     8 MoQSession.cpp:3162] onClientSetup sess=0x7feab805f490
relay-1        | V0923 00:52:02.178588     8 MoQServerBase.cpp:88] MoQServerBase::ClientSetup
relay-1        | V0923 00:52:02.178590     8 MoQServerBase.cpp:93] MoQServerBase::ClientSetup: Using ALPN-negotiated version: moqt-18
relay-1        | V0923 00:52:02.178594     8 MoQSession.cpp:3238] Negotiated Version=0xff000012 (draft-18)
relay-1        | V0923 00:52:02.178658     8 MoQSession.cpp:6869] onNewBidiStream sess=0x7feab805f490
relay-1        | V0923 00:52:02.178707     8 MoQSession.cpp:3373] controlReadLoop sess=0x7feab805f490
relay-1        | V0923 00:52:02.178738     8 MoQSession.cpp:4260] onSubscribeImpl ftn=moq-test-00/0/0/0/1/2/3/64/32/2/1/1/0/-1/-1/0/moq-test-073fff708b67a19a sess=0x7feab805f490
relay-1        | V0923 00:52:02.184893     8 MoQSession.cpp:2566] ~MoQSession sess=0x7feab8073810
test-client-1  | [2m2026-09-23T00:52:02.380623Z[0m [32m INFO[0m [2mmoq_native_ietf::quic[0m[2m:[0m UDP socket bound [3mbind[0m[2m=[0m[::]:0 [3mlocal[0m[2m=[0m[::]:36621 [3mdual_stack[0m[2m=[0mtrue
relay-1        | V0923 00:52:02.383514     8 MoQServer.cpp:325] MoQServer WebTransport: supported protocols: moqt-18, moqt-16, moqt-15, moq-00
relay-1        | V0923 00:52:02.383546     8 MoQServer.cpp:335] WebTransport: Negotiated protocol: moqt-18
relay-1        | V0923 00:52:02.383632     8 MoQSession.cpp:2674] start sess=0x7feab805e060
relay-1        | V0923 00:52:02.383654     8 MoQSession.cpp:3018] sendSetup sess=0x7feab805e060
relay-1        | V0923 00:52:02.383689     8 MoQSession.cpp:2974] controlWriteLoop sess=0x7feab805e060
relay-1        | V0923 00:52:02.383947     8 MoQSession.cpp:6839] onNewUniStream sess=0x7feab805e060
relay-1        | V0923 00:52:02.383990     8 MoQSession.cpp:3373] controlReadLoop sess=0x7feab805e060
relay-1        | V0923 00:52:02.384004     8 MoQSession.cpp:3162] onClientSetup sess=0x7feab805e060
relay-1        | V0923 00:52:02.384008     8 MoQServerBase.cpp:88] MoQServerBase::ClientSetup
relay-1        | V0923 00:52:02.384010     8 MoQServerBase.cpp:93] MoQServerBase::ClientSetup: Using ALPN-negotiated version: moqt-18
relay-1        | V0923 00:52:02.384014     8 MoQSession.cpp:3238] Negotiated Version=0xff000012 (draft-18)
relay-1        | V0923 00:52:02.384118     8 MoQSession.cpp:6869] onNewBidiStream sess=0x7feab805e060
relay-1        | V0923 00:52:02.384213     8 MoQSession.cpp:3373] controlReadLoop sess=0x7feab805e060
relay-1        | V0923 00:52:02.384241     8 MoQSession.cpp:4944] onPublishImpl reqID=0 sess=0x7feab805e060
relay-1        | V0923 00:52:02.384257     8 MoQRelay.cpp:422] publish ftn=moq-test-00/0/0/0/1/2/3/64/32/2/1/1/0/-1/-1/0/moq-test-073fff708b67a19a
relay-1        | E0923 00:52:02.384266     8 MoQRelay.cpp:82] prefix not found in tree
relay-1        | V0923 00:52:02.384290     8 MoQSession.cpp:6060] publishOk reqID=0 sess=0x7feab805e060
relay-1        | V0923 00:52:02.384366     8 MoQLocation.h:24] m=AbsoluteStart g=0 o=0
relay-1        | V0923 00:52:02.384369     8 MoQLocation.h:59] g=0 o=0 g=4611686018427387903 o=4611686018427387903
relay-1        | V0923 00:52:02.384379     8 MoQSession.cpp:6242] sendSubscribeOk sess=0x7feab805f490
test-client-1  | [2m2026-09-23T00:52:02.384507Z[0m [32m INFO[0m [2mmoq_test_client::moqtest[0m[2m:[0m PUBLISH accepted and subscription bound; generating objects [3mobjects[0m[2m=[0m6 [3mstreams[0m[2m=[0m2
relay-1        | V0923 00:52:02.384652     8 MoQSession.cpp:5098] PublishDone id=0 code=2 reason=publish ended
relay-1        | V0923 00:52:02.384661     8 MoQSession.cpp:2212] processPublishDone trackReceiveState=0x7feab800a040
relay-1        | V0923 00:52:02.384664     8 MoQRelay.cpp:383] onPublishDoneImpl ftn=moq-test-00/0/0/0/1/2/3/64/32/2/1/1/0/-1/-1/0/moq-test-073fff708b67a19a
relay-1        | V0923 00:52:02.384669     8 MoQRelay.cpp:303] Pruning empty subtree at: moq-test-00
relay-1        | V0923 00:52:02.384674     8 MoQForwarder.cpp:614] publishDone pubDone reason=publish ended
relay-1        | V0923 00:52:02.384677     8 MoQForwarder.cpp:310] drainSubscriber from publishDone session=0x7feab805f490
relay-1        | V0923 00:52:02.384680     8 MoQSession.cpp:6355] sendPublishDone sess=0x7feab805f490
relay-1        | V0923 00:52:02.384687     8 MoQSession.cpp:6526] publisherDrained id=0 sess=0x7feab805f490
relay-1        | V0923 00:52:02.384692     8 MoQForwarder.cpp:376] Resetting open subgroups for subscriber=0x7feab8070050
relay-1        | V0923 00:52:02.384695     8 MoQForwarder.cpp:395] subscribers_.size()=0
relay-1        | I0923 00:52:02.384700     8 MoQRelay.cpp:1933] Publisher terminated for moq-test-00/0/0/0/1/2/3/64/32/2/1/1/0/-1/-1/0/moq-test-073fff708b67a19a
relay-1        | V0923 00:52:02.384712     8 MoQSession.cpp:3376] exit controlReadLoop sess=0x7feab805e060
relay-1        | V0923 00:52:02.384959     8 MoQSession.cpp:3376] exit controlReadLoop sess=0x7feab805f490
relay-1        | V0923 00:52:02.384973     8 MoQSession.cpp:3376] exit controlReadLoop sess=0x7feab805f490
test-client-1  | not ok 18 - moq-test-forward-zero
test-client-1  |   ---
test-client-1  |   duration_ms: 218
test-client-1  |   message: "failed to create subgroup: cancelled"
test-client-1  |   ...
relay-1        | E20260923 00:52:02.394403     8 HQControlCodec.h:58] Unexpected control stream EOF
relay-1        | E20260923 00:52:02.394455     8 HQSession.cpp:3158] Got error on control stream error=HTTP: Critical stream was closed streamID=2 sess=proto=h3, UA=, client CID=0eeded7da2533451, server CID=40000013e810878a, downstream=[::ffff:172.18.0.3]:36621, [::]:4443=local, drain=none
relay-1        | E20260923 00:52:02.394484     8 HQControlCodec.h:58] Unexpected control stream EOF
relay-1        | E20260923 00:52:02.394490     8 HQSession.cpp:3158] Got error on control stream error=HTTP: Critical stream was closed streamID=2 sess=proto=h3, UA=, client CID=e86d88255641ece0, server CID=4000000c36758625, downstream=[::ffff:172.18.0.3]:37045, [::]:4443=local, drain=none
relay-1        | E0923 00:52:02.394524     8 MoQServer.h:192] proxygen::HTTPException: Got error=ApplicationError: 260, HTTP error on control stream
relay-1        | V0923 00:52:02.394531     8 MoQSession.cpp:7289] onSessionEnderr=4294967295 sess=0x7feab805e060
relay-1        | V0923 00:52:02.394533     8 MoQSession.cpp:2950] close sess=0x7feab805e060
relay-1        | V0923 00:52:02.394541     8 MoQSession.cpp:2628] requestCancellation from cleanup sess=0x7feab805e060
relay-1        | V0923 00:52:02.394554     8 MoQSession.cpp:2967] requestCancellation from close sess=0x7feab805e060
relay-1        | E0923 00:52:02.394628     8 MoQServer.h:192] proxygen::HTTPException: Got error=ApplicationError: 260, HTTP error on control stream
relay-1        | V0923 00:52:02.394630     8 MoQSession.cpp:7289] onSessionEnderr=4294967295 sess=0x7feab805f490
relay-1        | V0923 00:52:02.394631     8 MoQSession.cpp:2950] close sess=0x7feab805f490
relay-1        | V0923 00:52:02.394633     8 MoQSession.cpp:2628] requestCancellation from cleanup sess=0x7feab805f490
relay-1        | V0923 00:52:02.394637     8 MoQSession.cpp:2967] requestCancellation from close sess=0x7feab805f490
relay-1        | V0923 00:52:02.394660     8 MoQSession.cpp:3376] exit controlReadLoop sess=0x7feab805e060
relay-1        | V0923 00:52:02.394689     8 MoQSession.cpp:2976] exit controlWriteLoop sess=0x7feab805e060
relay-1        | V0923 00:52:02.394694     8 MoQSession.cpp:2976] exit controlWriteLoop sess=0x7feab805f490
relay-1        | V0923 00:52:02.394698     8 MoQSession.cpp:2566] ~MoQSession sess=0x7feab805f490
relay-1        | V0923 00:52:02.404913     8 MoQSession.cpp:2566] ~MoQSession sess=0x7feab805e060
[Ktest-client-1 exited with code 1
Aborting on container exit...
 Container main-test-client-1  Stopping
 Container main-test-client-1  Stopped
 Container main-relay-1  Stopping
 Container main-relay-1  Stopped

make[1]: *** [Makefile:86: test] Error 1
make[1]: Leaving directory '/home/runner/work/moq-interop-runner/moq-interop-runner/main'
